2025-12-27 22:49:10,995 [INFO] ================================================================================
2025-12-27 22:49:10,995 [INFO] 🚀 空间域识别训练 - V2版本（原型学习 + Warmup）
2025-12-27 22:49:10,995 [INFO] ================================================================================
2025-12-27 22:49:11,040 [INFO] 📱 Device: cuda
2025-12-27 22:49:11,040 [INFO] 
📂 加载数据:  ../data/DLPFC/st/151673
2025-12-27 22:49:11,654 [INFO]   数据形状: (3639, 33538)
2025-12-27 22:49:11,655 [INFO]   样本数: 3639
2025-12-27 22:49:11,655 [INFO]   基因数: 33538
2025-12-27 22:49:11,655 [INFO] 
🔧 数据预处理...
2025-12-27 22:49:11,678 [INFO]   保存原始计数到 adata.layers['counts']
2025-12-27 22:49:11,912 [INFO]   ✅ 归一化完成
2025-12-27 22:49:12,335 [INFO]   ✅ 选择 3000 个高变基因
2025-12-27 22:49:12,335 [INFO]   HVG数据形状: (3639, 3002)
2025-12-27 22:49:18,475 [INFO]   ✅ PCA降维到 50 维
2025-12-27 22:49:18,476 [INFO] 
📊 构建空间KNN图...
2025-12-27 22:49:18,668 [INFO]   ✅ 空间图:  21834 条边
2025-12-27 22:49:18,668 [INFO] 
📦 准备训练数据...
2025-12-27 22:49:18,785 [INFO]   X_pca:  torch.Size([3639, 50])
2025-12-27 22:49:18,820 [INFO]   X_raw: torch.Size([3639, 3002])
2025-12-27 22:49:18,838 [INFO]   参数量: 1,102,991
2025-12-27 22:49:18,839 [INFO] 
🏋️ 开始训练...
2025-12-27 22:49:18,839 [INFO] ================================================================================
2025-12-27 22:49:18,839 [INFO] 🔥 Warmup期:    Epoch 1-30 (只训练重构 + GIB)
2025-12-27 22:49:18,839 [INFO] 🔥 对比学习启动:   Epoch 31
2025-12-27 22:49:18,839 [INFO] 🔥 初始化原型:   Epoch 31 (K-Means)
2025-12-27 22:49:18,839 [INFO] 🔥 完整训练:  Epoch 32-300 (+ 空间一致性)
2025-12-27 22:49:18,839 [INFO] ================================================================================
2025-12-27 22:49:19,427 [INFO] 
================================================================================
2025-12-27 22:49:19,427 [INFO] Epoch 1/300 [WARMUP] (0.59s)
2025-12-27 22:49:19,427 [INFO] ================================================================================
2025-12-27 22:49:19,427 [INFO]   Total Loss:                4113.0977
2025-12-27 22:49:19,427 [INFO]   Recon Loss (Total):       4112.9824
2025-12-27 22:49:19,427 [INFO]     - Anchor:               2742.2129
2025-12-27 22:49:19,427 [INFO]     - Learner:              2741.5388
2025-12-27 22:49:19,427 [INFO]   🔥 GIB Sparsity Loss:     0.7695
2025-12-27 22:49:19,427 [INFO]   GIB Keep Rate:            1.000
2025-12-27 22:49:19,428 [INFO]   GIB Avg Prob:             0.769
2025-12-27 22:49:19,428 [INFO]   Dispersion (θ):           54.578 ± 0.018
2025-12-27 22:49:19,428 [INFO]   Learning Rate:             0.000500
2025-12-27 22:49:19,755 [INFO] 
================================================================================
2025-12-27 22:49:19,755 [INFO] Epoch 2/300 [WARMUP] (0.04s)
2025-12-27 22:49:19,755 [INFO] ================================================================================
2025-12-27 22:49:19,755 [INFO]   Total Loss:                4026.4875
2025-12-27 22:49:19,755 [INFO]   Recon Loss (Total):       4026.3730
2025-12-27 22:49:19,755 [INFO]     - Anchor:               2684.0203
2025-12-27 22:49:19,755 [INFO]     - Learner:              2684.7058
2025-12-27 22:49:19,755 [INFO]   🔥 GIB Sparsity Loss:     0.7634
2025-12-27 22:49:19,756 [INFO]   GIB Keep Rate:            1.000
2025-12-27 22:49:19,756 [INFO]   GIB Avg Prob:             0.763
2025-12-27 22:49:19,756 [INFO]   Dispersion (θ):           54.559 ± 0.036
2025-12-27 22:49:19,756 [INFO]   Learning Rate:             0.000500
2025-12-27 22:49:20,122 [INFO] 
================================================================================
2025-12-27 22:49:20,122 [INFO] Epoch 3/300 [WARMUP] (0.04s)
2025-12-27 22:49:20,122 [INFO] ================================================================================
2025-12-27 22:49:20,122 [INFO]   Total Loss:                3958.2449
2025-12-27 22:49:20,122 [INFO]   Recon Loss (Total):       3958.1311
2025-12-27 22:49:20,122 [INFO]     - Anchor:               2638.2959
2025-12-27 22:49:20,122 [INFO]     - Learner:              2639.6704
2025-12-27 22:49:20,122 [INFO]   🔥 GIB Sparsity Loss:     0.7593
2025-12-27 22:49:20,122 [INFO]   GIB Keep Rate:            1.000
2025-12-27 22:49:20,122 [INFO]   GIB Avg Prob:             0.759
2025-12-27 22:49:20,123 [INFO]   Dispersion (θ):           54.540 ± 0.054
2025-12-27 22:49:20,123 [INFO]   Learning Rate:             0.000500
2025-12-27 22:49:20,563 [INFO] 
================================================================================
2025-12-27 22:49:20,563 [INFO] Epoch 4/300 [WARMUP] (0.04s)
2025-12-27 22:49:20,564 [INFO] ================================================================================
2025-12-27 22:49:20,564 [INFO]   Total Loss:                3898.4907
2025-12-27 22:49:20,564 [INFO]   Recon Loss (Total):       3898.3774
2025-12-27 22:49:20,564 [INFO]     - Anchor:               2598.2864
2025-12-27 22:49:20,564 [INFO]     - Learner:              2600.1821
2025-12-27 22:49:20,564 [INFO]   🔥 GIB Sparsity Loss:     0.7560
2025-12-27 22:49:20,564 [INFO]   GIB Keep Rate:            0.999
2025-12-27 22:49:20,564 [INFO]   GIB Avg Prob:             0.756
2025-12-27 22:49:20,564 [INFO]   Dispersion (θ):           54.521 ± 0.072
2025-12-27 22:49:20,564 [INFO]   Learning Rate:             0.000500
2025-12-27 22:49:21,030 [INFO] 
================================================================================
2025-12-27 22:49:21,030 [INFO] Epoch 5/300 [WARMUP] (0.04s)
2025-12-27 22:49:21,030 [INFO] ================================================================================
2025-12-27 22:49:21,030 [INFO]   Total Loss:                3841.0378
2025-12-27 22:49:21,030 [INFO]   Recon Loss (Total):       3840.9246
2025-12-27 22:49:21,030 [INFO]     - Anchor:               2560.2949
2025-12-27 22:49:21,030 [INFO]     - Learner:              2561.2593
2025-12-27 22:49:21,030 [INFO]   🔥 GIB Sparsity Loss:     0.7550
2025-12-27 22:49:21,030 [INFO]   GIB Keep Rate:            0.999
2025-12-27 22:49:21,030 [INFO]   GIB Avg Prob:             0.755
2025-12-27 22:49:21,030 [INFO]   Dispersion (θ):           54.502 ± 0.090
2025-12-27 22:49:21,030 [INFO]   Learning Rate:             0.000500
2025-12-27 22:49:21,440 [INFO] 
================================================================================
2025-12-27 22:49:21,440 [INFO] Epoch 6/300 [WARMUP] (0.04s)
2025-12-27 22:49:21,440 [INFO] ================================================================================
2025-12-27 22:49:21,440 [INFO]   Total Loss:                3783.2456
2025-12-27 22:49:21,440 [INFO]   Recon Loss (Total):       3783.1323
2025-12-27 22:49:21,440 [INFO]     - Anchor:               2521.7515
2025-12-27 22:49:21,440 [INFO]     - Learner:              2522.7620
2025-12-27 22:49:21,440 [INFO]   🔥 GIB Sparsity Loss:     0.7548
2025-12-27 22:49:21,440 [INFO]   GIB Keep Rate:            0.999
2025-12-27 22:49:21,440 [INFO]   GIB Avg Prob:             0.755
2025-12-27 22:49:21,440 [INFO]   Dispersion (θ):           54.484 ± 0.109
2025-12-27 22:49:21,440 [INFO]   Learning Rate:             0.000500
2025-12-27 22:49:21,823 [INFO] 
================================================================================
2025-12-27 22:49:21,823 [INFO] Epoch 7/300 [WARMUP] (0.04s)
2025-12-27 22:49:21,823 [INFO] ================================================================================
2025-12-27 22:49:21,823 [INFO]   Total Loss:                3724.9543
2025-12-27 22:49:21,823 [INFO]   Recon Loss (Total):       3724.8411
2025-12-27 22:49:21,824 [INFO]     - Anchor:               2483.0884
2025-12-27 22:49:21,824 [INFO]     - Learner:              2483.5054
2025-12-27 22:49:21,824 [INFO]   🔥 GIB Sparsity Loss:     0.7556
2025-12-27 22:49:21,824 [INFO]   GIB Keep Rate:            0.999
2025-12-27 22:49:21,824 [INFO]   GIB Avg Prob:             0.756
2025-12-27 22:49:21,824 [INFO]   Dispersion (θ):           54.465 ± 0.127
2025-12-27 22:49:21,824 [INFO]   Learning Rate:             0.000499
2025-12-27 22:49:22,238 [INFO] 
================================================================================
2025-12-27 22:49:22,239 [INFO] Epoch 8/300 [WARMUP] (0.04s)
2025-12-27 22:49:22,239 [INFO] ================================================================================
2025-12-27 22:49:22,239 [INFO]   Total Loss:                3665.4802
2025-12-27 22:49:22,239 [INFO]   Recon Loss (Total):       3665.3667
2025-12-27 22:49:22,239 [INFO]     - Anchor:               2443.1528
2025-12-27 22:49:22,239 [INFO]     - Learner:              2444.4277
2025-12-27 22:49:22,239 [INFO]   🔥 GIB Sparsity Loss:     0.7564
2025-12-27 22:49:22,239 [INFO]   GIB Keep Rate:            1.000
2025-12-27 22:49:22,239 [INFO]   GIB Avg Prob:             0.756
2025-12-27 22:49:22,239 [INFO]   Dispersion (θ):           54.448 ± 0.145
2025-12-27 22:49:22,239 [INFO]   Learning Rate:             0.000499
2025-12-27 22:49:22,669 [INFO] 
================================================================================
2025-12-27 22:49:22,669 [INFO] Epoch 9/300 [WARMUP] (0.04s)
2025-12-27 22:49:22,669 [INFO] ================================================================================
2025-12-27 22:49:22,669 [INFO]   Total Loss:                3601.7490
2025-12-27 22:49:22,669 [INFO]   Recon Loss (Total):       3601.6355
2025-12-27 22:49:22,669 [INFO]     - Anchor:               2400.6936
2025-12-27 22:49:22,669 [INFO]     - Learner:              2401.8838
2025-12-27 22:49:22,669 [INFO]   🔥 GIB Sparsity Loss:     0.7572
2025-12-27 22:49:22,669 [INFO]   GIB Keep Rate:            1.000
2025-12-27 22:49:22,669 [INFO]   GIB Avg Prob:             0.757
2025-12-27 22:49:22,669 [INFO]   Dispersion (θ):           54.430 ± 0.163
2025-12-27 22:49:22,670 [INFO]   Learning Rate:             0.000499
2025-12-27 22:49:23,050 [INFO] 
================================================================================
2025-12-27 22:49:23,050 [INFO] Epoch 10/300 [WARMUP] (0.04s)
2025-12-27 22:49:23,050 [INFO] ================================================================================
2025-12-27 22:49:23,050 [INFO]   Total Loss:                3538.6697
2025-12-27 22:49:23,050 [INFO]   Recon Loss (Total):       3538.5562
2025-12-27 22:49:23,050 [INFO]     - Anchor:               2358.5793
2025-12-27 22:49:23,050 [INFO]     - Learner:              2359.9534
2025-12-27 22:49:23,050 [INFO]   🔥 GIB Sparsity Loss:     0.7573
2025-12-27 22:49:23,051 [INFO]   GIB Keep Rate:            1.000
2025-12-27 22:49:23,051 [INFO]   GIB Avg Prob:             0.757
2025-12-27 22:49:23,051 [INFO]   Dispersion (θ):           54.414 ± 0.181
2025-12-27 22:49:23,051 [INFO]   Learning Rate:             0.000499
2025-12-27 22:49:23,441 [INFO] 
================================================================================
2025-12-27 22:49:23,441 [INFO] Epoch 11/300 [WARMUP] (0.04s)
2025-12-27 22:49:23,441 [INFO] ================================================================================
2025-12-27 22:49:23,441 [INFO]   Total Loss:                3473.1392
2025-12-27 22:49:23,441 [INFO]   Recon Loss (Total):       3473.0254
2025-12-27 22:49:23,441 [INFO]     - Anchor:               2314.8418
2025-12-27 22:49:23,441 [INFO]     - Learner:              2316.3672
2025-12-27 22:49:23,441 [INFO]   🔥 GIB Sparsity Loss:     0.7582
2025-12-27 22:49:23,441 [INFO]   GIB Keep Rate:            1.000
2025-12-27 22:49:23,441 [INFO]   GIB Avg Prob:             0.758
2025-12-27 22:49:23,441 [INFO]   Dispersion (θ):           54.397 ± 0.199
2025-12-27 22:49:23,441 [INFO]   Learning Rate:             0.000498
2025-12-27 22:49:23,837 [INFO] 
================================================================================
2025-12-27 22:49:23,837 [INFO] Epoch 12/300 [WARMUP] (0.04s)
2025-12-27 22:49:23,837 [INFO] ================================================================================
2025-12-27 22:49:23,837 [INFO]   Total Loss:                3407.1147
2025-12-27 22:49:23,837 [INFO]   Recon Loss (Total):       3407.0010
2025-12-27 22:49:23,837 [INFO]     - Anchor:               2270.9497
2025-12-27 22:49:23,837 [INFO]     - Learner:              2272.1023
2025-12-27 22:49:23,837 [INFO]   🔥 GIB Sparsity Loss:     0.7585
2025-12-27 22:49:23,837 [INFO]   GIB Keep Rate:            1.000
2025-12-27 22:49:23,837 [INFO]   GIB Avg Prob:             0.758
2025-12-27 22:49:23,837 [INFO]   Dispersion (θ):           54.381 ± 0.216
2025-12-27 22:49:23,837 [INFO]   Learning Rate:             0.000498
2025-12-27 22:49:24,248 [INFO] 
================================================================================
2025-12-27 22:49:24,248 [INFO] Epoch 13/300 [WARMUP] (0.04s)
2025-12-27 22:49:24,248 [INFO] ================================================================================
2025-12-27 22:49:24,248 [INFO]   Total Loss:                3343.6936
2025-12-27 22:49:24,248 [INFO]   Recon Loss (Total):       3343.5798
2025-12-27 22:49:24,249 [INFO]     - Anchor:               2228.7917
2025-12-27 22:49:24,249 [INFO]     - Learner:              2229.5762
2025-12-27 22:49:24,249 [INFO]   🔥 GIB Sparsity Loss:     0.7581
2025-12-27 22:49:24,249 [INFO]   GIB Keep Rate:            1.000
2025-12-27 22:49:24,249 [INFO]   GIB Avg Prob:             0.758
2025-12-27 22:49:24,249 [INFO]   Dispersion (θ):           54.366 ± 0.233
2025-12-27 22:49:24,249 [INFO]   Learning Rate:             0.000498
2025-12-27 22:49:24,631 [INFO] 
================================================================================
2025-12-27 22:49:24,631 [INFO] Epoch 14/300 [WARMUP] (0.04s)
2025-12-27 22:49:24,631 [INFO] ================================================================================
2025-12-27 22:49:24,631 [INFO]   Total Loss:                3280.2786
2025-12-27 22:49:24,631 [INFO]   Recon Loss (Total):       3280.1648
2025-12-27 22:49:24,631 [INFO]     - Anchor:               2186.1060
2025-12-27 22:49:24,631 [INFO]     - Learner:              2188.1177
2025-12-27 22:49:24,631 [INFO]   🔥 GIB Sparsity Loss:     0.7578
2025-12-27 22:49:24,631 [INFO]   GIB Keep Rate:            1.000
2025-12-27 22:49:24,631 [INFO]   GIB Avg Prob:             0.758
2025-12-27 22:49:24,631 [INFO]   Dispersion (θ):           54.351 ± 0.249
2025-12-27 22:49:24,632 [INFO]   Learning Rate:             0.000497
2025-12-27 22:49:25,023 [INFO] 
================================================================================
2025-12-27 22:49:25,023 [INFO] Epoch 15/300 [WARMUP] (0.04s)
2025-12-27 22:49:25,023 [INFO] ================================================================================
2025-12-27 22:49:25,023 [INFO]   Total Loss:                3218.6306
2025-12-27 22:49:25,023 [INFO]   Recon Loss (Total):       3218.5171
2025-12-27 22:49:25,023 [INFO]     - Anchor:               2144.9604
2025-12-27 22:49:25,023 [INFO]     - Learner:              2147.1130
2025-12-27 22:49:25,023 [INFO]   🔥 GIB Sparsity Loss:     0.7571
2025-12-27 22:49:25,023 [INFO]   GIB Keep Rate:            0.999
2025-12-27 22:49:25,023 [INFO]   GIB Avg Prob:             0.757
2025-12-27 22:49:25,023 [INFO]   Dispersion (θ):           54.337 ± 0.265
2025-12-27 22:49:25,023 [INFO]   Learning Rate:             0.000497
2025-12-27 22:49:25,435 [INFO] 
================================================================================
2025-12-27 22:49:25,435 [INFO] Epoch 16/300 [WARMUP] (0.04s)
2025-12-27 22:49:25,435 [INFO] ================================================================================
2025-12-27 22:49:25,435 [INFO]   Total Loss:                3157.0471
2025-12-27 22:49:25,435 [INFO]   Recon Loss (Total):       3156.9336
2025-12-27 22:49:25,435 [INFO]     - Anchor:               2103.4805
2025-12-27 22:49:25,435 [INFO]     - Learner:              2106.9065
2025-12-27 22:49:25,435 [INFO]   🔥 GIB Sparsity Loss:     0.7567
2025-12-27 22:49:25,435 [INFO]   GIB Keep Rate:            1.000
2025-12-27 22:49:25,435 [INFO]   GIB Avg Prob:             0.757
2025-12-27 22:49:25,436 [INFO]   Dispersion (θ):           54.323 ± 0.280
2025-12-27 22:49:25,436 [INFO]   Learning Rate:             0.000497
2025-12-27 22:49:25,856 [INFO] 
================================================================================
2025-12-27 22:49:25,856 [INFO] Epoch 17/300 [WARMUP] (0.04s)
2025-12-27 22:49:25,856 [INFO] ================================================================================
2025-12-27 22:49:25,856 [INFO]   Total Loss:                3097.6401
2025-12-27 22:49:25,856 [INFO]   Recon Loss (Total):       3097.5269
2025-12-27 22:49:25,856 [INFO]     - Anchor:               2064.0969
2025-12-27 22:49:25,856 [INFO]     - Learner:              2066.8596
2025-12-27 22:49:25,856 [INFO]   🔥 GIB Sparsity Loss:     0.7555
2025-12-27 22:49:25,857 [INFO]   GIB Keep Rate:            0.999
2025-12-27 22:49:25,857 [INFO]   GIB Avg Prob:             0.756
2025-12-27 22:49:25,857 [INFO]   Dispersion (θ):           54.309 ± 0.295
2025-12-27 22:49:25,857 [INFO]   Learning Rate:             0.000496
2025-12-27 22:49:26,268 [INFO] 
================================================================================
2025-12-27 22:49:26,269 [INFO] Epoch 18/300 [WARMUP] (0.04s)
2025-12-27 22:49:26,269 [INFO] ================================================================================
2025-12-27 22:49:26,269 [INFO]   Total Loss:                3042.8318
2025-12-27 22:49:26,269 [INFO]   Recon Loss (Total):       3042.7188
2025-12-27 22:49:26,269 [INFO]     - Anchor:               2027.6556
2025-12-27 22:49:26,269 [INFO]     - Learner:              2030.1265
2025-12-27 22:49:26,269 [INFO]   🔥 GIB Sparsity Loss:     0.7542
2025-12-27 22:49:26,269 [INFO]   GIB Keep Rate:            0.999
2025-12-27 22:49:26,269 [INFO]   GIB Avg Prob:             0.754
2025-12-27 22:49:26,269 [INFO]   Dispersion (θ):           54.297 ± 0.310
2025-12-27 22:49:26,269 [INFO]   Learning Rate:             0.000496
2025-12-27 22:49:26,654 [INFO] 
================================================================================
2025-12-27 22:49:26,654 [INFO] Epoch 19/300 [WARMUP] (0.04s)
2025-12-27 22:49:26,654 [INFO] ================================================================================
2025-12-27 22:49:26,654 [INFO]   Total Loss:                2989.9231
2025-12-27 22:49:26,654 [INFO]   Recon Loss (Total):       2989.8101
2025-12-27 22:49:26,654 [INFO]     - Anchor:               1992.2299
2025-12-27 22:49:26,654 [INFO]     - Learner:              1995.1605
2025-12-27 22:49:26,655 [INFO]   🔥 GIB Sparsity Loss:     0.7529
2025-12-27 22:49:26,655 [INFO]   GIB Keep Rate:            0.999
2025-12-27 22:49:26,655 [INFO]   GIB Avg Prob:             0.753
2025-12-27 22:49:26,655 [INFO]   Dispersion (θ):           54.284 ± 0.324
2025-12-27 22:49:26,655 [INFO]   Learning Rate:             0.000495
2025-12-27 22:49:27,044 [INFO] 
================================================================================
2025-12-27 22:49:27,044 [INFO] Epoch 20/300 [WARMUP] (0.04s)
2025-12-27 22:49:27,044 [INFO] ================================================================================
2025-12-27 22:49:27,044 [INFO]   Total Loss:                2937.5210
2025-12-27 22:49:27,045 [INFO]   Recon Loss (Total):       2937.4082
2025-12-27 22:49:27,045 [INFO]     - Anchor:               1957.4071
2025-12-27 22:49:27,045 [INFO]     - Learner:              1960.0021
2025-12-27 22:49:27,045 [INFO]   🔥 GIB Sparsity Loss:     0.7514
2025-12-27 22:49:27,045 [INFO]   GIB Keep Rate:            0.998
2025-12-27 22:49:27,045 [INFO]   GIB Avg Prob:             0.751
2025-12-27 22:49:27,045 [INFO]   Dispersion (θ):           54.272 ± 0.337
2025-12-27 22:49:27,045 [INFO]   Learning Rate:             0.000495
2025-12-27 22:49:27,438 [INFO] 
================================================================================
2025-12-27 22:49:27,438 [INFO] Epoch 21/300 [WARMUP] (0.04s)
2025-12-27 22:49:27,438 [INFO] ================================================================================
2025-12-27 22:49:27,438 [INFO]   Total Loss:                2888.1738
2025-12-27 22:49:27,438 [INFO]   Recon Loss (Total):       2888.0615
2025-12-27 22:49:27,438 [INFO]     - Anchor:               1924.7924
2025-12-27 22:49:27,438 [INFO]     - Learner:              1926.5383
2025-12-27 22:49:27,438 [INFO]   🔥 GIB Sparsity Loss:     0.7492
2025-12-27 22:49:27,438 [INFO]   GIB Keep Rate:            0.998
2025-12-27 22:49:27,439 [INFO]   GIB Avg Prob:             0.749
2025-12-27 22:49:27,439 [INFO]   Dispersion (θ):           54.261 ± 0.351
2025-12-27 22:49:27,439 [INFO]   Learning Rate:             0.000494
2025-12-27 22:49:27,794 [INFO] 
================================================================================
2025-12-27 22:49:27,794 [INFO] Epoch 22/300 [WARMUP] (0.04s)
2025-12-27 22:49:27,794 [INFO] ================================================================================
2025-12-27 22:49:27,794 [INFO]   Total Loss:                2841.6082
2025-12-27 22:49:27,794 [INFO]   Recon Loss (Total):       2841.4961
2025-12-27 22:49:27,794 [INFO]     - Anchor:               1893.7970
2025-12-27 22:49:27,794 [INFO]     - Learner:              1895.3979
2025-12-27 22:49:27,794 [INFO]   🔥 GIB Sparsity Loss:     0.7467
2025-12-27 22:49:27,794 [INFO]   GIB Keep Rate:            0.997
2025-12-27 22:49:27,794 [INFO]   GIB Avg Prob:             0.747
2025-12-27 22:49:27,794 [INFO]   Dispersion (θ):           54.250 ± 0.364
2025-12-27 22:49:27,794 [INFO]   Learning Rate:             0.000493
2025-12-27 22:49:28,172 [INFO] 
================================================================================
2025-12-27 22:49:28,172 [INFO] Epoch 23/300 [WARMUP] (0.04s)
2025-12-27 22:49:28,172 [INFO] ================================================================================
2025-12-27 22:49:28,172 [INFO]   Total Loss:                2795.8120
2025-12-27 22:49:28,172 [INFO]   Recon Loss (Total):       2795.7004
2025-12-27 22:49:28,172 [INFO]     - Anchor:               1862.9119
2025-12-27 22:49:28,172 [INFO]     - Learner:              1865.5771
2025-12-27 22:49:28,172 [INFO]   🔥 GIB Sparsity Loss:     0.7445
2025-12-27 22:49:28,173 [INFO]   GIB Keep Rate:            0.996
2025-12-27 22:49:28,173 [INFO]   GIB Avg Prob:             0.745
2025-12-27 22:49:28,173 [INFO]   Dispersion (θ):           54.239 ± 0.377
2025-12-27 22:49:28,173 [INFO]   Learning Rate:             0.000493
2025-12-27 22:49:28,556 [INFO] 
================================================================================
2025-12-27 22:49:28,556 [INFO] Epoch 24/300 [WARMUP] (0.04s)
2025-12-27 22:49:28,557 [INFO] ================================================================================
2025-12-27 22:49:28,557 [INFO]   Total Loss:                2752.7070
2025-12-27 22:49:28,557 [INFO]   Recon Loss (Total):       2752.5957
2025-12-27 22:49:28,557 [INFO]     - Anchor:               1834.5172
2025-12-27 22:49:28,557 [INFO]     - Learner:              1836.1572
2025-12-27 22:49:28,557 [INFO]   🔥 GIB Sparsity Loss:     0.7414
2025-12-27 22:49:28,557 [INFO]   GIB Keep Rate:            0.995
2025-12-27 22:49:28,557 [INFO]   GIB Avg Prob:             0.741
2025-12-27 22:49:28,557 [INFO]   Dispersion (θ):           54.229 ± 0.389
2025-12-27 22:49:28,557 [INFO]   Learning Rate:             0.000492
2025-12-27 22:49:28,958 [INFO] 
================================================================================
2025-12-27 22:49:28,958 [INFO] Epoch 25/300 [WARMUP] (0.04s)
2025-12-27 22:49:28,958 [INFO] ================================================================================
2025-12-27 22:49:28,958 [INFO]   Total Loss:                2711.8540
2025-12-27 22:49:28,958 [INFO]   Recon Loss (Total):       2711.7434
2025-12-27 22:49:28,958 [INFO]     - Anchor:               1807.1088
2025-12-27 22:49:28,959 [INFO]     - Learner:              1809.2692
2025-12-27 22:49:28,959 [INFO]   🔥 GIB Sparsity Loss:     0.7381
2025-12-27 22:49:28,959 [INFO]   GIB Keep Rate:            0.992
2025-12-27 22:49:28,959 [INFO]   GIB Avg Prob:             0.738
2025-12-27 22:49:28,959 [INFO]   Dispersion (θ):           54.219 ± 0.401
2025-12-27 22:49:28,959 [INFO]   Learning Rate:             0.000492
2025-12-27 22:49:29,370 [INFO] 
================================================================================
2025-12-27 22:49:29,371 [INFO] Epoch 26/300 [WARMUP] (0.04s)
2025-12-27 22:49:29,371 [INFO] ================================================================================
2025-12-27 22:49:29,371 [INFO]   Total Loss:                2670.9756
2025-12-27 22:49:29,371 [INFO]   Recon Loss (Total):       2670.8652
2025-12-27 22:49:29,371 [INFO]     - Anchor:               1779.8634
2025-12-27 22:49:29,371 [INFO]     - Learner:              1782.0037
2025-12-27 22:49:29,371 [INFO]   🔥 GIB Sparsity Loss:     0.7354
2025-12-27 22:49:29,371 [INFO]   GIB Keep Rate:            0.991
2025-12-27 22:49:29,371 [INFO]   GIB Avg Prob:             0.735
2025-12-27 22:49:29,371 [INFO]   Dispersion (θ):           54.210 ± 0.413
2025-12-27 22:49:29,371 [INFO]   Learning Rate:             0.000491
2025-12-27 22:49:29,765 [INFO] 
================================================================================
2025-12-27 22:49:29,765 [INFO] Epoch 27/300 [WARMUP] (0.04s)
2025-12-27 22:49:29,766 [INFO] ================================================================================
2025-12-27 22:49:29,766 [INFO]   Total Loss:                2633.8291
2025-12-27 22:49:29,766 [INFO]   Recon Loss (Total):       2633.7192
2025-12-27 22:49:29,766 [INFO]     - Anchor:               1755.2157
2025-12-27 22:49:29,766 [INFO]     - Learner:              1757.0070
2025-12-27 22:49:29,766 [INFO]   🔥 GIB Sparsity Loss:     0.7317
2025-12-27 22:49:29,766 [INFO]   GIB Keep Rate:            0.988
2025-12-27 22:49:29,766 [INFO]   GIB Avg Prob:             0.732
2025-12-27 22:49:29,766 [INFO]   Dispersion (θ):           54.201 ± 0.425
2025-12-27 22:49:29,766 [INFO]   Learning Rate:             0.000490
2025-12-27 22:49:30,138 [INFO] 
================================================================================
2025-12-27 22:49:30,138 [INFO] Epoch 28/300 [WARMUP] (0.04s)
2025-12-27 22:49:30,138 [INFO] ================================================================================
2025-12-27 22:49:30,138 [INFO]   Total Loss:                2596.2356
2025-12-27 22:49:30,138 [INFO]   Recon Loss (Total):       2596.1265
2025-12-27 22:49:30,138 [INFO]     - Anchor:               1729.8770
2025-12-27 22:49:30,138 [INFO]     - Learner:              1732.4990
2025-12-27 22:49:30,138 [INFO]   🔥 GIB Sparsity Loss:     0.7283
2025-12-27 22:49:30,138 [INFO]   GIB Keep Rate:            0.985
2025-12-27 22:49:30,138 [INFO]   GIB Avg Prob:             0.728
2025-12-27 22:49:30,138 [INFO]   Dispersion (θ):           54.192 ± 0.436
2025-12-27 22:49:30,139 [INFO]   Learning Rate:             0.000489
2025-12-27 22:49:30,527 [INFO] 
================================================================================
2025-12-27 22:49:30,527 [INFO] Epoch 29/300 [WARMUP] (0.04s)
2025-12-27 22:49:30,527 [INFO] ================================================================================
2025-12-27 22:49:30,527 [INFO]   Total Loss:                2560.9421
2025-12-27 22:49:30,527 [INFO]   Recon Loss (Total):       2560.8335
2025-12-27 22:49:30,527 [INFO]     - Anchor:               1706.1888
2025-12-27 22:49:30,527 [INFO]     - Learner:              1709.2896
2025-12-27 22:49:30,527 [INFO]   🔥 GIB Sparsity Loss:     0.7249
2025-12-27 22:49:30,527 [INFO]   GIB Keep Rate:            0.981
2025-12-27 22:49:30,527 [INFO]   GIB Avg Prob:             0.725
2025-12-27 22:49:30,527 [INFO]   Dispersion (θ):           54.183 ± 0.447
2025-12-27 22:49:30,527 [INFO]   Learning Rate:             0.000489
2025-12-27 22:49:30,907 [INFO] 
================================================================================
2025-12-27 22:49:30,907 [INFO] Epoch 30/300 [WARMUP] (0.04s)
2025-12-27 22:49:30,907 [INFO] ================================================================================
2025-12-27 22:49:30,907 [INFO]   Total Loss:                2527.1960
2025-12-27 22:49:30,907 [INFO]   Recon Loss (Total):       2527.0879
2025-12-27 22:49:30,907 [INFO]     - Anchor:               1683.7052
2025-12-27 22:49:30,907 [INFO]     - Learner:              1686.7653
2025-12-27 22:49:30,907 [INFO]   🔥 GIB Sparsity Loss:     0.7218
2025-12-27 22:49:30,907 [INFO]   GIB Keep Rate:            0.978
2025-12-27 22:49:30,907 [INFO]   GIB Avg Prob:             0.722
2025-12-27 22:49:30,907 [INFO]   Dispersion (θ):           54.175 ± 0.458
2025-12-27 22:49:30,907 [INFO]   Learning Rate:             0.000488
2025-12-27 22:49:31,285 [INFO] 
================================================================================
2025-12-27 22:49:31,285 [INFO] 🎯 Warmup 完成！在 Epoch 31 使用 K-Means 初始化原型...
2025-12-27 22:49:31,285 [INFO] ================================================================================
2025-12-27 22:49:31,891 [INFO] 
================================================================================
2025-12-27 22:49:31,891 [INFO] Epoch 31/300 (0.63s)
2025-12-27 22:49:31,891 [INFO] ================================================================================
2025-12-27 22:49:31,891 [INFO]   Total Loss:                2557.6348
2025-12-27 22:49:31,892 [INFO]   Recon Loss (Total):       2495.5479
2025-12-27 22:49:31,892 [INFO]     - Anchor:               1663.8344
2025-12-27 22:49:31,892 [INFO]     - Learner:              1663.4269
2025-12-27 22:49:31,892 [INFO]   🔥 GIB Sparsity Loss:     0.7181
2025-12-27 22:49:31,892 [INFO]   🔥 Contrastive Loss:      61.9793
2025-12-27 22:49:31,892 [INFO]   🔥 Spatial Consistency:    0.0000
2025-12-27 22:49:31,892 [INFO]   GIB Keep Rate:            0.973
2025-12-27 22:49:31,892 [INFO]   GIB Avg Prob:             0.718
2025-12-27 22:49:31,892 [INFO]   Dispersion (θ):           54.166 ± 0.468
2025-12-27 22:49:31,892 [INFO]   Learning Rate:             0.000487
2025-12-27 22:49:31,966 [INFO] 
================================================================================
2025-12-27 22:49:31,966 [INFO] Epoch 32/300 (0.07s)
2025-12-27 22:49:31,966 [INFO] ================================================================================
2025-12-27 22:49:31,966 [INFO]   Total Loss:                2555.6455
2025-12-27 22:49:31,966 [INFO]   Recon Loss (Total):       2465.5952
2025-12-27 22:49:31,966 [INFO]     - Anchor:               1642.9856
2025-12-27 22:49:31,966 [INFO]     - Learner:              1645.2192
2025-12-27 22:49:31,966 [INFO]   🔥 GIB Sparsity Loss:     0.7142
2025-12-27 22:49:31,966 [INFO]   🔥 Contrastive Loss:      62.0670
2025-12-27 22:49:31,966 [INFO]   🔥 Prototype Loss:        27.8733
2025-12-27 22:49:31,966 [INFO]     - Spot-to-Prototype:     1.0511
2025-12-27 22:49:31,967 [INFO]     - Compactness:          0.0000
2025-12-27 22:49:31,967 [INFO]     - Dispersion:           0.1276
2025-12-27 22:49:31,967 [INFO]   🔥 Spatial Consistency:    0.0028
2025-12-27 22:49:31,967 [INFO]   GIB Keep Rate:            0.968
2025-12-27 22:49:31,967 [INFO]   GIB Avg Prob:             0.714
2025-12-27 22:49:31,967 [INFO]   Dispersion (θ):           54.158 ± 0.478
2025-12-27 22:49:31,967 [INFO]   Learning Rate:             0.000486
2025-12-27 22:49:32,002 [INFO] 
================================================================================
2025-12-27 22:49:32,002 [INFO] Epoch 33/300 (0.04s)
2025-12-27 22:49:32,002 [INFO] ================================================================================
2025-12-27 22:49:32,003 [INFO]   Total Loss:                2524.1582
2025-12-27 22:49:32,003 [INFO]   Recon Loss (Total):       2435.2446
2025-12-27 22:49:32,003 [INFO]     - Anchor:               1622.6399
2025-12-27 22:49:32,003 [INFO]     - Learner:              1625.2097
2025-12-27 22:49:32,003 [INFO]   🔥 GIB Sparsity Loss:     0.7105
2025-12-27 22:49:32,003 [INFO]   🔥 Contrastive Loss:      62.4009
2025-12-27 22:49:32,003 [INFO]   🔥 Prototype Loss:        26.4030
2025-12-27 22:49:32,003 [INFO]     - Spot-to-Prototype:     0.9921
2025-12-27 22:49:32,003 [INFO]     - Compactness:          0.0000
2025-12-27 22:49:32,003 [INFO]     - Dispersion:           0.1280
2025-12-27 22:49:32,003 [INFO]   🔥 Spatial Consistency:    0.0030
2025-12-27 22:49:32,003 [INFO]   GIB Keep Rate:            0.962
2025-12-27 22:49:32,003 [INFO]   GIB Avg Prob:             0.710
2025-12-27 22:49:32,003 [INFO]   Dispersion (θ):           54.150 ± 0.488
2025-12-27 22:49:32,003 [INFO]   Learning Rate:             0.000485
2025-12-27 22:49:32,399 [INFO] 
================================================================================
2025-12-27 22:49:32,400 [INFO] Epoch 34/300 (0.05s)
2025-12-27 22:49:32,400 [INFO] ================================================================================
2025-12-27 22:49:32,400 [INFO]   Total Loss:                2495.5605
2025-12-27 22:49:32,400 [INFO]   Recon Loss (Total):       2407.8208
2025-12-27 22:49:32,400 [INFO]     - Anchor:               1605.2645
2025-12-27 22:49:32,400 [INFO]     - Learner:              1605.1123
2025-12-27 22:49:32,400 [INFO]   🔥 GIB Sparsity Loss:     0.7061
2025-12-27 22:49:32,400 [INFO]   🔥 Contrastive Loss:      62.4999
2025-12-27 22:49:32,400 [INFO]   🔥 Prototype Loss:        25.1306
2025-12-27 22:49:32,400 [INFO]     - Spot-to-Prototype:     0.9412
2025-12-27 22:49:32,400 [INFO]     - Compactness:          0.0000
2025-12-27 22:49:32,401 [INFO]     - Dispersion:           0.1281
2025-12-27 22:49:32,401 [INFO]   🔥 Spatial Consistency:    0.0032
2025-12-27 22:49:32,401 [INFO]   GIB Keep Rate:            0.954
2025-12-27 22:49:32,401 [INFO]   GIB Avg Prob:             0.706
2025-12-27 22:49:32,401 [INFO]   Dispersion (θ):           54.142 ± 0.498
2025-12-27 22:49:32,401 [INFO]   Learning Rate:             0.000484
2025-12-27 22:49:32,846 [INFO] 
================================================================================
2025-12-27 22:49:32,846 [INFO] Epoch 35/300 (0.05s)
2025-12-27 22:49:32,846 [INFO] ================================================================================
2025-12-27 22:49:32,847 [INFO]   Total Loss:                2467.1099
2025-12-27 22:49:32,847 [INFO]   Recon Loss (Total):       2380.5317
2025-12-27 22:49:32,847 [INFO]     - Anchor:               1586.4008
2025-12-27 22:49:32,847 [INFO]     - Learner:              1588.2621
2025-12-27 22:49:32,847 [INFO]   🔥 GIB Sparsity Loss:     0.7009
2025-12-27 22:49:32,847 [INFO]   🔥 Contrastive Loss:      62.4894
2025-12-27 22:49:32,847 [INFO]   🔥 Prototype Loss:        23.9801
2025-12-27 22:49:32,847 [INFO]     - Spot-to-Prototype:     0.8953
2025-12-27 22:49:32,847 [INFO]     - Compactness:          0.0000
2025-12-27 22:49:32,847 [INFO]     - Dispersion:           0.1277
2025-12-27 22:49:32,847 [INFO]   🔥 Spatial Consistency:    0.0033
2025-12-27 22:49:32,847 [INFO]   GIB Keep Rate:            0.947
2025-12-27 22:49:32,848 [INFO]   GIB Avg Prob:             0.701
2025-12-27 22:49:32,848 [INFO]   Dispersion (θ):           54.134 ± 0.507
2025-12-27 22:49:32,848 [INFO]   Learning Rate:             0.000484
2025-12-27 22:49:33,232 [INFO] 
================================================================================
2025-12-27 22:49:33,233 [INFO] Epoch 36/300 (0.05s)
2025-12-27 22:49:33,233 [INFO] ================================================================================
2025-12-27 22:49:33,233 [INFO]   Total Loss:                2438.6970
2025-12-27 22:49:33,233 [INFO]   Recon Loss (Total):       2353.3350
2025-12-27 22:49:33,233 [INFO]     - Anchor:               1568.2693
2025-12-27 22:49:33,233 [INFO]     - Learner:              1570.1311
2025-12-27 22:49:33,233 [INFO]   🔥 GIB Sparsity Loss:     0.6971
2025-12-27 22:49:33,233 [INFO]   🔥 Contrastive Loss:      62.4958
2025-12-27 22:49:33,233 [INFO]   🔥 Prototype Loss:        22.7584
2025-12-27 22:49:33,233 [INFO]     - Spot-to-Prototype:     0.8468
2025-12-27 22:49:33,234 [INFO]     - Compactness:          0.0000
2025-12-27 22:49:33,234 [INFO]     - Dispersion:           0.1270
2025-12-27 22:49:33,234 [INFO]   🔥 Spatial Consistency:    0.0034
2025-12-27 22:49:33,234 [INFO]   GIB Keep Rate:            0.937
2025-12-27 22:49:33,234 [INFO]   GIB Avg Prob:             0.697
2025-12-27 22:49:33,234 [INFO]   Dispersion (θ):           54.127 ± 0.517
2025-12-27 22:49:33,234 [INFO]   Learning Rate:             0.000483
2025-12-27 22:49:33,634 [INFO] 
================================================================================
2025-12-27 22:49:33,634 [INFO] Epoch 37/300 (0.05s)
2025-12-27 22:49:33,634 [INFO] ================================================================================
2025-12-27 22:49:33,634 [INFO]   Total Loss:                2412.4954
2025-12-27 22:49:33,634 [INFO]   Recon Loss (Total):       2328.5103
2025-12-27 22:49:33,634 [INFO]     - Anchor:               1551.6978
2025-12-27 22:49:33,634 [INFO]     - Learner:              1553.6248
2025-12-27 22:49:33,635 [INFO]   🔥 GIB Sparsity Loss:     0.6927
2025-12-27 22:49:33,635 [INFO]   🔥 Contrastive Loss:      62.2054
2025-12-27 22:49:33,635 [INFO]   🔥 Prototype Loss:        21.6720
2025-12-27 22:49:33,635 [INFO]     - Spot-to-Prototype:     0.8040
2025-12-27 22:49:33,635 [INFO]     - Compactness:          0.0000
2025-12-27 22:49:33,635 [INFO]     - Dispersion:           0.1259
2025-12-27 22:49:33,635 [INFO]   🔥 Spatial Consistency:    0.0036
2025-12-27 22:49:33,635 [INFO]   GIB Keep Rate:            0.928
2025-12-27 22:49:33,635 [INFO]   GIB Avg Prob:             0.693
2025-12-27 22:49:33,635 [INFO]   Dispersion (θ):           54.119 ± 0.526
2025-12-27 22:49:33,635 [INFO]   Learning Rate:             0.000482
2025-12-27 22:49:34,023 [INFO] 
================================================================================
2025-12-27 22:49:34,079 [INFO] Epoch 38/300 (0.05s)
2025-12-27 22:49:34,079 [INFO] ================================================================================
2025-12-27 22:49:34,079 [INFO]   Total Loss:                2386.8237
2025-12-27 22:49:34,080 [INFO]   Recon Loss (Total):       2304.3340
2025-12-27 22:49:34,080 [INFO]     - Anchor:               1535.6646
2025-12-27 22:49:34,080 [INFO]     - Learner:              1537.3390
2025-12-27 22:49:34,080 [INFO]   🔥 GIB Sparsity Loss:     0.6885
2025-12-27 22:49:34,080 [INFO]   🔥 Contrastive Loss:      61.7157
2025-12-27 22:49:34,081 [INFO]   🔥 Prototype Loss:        20.6673
2025-12-27 22:49:34,081 [INFO]     - Spot-to-Prototype:     0.7645
2025-12-27 22:49:34,081 [INFO]     - Compactness:          0.0000
2025-12-27 22:49:34,081 [INFO]     - Dispersion:           0.1243
2025-12-27 22:49:34,081 [INFO]   🔥 Spatial Consistency:    0.0036
2025-12-27 22:49:34,081 [INFO]   GIB Keep Rate:            0.918
2025-12-27 22:49:34,082 [INFO]   GIB Avg Prob:             0.688
2025-12-27 22:49:34,082 [INFO]   Dispersion (θ):           54.111 ± 0.534
2025-12-27 22:49:34,082 [INFO]   Learning Rate:             0.000481
2025-12-27 22:49:34,416 [INFO] 
================================================================================
2025-12-27 22:49:34,416 [INFO] Epoch 39/300 (0.05s)
2025-12-27 22:49:34,416 [INFO] ================================================================================
2025-12-27 22:49:34,416 [INFO]   Total Loss:                2363.9988
2025-12-27 22:49:34,417 [INFO]   Recon Loss (Total):       2282.4302
2025-12-27 22:49:34,417 [INFO]     - Anchor:               1520.7916
2025-12-27 22:49:34,417 [INFO]     - Learner:              1523.2773
2025-12-27 22:49:34,417 [INFO]   🔥 GIB Sparsity Loss:     0.6845
2025-12-27 22:49:34,417 [INFO]   🔥 Contrastive Loss:      61.7347
2025-12-27 22:49:34,417 [INFO]   🔥 Prototype Loss:        19.7276
2025-12-27 22:49:34,417 [INFO]     - Spot-to-Prototype:     0.7279
2025-12-27 22:49:34,417 [INFO]     - Compactness:          0.0000
2025-12-27 22:49:34,417 [INFO]     - Dispersion:           0.1224
2025-12-27 22:49:34,417 [INFO]   🔥 Spatial Consistency:    0.0038
2025-12-27 22:49:34,417 [INFO]   GIB Keep Rate:            0.907
2025-12-27 22:49:34,418 [INFO]   GIB Avg Prob:             0.685
2025-12-27 22:49:34,418 [INFO]   Dispersion (θ):           54.103 ± 0.543
2025-12-27 22:49:34,418 [INFO]   Learning Rate:             0.000480
2025-12-27 22:49:34,817 [INFO] 
================================================================================
2025-12-27 22:49:34,817 [INFO] Epoch 40/300 (0.05s)
2025-12-27 22:49:34,817 [INFO] ================================================================================
2025-12-27 22:49:34,817 [INFO]   Total Loss:                2340.0923
2025-12-27 22:49:34,817 [INFO]   Recon Loss (Total):       2259.5891
2025-12-27 22:49:34,817 [INFO]     - Anchor:               1505.4084
2025-12-27 22:49:34,817 [INFO]     - Learner:              1508.3615
2025-12-27 22:49:34,817 [INFO]   🔥 GIB Sparsity Loss:     0.6807
2025-12-27 22:49:34,817 [INFO]   🔥 Contrastive Loss:      61.6029
2025-12-27 22:49:34,818 [INFO]   🔥 Prototype Loss:        18.7941
2025-12-27 22:49:34,818 [INFO]     - Spot-to-Prototype:     0.6917
2025-12-27 22:49:34,818 [INFO]     - Compactness:          0.0000
2025-12-27 22:49:34,818 [INFO]     - Dispersion:           0.1201
2025-12-27 22:49:34,818 [INFO]   🔥 Spatial Consistency:    0.0038
2025-12-27 22:49:34,818 [INFO]   GIB Keep Rate:            0.897
2025-12-27 22:49:34,818 [INFO]   GIB Avg Prob:             0.681
2025-12-27 22:49:34,818 [INFO]   Dispersion (θ):           54.096 ± 0.551
2025-12-27 22:49:34,818 [INFO]   Learning Rate:             0.000479
2025-12-27 22:49:35,210 [INFO] 
================================================================================
2025-12-27 22:49:35,211 [INFO] Epoch 41/300 (0.05s)
2025-12-27 22:49:35,211 [INFO] ================================================================================
2025-12-27 22:49:35,211 [INFO]   Total Loss:                2318.1843
2025-12-27 22:49:35,211 [INFO]   Recon Loss (Total):       2238.8257
2025-12-27 22:49:35,211 [INFO]     - Anchor:               1491.3370
2025-12-27 22:49:35,211 [INFO]     - Learner:              1494.9775
2025-12-27 22:49:35,211 [INFO]   🔥 GIB Sparsity Loss:     0.6772
2025-12-27 22:49:35,211 [INFO]   🔥 Contrastive Loss:      61.2213
2025-12-27 22:49:35,212 [INFO]   🔥 Prototype Loss:        18.0319
2025-12-27 22:49:35,212 [INFO]     - Spot-to-Prototype:     0.6625
2025-12-27 22:49:35,212 [INFO]     - Compactness:          0.0000
2025-12-27 22:49:35,212 [INFO]     - Dispersion:           0.1175
2025-12-27 22:49:35,212 [INFO]   🔥 Spatial Consistency:    0.0039
2025-12-27 22:49:35,212 [INFO]   GIB Keep Rate:            0.889
2025-12-27 22:49:35,212 [INFO]   GIB Avg Prob:             0.677
2025-12-27 22:49:35,212 [INFO]   Dispersion (θ):           54.088 ± 0.559
2025-12-27 22:49:35,212 [INFO]   Learning Rate:             0.000478
2025-12-27 22:49:35,648 [INFO] 
================================================================================
2025-12-27 22:49:35,648 [INFO] Epoch 42/300 (0.05s)
2025-12-27 22:49:35,648 [INFO] ================================================================================
2025-12-27 22:49:35,648 [INFO]   Total Loss:                2297.6309
2025-12-27 22:49:35,648 [INFO]   Recon Loss (Total):       2219.0781
2025-12-27 22:49:35,648 [INFO]     - Anchor:               1478.1576
2025-12-27 22:49:35,648 [INFO]     - Learner:              1481.8408
2025-12-27 22:49:35,648 [INFO]   🔥 GIB Sparsity Loss:     0.6732
2025-12-27 22:49:35,649 [INFO]   🔥 Contrastive Loss:      61.1373
2025-12-27 22:49:35,649 [INFO]   🔥 Prototype Loss:        17.3105
2025-12-27 22:49:35,649 [INFO]     - Spot-to-Prototype:     0.6351
2025-12-27 22:49:35,649 [INFO]     - Compactness:          0.0000
2025-12-27 22:49:35,649 [INFO]     - Dispersion:           0.1146
2025-12-27 22:49:35,649 [INFO]   🔥 Spatial Consistency:    0.0039
2025-12-27 22:49:35,649 [INFO]   GIB Keep Rate:            0.876
2025-12-27 22:49:35,649 [INFO]   GIB Avg Prob:             0.673
2025-12-27 22:49:35,649 [INFO]   Dispersion (θ):           54.080 ± 0.567
2025-12-27 22:49:35,649 [INFO]   Learning Rate:             0.000476
2025-12-27 22:49:36,050 [INFO] 
================================================================================
2025-12-27 22:49:36,050 [INFO] Epoch 43/300 (0.05s)
2025-12-27 22:49:36,050 [INFO] ================================================================================
2025-12-27 22:49:36,050 [INFO]   Total Loss:                2277.3396
2025-12-27 22:49:36,050 [INFO]   Recon Loss (Total):       2199.9937
2025-12-27 22:49:36,050 [INFO]     - Anchor:               1466.2252
2025-12-27 22:49:36,050 [INFO]     - Learner:              1467.5366
2025-12-27 22:49:36,050 [INFO]   🔥 GIB Sparsity Loss:     0.6713
2025-12-27 22:49:36,050 [INFO]   🔥 Contrastive Loss:      60.6637
2025-12-27 22:49:36,051 [INFO]   🔥 Prototype Loss:        16.5775
2025-12-27 22:49:36,051 [INFO]     - Spot-to-Prototype:     0.6075
2025-12-27 22:49:36,051 [INFO]     - Compactness:          0.0000
2025-12-27 22:49:36,051 [INFO]     - Dispersion:           0.1113
2025-12-27 22:49:36,051 [INFO]   🔥 Spatial Consistency:    0.0039
2025-12-27 22:49:36,051 [INFO]   GIB Keep Rate:            0.870
2025-12-27 22:49:36,051 [INFO]   GIB Avg Prob:             0.671
2025-12-27 22:49:36,051 [INFO]   Dispersion (θ):           54.072 ± 0.575
2025-12-27 22:49:36,051 [INFO]   Learning Rate:             0.000475
2025-12-27 22:49:36,504 [INFO] 
================================================================================
2025-12-27 22:49:36,504 [INFO] Epoch 44/300 (0.05s)
2025-12-27 22:49:36,505 [INFO] ================================================================================
2025-12-27 22:49:36,505 [INFO]   Total Loss:                2256.0520
2025-12-27 22:49:36,505 [INFO]   Recon Loss (Total):       2179.5376
2025-12-27 22:49:36,505 [INFO]     - Anchor:               1451.5825
2025-12-27 22:49:36,505 [INFO]     - Learner:              1455.9100
2025-12-27 22:49:36,505 [INFO]   🔥 GIB Sparsity Loss:     0.6689
2025-12-27 22:49:36,505 [INFO]   🔥 Contrastive Loss:      60.4045
2025-12-27 22:49:36,505 [INFO]   🔥 Prototype Loss:        16.0057
2025-12-27 22:49:36,505 [INFO]     - Spot-to-Prototype:     0.5864
2025-12-27 22:49:36,505 [INFO]     - Compactness:          0.0000
2025-12-27 22:49:36,506 [INFO]     - Dispersion:           0.1077
2025-12-27 22:49:36,506 [INFO]   🔥 Spatial Consistency:    0.0039
2025-12-27 22:49:36,506 [INFO]   GIB Keep Rate:            0.860
2025-12-27 22:49:36,506 [INFO]   GIB Avg Prob:             0.669
2025-12-27 22:49:36,506 [INFO]   Dispersion (θ):           54.064 ± 0.583
2025-12-27 22:49:36,506 [INFO]   Learning Rate:             0.000474
2025-12-27 22:49:36,924 [INFO] 
================================================================================
2025-12-27 22:49:36,924 [INFO] Epoch 45/300 (0.06s)
2025-12-27 22:49:36,924 [INFO] ================================================================================
2025-12-27 22:49:36,924 [INFO]   Total Loss:                2237.6519
2025-12-27 22:49:36,925 [INFO]   Recon Loss (Total):       2161.8633
2025-12-27 22:49:36,925 [INFO]     - Anchor:               1440.2268
2025-12-27 22:49:36,925 [INFO]     - Learner:              1443.2731
2025-12-27 22:49:36,925 [INFO]   🔥 GIB Sparsity Loss:     0.6665
2025-12-27 22:49:36,925 [INFO]   🔥 Contrastive Loss:      60.3510
2025-12-27 22:49:36,925 [INFO]   🔥 Prototype Loss:        15.3336
2025-12-27 22:49:36,925 [INFO]     - Spot-to-Prototype:     0.5614
2025-12-27 22:49:36,925 [INFO]     - Compactness:          0.0000
2025-12-27 22:49:36,925 [INFO]     - Dispersion:           0.1039
2025-12-27 22:49:36,925 [INFO]   🔥 Spatial Consistency:    0.0039
2025-12-27 22:49:36,925 [INFO]   GIB Keep Rate:            0.851
2025-12-27 22:49:36,925 [INFO]   GIB Avg Prob:             0.666
2025-12-27 22:49:36,926 [INFO]   Dispersion (θ):           54.056 ± 0.590
2025-12-27 22:49:36,926 [INFO]   Learning Rate:             0.000473
2025-12-27 22:49:37,348 [INFO] 
================================================================================
2025-12-27 22:49:37,349 [INFO] Epoch 46/300 (0.05s)
2025-12-27 22:49:37,349 [INFO] ================================================================================
2025-12-27 22:49:37,349 [INFO]   Total Loss:                2219.4839
2025-12-27 22:49:37,349 [INFO]   Recon Loss (Total):       2144.7302
2025-12-27 22:49:37,349 [INFO]     - Anchor:               1428.4647
2025-12-27 22:49:37,349 [INFO]     - Learner:              1432.5309
2025-12-27 22:49:37,349 [INFO]   🔥 GIB Sparsity Loss:     0.6639
2025-12-27 22:49:37,349 [INFO]   🔥 Contrastive Loss:      59.8190
2025-12-27 22:49:37,349 [INFO]   🔥 Prototype Loss:        14.8310
2025-12-27 22:49:37,350 [INFO]     - Spot-to-Prototype:     0.5434
2025-12-27 22:49:37,350 [INFO]     - Compactness:          0.0000
2025-12-27 22:49:37,350 [INFO]     - Dispersion:           0.0998
2025-12-27 22:49:37,350 [INFO]   🔥 Spatial Consistency:    0.0039
2025-12-27 22:49:37,350 [INFO]   GIB Keep Rate:            0.843
2025-12-27 22:49:37,350 [INFO]   GIB Avg Prob:             0.664
2025-12-27 22:49:37,350 [INFO]   Dispersion (θ):           54.048 ± 0.598
2025-12-27 22:49:37,350 [INFO]   Learning Rate:             0.000472
2025-12-27 22:49:37,742 [INFO] 
================================================================================
2025-12-27 22:49:37,742 [INFO] Epoch 47/300 (0.05s)
2025-12-27 22:49:37,742 [INFO] ================================================================================
2025-12-27 22:49:37,743 [INFO]   Total Loss:                2201.4246
2025-12-27 22:49:37,743 [INFO]   Recon Loss (Total):       2127.8257
2025-12-27 22:49:37,743 [INFO]     - Anchor:               1418.0676
2025-12-27 22:49:37,743 [INFO]     - Learner:              1419.5161
2025-12-27 22:49:37,743 [INFO]   🔥 GIB Sparsity Loss:     0.6617
2025-12-27 22:49:37,743 [INFO]   🔥 Contrastive Loss:      59.1716
2025-12-27 22:49:37,743 [INFO]   🔥 Prototype Loss:        14.3242
2025-12-27 22:49:37,743 [INFO]     - Spot-to-Prototype:     0.5252
2025-12-27 22:49:37,743 [INFO]     - Compactness:          0.0000
2025-12-27 22:49:37,743 [INFO]     - Dispersion:           0.0954
2025-12-27 22:49:37,743 [INFO]   🔥 Spatial Consistency:    0.0036
2025-12-27 22:49:37,743 [INFO]   GIB Keep Rate:            0.836
2025-12-27 22:49:37,743 [INFO]   GIB Avg Prob:             0.662
2025-12-27 22:49:37,744 [INFO]   Dispersion (θ):           54.039 ± 0.605
2025-12-27 22:49:37,744 [INFO]   Learning Rate:             0.000471
2025-12-27 22:49:38,176 [INFO] 
================================================================================
2025-12-27 22:49:38,176 [INFO] Epoch 48/300 (0.05s)
2025-12-27 22:49:38,177 [INFO] ================================================================================
2025-12-27 22:49:38,177 [INFO]   Total Loss:                2185.4595
2025-12-27 22:49:38,177 [INFO]   Recon Loss (Total):       2112.8057
2025-12-27 22:49:38,177 [INFO]     - Anchor:               1407.6150
2025-12-27 22:49:38,177 [INFO]     - Learner:              1410.3813
2025-12-27 22:49:38,177 [INFO]   🔥 GIB Sparsity Loss:     0.6584
2025-12-27 22:49:38,177 [INFO]   🔥 Contrastive Loss:      58.7667
2025-12-27 22:49:38,177 [INFO]   🔥 Prototype Loss:        13.7847
2025-12-27 22:49:38,177 [INFO]     - Spot-to-Prototype:     0.5059
2025-12-27 22:49:38,177 [INFO]     - Compactness:          0.0000
2025-12-27 22:49:38,177 [INFO]     - Dispersion:           0.0909
2025-12-27 22:49:38,177 [INFO]   🔥 Spatial Consistency:    0.0037
2025-12-27 22:49:38,178 [INFO]   GIB Keep Rate:            0.824
2025-12-27 22:49:38,178 [INFO]   GIB Avg Prob:             0.658
2025-12-27 22:49:38,178 [INFO]   Dispersion (θ):           54.031 ± 0.612
2025-12-27 22:49:38,178 [INFO]   Learning Rate:             0.000469
2025-12-27 22:49:38,578 [INFO] 
================================================================================
2025-12-27 22:49:38,578 [INFO] Epoch 49/300 (0.05s)
2025-12-27 22:49:38,578 [INFO] ================================================================================
2025-12-27 22:49:38,578 [INFO]   Total Loss:                2168.2422
2025-12-27 22:49:38,578 [INFO]   Recon Loss (Total):       2096.2402
2025-12-27 22:49:38,578 [INFO]     - Anchor:               1396.4161
2025-12-27 22:49:38,578 [INFO]     - Learner:              1399.6482
2025-12-27 22:49:38,578 [INFO]   🔥 GIB Sparsity Loss:     0.6556
2025-12-27 22:49:38,578 [INFO]   🔥 Contrastive Loss:      58.5436
2025-12-27 22:49:38,578 [INFO]   🔥 Prototype Loss:        13.3563
2025-12-27 22:49:38,578 [INFO]     - Spot-to-Prototype:     0.4911
2025-12-27 22:49:38,578 [INFO]     - Compactness:          0.0000
2025-12-27 22:49:38,579 [INFO]     - Dispersion:           0.0862
2025-12-27 22:49:38,579 [INFO]   🔥 Spatial Consistency:    0.0036
2025-12-27 22:49:38,579 [INFO]   GIB Keep Rate:            0.816
2025-12-27 22:49:38,579 [INFO]   GIB Avg Prob:             0.656
2025-12-27 22:49:38,579 [INFO]   Dispersion (θ):           54.022 ± 0.619
2025-12-27 22:49:38,579 [INFO]   Learning Rate:             0.000468
2025-12-27 22:49:38,994 [INFO] 
================================================================================
2025-12-27 22:49:39,026 [INFO] Epoch 50/300 (0.05s)
2025-12-27 22:49:39,027 [INFO] ================================================================================
2025-12-27 22:49:39,027 [INFO]   Total Loss:                2154.2378
2025-12-27 22:49:39,027 [INFO]   Recon Loss (Total):       2082.8013
2025-12-27 22:49:39,027 [INFO]     - Anchor:               1388.0497
2025-12-27 22:49:39,027 [INFO]     - Learner:              1389.5032
2025-12-27 22:49:39,028 [INFO]   🔥 GIB Sparsity Loss:     0.6528
2025-12-27 22:49:39,028 [INFO]   🔥 Contrastive Loss:      58.3806
2025-12-27 22:49:39,028 [INFO]   🔥 Prototype Loss:        12.9544
2025-12-27 22:49:39,028 [INFO]     - Spot-to-Prototype:     0.4775
2025-12-27 22:49:39,028 [INFO]     - Compactness:          0.0000
2025-12-27 22:49:39,028 [INFO]     - Dispersion:           0.0814
2025-12-27 22:49:39,029 [INFO]   🔥 Spatial Consistency:    0.0036
2025-12-27 22:49:39,029 [INFO]   GIB Keep Rate:            0.806
2025-12-27 22:49:39,029 [INFO]   GIB Avg Prob:             0.653
2025-12-27 22:49:39,029 [INFO]   Dispersion (θ):           54.014 ± 0.625
2025-12-27 22:49:39,029 [INFO]   Learning Rate:             0.000467
2025-12-27 22:49:39,428 [INFO] 
================================================================================
2025-12-27 22:49:39,428 [INFO] Epoch 51/300 (0.05s)
2025-12-27 22:49:39,428 [INFO] ================================================================================
2025-12-27 22:49:39,428 [INFO]   Total Loss:                2139.5933
2025-12-27 22:49:39,428 [INFO]   Recon Loss (Total):       2068.9763
2025-12-27 22:49:39,429 [INFO]     - Anchor:               1378.3845
2025-12-27 22:49:39,429 [INFO]     - Learner:              1381.1835
2025-12-27 22:49:39,429 [INFO]   🔥 GIB Sparsity Loss:     0.6502
2025-12-27 22:49:39,429 [INFO]   🔥 Contrastive Loss:      58.0011
2025-12-27 22:49:39,429 [INFO]   🔥 Prototype Loss:        12.5151
2025-12-27 22:49:39,429 [INFO]     - Spot-to-Prototype:     0.4624
2025-12-27 22:49:39,429 [INFO]     - Compactness:          0.0000
2025-12-27 22:49:39,429 [INFO]     - Dispersion:           0.0765
2025-12-27 22:49:39,429 [INFO]   🔥 Spatial Consistency:    0.0035
2025-12-27 22:49:39,429 [INFO]   GIB Keep Rate:            0.797
2025-12-27 22:49:39,430 [INFO]   GIB Avg Prob:             0.650
2025-12-27 22:49:39,430 [INFO]   Dispersion (θ):           54.005 ± 0.632
2025-12-27 22:49:39,430 [INFO]   Learning Rate:             0.000466
2025-12-27 22:49:39,825 [INFO] 
================================================================================
2025-12-27 22:49:39,825 [INFO] Epoch 52/300 (0.05s)
2025-12-27 22:49:39,825 [INFO] ================================================================================
2025-12-27 22:49:39,825 [INFO]   Total Loss:                2124.6787
2025-12-27 22:49:39,825 [INFO]   Recon Loss (Total):       2054.8035
2025-12-27 22:49:39,825 [INFO]     - Anchor:               1368.8317
2025-12-27 22:49:39,825 [INFO]     - Learner:              1371.9437
2025-12-27 22:49:39,825 [INFO]   🔥 GIB Sparsity Loss:     0.6474
2025-12-27 22:49:39,825 [INFO]   🔥 Contrastive Loss:      57.6582
2025-12-27 22:49:39,826 [INFO]   🔥 Prototype Loss:        12.1163
2025-12-27 22:49:39,826 [INFO]     - Spot-to-Prototype:     0.4490
2025-12-27 22:49:39,826 [INFO]     - Compactness:          0.0000
2025-12-27 22:49:39,826 [INFO]     - Dispersion:           0.0714
2025-12-27 22:49:39,826 [INFO]   🔥 Spatial Consistency:    0.0035
2025-12-27 22:49:39,826 [INFO]   GIB Keep Rate:            0.788
2025-12-27 22:49:39,826 [INFO]   GIB Avg Prob:             0.647
2025-12-27 22:49:39,826 [INFO]   Dispersion (θ):           53.996 ± 0.638
2025-12-27 22:49:39,826 [INFO]   Learning Rate:             0.000464
2025-12-27 22:49:40,186 [INFO] 
================================================================================
2025-12-27 22:49:40,187 [INFO] Epoch 53/300 (0.05s)
2025-12-27 22:49:40,187 [INFO] ================================================================================
2025-12-27 22:49:40,187 [INFO]   Total Loss:                2111.6040
2025-12-27 22:49:40,187 [INFO]   Recon Loss (Total):       2042.1868
2025-12-27 22:49:40,187 [INFO]     - Anchor:               1359.8495
2025-12-27 22:49:40,187 [INFO]     - Learner:              1364.6744
2025-12-27 22:49:40,187 [INFO]   🔥 GIB Sparsity Loss:     0.6443
2025-12-27 22:49:40,187 [INFO]   🔥 Contrastive Loss:      57.4660
2025-12-27 22:49:40,187 [INFO]   🔥 Prototype Loss:        11.8510
2025-12-27 22:49:40,187 [INFO]     - Spot-to-Prototype:     0.4409
2025-12-27 22:49:40,188 [INFO]     - Compactness:          0.0000
2025-12-27 22:49:40,188 [INFO]     - Dispersion:           0.0662
2025-12-27 22:49:40,188 [INFO]   🔥 Spatial Consistency:    0.0035
2025-12-27 22:49:40,188 [INFO]   GIB Keep Rate:            0.779
2025-12-27 22:49:40,188 [INFO]   GIB Avg Prob:             0.644
2025-12-27 22:49:40,188 [INFO]   Dispersion (θ):           53.986 ± 0.645
2025-12-27 22:49:40,188 [INFO]   Learning Rate:             0.000463
2025-12-27 22:49:40,588 [INFO] 
================================================================================
2025-12-27 22:49:40,588 [INFO] Epoch 54/300 (0.05s)
2025-12-27 22:49:40,588 [INFO] ================================================================================
2025-12-27 22:49:40,588 [INFO]   Total Loss:                2097.8643
2025-12-27 22:49:40,588 [INFO]   Recon Loss (Total):       2029.5056
2025-12-27 22:49:40,588 [INFO]     - Anchor:               1352.6083
2025-12-27 22:49:40,588 [INFO]     - Learner:              1353.7946
2025-12-27 22:49:40,588 [INFO]   🔥 GIB Sparsity Loss:     0.6413
2025-12-27 22:49:40,589 [INFO]   🔥 Contrastive Loss:      56.7420
2025-12-27 22:49:40,589 [INFO]   🔥 Prototype Loss:        11.5172
2025-12-27 22:49:40,589 [INFO]     - Spot-to-Prototype:     0.4302
2025-12-27 22:49:40,589 [INFO]     - Compactness:          0.0000
2025-12-27 22:49:40,589 [INFO]     - Dispersion:           0.0610
2025-12-27 22:49:40,589 [INFO]   🔥 Spatial Consistency:    0.0034
2025-12-27 22:49:40,589 [INFO]   GIB Keep Rate:            0.768
2025-12-27 22:49:40,589 [INFO]   GIB Avg Prob:             0.641
2025-12-27 22:49:40,589 [INFO]   Dispersion (θ):           53.977 ± 0.651
2025-12-27 22:49:40,589 [INFO]   Learning Rate:             0.000461
2025-12-27 22:49:41,030 [INFO] 
================================================================================
2025-12-27 22:49:41,030 [INFO] Epoch 55/300 (0.05s)
2025-12-27 22:49:41,030 [INFO] ================================================================================
2025-12-27 22:49:41,030 [INFO]   Total Loss:                2085.7808
2025-12-27 22:49:41,030 [INFO]   Recon Loss (Total):       2018.2095
2025-12-27 22:49:41,030 [INFO]     - Anchor:               1344.2719
2025-12-27 22:49:41,030 [INFO]     - Learner:              1347.8754
2025-12-27 22:49:41,030 [INFO]   🔥 GIB Sparsity Loss:     0.6385
2025-12-27 22:49:41,031 [INFO]   🔥 Contrastive Loss:      56.2518
2025-12-27 22:49:41,031 [INFO]   🔥 Prototype Loss:        11.2202
2025-12-27 22:49:41,031 [INFO]     - Spot-to-Prototype:     0.4210
2025-12-27 22:49:41,031 [INFO]     - Compactness:          0.0000
2025-12-27 22:49:41,031 [INFO]     - Dispersion:           0.0557
2025-12-27 22:49:41,031 [INFO]   🔥 Spatial Consistency:    0.0034
2025-12-27 22:49:41,031 [INFO]   GIB Keep Rate:            0.759
2025-12-27 22:49:41,031 [INFO]   GIB Avg Prob:             0.639
2025-12-27 22:49:41,031 [INFO]   Dispersion (θ):           53.967 ± 0.657
2025-12-27 22:49:41,031 [INFO]   Learning Rate:             0.000460
2025-12-27 22:49:41,395 [INFO] 
================================================================================
2025-12-27 22:49:41,395 [INFO] Epoch 56/300 (0.05s)
2025-12-27 22:49:41,395 [INFO] ================================================================================
2025-12-27 22:49:41,395 [INFO]   Total Loss:                2074.7051
2025-12-27 22:49:41,395 [INFO]   Recon Loss (Total):       2007.0294
2025-12-27 22:49:41,395 [INFO]     - Anchor:               1336.7764
2025-12-27 22:49:41,395 [INFO]     - Learner:              1340.5061
2025-12-27 22:49:41,395 [INFO]   🔥 GIB Sparsity Loss:     0.6365
2025-12-27 22:49:41,395 [INFO]   🔥 Contrastive Loss:      56.6956
2025-12-27 22:49:41,396 [INFO]   🔥 Prototype Loss:        10.8811
2025-12-27 22:49:41,396 [INFO]     - Spot-to-Prototype:     0.4101
2025-12-27 22:49:41,396 [INFO]     - Compactness:          0.0000
2025-12-27 22:49:41,396 [INFO]     - Dispersion:           0.0504
2025-12-27 22:49:41,396 [INFO]   🔥 Spatial Consistency:    0.0034
2025-12-27 22:49:41,396 [INFO]   GIB Keep Rate:            0.751
2025-12-27 22:49:41,396 [INFO]   GIB Avg Prob:             0.637
2025-12-27 22:49:41,396 [INFO]   Dispersion (θ):           53.958 ± 0.663
2025-12-27 22:49:41,396 [INFO]   Learning Rate:             0.000459
2025-12-27 22:49:41,820 [INFO] 
================================================================================
2025-12-27 22:49:41,820 [INFO] Epoch 57/300 (0.05s)
2025-12-27 22:49:41,820 [INFO] ================================================================================
2025-12-27 22:49:41,820 [INFO]   Total Loss:                2063.6829
2025-12-27 22:49:41,821 [INFO]   Recon Loss (Total):       1996.8082
2025-12-27 22:49:41,821 [INFO]     - Anchor:               1329.9725
2025-12-27 22:49:41,821 [INFO]     - Learner:              1333.6714
2025-12-27 22:49:41,821 [INFO]   🔥 GIB Sparsity Loss:     0.6345
2025-12-27 22:49:41,821 [INFO]   🔥 Contrastive Loss:      56.0630
2025-12-27 22:49:41,821 [INFO]   🔥 Prototype Loss:        10.7132
2025-12-27 22:49:41,821 [INFO]     - Spot-to-Prototype:     0.4060
2025-12-27 22:49:41,821 [INFO]     - Compactness:          0.0000
2025-12-27 22:49:41,821 [INFO]     - Dispersion:           0.0450
2025-12-27 22:49:41,821 [INFO]   🔥 Spatial Consistency:    0.0035
2025-12-27 22:49:41,821 [INFO]   GIB Keep Rate:            0.745
2025-12-27 22:49:41,821 [INFO]   GIB Avg Prob:             0.635
2025-12-27 22:49:41,822 [INFO]   Dispersion (θ):           53.948 ± 0.669
2025-12-27 22:49:41,822 [INFO]   Learning Rate:             0.000457
2025-12-27 22:49:42,191 [INFO] 
================================================================================
2025-12-27 22:49:42,191 [INFO] Epoch 58/300 (0.05s)
2025-12-27 22:49:42,191 [INFO] ================================================================================
2025-12-27 22:49:42,192 [INFO]   Total Loss:                2052.7388
2025-12-27 22:49:42,192 [INFO]   Recon Loss (Total):       1986.6547
2025-12-27 22:49:42,192 [INFO]     - Anchor:               1323.0541
2025-12-27 22:49:42,192 [INFO]     - Learner:              1327.2012
2025-12-27 22:49:42,192 [INFO]   🔥 GIB Sparsity Loss:     0.6322
2025-12-27 22:49:42,192 [INFO]   🔥 Contrastive Loss:      55.5263
2025-12-27 22:49:42,192 [INFO]   🔥 Prototype Loss:        10.4597
2025-12-27 22:49:42,192 [INFO]     - Spot-to-Prototype:     0.3986
2025-12-27 22:49:42,192 [INFO]     - Compactness:          0.0000
2025-12-27 22:49:42,192 [INFO]     - Dispersion:           0.0396
2025-12-27 22:49:42,192 [INFO]   🔥 Spatial Consistency:    0.0035
2025-12-27 22:49:42,192 [INFO]   GIB Keep Rate:            0.736
2025-12-27 22:49:42,193 [INFO]   GIB Avg Prob:             0.632
2025-12-27 22:49:42,193 [INFO]   Dispersion (θ):           53.937 ± 0.675
2025-12-27 22:49:42,193 [INFO]   Learning Rate:             0.000456
2025-12-27 22:49:42,602 [INFO] 
================================================================================
2025-12-27 22:49:42,602 [INFO] Epoch 59/300 (0.05s)
2025-12-27 22:49:42,602 [INFO] ================================================================================
2025-12-27 22:49:42,602 [INFO]   Total Loss:                2041.9160
2025-12-27 22:49:42,602 [INFO]   Recon Loss (Total):       1976.1526
2025-12-27 22:49:42,602 [INFO]     - Anchor:               1316.2660
2025-12-27 22:49:42,602 [INFO]     - Learner:              1319.7731
2025-12-27 22:49:42,602 [INFO]   🔥 GIB Sparsity Loss:     0.6306
2025-12-27 22:49:42,602 [INFO]   🔥 Contrastive Loss:      55.3574
2025-12-27 22:49:42,602 [INFO]   🔥 Prototype Loss:        10.3079
2025-12-27 22:49:42,602 [INFO]     - Spot-to-Prototype:     0.3952
2025-12-27 22:49:42,603 [INFO]     - Compactness:          0.0000
2025-12-27 22:49:42,603 [INFO]     - Dispersion:           0.0342
2025-12-27 22:49:42,603 [INFO]   🔥 Spatial Consistency:    0.0035
2025-12-27 22:49:42,603 [INFO]   GIB Keep Rate:            0.731
2025-12-27 22:49:42,603 [INFO]   GIB Avg Prob:             0.631
2025-12-27 22:49:42,603 [INFO]   Dispersion (θ):           53.927 ± 0.681
2025-12-27 22:49:42,603 [INFO]   Learning Rate:             0.000454
2025-12-27 22:49:42,997 [INFO] 
================================================================================
2025-12-27 22:49:42,998 [INFO] Epoch 60/300 (0.05s)
2025-12-27 22:49:42,998 [INFO] ================================================================================
2025-12-27 22:49:42,998 [INFO]   Total Loss:                2031.2261
2025-12-27 22:49:42,998 [INFO]   Recon Loss (Total):       1965.9501
2025-12-27 22:49:42,998 [INFO]     - Anchor:               1309.4668
2025-12-27 22:49:42,998 [INFO]     - Learner:              1312.9666
2025-12-27 22:49:42,998 [INFO]   🔥 GIB Sparsity Loss:     0.6302
2025-12-27 22:49:42,998 [INFO]   🔥 Contrastive Loss:      55.1586
2025-12-27 22:49:42,998 [INFO]   🔥 Prototype Loss:        10.0193
2025-12-27 22:49:42,998 [INFO]     - Spot-to-Prototype:     0.3864
2025-12-27 22:49:42,998 [INFO]     - Compactness:          0.0000
2025-12-27 22:49:42,999 [INFO]     - Dispersion:           0.0288
2025-12-27 22:49:42,999 [INFO]   🔥 Spatial Consistency:    0.0036
2025-12-27 22:49:42,999 [INFO]   GIB Keep Rate:            0.728
2025-12-27 22:49:42,999 [INFO]   GIB Avg Prob:             0.630
2025-12-27 22:49:42,999 [INFO]   Dispersion (θ):           53.916 ± 0.687
2025-12-27 22:49:42,999 [INFO]   Learning Rate:             0.000453
2025-12-27 22:49:43,422 [INFO] 
================================================================================
2025-12-27 22:49:43,422 [INFO] Epoch 61/300 (0.05s)
2025-12-27 22:49:43,422 [INFO] ================================================================================
2025-12-27 22:49:43,422 [INFO]   Total Loss:                2022.7549
2025-12-27 22:49:43,422 [INFO]   Recon Loss (Total):       1958.1104
2025-12-27 22:49:43,422 [INFO]     - Anchor:               1304.0856
2025-12-27 22:49:43,423 [INFO]     - Learner:              1308.0497
2025-12-27 22:49:43,423 [INFO]   🔥 GIB Sparsity Loss:     0.6292
2025-12-27 22:49:43,423 [INFO]   🔥 Contrastive Loss:      54.6669
2025-12-27 22:49:43,423 [INFO]   🔥 Prototype Loss:        9.8798
2025-12-27 22:49:43,423 [INFO]     - Spot-to-Prototype:     0.3835
2025-12-27 22:49:43,423 [INFO]     - Compactness:          0.0000
2025-12-27 22:49:43,423 [INFO]     - Dispersion:           0.0233
2025-12-27 22:49:43,423 [INFO]   🔥 Spatial Consistency:    0.0035
2025-12-27 22:49:43,423 [INFO]   GIB Keep Rate:            0.724
2025-12-27 22:49:43,423 [INFO]   GIB Avg Prob:             0.629
2025-12-27 22:49:43,423 [INFO]   Dispersion (θ):           53.905 ± 0.693
2025-12-27 22:49:43,423 [INFO]   Learning Rate:             0.000451
2025-12-27 22:49:43,836 [INFO] 
================================================================================
2025-12-27 22:49:43,836 [INFO] Epoch 62/300 (0.05s)
2025-12-27 22:49:43,836 [INFO] ================================================================================
2025-12-27 22:49:43,836 [INFO]   Total Loss:                2013.5874
2025-12-27 22:49:43,836 [INFO]   Recon Loss (Total):       1949.3569
2025-12-27 22:49:43,836 [INFO]     - Anchor:               1298.6329
2025-12-27 22:49:43,836 [INFO]     - Learner:              1301.4480
2025-12-27 22:49:43,836 [INFO]   🔥 GIB Sparsity Loss:     0.6282
2025-12-27 22:49:43,836 [INFO]   🔥 Contrastive Loss:      54.4186
2025-12-27 22:49:43,837 [INFO]   🔥 Prototype Loss:        9.7141
2025-12-27 22:49:43,837 [INFO]     - Spot-to-Prototype:     0.3796
2025-12-27 22:49:43,837 [INFO]     - Compactness:          0.0000
2025-12-27 22:49:43,837 [INFO]     - Dispersion:           0.0179
2025-12-27 22:49:43,837 [INFO]   🔥 Spatial Consistency:    0.0035
2025-12-27 22:49:43,837 [INFO]   GIB Keep Rate:            0.720
2025-12-27 22:49:43,837 [INFO]   GIB Avg Prob:             0.628
2025-12-27 22:49:43,837 [INFO]   Dispersion (θ):           53.894 ± 0.698
2025-12-27 22:49:43,837 [INFO]   Learning Rate:             0.000450
2025-12-27 22:49:44,252 [INFO] 
================================================================================
2025-12-27 22:49:44,252 [INFO] Epoch 63/300 (0.05s)
2025-12-27 22:49:44,252 [INFO] ================================================================================
2025-12-27 22:49:44,252 [INFO]   Total Loss:                2003.6785
2025-12-27 22:49:44,252 [INFO]   Recon Loss (Total):       1940.0764
2025-12-27 22:49:44,252 [INFO]     - Anchor:               1292.6101
2025-12-27 22:49:44,253 [INFO]     - Learner:              1294.9326
2025-12-27 22:49:44,253 [INFO]   🔥 GIB Sparsity Loss:     0.6276
2025-12-27 22:49:44,253 [INFO]   🔥 Contrastive Loss:      53.9074
2025-12-27 22:49:44,253 [INFO]   🔥 Prototype Loss:        9.5971
2025-12-27 22:49:44,253 [INFO]     - Spot-to-Prototype:     0.3777
2025-12-27 22:49:44,253 [INFO]     - Compactness:          0.0000
2025-12-27 22:49:44,253 [INFO]     - Dispersion:           0.0124
2025-12-27 22:49:44,253 [INFO]   🔥 Spatial Consistency:    0.0036
2025-12-27 22:49:44,253 [INFO]   GIB Keep Rate:            0.716
2025-12-27 22:49:44,253 [INFO]   GIB Avg Prob:             0.628
2025-12-27 22:49:44,253 [INFO]   Dispersion (θ):           53.883 ± 0.704
2025-12-27 22:49:44,253 [INFO]   Learning Rate:             0.000448
2025-12-27 22:49:44,661 [INFO] 
================================================================================
2025-12-27 22:49:44,661 [INFO] Epoch 64/300 (0.05s)
2025-12-27 22:49:44,661 [INFO] ================================================================================
2025-12-27 22:49:44,661 [INFO]   Total Loss:                1996.1370
2025-12-27 22:49:44,661 [INFO]   Recon Loss (Total):       1932.7554
2025-12-27 22:49:44,662 [INFO]     - Anchor:               1287.2428
2025-12-27 22:49:44,662 [INFO]     - Learner:              1291.0251
2025-12-27 22:49:44,662 [INFO]   🔥 GIB Sparsity Loss:     0.6276
2025-12-27 22:49:44,662 [INFO]   🔥 Contrastive Loss:      53.8933
2025-12-27 22:49:44,662 [INFO]   🔥 Prototype Loss:        9.3905
2025-12-27 22:49:44,662 [INFO]     - Spot-to-Prototype:     0.3722
2025-12-27 22:49:44,662 [INFO]     - Compactness:          0.0000
2025-12-27 22:49:44,662 [INFO]     - Dispersion:           0.0069
2025-12-27 22:49:44,662 [INFO]   🔥 Spatial Consistency:    0.0036
2025-12-27 22:49:44,662 [INFO]   GIB Keep Rate:            0.713
2025-12-27 22:49:44,662 [INFO]   GIB Avg Prob:             0.628
2025-12-27 22:49:44,662 [INFO]   Dispersion (θ):           53.871 ± 0.709
2025-12-27 22:49:44,662 [INFO]   Learning Rate:             0.000446
2025-12-27 22:49:45,099 [INFO] 
================================================================================
2025-12-27 22:49:45,099 [INFO] Epoch 65/300 (0.05s)
2025-12-27 22:49:45,099 [INFO] ================================================================================
2025-12-27 22:49:45,099 [INFO]   Total Loss:                1988.4888
2025-12-27 22:49:45,099 [INFO]   Recon Loss (Total):       1925.5487
2025-12-27 22:49:45,099 [INFO]     - Anchor:               1282.9209
2025-12-27 22:49:45,099 [INFO]     - Learner:              1285.2556
2025-12-27 22:49:45,099 [INFO]   🔥 GIB Sparsity Loss:     0.6283
2025-12-27 22:49:45,099 [INFO]   🔥 Contrastive Loss:      53.5151
2025-12-27 22:49:45,099 [INFO]   🔥 Prototype Loss:        9.3271
2025-12-27 22:49:45,099 [INFO]     - Spot-to-Prototype:     0.3724
2025-12-27 22:49:45,099 [INFO]     - Compactness:          0.0000
2025-12-27 22:49:45,099 [INFO]     - Dispersion:           0.0014
2025-12-27 22:49:45,099 [INFO]   🔥 Spatial Consistency:    0.0035
2025-12-27 22:49:45,099 [INFO]   GIB Keep Rate:            0.714
2025-12-27 22:49:45,099 [INFO]   GIB Avg Prob:             0.628
2025-12-27 22:49:45,099 [INFO]   Dispersion (θ):           53.859 ± 0.715
2025-12-27 22:49:45,100 [INFO]   Learning Rate:             0.000445
2025-12-27 22:49:45,523 [INFO] 
================================================================================
2025-12-27 22:49:45,524 [INFO] Epoch 66/300 (0.05s)
2025-12-27 22:49:45,524 [INFO] ================================================================================
2025-12-27 22:49:45,524 [INFO]   Total Loss:                1981.4143
2025-12-27 22:49:45,524 [INFO]   Recon Loss (Total):       1918.6576
2025-12-27 22:49:45,524 [INFO]     - Anchor:               1277.9927
2025-12-27 22:49:45,524 [INFO]     - Learner:              1281.3298
2025-12-27 22:49:45,524 [INFO]   🔥 GIB Sparsity Loss:     0.6300
2025-12-27 22:49:45,524 [INFO]   🔥 Contrastive Loss:      53.3690
2025-12-27 22:49:45,524 [INFO]   🔥 Prototype Loss:        9.2898
2025-12-27 22:49:45,524 [INFO]     - Spot-to-Prototype:     0.3716
2025-12-27 22:49:45,524 [INFO]     - Compactness:          0.0000
2025-12-27 22:49:45,524 [INFO]     - Dispersion:           0.0000
2025-12-27 22:49:45,524 [INFO]   🔥 Spatial Consistency:    0.0035
2025-12-27 22:49:45,524 [INFO]   GIB Keep Rate:            0.717
2025-12-27 22:49:45,525 [INFO]   GIB Avg Prob:             0.630
2025-12-27 22:49:45,525 [INFO]   Dispersion (θ):           53.847 ± 0.721
2025-12-27 22:49:45,525 [INFO]   Learning Rate:             0.000443
2025-12-27 22:49:45,957 [INFO] 
================================================================================
2025-12-27 22:49:45,957 [INFO] Epoch 67/300 (0.05s)
2025-12-27 22:49:45,957 [INFO] ================================================================================
2025-12-27 22:49:45,957 [INFO]   Total Loss:                1973.7434
2025-12-27 22:49:45,957 [INFO]   Recon Loss (Total):       1911.6312
2025-12-27 22:49:45,957 [INFO]     - Anchor:               1273.5922
2025-12-27 22:49:45,957 [INFO]     - Learner:              1276.0781
2025-12-27 22:49:45,957 [INFO]   🔥 GIB Sparsity Loss:     0.6325
2025-12-27 22:49:45,957 [INFO]   🔥 Contrastive Loss:      52.7752
2025-12-27 22:49:45,957 [INFO]   🔥 Prototype Loss:        9.2386
2025-12-27 22:49:45,958 [INFO]     - Spot-to-Prototype:     0.3695
2025-12-27 22:49:45,958 [INFO]     - Compactness:          0.0000
2025-12-27 22:49:45,958 [INFO]     - Dispersion:           0.0000
2025-12-27 22:49:45,958 [INFO]   🔥 Spatial Consistency:    0.0036
2025-12-27 22:49:45,958 [INFO]   GIB Keep Rate:            0.720
2025-12-27 22:49:45,958 [INFO]   GIB Avg Prob:             0.632
2025-12-27 22:49:45,958 [INFO]   Dispersion (θ):           53.835 ± 0.726
2025-12-27 22:49:45,958 [INFO]   Learning Rate:             0.000442
2025-12-27 22:49:46,347 [INFO] 
================================================================================
2025-12-27 22:49:46,348 [INFO] Epoch 68/300 (0.05s)
2025-12-27 22:49:46,348 [INFO] ================================================================================
2025-12-27 22:49:46,348 [INFO]   Total Loss:                1967.7505
2025-12-27 22:49:46,348 [INFO]   Recon Loss (Total):       1906.3191
2025-12-27 22:49:46,348 [INFO]     - Anchor:               1269.7764
2025-12-27 22:49:46,348 [INFO]     - Learner:              1273.0856
2025-12-27 22:49:46,348 [INFO]   🔥 GIB Sparsity Loss:     0.6344
2025-12-27 22:49:46,348 [INFO]   🔥 Contrastive Loss:      52.1171
2025-12-27 22:49:46,348 [INFO]   🔥 Prototype Loss:        9.2154
2025-12-27 22:49:46,348 [INFO]     - Spot-to-Prototype:     0.3686
2025-12-27 22:49:46,348 [INFO]     - Compactness:          0.0000
2025-12-27 22:49:46,348 [INFO]     - Dispersion:           0.0000
2025-12-27 22:49:46,348 [INFO]   🔥 Spatial Consistency:    0.0036
2025-12-27 22:49:46,348 [INFO]   GIB Keep Rate:            0.723
2025-12-27 22:49:46,349 [INFO]   GIB Avg Prob:             0.634
2025-12-27 22:49:46,349 [INFO]   Dispersion (θ):           53.822 ± 0.732
2025-12-27 22:49:46,349 [INFO]   Learning Rate:             0.000440
2025-12-27 22:49:46,768 [INFO] 
================================================================================
2025-12-27 22:49:46,768 [INFO] Epoch 69/300 (0.05s)
2025-12-27 22:49:46,768 [INFO] ================================================================================
2025-12-27 22:49:46,769 [INFO]   Total Loss:                1961.0281
2025-12-27 22:49:46,769 [INFO]   Recon Loss (Total):       1899.8049
2025-12-27 22:49:46,769 [INFO]     - Anchor:               1265.4119
2025-12-27 22:49:46,769 [INFO]     - Learner:              1268.7860
2025-12-27 22:49:46,769 [INFO]   🔥 GIB Sparsity Loss:     0.6366
2025-12-27 22:49:46,769 [INFO]   🔥 Contrastive Loss:      51.9325
2025-12-27 22:49:46,769 [INFO]   🔥 Prototype Loss:        9.1915
2025-12-27 22:49:46,769 [INFO]     - Spot-to-Prototype:     0.3677
2025-12-27 22:49:46,769 [INFO]     - Compactness:          0.0000
2025-12-27 22:49:46,769 [INFO]     - Dispersion:           0.0000
2025-12-27 22:49:46,769 [INFO]   🔥 Spatial Consistency:    0.0036
2025-12-27 22:49:46,769 [INFO]   GIB Keep Rate:            0.727
2025-12-27 22:49:46,769 [INFO]   GIB Avg Prob:             0.637
2025-12-27 22:49:46,769 [INFO]   Dispersion (θ):           53.809 ± 0.737
2025-12-27 22:49:46,769 [INFO]   Learning Rate:             0.000438
2025-12-27 22:49:47,179 [INFO] 
================================================================================
2025-12-27 22:49:47,180 [INFO] Epoch 70/300 (0.05s)
2025-12-27 22:49:47,180 [INFO] ================================================================================
2025-12-27 22:49:47,180 [INFO]   Total Loss:                1954.7690
2025-12-27 22:49:47,180 [INFO]   Recon Loss (Total):       1894.0115
2025-12-27 22:49:47,180 [INFO]     - Anchor:               1261.7618
2025-12-27 22:49:47,180 [INFO]     - Learner:              1264.4994
2025-12-27 22:49:47,180 [INFO]   🔥 GIB Sparsity Loss:     0.6397
2025-12-27 22:49:47,180 [INFO]   🔥 Contrastive Loss:      51.4523
2025-12-27 22:49:47,180 [INFO]   🔥 Prototype Loss:        9.2059
2025-12-27 22:49:47,180 [INFO]     - Spot-to-Prototype:     0.3682
2025-12-27 22:49:47,180 [INFO]     - Compactness:          0.0000
2025-12-27 22:49:47,180 [INFO]     - Dispersion:           0.0000
2025-12-27 22:49:47,181 [INFO]   🔥 Spatial Consistency:    0.0036
2025-12-27 22:49:47,181 [INFO]   GIB Keep Rate:            0.731
2025-12-27 22:49:47,181 [INFO]   GIB Avg Prob:             0.640
2025-12-27 22:49:47,181 [INFO]   Dispersion (θ):           53.795 ± 0.743
2025-12-27 22:49:47,181 [INFO]   Learning Rate:             0.000436
2025-12-27 22:49:47,584 [INFO] 
================================================================================
2025-12-27 22:49:47,584 [INFO] Epoch 71/300 (0.05s)
2025-12-27 22:49:47,584 [INFO] ================================================================================
2025-12-27 22:49:47,584 [INFO]   Total Loss:                1948.9723
2025-12-27 22:49:47,584 [INFO]   Recon Loss (Total):       1888.8884
2025-12-27 22:49:47,584 [INFO]     - Anchor:               1258.4458
2025-12-27 22:49:47,584 [INFO]     - Learner:              1260.8854
2025-12-27 22:49:47,584 [INFO]   🔥 GIB Sparsity Loss:     0.6436
2025-12-27 22:49:47,584 [INFO]   🔥 Contrastive Loss:      50.8124
2025-12-27 22:49:47,584 [INFO]   🔥 Prototype Loss:        9.1713
2025-12-27 22:49:47,584 [INFO]     - Spot-to-Prototype:     0.3669
2025-12-27 22:49:47,584 [INFO]     - Compactness:          0.0000
2025-12-27 22:49:47,584 [INFO]     - Dispersion:           0.0000
2025-12-27 22:49:47,585 [INFO]   🔥 Spatial Consistency:    0.0037
2025-12-27 22:49:47,585 [INFO]   GIB Keep Rate:            0.738
2025-12-27 22:49:47,585 [INFO]   GIB Avg Prob:             0.644
2025-12-27 22:49:47,585 [INFO]   Dispersion (θ):           53.781 ± 0.748
2025-12-27 22:49:47,585 [INFO]   Learning Rate:             0.000435
2025-12-27 22:49:47,981 [INFO] 
================================================================================
2025-12-27 22:49:47,982 [INFO] Epoch 72/300 (0.05s)
2025-12-27 22:49:47,982 [INFO] ================================================================================
2025-12-27 22:49:47,982 [INFO]   Total Loss:                1943.0039
2025-12-27 22:49:47,982 [INFO]   Recon Loss (Total):       1883.3774
2025-12-27 22:49:47,982 [INFO]     - Anchor:               1255.3936
2025-12-27 22:49:47,982 [INFO]     - Learner:              1255.9677
2025-12-27 22:49:47,982 [INFO]   🔥 GIB Sparsity Loss:     0.6477
2025-12-27 22:49:47,982 [INFO]   🔥 Contrastive Loss:      50.3128
2025-12-27 22:49:47,982 [INFO]   🔥 Prototype Loss:        9.2129
2025-12-27 22:49:47,982 [INFO]     - Spot-to-Prototype:     0.3685
2025-12-27 22:49:47,982 [INFO]     - Compactness:          0.0000
2025-12-27 22:49:47,982 [INFO]     - Dispersion:           0.0000
2025-12-27 22:49:47,982 [INFO]   🔥 Spatial Consistency:    0.0036
2025-12-27 22:49:47,982 [INFO]   GIB Keep Rate:            0.744
2025-12-27 22:49:47,982 [INFO]   GIB Avg Prob:             0.648
2025-12-27 22:49:47,982 [INFO]   Dispersion (θ):           53.767 ± 0.754
2025-12-27 22:49:47,982 [INFO]   Learning Rate:             0.000433
2025-12-27 22:49:48,408 [INFO] 
================================================================================
2025-12-27 22:49:48,408 [INFO] Epoch 73/300 (0.05s)
2025-12-27 22:49:48,408 [INFO] ================================================================================
2025-12-27 22:49:48,408 [INFO]   Total Loss:                1937.6943
2025-12-27 22:49:48,408 [INFO]   Recon Loss (Total):       1878.4639
2025-12-27 22:49:48,409 [INFO]     - Anchor:               1251.8722
2025-12-27 22:49:48,409 [INFO]     - Learner:              1253.1833
2025-12-27 22:49:48,409 [INFO]   🔥 GIB Sparsity Loss:     0.6519
2025-12-27 22:49:48,409 [INFO]   🔥 Contrastive Loss:      49.9189
2025-12-27 22:49:48,409 [INFO]   🔥 Prototype Loss:        9.2100
2025-12-27 22:49:48,409 [INFO]     - Spot-to-Prototype:     0.3684
2025-12-27 22:49:48,409 [INFO]     - Compactness:          0.0000
2025-12-27 22:49:48,409 [INFO]     - Dispersion:           0.0000
2025-12-27 22:49:48,409 [INFO]   🔥 Spatial Consistency:    0.0037
2025-12-27 22:49:48,409 [INFO]   GIB Keep Rate:            0.750
2025-12-27 22:49:48,409 [INFO]   GIB Avg Prob:             0.652
2025-12-27 22:49:48,409 [INFO]   Dispersion (θ):           53.753 ± 0.760
2025-12-27 22:49:48,409 [INFO]   Learning Rate:             0.000431
2025-12-27 22:49:48,811 [INFO] 
================================================================================
2025-12-27 22:49:48,811 [INFO] Epoch 74/300 (0.05s)
2025-12-27 22:49:48,812 [INFO] ================================================================================
2025-12-27 22:49:48,812 [INFO]   Total Loss:                1933.3898
2025-12-27 22:49:48,812 [INFO]   Recon Loss (Total):       1874.3259
2025-12-27 22:49:48,812 [INFO]     - Anchor:               1249.0107
2025-12-27 22:49:48,812 [INFO]     - Learner:              1250.6305
2025-12-27 22:49:48,812 [INFO]   🔥 GIB Sparsity Loss:     0.6578
2025-12-27 22:49:48,812 [INFO]   🔥 Contrastive Loss:      49.8021
2025-12-27 22:49:48,812 [INFO]   🔥 Prototype Loss:        9.1594
2025-12-27 22:49:48,812 [INFO]     - Spot-to-Prototype:     0.3664
2025-12-27 22:49:48,812 [INFO]     - Compactness:          0.0000
2025-12-27 22:49:48,812 [INFO]     - Dispersion:           0.0000
2025-12-27 22:49:48,812 [INFO]   🔥 Spatial Consistency:    0.0037
2025-12-27 22:49:48,812 [INFO]   GIB Keep Rate:            0.760
2025-12-27 22:49:48,812 [INFO]   GIB Avg Prob:             0.658
2025-12-27 22:49:48,812 [INFO]   Dispersion (θ):           53.738 ± 0.766
2025-12-27 22:49:48,812 [INFO]   Learning Rate:             0.000429
2025-12-27 22:49:49,224 [INFO] 
================================================================================
2025-12-27 22:49:49,224 [INFO] Epoch 75/300 (0.05s)
2025-12-27 22:49:49,224 [INFO] ================================================================================
2025-12-27 22:49:49,224 [INFO]   Total Loss:                1927.7303
2025-12-27 22:49:49,224 [INFO]   Recon Loss (Total):       1869.2960
2025-12-27 22:49:49,224 [INFO]     - Anchor:               1245.6991
2025-12-27 22:49:49,224 [INFO]     - Learner:              1247.1938
2025-12-27 22:49:49,224 [INFO]   🔥 GIB Sparsity Loss:     0.6637
2025-12-27 22:49:49,224 [INFO]   🔥 Contrastive Loss:      49.1294
2025-12-27 22:49:49,224 [INFO]   🔥 Prototype Loss:        9.2017
2025-12-27 22:49:49,224 [INFO]     - Spot-to-Prototype:     0.3681
2025-12-27 22:49:49,224 [INFO]     - Compactness:          0.0000
2025-12-27 22:49:49,224 [INFO]     - Dispersion:           0.0000
2025-12-27 22:49:49,224 [INFO]   🔥 Spatial Consistency:    0.0037
2025-12-27 22:49:49,224 [INFO]   GIB Keep Rate:            0.771
2025-12-27 22:49:49,225 [INFO]   GIB Avg Prob:             0.664
2025-12-27 22:49:49,225 [INFO]   Dispersion (θ):           53.723 ± 0.771
2025-12-27 22:49:49,225 [INFO]   Learning Rate:             0.000428
2025-12-27 22:49:49,631 [INFO] 
================================================================================
2025-12-27 22:49:49,631 [INFO] Epoch 76/300 (0.05s)
2025-12-27 22:49:49,631 [INFO] ================================================================================
2025-12-27 22:49:49,632 [INFO]   Total Loss:                1922.8131
2025-12-27 22:49:49,632 [INFO]   Recon Loss (Total):       1865.0527
2025-12-27 22:49:49,632 [INFO]     - Anchor:               1242.9468
2025-12-27 22:49:49,632 [INFO]     - Learner:              1244.2119
2025-12-27 22:49:49,632 [INFO]   🔥 GIB Sparsity Loss:     0.6700
2025-12-27 22:49:49,632 [INFO]   🔥 Contrastive Loss:      48.4887
2025-12-27 22:49:49,632 [INFO]   🔥 Prototype Loss:        9.1677
2025-12-27 22:49:49,632 [INFO]     - Spot-to-Prototype:     0.3667
2025-12-27 22:49:49,632 [INFO]     - Compactness:          0.0000
2025-12-27 22:49:49,632 [INFO]     - Dispersion:           0.0000
2025-12-27 22:49:49,632 [INFO]   🔥 Spatial Consistency:    0.0037
2025-12-27 22:49:49,632 [INFO]   GIB Keep Rate:            0.781
2025-12-27 22:49:49,632 [INFO]   GIB Avg Prob:             0.670
2025-12-27 22:49:49,632 [INFO]   Dispersion (θ):           53.708 ± 0.777
2025-12-27 22:49:49,632 [INFO]   Learning Rate:             0.000426
2025-12-27 22:49:50,039 [INFO] 
================================================================================
2025-12-27 22:49:50,039 [INFO] Epoch 77/300 (0.05s)
2025-12-27 22:49:50,039 [INFO] ================================================================================
2025-12-27 22:49:50,039 [INFO]   Total Loss:                1918.0220
2025-12-27 22:49:50,039 [INFO]   Recon Loss (Total):       1860.8030
2025-12-27 22:49:50,039 [INFO]     - Anchor:               1239.9767
2025-12-27 22:49:50,039 [INFO]     - Learner:              1241.6527
2025-12-27 22:49:50,039 [INFO]   🔥 GIB Sparsity Loss:     0.6767
2025-12-27 22:49:50,039 [INFO]   🔥 Contrastive Loss:      47.8981
2025-12-27 22:49:50,039 [INFO]   🔥 Prototype Loss:        9.2158
2025-12-27 22:49:50,039 [INFO]     - Spot-to-Prototype:     0.3686
2025-12-27 22:49:50,039 [INFO]     - Compactness:          0.0000
2025-12-27 22:49:50,039 [INFO]     - Dispersion:           0.0000
2025-12-27 22:49:50,039 [INFO]   🔥 Spatial Consistency:    0.0037
2025-12-27 22:49:50,040 [INFO]   GIB Keep Rate:            0.793
2025-12-27 22:49:50,040 [INFO]   GIB Avg Prob:             0.677
2025-12-27 22:49:50,040 [INFO]   Dispersion (θ):           53.692 ± 0.784
2025-12-27 22:49:50,040 [INFO]   Learning Rate:             0.000424
2025-12-27 22:49:50,401 [INFO] 
================================================================================
2025-12-27 22:49:50,401 [INFO] Epoch 78/300 (0.05s)
2025-12-27 22:49:50,401 [INFO] ================================================================================
2025-12-27 22:49:50,401 [INFO]   Total Loss:                1913.8534
2025-12-27 22:49:50,401 [INFO]   Recon Loss (Total):       1857.1515
2025-12-27 22:49:50,401 [INFO]     - Anchor:               1237.8962
2025-12-27 22:49:50,401 [INFO]     - Learner:              1238.5105
2025-12-27 22:49:50,401 [INFO]   🔥 GIB Sparsity Loss:     0.6843
2025-12-27 22:49:50,401 [INFO]   🔥 Contrastive Loss:      47.3346
2025-12-27 22:49:50,401 [INFO]   🔥 Prototype Loss:        9.2609
2025-12-27 22:49:50,401 [INFO]     - Spot-to-Prototype:     0.3704
2025-12-27 22:49:50,401 [INFO]     - Compactness:          0.0000
2025-12-27 22:49:50,401 [INFO]     - Dispersion:           0.0000
2025-12-27 22:49:50,402 [INFO]   🔥 Spatial Consistency:    0.0037
2025-12-27 22:49:50,402 [INFO]   GIB Keep Rate:            0.804
2025-12-27 22:49:50,402 [INFO]   GIB Avg Prob:             0.684
2025-12-27 22:49:50,402 [INFO]   Dispersion (θ):           53.676 ± 0.790
2025-12-27 22:49:50,402 [INFO]   Learning Rate:             0.000422
2025-12-27 22:49:50,813 [INFO] 
================================================================================
2025-12-27 22:49:50,814 [INFO] Epoch 79/300 (0.05s)
2025-12-27 22:49:50,814 [INFO] ================================================================================
2025-12-27 22:49:50,814 [INFO]   Total Loss:                1910.0564
2025-12-27 22:49:50,814 [INFO]   Recon Loss (Total):       1853.4724
2025-12-27 22:49:50,814 [INFO]     - Anchor:               1235.2208
2025-12-27 22:49:50,814 [INFO]     - Learner:              1236.5032
2025-12-27 22:49:50,814 [INFO]   🔥 GIB Sparsity Loss:     0.6915
2025-12-27 22:49:50,814 [INFO]   🔥 Contrastive Loss:      47.1734
2025-12-27 22:49:50,814 [INFO]   🔥 Prototype Loss:        9.3033
2025-12-27 22:49:50,814 [INFO]     - Spot-to-Prototype:     0.3721
2025-12-27 22:49:50,814 [INFO]     - Compactness:          0.0000
2025-12-27 22:49:50,814 [INFO]     - Dispersion:           0.0000
2025-12-27 22:49:50,814 [INFO]   🔥 Spatial Consistency:    0.0037
2025-12-27 22:49:50,814 [INFO]   GIB Keep Rate:            0.815
2025-12-27 22:49:50,814 [INFO]   GIB Avg Prob:             0.692
2025-12-27 22:49:50,814 [INFO]   Dispersion (θ):           53.660 ± 0.796
2025-12-27 22:49:50,814 [INFO]   Learning Rate:             0.000420
2025-12-27 22:49:51,237 [INFO] 
================================================================================
2025-12-27 22:49:51,237 [INFO] Epoch 80/300 (0.05s)
2025-12-27 22:49:51,237 [INFO] ================================================================================
2025-12-27 22:49:51,237 [INFO]   Total Loss:                1905.2740
2025-12-27 22:49:51,237 [INFO]   Recon Loss (Total):       1849.7170
2025-12-27 22:49:51,237 [INFO]     - Anchor:               1232.7141
2025-12-27 22:49:51,237 [INFO]     - Learner:              1234.0059
2025-12-27 22:49:51,237 [INFO]   🔥 GIB Sparsity Loss:     0.6986
2025-12-27 22:49:51,237 [INFO]   🔥 Contrastive Loss:      46.1676
2025-12-27 22:49:51,237 [INFO]   🔥 Prototype Loss:        9.2809
2025-12-27 22:49:51,237 [INFO]     - Spot-to-Prototype:     0.3712
2025-12-27 22:49:51,237 [INFO]     - Compactness:          0.0000
2025-12-27 22:49:51,238 [INFO]     - Dispersion:           0.0000
2025-12-27 22:49:51,238 [INFO]   🔥 Spatial Consistency:    0.0038
2025-12-27 22:49:51,238 [INFO]   GIB Keep Rate:            0.824
2025-12-27 22:49:51,238 [INFO]   GIB Avg Prob:             0.699
2025-12-27 22:49:51,238 [INFO]   Dispersion (θ):           53.643 ± 0.802
2025-12-27 22:49:51,238 [INFO]   Learning Rate:             0.000418
2025-12-27 22:49:51,614 [INFO] 
================================================================================
2025-12-27 22:49:51,614 [INFO] Epoch 81/300 (0.05s)
2025-12-27 22:49:51,614 [INFO] ================================================================================
2025-12-27 22:49:51,614 [INFO]   Total Loss:                1902.1033
2025-12-27 22:49:51,614 [INFO]   Recon Loss (Total):       1846.8979
2025-12-27 22:49:51,614 [INFO]     - Anchor:               1230.8889
2025-12-27 22:49:51,615 [INFO]     - Learner:              1232.0182
2025-12-27 22:49:51,615 [INFO]   🔥 GIB Sparsity Loss:     0.7057
2025-12-27 22:49:51,615 [INFO]   🔥 Contrastive Loss:      45.8167
2025-12-27 22:49:51,615 [INFO]   🔥 Prototype Loss:        9.2790
2025-12-27 22:49:51,615 [INFO]     - Spot-to-Prototype:     0.3712
2025-12-27 22:49:51,615 [INFO]     - Compactness:          0.0000
2025-12-27 22:49:51,615 [INFO]     - Dispersion:           0.0000
2025-12-27 22:49:51,615 [INFO]   🔥 Spatial Consistency:    0.0037
2025-12-27 22:49:51,615 [INFO]   GIB Keep Rate:            0.836
2025-12-27 22:49:51,615 [INFO]   GIB Avg Prob:             0.706
2025-12-27 22:49:51,615 [INFO]   Dispersion (θ):           53.626 ± 0.809
2025-12-27 22:49:51,615 [INFO]   Learning Rate:             0.000416
2025-12-27 22:49:52,031 [INFO] 
================================================================================
2025-12-27 22:49:52,031 [INFO] Epoch 82/300 (0.05s)
2025-12-27 22:49:52,031 [INFO] ================================================================================
2025-12-27 22:49:52,031 [INFO]   Total Loss:                1898.0903
2025-12-27 22:49:52,031 [INFO]   Recon Loss (Total):       1843.5291
2025-12-27 22:49:52,031 [INFO]     - Anchor:               1228.7869
2025-12-27 22:49:52,031 [INFO]     - Learner:              1229.4843
2025-12-27 22:49:52,031 [INFO]   🔥 GIB Sparsity Loss:     0.7128
2025-12-27 22:49:52,032 [INFO]   🔥 Contrastive Loss:      45.0857
2025-12-27 22:49:52,032 [INFO]   🔥 Prototype Loss:        9.3649
2025-12-27 22:49:52,032 [INFO]     - Spot-to-Prototype:     0.3746
2025-12-27 22:49:52,032 [INFO]     - Compactness:          0.0000
2025-12-27 22:49:52,032 [INFO]     - Dispersion:           0.0000
2025-12-27 22:49:52,032 [INFO]   🔥 Spatial Consistency:    0.0037
2025-12-27 22:49:52,032 [INFO]   GIB Keep Rate:            0.845
2025-12-27 22:49:52,032 [INFO]   GIB Avg Prob:             0.713
2025-12-27 22:49:52,032 [INFO]   Dispersion (θ):           53.609 ± 0.816
2025-12-27 22:49:52,032 [INFO]   Learning Rate:             0.000414
2025-12-27 22:49:52,451 [INFO] 
================================================================================
2025-12-27 22:49:52,452 [INFO] Epoch 83/300 (0.05s)
2025-12-27 22:49:52,452 [INFO] ================================================================================
2025-12-27 22:49:52,452 [INFO]   Total Loss:                1894.7596
2025-12-27 22:49:52,452 [INFO]   Recon Loss (Total):       1840.8209
2025-12-27 22:49:52,452 [INFO]     - Anchor:               1226.9360
2025-12-27 22:49:52,452 [INFO]     - Learner:              1227.7698
2025-12-27 22:49:52,452 [INFO]   🔥 GIB Sparsity Loss:     0.7198
2025-12-27 22:49:52,452 [INFO]   🔥 Contrastive Loss:      44.4796
2025-12-27 22:49:52,452 [INFO]   🔥 Prototype Loss:        9.3475
2025-12-27 22:49:52,452 [INFO]     - Spot-to-Prototype:     0.3739
2025-12-27 22:49:52,452 [INFO]     - Compactness:          0.0000
2025-12-27 22:49:52,452 [INFO]     - Dispersion:           0.0000
2025-12-27 22:49:52,452 [INFO]   🔥 Spatial Consistency:    0.0037
2025-12-27 22:49:52,452 [INFO]   GIB Keep Rate:            0.853
2025-12-27 22:49:52,453 [INFO]   GIB Avg Prob:             0.720
2025-12-27 22:49:52,453 [INFO]   Dispersion (θ):           53.591 ± 0.822
2025-12-27 22:49:52,453 [INFO]   Learning Rate:             0.000412
2025-12-27 22:49:52,876 [INFO] 
================================================================================
2025-12-27 22:49:52,876 [INFO] Epoch 84/300 (0.05s)
2025-12-27 22:49:52,876 [INFO] ================================================================================
2025-12-27 22:49:52,876 [INFO]   Total Loss:                1891.6681
2025-12-27 22:49:52,876 [INFO]   Recon Loss (Total):       1838.3130
2025-12-27 22:49:52,876 [INFO]     - Anchor:               1225.4122
2025-12-27 22:49:52,876 [INFO]     - Learner:              1225.8016
2025-12-27 22:49:52,877 [INFO]   🔥 GIB Sparsity Loss:     0.7272
2025-12-27 22:49:52,877 [INFO]   🔥 Contrastive Loss:      43.6992
2025-12-27 22:49:52,877 [INFO]   🔥 Prototype Loss:        9.5432
2025-12-27 22:49:52,877 [INFO]     - Spot-to-Prototype:     0.3817
2025-12-27 22:49:52,877 [INFO]     - Compactness:          0.0000
2025-12-27 22:49:52,877 [INFO]     - Dispersion:           0.0000
2025-12-27 22:49:52,877 [INFO]   🔥 Spatial Consistency:    0.0036
2025-12-27 22:49:52,877 [INFO]   GIB Keep Rate:            0.865
2025-12-27 22:49:52,877 [INFO]   GIB Avg Prob:             0.727
2025-12-27 22:49:52,877 [INFO]   Dispersion (θ):           53.573 ± 0.829
2025-12-27 22:49:52,877 [INFO]   Learning Rate:             0.000410
2025-12-27 22:49:53,230 [INFO] 
================================================================================
2025-12-27 22:49:53,231 [INFO] Epoch 85/300 (0.05s)
2025-12-27 22:49:53,231 [INFO] ================================================================================
2025-12-27 22:49:53,231 [INFO]   Total Loss:                1888.4808
2025-12-27 22:49:53,231 [INFO]   Recon Loss (Total):       1835.4163
2025-12-27 22:49:53,231 [INFO]     - Anchor:               1223.1221
2025-12-27 22:49:53,231 [INFO]     - Learner:              1224.5884
2025-12-27 22:49:53,231 [INFO]   🔥 GIB Sparsity Loss:     0.7343
2025-12-27 22:49:53,231 [INFO]   🔥 Contrastive Loss:      43.4121
2025-12-27 22:49:53,231 [INFO]   🔥 Prototype Loss:        9.5387
2025-12-27 22:49:53,231 [INFO]     - Spot-to-Prototype:     0.3815
2025-12-27 22:49:53,231 [INFO]     - Compactness:          0.0000
2025-12-27 22:49:53,231 [INFO]     - Dispersion:           0.0000
2025-12-27 22:49:53,231 [INFO]   🔥 Spatial Consistency:    0.0037
2025-12-27 22:49:53,231 [INFO]   GIB Keep Rate:            0.875
2025-12-27 22:49:53,231 [INFO]   GIB Avg Prob:             0.734
2025-12-27 22:49:53,232 [INFO]   Dispersion (θ):           53.555 ± 0.836
2025-12-27 22:49:53,232 [INFO]   Learning Rate:             0.000408
2025-12-27 22:49:53,632 [INFO] 
================================================================================
2025-12-27 22:49:53,632 [INFO] Epoch 86/300 (0.05s)
2025-12-27 22:49:53,632 [INFO] ================================================================================
2025-12-27 22:49:53,632 [INFO]   Total Loss:                1885.3568
2025-12-27 22:49:53,632 [INFO]   Recon Loss (Total):       1832.7407
2025-12-27 22:49:53,632 [INFO]     - Anchor:               1221.6233
2025-12-27 22:49:53,632 [INFO]     - Learner:              1222.2347
2025-12-27 22:49:53,632 [INFO]   🔥 GIB Sparsity Loss:     0.7408
2025-12-27 22:49:53,632 [INFO]   🔥 Contrastive Loss:      42.9264
2025-12-27 22:49:53,632 [INFO]   🔥 Prototype Loss:        9.5749
2025-12-27 22:49:53,632 [INFO]     - Spot-to-Prototype:     0.3830
2025-12-27 22:49:53,632 [INFO]     - Compactness:          0.0000
2025-12-27 22:49:53,633 [INFO]     - Dispersion:           0.0000
2025-12-27 22:49:53,633 [INFO]   🔥 Spatial Consistency:    0.0037
2025-12-27 22:49:53,633 [INFO]   GIB Keep Rate:            0.884
2025-12-27 22:49:53,633 [INFO]   GIB Avg Prob:             0.741
2025-12-27 22:49:53,633 [INFO]   Dispersion (θ):           53.537 ± 0.843
2025-12-27 22:49:53,633 [INFO]   Learning Rate:             0.000406
2025-12-27 22:49:54,051 [INFO] 
================================================================================
2025-12-27 22:49:54,079 [INFO] Epoch 87/300 (0.05s)
2025-12-27 22:49:54,079 [INFO] ================================================================================
2025-12-27 22:49:54,079 [INFO]   Total Loss:                1882.6359
2025-12-27 22:49:54,079 [INFO]   Recon Loss (Total):       1830.2168
2025-12-27 22:49:54,079 [INFO]     - Anchor:               1219.9238
2025-12-27 22:49:54,079 [INFO]     - Learner:              1220.5859
2025-12-27 22:49:54,079 [INFO]   🔥 GIB Sparsity Loss:     0.7477
2025-12-27 22:49:54,079 [INFO]   🔥 Contrastive Loss:      42.6098
2025-12-27 22:49:54,080 [INFO]   🔥 Prototype Loss:        9.6934
2025-12-27 22:49:54,080 [INFO]     - Spot-to-Prototype:     0.3877
2025-12-27 22:49:54,080 [INFO]     - Compactness:          0.0000
2025-12-27 22:49:54,080 [INFO]     - Dispersion:           0.0000
2025-12-27 22:49:54,080 [INFO]   🔥 Spatial Consistency:    0.0037
2025-12-27 22:49:54,080 [INFO]   GIB Keep Rate:            0.891
2025-12-27 22:49:54,080 [INFO]   GIB Avg Prob:             0.748
2025-12-27 22:49:54,080 [INFO]   Dispersion (θ):           53.518 ± 0.850
2025-12-27 22:49:54,080 [INFO]   Learning Rate:             0.000404
2025-12-27 22:49:54,445 [INFO] 
================================================================================
2025-12-27 22:49:54,446 [INFO] Epoch 88/300 (0.05s)
2025-12-27 22:49:54,446 [INFO] ================================================================================
2025-12-27 22:49:54,446 [INFO]   Total Loss:                1879.6990
2025-12-27 22:49:54,446 [INFO]   Recon Loss (Total):       1827.7880
2025-12-27 22:49:54,446 [INFO]     - Anchor:               1218.3208
2025-12-27 22:49:54,446 [INFO]     - Learner:              1218.9343
2025-12-27 22:49:54,446 [INFO]   🔥 GIB Sparsity Loss:     0.7541
2025-12-27 22:49:54,446 [INFO]   🔥 Contrastive Loss:      42.0116
2025-12-27 22:49:54,446 [INFO]   🔥 Prototype Loss:        9.7826
2025-12-27 22:49:54,446 [INFO]     - Spot-to-Prototype:     0.3913
2025-12-27 22:49:54,446 [INFO]     - Compactness:          0.0000
2025-12-27 22:49:54,446 [INFO]     - Dispersion:           0.0000
2025-12-27 22:49:54,446 [INFO]   🔥 Spatial Consistency:    0.0037
2025-12-27 22:49:54,446 [INFO]   GIB Keep Rate:            0.897
2025-12-27 22:49:54,446 [INFO]   GIB Avg Prob:             0.754
2025-12-27 22:49:54,447 [INFO]   Dispersion (θ):           53.499 ± 0.858
2025-12-27 22:49:54,447 [INFO]   Learning Rate:             0.000402
2025-12-27 22:49:54,838 [INFO] 
================================================================================
2025-12-27 22:49:54,838 [INFO] Epoch 89/300 (0.05s)
2025-12-27 22:49:54,839 [INFO] ================================================================================
2025-12-27 22:49:54,839 [INFO]   Total Loss:                1877.1696
2025-12-27 22:49:54,839 [INFO]   Recon Loss (Total):       1825.8539
2025-12-27 22:49:54,839 [INFO]     - Anchor:               1217.1454
2025-12-27 22:49:54,839 [INFO]     - Learner:              1217.4170
2025-12-27 22:49:54,839 [INFO]   🔥 GIB Sparsity Loss:     0.7609
2025-12-27 22:49:54,839 [INFO]   🔥 Contrastive Loss:      41.3409
2025-12-27 22:49:54,839 [INFO]   🔥 Prototype Loss:        9.8570
2025-12-27 22:49:54,839 [INFO]     - Spot-to-Prototype:     0.3943
2025-12-27 22:49:54,839 [INFO]     - Compactness:          0.0000
2025-12-27 22:49:54,839 [INFO]     - Dispersion:           0.0000
2025-12-27 22:49:54,839 [INFO]   🔥 Spatial Consistency:    0.0037
2025-12-27 22:49:54,839 [INFO]   GIB Keep Rate:            0.907
2025-12-27 22:49:54,839 [INFO]   GIB Avg Prob:             0.761
2025-12-27 22:49:54,839 [INFO]   Dispersion (θ):           53.480 ± 0.865
2025-12-27 22:49:54,839 [INFO]   Learning Rate:             0.000400
2025-12-27 22:49:55,302 [INFO] 
================================================================================
2025-12-27 22:49:55,302 [INFO] Epoch 90/300 (0.05s)
2025-12-27 22:49:55,302 [INFO] ================================================================================
2025-12-27 22:49:55,302 [INFO]   Total Loss:                1874.7582
2025-12-27 22:49:55,302 [INFO]   Recon Loss (Total):       1823.7297
2025-12-27 22:49:55,302 [INFO]     - Anchor:               1215.6831
2025-12-27 22:49:55,302 [INFO]     - Learner:              1216.0933
2025-12-27 22:49:55,302 [INFO]   🔥 GIB Sparsity Loss:     0.7668
2025-12-27 22:49:55,302 [INFO]   🔥 Contrastive Loss:      41.0076
2025-12-27 22:49:55,303 [INFO]   🔥 Prototype Loss:        9.9021
2025-12-27 22:49:55,303 [INFO]     - Spot-to-Prototype:     0.3961
2025-12-27 22:49:55,303 [INFO]     - Compactness:          0.0000
2025-12-27 22:49:55,303 [INFO]     - Dispersion:           0.0000
2025-12-27 22:49:55,303 [INFO]   🔥 Spatial Consistency:    0.0038
2025-12-27 22:49:55,303 [INFO]   GIB Keep Rate:            0.914
2025-12-27 22:49:55,303 [INFO]   GIB Avg Prob:             0.767
2025-12-27 22:49:55,303 [INFO]   Dispersion (θ):           53.461 ± 0.873
2025-12-27 22:49:55,303 [INFO]   Learning Rate:             0.000398
2025-12-27 22:49:55,658 [INFO] 
================================================================================
2025-12-27 22:49:55,658 [INFO] Epoch 91/300 (0.05s)
2025-12-27 22:49:55,659 [INFO] ================================================================================
2025-12-27 22:49:55,659 [INFO]   Total Loss:                1872.3534
2025-12-27 22:49:55,659 [INFO]   Recon Loss (Total):       1821.6772
2025-12-27 22:49:55,659 [INFO]     - Anchor:               1214.2023
2025-12-27 22:49:55,659 [INFO]     - Learner:              1214.9498
2025-12-27 22:49:55,659 [INFO]   🔥 GIB Sparsity Loss:     0.7722
2025-12-27 22:49:55,659 [INFO]   🔥 Contrastive Loss:      40.5424
2025-12-27 22:49:55,659 [INFO]   🔥 Prototype Loss:        10.0143
2025-12-27 22:49:55,659 [INFO]     - Spot-to-Prototype:     0.4006
2025-12-27 22:49:55,659 [INFO]     - Compactness:          0.0000
2025-12-27 22:49:55,659 [INFO]     - Dispersion:           0.0000
2025-12-27 22:49:55,659 [INFO]   🔥 Spatial Consistency:    0.0037
2025-12-27 22:49:55,659 [INFO]   GIB Keep Rate:            0.920
2025-12-27 22:49:55,659 [INFO]   GIB Avg Prob:             0.772
2025-12-27 22:49:55,659 [INFO]   Dispersion (θ):           53.442 ± 0.880
2025-12-27 22:49:55,659 [INFO]   Learning Rate:             0.000396
2025-12-27 22:49:56,036 [INFO] 
================================================================================
2025-12-27 22:49:56,036 [INFO] Epoch 92/300 (0.05s)
2025-12-27 22:49:56,036 [INFO] ================================================================================
2025-12-27 22:49:56,036 [INFO]   Total Loss:                1870.3768
2025-12-27 22:49:56,036 [INFO]   Recon Loss (Total):       1819.9735
2025-12-27 22:49:56,036 [INFO]     - Anchor:               1213.3259
2025-12-27 22:49:56,036 [INFO]     - Learner:              1213.2952
2025-12-27 22:49:56,036 [INFO]   🔥 GIB Sparsity Loss:     0.7782
2025-12-27 22:49:56,037 [INFO]   🔥 Contrastive Loss:      40.1847
2025-12-27 22:49:56,037 [INFO]   🔥 Prototype Loss:        10.0983
2025-12-27 22:49:56,037 [INFO]     - Spot-to-Prototype:     0.4039
2025-12-27 22:49:56,037 [INFO]     - Compactness:          0.0000
2025-12-27 22:49:56,037 [INFO]     - Dispersion:           0.0000
2025-12-27 22:49:56,037 [INFO]   🔥 Spatial Consistency:    0.0037
2025-12-27 22:49:56,037 [INFO]   GIB Keep Rate:            0.928
2025-12-27 22:49:56,037 [INFO]   GIB Avg Prob:             0.778
2025-12-27 22:49:56,037 [INFO]   Dispersion (θ):           53.422 ± 0.888
2025-12-27 22:49:56,037 [INFO]   Learning Rate:             0.000394
2025-12-27 22:49:56,435 [INFO] 
================================================================================
2025-12-27 22:49:56,435 [INFO] Epoch 93/300 (0.05s)
2025-12-27 22:49:56,435 [INFO] ================================================================================
2025-12-27 22:49:56,435 [INFO]   Total Loss:                1868.1985
2025-12-27 22:49:56,436 [INFO]   Recon Loss (Total):       1818.2120
2025-12-27 22:49:56,436 [INFO]     - Anchor:               1212.0724
2025-12-27 22:49:56,436 [INFO]     - Learner:              1212.2793
2025-12-27 22:49:56,436 [INFO]   🔥 GIB Sparsity Loss:     0.7838
2025-12-27 22:49:56,436 [INFO]   🔥 Contrastive Loss:      39.6414
2025-12-27 22:49:56,436 [INFO]   🔥 Prototype Loss:        10.2239
2025-12-27 22:49:56,436 [INFO]     - Spot-to-Prototype:     0.4090
2025-12-27 22:49:56,436 [INFO]     - Compactness:          0.0000
2025-12-27 22:49:56,436 [INFO]     - Dispersion:           0.0000
2025-12-27 22:49:56,436 [INFO]   🔥 Spatial Consistency:    0.0036
2025-12-27 22:49:56,436 [INFO]   GIB Keep Rate:            0.934
2025-12-27 22:49:56,436 [INFO]   GIB Avg Prob:             0.784
2025-12-27 22:49:56,436 [INFO]   Dispersion (θ):           53.403 ± 0.895
2025-12-27 22:49:56,436 [INFO]   Learning Rate:             0.000392
2025-12-27 22:49:56,831 [INFO] 
================================================================================
2025-12-27 22:49:56,831 [INFO] Epoch 94/300 (0.05s)
2025-12-27 22:49:56,831 [INFO] ================================================================================
2025-12-27 22:49:56,831 [INFO]   Total Loss:                1866.4060
2025-12-27 22:49:56,831 [INFO]   Recon Loss (Total):       1816.4839
2025-12-27 22:49:56,831 [INFO]     - Anchor:               1210.7421
2025-12-27 22:49:56,831 [INFO]     - Learner:              1211.4838
2025-12-27 22:49:56,831 [INFO]   🔥 GIB Sparsity Loss:     0.7896
2025-12-27 22:49:56,832 [INFO]   🔥 Contrastive Loss:      39.4329
2025-12-27 22:49:56,832 [INFO]   🔥 Prototype Loss:        10.3671
2025-12-27 22:49:56,832 [INFO]     - Spot-to-Prototype:     0.4147
2025-12-27 22:49:56,832 [INFO]     - Compactness:          0.0000
2025-12-27 22:49:56,832 [INFO]     - Dispersion:           0.0000
2025-12-27 22:49:56,832 [INFO]   🔥 Spatial Consistency:    0.0036
2025-12-27 22:49:56,832 [INFO]   GIB Keep Rate:            0.939
2025-12-27 22:49:56,832 [INFO]   GIB Avg Prob:             0.790
2025-12-27 22:49:56,832 [INFO]   Dispersion (θ):           53.383 ± 0.903
2025-12-27 22:49:56,832 [INFO]   Learning Rate:             0.000389
2025-12-27 22:49:57,252 [INFO] 
================================================================================
2025-12-27 22:49:57,252 [INFO] Epoch 95/300 (0.05s)
2025-12-27 22:49:57,252 [INFO] ================================================================================
2025-12-27 22:49:57,253 [INFO]   Total Loss:                1864.6833
2025-12-27 22:49:57,253 [INFO]   Recon Loss (Total):       1814.7267
2025-12-27 22:49:57,253 [INFO]     - Anchor:               1209.9207
2025-12-27 22:49:57,253 [INFO]     - Learner:              1209.6121
2025-12-27 22:49:57,253 [INFO]   🔥 GIB Sparsity Loss:     0.7949
2025-12-27 22:49:57,253 [INFO]   🔥 Contrastive Loss:      39.3437
2025-12-27 22:49:57,253 [INFO]   🔥 Prototype Loss:        10.4900
2025-12-27 22:49:57,253 [INFO]     - Spot-to-Prototype:     0.4196
2025-12-27 22:49:57,253 [INFO]     - Compactness:          0.0000
2025-12-27 22:49:57,253 [INFO]     - Dispersion:           0.0000
2025-12-27 22:49:57,253 [INFO]   🔥 Spatial Consistency:    0.0036
2025-12-27 22:49:57,253 [INFO]   GIB Keep Rate:            0.945
2025-12-27 22:49:57,253 [INFO]   GIB Avg Prob:             0.795
2025-12-27 22:49:57,253 [INFO]   Dispersion (θ):           53.363 ± 0.911
2025-12-27 22:49:57,253 [INFO]   Learning Rate:             0.000387
2025-12-27 22:49:57,695 [INFO] 
================================================================================
2025-12-27 22:49:57,695 [INFO] Epoch 96/300 (0.05s)
2025-12-27 22:49:57,696 [INFO] ================================================================================
2025-12-27 22:49:57,696 [INFO]   Total Loss:                1862.6241
2025-12-27 22:49:57,696 [INFO]   Recon Loss (Total):       1813.1511
2025-12-27 22:49:57,696 [INFO]     - Anchor:               1208.7245
2025-12-27 22:49:57,696 [INFO]     - Learner:              1208.8531
2025-12-27 22:49:57,696 [INFO]   🔥 GIB Sparsity Loss:     0.7997
2025-12-27 22:49:57,696 [INFO]   🔥 Contrastive Loss:      38.7716
2025-12-27 22:49:57,696 [INFO]   🔥 Prototype Loss:        10.5778
2025-12-27 22:49:57,696 [INFO]     - Spot-to-Prototype:     0.4231
2025-12-27 22:49:57,696 [INFO]     - Compactness:          0.0000
2025-12-27 22:49:57,696 [INFO]     - Dispersion:           0.0000
2025-12-27 22:49:57,696 [INFO]   🔥 Spatial Consistency:    0.0037
2025-12-27 22:49:57,696 [INFO]   GIB Keep Rate:            0.950
2025-12-27 22:49:57,696 [INFO]   GIB Avg Prob:             0.800
2025-12-27 22:49:57,696 [INFO]   Dispersion (θ):           53.343 ± 0.919
2025-12-27 22:49:57,696 [INFO]   Learning Rate:             0.000385
2025-12-27 22:49:58,174 [INFO] 
================================================================================
2025-12-27 22:49:58,174 [INFO] Epoch 97/300 (0.06s)
2025-12-27 22:49:58,174 [INFO] ================================================================================
2025-12-27 22:49:58,174 [INFO]   Total Loss:                1866.5376
2025-12-27 22:49:58,174 [INFO]   Recon Loss (Total):       1813.7961
2025-12-27 22:49:58,174 [INFO]     - Anchor:               1207.7500
2025-12-27 22:49:58,174 [INFO]     - Learner:              1212.0922
2025-12-27 22:49:58,174 [INFO]   🔥 GIB Sparsity Loss:     0.8047
2025-12-27 22:49:58,174 [INFO]   🔥 Contrastive Loss:      41.9086
2025-12-27 22:49:58,174 [INFO]   🔥 Prototype Loss:        10.7085
2025-12-27 22:49:58,174 [INFO]     - Spot-to-Prototype:     0.4283
2025-12-27 22:49:58,174 [INFO]     - Compactness:          0.0000
2025-12-27 22:49:58,174 [INFO]     - Dispersion:           0.0000
2025-12-27 22:49:58,174 [INFO]   🔥 Spatial Consistency:    0.0037
2025-12-27 22:49:58,174 [INFO]   GIB Keep Rate:            0.953
2025-12-27 22:49:58,175 [INFO]   GIB Avg Prob:             0.805
2025-12-27 22:49:58,175 [INFO]   Dispersion (θ):           53.323 ± 0.926
2025-12-27 22:49:58,175 [INFO]   Learning Rate:             0.000383
2025-12-27 22:49:58,213 [INFO] 
================================================================================
2025-12-27 22:49:58,213 [INFO] Epoch 98/300 (0.04s)
2025-12-27 22:49:58,213 [INFO] ================================================================================
2025-12-27 22:49:58,213 [INFO]   Total Loss:                1865.1713
2025-12-27 22:49:58,213 [INFO]   Recon Loss (Total):       1812.3694
2025-12-27 22:49:58,213 [INFO]     - Anchor:               1206.6582
2025-12-27 22:49:58,213 [INFO]     - Learner:              1211.4225
2025-12-27 22:49:58,213 [INFO]   🔥 GIB Sparsity Loss:     0.8081
2025-12-27 22:49:58,213 [INFO]   🔥 Contrastive Loss:      41.8031
2025-12-27 22:49:58,214 [INFO]   🔥 Prototype Loss:        10.8739
2025-12-27 22:49:58,214 [INFO]     - Spot-to-Prototype:     0.4350
2025-12-27 22:49:58,214 [INFO]     - Compactness:          0.0000
2025-12-27 22:49:58,214 [INFO]     - Dispersion:           0.0000
2025-12-27 22:49:58,214 [INFO]   🔥 Spatial Consistency:    0.0036
2025-12-27 22:49:58,214 [INFO]   GIB Keep Rate:            0.956
2025-12-27 22:49:58,214 [INFO]   GIB Avg Prob:             0.808
2025-12-27 22:49:58,214 [INFO]   Dispersion (θ):           53.303 ± 0.934
2025-12-27 22:49:58,214 [INFO]   Learning Rate:             0.000381
2025-12-27 22:49:58,252 [INFO] 
================================================================================
2025-12-27 22:49:58,252 [INFO] Epoch 99/300 (0.04s)
2025-12-27 22:49:58,252 [INFO] ================================================================================
2025-12-27 22:49:58,252 [INFO]   Total Loss:                1863.3964
2025-12-27 22:49:58,252 [INFO]   Recon Loss (Total):       1810.6221
2025-12-27 22:49:58,252 [INFO]     - Anchor:               1205.7379
2025-12-27 22:49:58,252 [INFO]     - Learner:              1209.7684
2025-12-27 22:49:58,252 [INFO]   🔥 GIB Sparsity Loss:     0.8106
2025-12-27 22:49:58,252 [INFO]   🔥 Contrastive Loss:      41.6314
2025-12-27 22:49:58,252 [INFO]   🔥 Prototype Loss:        11.0177
2025-12-27 22:49:58,252 [INFO]     - Spot-to-Prototype:     0.4407
2025-12-27 22:49:58,252 [INFO]     - Compactness:          0.0000
2025-12-27 22:49:58,252 [INFO]     - Dispersion:           0.0000
2025-12-27 22:49:58,252 [INFO]   🔥 Spatial Consistency:    0.0036
2025-12-27 22:49:58,252 [INFO]   GIB Keep Rate:            0.959
2025-12-27 22:49:58,253 [INFO]   GIB Avg Prob:             0.811
2025-12-27 22:49:58,253 [INFO]   Dispersion (θ):           53.283 ± 0.942
2025-12-27 22:49:58,253 [INFO]   Learning Rate:             0.000378
2025-12-27 22:49:58,291 [INFO] 
================================================================================
2025-12-27 22:49:58,291 [INFO] Epoch 100/300 (0.04s)
2025-12-27 22:49:58,291 [INFO] ================================================================================
2025-12-27 22:49:58,291 [INFO]   Total Loss:                1861.6434
2025-12-27 22:49:58,291 [INFO]   Recon Loss (Total):       1809.1927
2025-12-27 22:49:58,291 [INFO]     - Anchor:               1205.0063
2025-12-27 22:49:58,291 [INFO]     - Learner:              1208.3728
2025-12-27 22:49:58,291 [INFO]   🔥 GIB Sparsity Loss:     0.8117
2025-12-27 22:49:58,291 [INFO]   🔥 Contrastive Loss:      41.1286
2025-12-27 22:49:58,291 [INFO]   🔥 Prototype Loss:        11.1971
2025-12-27 22:49:58,291 [INFO]     - Spot-to-Prototype:     0.4479
2025-12-27 22:49:58,291 [INFO]     - Compactness:          0.0000
2025-12-27 22:49:58,291 [INFO]     - Dispersion:           0.0000
2025-12-27 22:49:58,291 [INFO]   🔥 Spatial Consistency:    0.0035
2025-12-27 22:49:58,291 [INFO]   GIB Keep Rate:            0.959
2025-12-27 22:49:58,291 [INFO]   GIB Avg Prob:             0.812
2025-12-27 22:49:58,291 [INFO]   Dispersion (θ):           53.263 ± 0.950
2025-12-27 22:49:58,291 [INFO]   Learning Rate:             0.000376
2025-12-27 22:49:58,652 [INFO] 
================================================================================
2025-12-27 22:49:58,652 [INFO] Epoch 101/300 (0.05s)
2025-12-27 22:49:58,652 [INFO] ================================================================================
2025-12-27 22:49:58,652 [INFO]   Total Loss:                1860.3860
2025-12-27 22:49:58,652 [INFO]   Recon Loss (Total):       1808.0472
2025-12-27 22:49:58,652 [INFO]     - Anchor:               1204.0469
2025-12-27 22:49:58,652 [INFO]     - Learner:              1208.0007
2025-12-27 22:49:58,652 [INFO]   🔥 GIB Sparsity Loss:     0.8115
2025-12-27 22:49:58,652 [INFO]   🔥 Contrastive Loss:      40.8965
2025-12-27 22:49:58,652 [INFO]   🔥 Prototype Loss:        11.3170
2025-12-27 22:49:58,652 [INFO]     - Spot-to-Prototype:     0.4527
2025-12-27 22:49:58,652 [INFO]     - Compactness:          0.0000
2025-12-27 22:49:58,652 [INFO]     - Dispersion:           0.0000
2025-12-27 22:49:58,652 [INFO]   🔥 Spatial Consistency:    0.0036
2025-12-27 22:49:58,652 [INFO]   GIB Keep Rate:            0.958
2025-12-27 22:49:58,652 [INFO]   GIB Avg Prob:             0.812
2025-12-27 22:49:58,652 [INFO]   Dispersion (θ):           53.243 ± 0.958
2025-12-27 22:49:58,652 [INFO]   Learning Rate:             0.000374
2025-12-27 22:49:59,042 [INFO] 
================================================================================
2025-12-27 22:49:59,092 [INFO] Epoch 102/300 (0.05s)
2025-12-27 22:49:59,092 [INFO] ================================================================================
2025-12-27 22:49:59,092 [INFO]   Total Loss:                1859.7494
2025-12-27 22:49:59,092 [INFO]   Recon Loss (Total):       1807.2504
2025-12-27 22:49:59,092 [INFO]     - Anchor:               1203.5057
2025-12-27 22:49:59,093 [INFO]     - Learner:              1207.4893
2025-12-27 22:49:59,093 [INFO]   🔥 GIB Sparsity Loss:     0.8115
2025-12-27 22:49:59,093 [INFO]   🔥 Contrastive Loss:      40.8653
2025-12-27 22:49:59,093 [INFO]   🔥 Prototype Loss:        11.5084
2025-12-27 22:49:59,093 [INFO]     - Spot-to-Prototype:     0.4603
2025-12-27 22:49:59,093 [INFO]     - Compactness:          0.0000
2025-12-27 22:49:59,093 [INFO]     - Dispersion:           0.0000
2025-12-27 22:49:59,093 [INFO]   🔥 Spatial Consistency:    0.0035
2025-12-27 22:49:59,093 [INFO]   GIB Keep Rate:            0.956
2025-12-27 22:49:59,094 [INFO]   GIB Avg Prob:             0.811
2025-12-27 22:49:59,094 [INFO]   Dispersion (θ):           53.223 ± 0.966
2025-12-27 22:49:59,094 [INFO]   Learning Rate:             0.000372
2025-12-27 22:49:59,466 [INFO] 
================================================================================
2025-12-27 22:49:59,466 [INFO] Epoch 103/300 (0.05s)
2025-12-27 22:49:59,466 [INFO] ================================================================================
2025-12-27 22:49:59,467 [INFO]   Total Loss:                1858.0176
2025-12-27 22:49:59,467 [INFO]   Recon Loss (Total):       1805.9050
2025-12-27 22:49:59,467 [INFO]     - Anchor:               1202.6064
2025-12-27 22:49:59,467 [INFO]     - Learner:              1206.5973
2025-12-27 22:49:59,467 [INFO]   🔥 GIB Sparsity Loss:     0.8104
2025-12-27 22:49:59,467 [INFO]   🔥 Contrastive Loss:      40.3670
2025-12-27 22:49:59,467 [INFO]   🔥 Prototype Loss:        11.6202
2025-12-27 22:49:59,467 [INFO]     - Spot-to-Prototype:     0.4648
2025-12-27 22:49:59,467 [INFO]     - Compactness:          0.0000
2025-12-27 22:49:59,467 [INFO]     - Dispersion:           0.0000
2025-12-27 22:49:59,467 [INFO]   🔥 Spatial Consistency:    0.0036
2025-12-27 22:49:59,467 [INFO]   GIB Keep Rate:            0.954
2025-12-27 22:49:59,467 [INFO]   GIB Avg Prob:             0.810
2025-12-27 22:49:59,467 [INFO]   Dispersion (θ):           53.203 ± 0.973
2025-12-27 22:49:59,467 [INFO]   Learning Rate:             0.000369
2025-12-27 22:49:59,860 [INFO] 
================================================================================
2025-12-27 22:49:59,860 [INFO] Epoch 104/300 (0.05s)
2025-12-27 22:49:59,860 [INFO] ================================================================================
2025-12-27 22:49:59,860 [INFO]   Total Loss:                1856.9374
2025-12-27 22:49:59,860 [INFO]   Recon Loss (Total):       1805.0249
2025-12-27 22:49:59,860 [INFO]     - Anchor:               1202.2101
2025-12-27 22:49:59,860 [INFO]     - Learner:              1205.6296
2025-12-27 22:49:59,860 [INFO]   🔥 GIB Sparsity Loss:     0.8088
2025-12-27 22:49:59,860 [INFO]   🔥 Contrastive Loss:      39.9874
2025-12-27 22:49:59,860 [INFO]   🔥 Prototype Loss:        11.8002
2025-12-27 22:49:59,860 [INFO]     - Spot-to-Prototype:     0.4720
2025-12-27 22:49:59,860 [INFO]     - Compactness:          0.0000
2025-12-27 22:49:59,861 [INFO]     - Dispersion:           0.0000
2025-12-27 22:49:59,861 [INFO]   🔥 Spatial Consistency:    0.0035
2025-12-27 22:49:59,861 [INFO]   GIB Keep Rate:            0.952
2025-12-27 22:49:59,861 [INFO]   GIB Avg Prob:             0.809
2025-12-27 22:49:59,861 [INFO]   Dispersion (θ):           53.183 ± 0.981
2025-12-27 22:49:59,861 [INFO]   Learning Rate:             0.000367
2025-12-27 22:50:00,264 [INFO] 
================================================================================
2025-12-27 22:50:00,264 [INFO] Epoch 105/300 (0.05s)
2025-12-27 22:50:00,264 [INFO] ================================================================================
2025-12-27 22:50:00,264 [INFO]   Total Loss:                1855.5555
2025-12-27 22:50:00,264 [INFO]   Recon Loss (Total):       1803.5569
2025-12-27 22:50:00,264 [INFO]     - Anchor:               1201.2863
2025-12-27 22:50:00,264 [INFO]     - Learner:              1204.5411
2025-12-27 22:50:00,264 [INFO]   🔥 GIB Sparsity Loss:     0.8063
2025-12-27 22:50:00,264 [INFO]   🔥 Contrastive Loss:      39.9286
2025-12-27 22:50:00,264 [INFO]   🔥 Prototype Loss:        11.9455
2025-12-27 22:50:00,264 [INFO]     - Spot-to-Prototype:     0.4778
2025-12-27 22:50:00,264 [INFO]     - Compactness:          0.0000
2025-12-27 22:50:00,264 [INFO]     - Dispersion:           0.0000
2025-12-27 22:50:00,264 [INFO]   🔥 Spatial Consistency:    0.0035
2025-12-27 22:50:00,265 [INFO]   GIB Keep Rate:            0.948
2025-12-27 22:50:00,265 [INFO]   GIB Avg Prob:             0.806
2025-12-27 22:50:00,265 [INFO]   Dispersion (θ):           53.163 ± 0.989
2025-12-27 22:50:00,265 [INFO]   Learning Rate:             0.000365
2025-12-27 22:50:00,704 [INFO] 
================================================================================
2025-12-27 22:50:00,704 [INFO] Epoch 106/300 (0.05s)
2025-12-27 22:50:00,704 [INFO] ================================================================================
2025-12-27 22:50:00,704 [INFO]   Total Loss:                1854.9888
2025-12-27 22:50:00,704 [INFO]   Recon Loss (Total):       1802.8271
2025-12-27 22:50:00,704 [INFO]     - Anchor:               1200.7709
2025-12-27 22:50:00,704 [INFO]     - Learner:              1204.1124
2025-12-27 22:50:00,704 [INFO]   🔥 GIB Sparsity Loss:     0.8043
2025-12-27 22:50:00,705 [INFO]   🔥 Contrastive Loss:      39.9513
2025-12-27 22:50:00,705 [INFO]   🔥 Prototype Loss:        12.0862
2025-12-27 22:50:00,705 [INFO]     - Spot-to-Prototype:     0.4834
2025-12-27 22:50:00,705 [INFO]     - Compactness:          0.0000
2025-12-27 22:50:00,705 [INFO]     - Dispersion:           0.0000
2025-12-27 22:50:00,705 [INFO]   🔥 Spatial Consistency:    0.0035
2025-12-27 22:50:00,705 [INFO]   GIB Keep Rate:            0.944
2025-12-27 22:50:00,705 [INFO]   GIB Avg Prob:             0.804
2025-12-27 22:50:00,705 [INFO]   Dispersion (θ):           53.143 ± 0.997
2025-12-27 22:50:00,705 [INFO]   Learning Rate:             0.000363
2025-12-27 22:50:01,076 [INFO] 
================================================================================
2025-12-27 22:50:01,076 [INFO] Epoch 107/300 (0.05s)
2025-12-27 22:50:01,076 [INFO] ================================================================================
2025-12-27 22:50:01,076 [INFO]   Total Loss:                1853.4667
2025-12-27 22:50:01,076 [INFO]   Recon Loss (Total):       1801.6069
2025-12-27 22:50:01,076 [INFO]     - Anchor:               1200.0468
2025-12-27 22:50:01,076 [INFO]     - Learner:              1203.1202
2025-12-27 22:50:01,076 [INFO]   🔥 GIB Sparsity Loss:     0.8017
2025-12-27 22:50:01,077 [INFO]   🔥 Contrastive Loss:      39.4467
2025-12-27 22:50:01,077 [INFO]   🔥 Prototype Loss:        12.2891
2025-12-27 22:50:01,077 [INFO]     - Spot-to-Prototype:     0.4916
2025-12-27 22:50:01,077 [INFO]     - Compactness:          0.0000
2025-12-27 22:50:01,077 [INFO]     - Dispersion:           0.0000
2025-12-27 22:50:01,077 [INFO]   🔥 Spatial Consistency:    0.0036
2025-12-27 22:50:01,077 [INFO]   GIB Keep Rate:            0.939
2025-12-27 22:50:01,077 [INFO]   GIB Avg Prob:             0.802
2025-12-27 22:50:01,077 [INFO]   Dispersion (θ):           53.123 ± 1.004
2025-12-27 22:50:01,077 [INFO]   Learning Rate:             0.000360
2025-12-27 22:50:01,469 [INFO] 
================================================================================
2025-12-27 22:50:01,469 [INFO] Epoch 108/300 (0.05s)
2025-12-27 22:50:01,470 [INFO] ================================================================================
2025-12-27 22:50:01,470 [INFO]   Total Loss:                1848.6382
2025-12-27 22:50:01,470 [INFO]   Recon Loss (Total):       1799.6597
2025-12-27 22:50:01,470 [INFO]     - Anchor:               1199.6670
2025-12-27 22:50:01,470 [INFO]     - Learner:              1199.9854
2025-12-27 22:50:01,470 [INFO]   🔥 GIB Sparsity Loss:     0.7992
2025-12-27 22:50:01,470 [INFO]   🔥 Contrastive Loss:      36.4343
2025-12-27 22:50:01,470 [INFO]   🔥 Prototype Loss:        12.4209
2025-12-27 22:50:01,470 [INFO]     - Spot-to-Prototype:     0.4968
2025-12-27 22:50:01,470 [INFO]     - Compactness:          0.0000
2025-12-27 22:50:01,470 [INFO]     - Dispersion:           0.0000
2025-12-27 22:50:01,470 [INFO]   🔥 Spatial Consistency:    0.0034
2025-12-27 22:50:01,470 [INFO]   GIB Keep Rate:            0.935
2025-12-27 22:50:01,470 [INFO]   GIB Avg Prob:             0.799
2025-12-27 22:50:01,470 [INFO]   Dispersion (θ):           53.103 ± 1.012
2025-12-27 22:50:01,470 [INFO]   Learning Rate:             0.000358
2025-12-27 22:50:01,811 [INFO] 
================================================================================
2025-12-27 22:50:01,812 [INFO] Epoch 109/300 (0.05s)
2025-12-27 22:50:01,812 [INFO] ================================================================================
2025-12-27 22:50:01,812 [INFO]   Total Loss:                1847.9172
2025-12-27 22:50:01,812 [INFO]   Recon Loss (Total):       1798.8159
2025-12-27 22:50:01,812 [INFO]     - Anchor:               1199.0052
2025-12-27 22:50:01,812 [INFO]     - Learner:              1199.6212
2025-12-27 22:50:01,812 [INFO]   🔥 GIB Sparsity Loss:     0.7978
2025-12-27 22:50:01,812 [INFO]   🔥 Contrastive Loss:      36.3281
2025-12-27 22:50:01,812 [INFO]   🔥 Prototype Loss:        12.6501
2025-12-27 22:50:01,812 [INFO]     - Spot-to-Prototype:     0.5060
2025-12-27 22:50:01,812 [INFO]     - Compactness:          0.0000
2025-12-27 22:50:01,812 [INFO]     - Dispersion:           0.0000
2025-12-27 22:50:01,812 [INFO]   🔥 Spatial Consistency:    0.0034
2025-12-27 22:50:01,812 [INFO]   GIB Keep Rate:            0.931
2025-12-27 22:50:01,812 [INFO]   GIB Avg Prob:             0.798
2025-12-27 22:50:01,812 [INFO]   Dispersion (θ):           53.084 ± 1.020
2025-12-27 22:50:01,812 [INFO]   Learning Rate:             0.000356
2025-12-27 22:50:02,224 [INFO] 
================================================================================
2025-12-27 22:50:02,224 [INFO] Epoch 110/300 (0.05s)
2025-12-27 22:50:02,224 [INFO] ================================================================================
2025-12-27 22:50:02,225 [INFO]   Total Loss:                1846.5952
2025-12-27 22:50:02,225 [INFO]   Recon Loss (Total):       1797.6687
2025-12-27 22:50:02,225 [INFO]     - Anchor:               1198.2532
2025-12-27 22:50:02,225 [INFO]     - Learner:              1198.8311
2025-12-27 22:50:02,225 [INFO]   🔥 GIB Sparsity Loss:     0.7969
2025-12-27 22:50:02,225 [INFO]   🔥 Contrastive Loss:      35.9614
2025-12-27 22:50:02,225 [INFO]   🔥 Prototype Loss:        12.8421
2025-12-27 22:50:02,225 [INFO]     - Spot-to-Prototype:     0.5137
2025-12-27 22:50:02,225 [INFO]     - Compactness:          0.0000
2025-12-27 22:50:02,225 [INFO]     - Dispersion:           0.0000
2025-12-27 22:50:02,225 [INFO]   🔥 Spatial Consistency:    0.0035
2025-12-27 22:50:02,225 [INFO]   GIB Keep Rate:            0.928
2025-12-27 22:50:02,225 [INFO]   GIB Avg Prob:             0.797
2025-12-27 22:50:02,225 [INFO]   Dispersion (θ):           53.064 ± 1.027
2025-12-27 22:50:02,225 [INFO]   Learning Rate:             0.000353
2025-12-27 22:50:02,612 [INFO] 
================================================================================
2025-12-27 22:50:02,612 [INFO] Epoch 111/300 (0.05s)
2025-12-27 22:50:02,612 [INFO] ================================================================================
2025-12-27 22:50:02,612 [INFO]   Total Loss:                1846.1106
2025-12-27 22:50:02,612 [INFO]   Recon Loss (Total):       1797.2195
2025-12-27 22:50:02,612 [INFO]     - Anchor:               1197.8646
2025-12-27 22:50:02,613 [INFO]     - Learner:              1198.7097
2025-12-27 22:50:02,613 [INFO]   🔥 GIB Sparsity Loss:     0.7962
2025-12-27 22:50:02,613 [INFO]   🔥 Contrastive Loss:      35.7976
2025-12-27 22:50:02,613 [INFO]   🔥 Prototype Loss:        12.9706
2025-12-27 22:50:02,613 [INFO]     - Spot-to-Prototype:     0.5188
2025-12-27 22:50:02,613 [INFO]     - Compactness:          0.0000
2025-12-27 22:50:02,613 [INFO]     - Dispersion:           0.0000
2025-12-27 22:50:02,613 [INFO]   🔥 Spatial Consistency:    0.0035
2025-12-27 22:50:02,613 [INFO]   GIB Keep Rate:            0.925
2025-12-27 22:50:02,613 [INFO]   GIB Avg Prob:             0.796
2025-12-27 22:50:02,613 [INFO]   Dispersion (θ):           53.045 ± 1.035
2025-12-27 22:50:02,613 [INFO]   Learning Rate:             0.000351
2025-12-27 22:50:03,013 [INFO] 
================================================================================
2025-12-27 22:50:03,013 [INFO] Epoch 112/300 (0.05s)
2025-12-27 22:50:03,013 [INFO] ================================================================================
2025-12-27 22:50:03,013 [INFO]   Total Loss:                1845.0403
2025-12-27 22:50:03,013 [INFO]   Recon Loss (Total):       1796.2653
2025-12-27 22:50:03,013 [INFO]     - Anchor:               1197.3253
2025-12-27 22:50:03,013 [INFO]     - Learner:              1197.8799
2025-12-27 22:50:03,013 [INFO]   🔥 GIB Sparsity Loss:     0.7964
2025-12-27 22:50:03,013 [INFO]   🔥 Contrastive Loss:      35.5130
2025-12-27 22:50:03,013 [INFO]   🔥 Prototype Loss:        13.1390
2025-12-27 22:50:03,013 [INFO]     - Spot-to-Prototype:     0.5256
2025-12-27 22:50:03,013 [INFO]     - Compactness:          0.0000
2025-12-27 22:50:03,013 [INFO]     - Dispersion:           0.0000
2025-12-27 22:50:03,014 [INFO]   🔥 Spatial Consistency:    0.0034
2025-12-27 22:50:03,014 [INFO]   GIB Keep Rate:            0.925
2025-12-27 22:50:03,014 [INFO]   GIB Avg Prob:             0.796
2025-12-27 22:50:03,014 [INFO]   Dispersion (θ):           53.026 ± 1.042
2025-12-27 22:50:03,014 [INFO]   Learning Rate:             0.000348
2025-12-27 22:50:03,376 [INFO] 
================================================================================
2025-12-27 22:50:03,376 [INFO] Epoch 113/300 (0.05s)
2025-12-27 22:50:03,376 [INFO] ================================================================================
2025-12-27 22:50:03,376 [INFO]   Total Loss:                1845.0415
2025-12-27 22:50:03,376 [INFO]   Recon Loss (Total):       1796.1713
2025-12-27 22:50:03,376 [INFO]     - Anchor:               1197.3474
2025-12-27 22:50:03,376 [INFO]     - Learner:              1197.6477
2025-12-27 22:50:03,376 [INFO]   🔥 GIB Sparsity Loss:     0.7967
2025-12-27 22:50:03,376 [INFO]   🔥 Contrastive Loss:      35.3660
2025-12-27 22:50:03,376 [INFO]   🔥 Prototype Loss:        13.3815
2025-12-27 22:50:03,376 [INFO]     - Spot-to-Prototype:     0.5353
2025-12-27 22:50:03,377 [INFO]     - Compactness:          0.0000
2025-12-27 22:50:03,377 [INFO]     - Dispersion:           0.0000
2025-12-27 22:50:03,377 [INFO]   🔥 Spatial Consistency:    0.0033
2025-12-27 22:50:03,377 [INFO]   GIB Keep Rate:            0.923
2025-12-27 22:50:03,377 [INFO]   GIB Avg Prob:             0.797
2025-12-27 22:50:03,377 [INFO]   Dispersion (θ):           53.007 ± 1.050
2025-12-27 22:50:03,377 [INFO]   Learning Rate:             0.000346
2025-12-27 22:50:03,415 [INFO] 
================================================================================
2025-12-27 22:50:03,415 [INFO] Epoch 114/300 (0.04s)
2025-12-27 22:50:03,416 [INFO] ================================================================================
2025-12-27 22:50:03,416 [INFO]   Total Loss:                1843.9209
2025-12-27 22:50:03,416 [INFO]   Recon Loss (Total):       1795.1772
2025-12-27 22:50:03,416 [INFO]     - Anchor:               1196.6133
2025-12-27 22:50:03,416 [INFO]     - Learner:              1197.1278
2025-12-27 22:50:03,416 [INFO]   🔥 GIB Sparsity Loss:     0.7973
2025-12-27 22:50:03,416 [INFO]   🔥 Contrastive Loss:      35.0585
2025-12-27 22:50:03,416 [INFO]   🔥 Prototype Loss:        13.5622
2025-12-27 22:50:03,416 [INFO]     - Spot-to-Prototype:     0.5425
2025-12-27 22:50:03,416 [INFO]     - Compactness:          0.0000
2025-12-27 22:50:03,416 [INFO]     - Dispersion:           0.0000
2025-12-27 22:50:03,416 [INFO]   🔥 Spatial Consistency:    0.0033
2025-12-27 22:50:03,416 [INFO]   GIB Keep Rate:            0.923
2025-12-27 22:50:03,416 [INFO]   GIB Avg Prob:             0.797
2025-12-27 22:50:03,416 [INFO]   Dispersion (θ):           52.987 ± 1.057
2025-12-27 22:50:03,416 [INFO]   Learning Rate:             0.000344
2025-12-27 22:50:03,764 [INFO] 
================================================================================
2025-12-27 22:50:03,764 [INFO] Epoch 115/300 (0.05s)
2025-12-27 22:50:03,764 [INFO] ================================================================================
2025-12-27 22:50:03,764 [INFO]   Total Loss:                1843.5853
2025-12-27 22:50:03,765 [INFO]   Recon Loss (Total):       1794.6619
2025-12-27 22:50:03,765 [INFO]     - Anchor:               1196.1483
2025-12-27 22:50:03,765 [INFO]     - Learner:              1197.0270
2025-12-27 22:50:03,765 [INFO]   🔥 GIB Sparsity Loss:     0.7975
2025-12-27 22:50:03,765 [INFO]   🔥 Contrastive Loss:      35.0142
2025-12-27 22:50:03,765 [INFO]   🔥 Prototype Loss:        13.7863
2025-12-27 22:50:03,765 [INFO]     - Spot-to-Prototype:     0.5515
2025-12-27 22:50:03,765 [INFO]     - Compactness:          0.0000
2025-12-27 22:50:03,765 [INFO]     - Dispersion:           0.0000
2025-12-27 22:50:03,765 [INFO]   🔥 Spatial Consistency:    0.0033
2025-12-27 22:50:03,765 [INFO]   GIB Keep Rate:            0.922
2025-12-27 22:50:03,765 [INFO]   GIB Avg Prob:             0.797
2025-12-27 22:50:03,765 [INFO]   Dispersion (θ):           52.968 ± 1.065
2025-12-27 22:50:03,765 [INFO]   Learning Rate:             0.000341
2025-12-27 22:50:04,176 [INFO] 
================================================================================
2025-12-27 22:50:04,176 [INFO] Epoch 116/300 (0.05s)
2025-12-27 22:50:04,176 [INFO] ================================================================================
2025-12-27 22:50:04,176 [INFO]   Total Loss:                1842.8143
2025-12-27 22:50:04,176 [INFO]   Recon Loss (Total):       1794.0203
2025-12-27 22:50:04,176 [INFO]     - Anchor:               1195.8307
2025-12-27 22:50:04,177 [INFO]     - Learner:              1196.3793
2025-12-27 22:50:04,177 [INFO]   🔥 GIB Sparsity Loss:     0.7982
2025-12-27 22:50:04,177 [INFO]   🔥 Contrastive Loss:      34.6945
2025-12-27 22:50:04,177 [INFO]   🔥 Prototype Loss:        13.9765
2025-12-27 22:50:04,177 [INFO]     - Spot-to-Prototype:     0.5591
2025-12-27 22:50:04,177 [INFO]     - Compactness:          0.0000
2025-12-27 22:50:04,177 [INFO]     - Dispersion:           0.0000
2025-12-27 22:50:04,177 [INFO]   🔥 Spatial Consistency:    0.0034
2025-12-27 22:50:04,177 [INFO]   GIB Keep Rate:            0.922
2025-12-27 22:50:04,177 [INFO]   GIB Avg Prob:             0.798
2025-12-27 22:50:04,177 [INFO]   Dispersion (θ):           52.950 ± 1.072
2025-12-27 22:50:04,177 [INFO]   Learning Rate:             0.000339
2025-12-27 22:50:04,564 [INFO] 
================================================================================
2025-12-27 22:50:04,565 [INFO] Epoch 117/300 (0.05s)
2025-12-27 22:50:04,565 [INFO] ================================================================================
2025-12-27 22:50:04,565 [INFO]   Total Loss:                1842.1801
2025-12-27 22:50:04,565 [INFO]   Recon Loss (Total):       1793.3287
2025-12-27 22:50:04,565 [INFO]     - Anchor:               1195.3793
2025-12-27 22:50:04,565 [INFO]     - Learner:              1195.8989
2025-12-27 22:50:04,565 [INFO]   🔥 GIB Sparsity Loss:     0.7998
2025-12-27 22:50:04,565 [INFO]   🔥 Contrastive Loss:      34.5709
2025-12-27 22:50:04,565 [INFO]   🔥 Prototype Loss:        14.1573
2025-12-27 22:50:04,565 [INFO]     - Spot-to-Prototype:     0.5663
2025-12-27 22:50:04,565 [INFO]     - Compactness:          0.0000
2025-12-27 22:50:04,565 [INFO]     - Dispersion:           0.0000
2025-12-27 22:50:04,565 [INFO]   🔥 Spatial Consistency:    0.0033
2025-12-27 22:50:04,565 [INFO]   GIB Keep Rate:            0.923
2025-12-27 22:50:04,565 [INFO]   GIB Avg Prob:             0.800
2025-12-27 22:50:04,565 [INFO]   Dispersion (θ):           52.931 ± 1.079
2025-12-27 22:50:04,566 [INFO]   Learning Rate:             0.000336
2025-12-27 22:50:04,981 [INFO] 
================================================================================
2025-12-27 22:50:04,981 [INFO] Epoch 118/300 (0.05s)
2025-12-27 22:50:04,981 [INFO] ================================================================================
2025-12-27 22:50:04,981 [INFO]   Total Loss:                1845.9841
2025-12-27 22:50:04,981 [INFO]   Recon Loss (Total):       1794.0670
2025-12-27 22:50:04,981 [INFO]     - Anchor:               1194.5258
2025-12-27 22:50:04,981 [INFO]     - Learner:              1199.0825
2025-12-27 22:50:04,981 [INFO]   🔥 GIB Sparsity Loss:     0.8011
2025-12-27 22:50:04,981 [INFO]   🔥 Contrastive Loss:      37.4659
2025-12-27 22:50:04,981 [INFO]   🔥 Prototype Loss:        14.3279
2025-12-27 22:50:04,981 [INFO]     - Spot-to-Prototype:     0.5731
2025-12-27 22:50:04,982 [INFO]     - Compactness:          0.0000
2025-12-27 22:50:04,982 [INFO]     - Dispersion:           0.0000
2025-12-27 22:50:04,982 [INFO]   🔥 Spatial Consistency:    0.0032
2025-12-27 22:50:04,982 [INFO]   GIB Keep Rate:            0.924
2025-12-27 22:50:04,982 [INFO]   GIB Avg Prob:             0.801
2025-12-27 22:50:04,982 [INFO]   Dispersion (θ):           52.912 ± 1.087
2025-12-27 22:50:04,982 [INFO]   Learning Rate:             0.000334
2025-12-27 22:50:05,020 [INFO] 
================================================================================
2025-12-27 22:50:05,020 [INFO] Epoch 119/300 (0.04s)
2025-12-27 22:50:05,020 [INFO] ================================================================================
2025-12-27 22:50:05,020 [INFO]   Total Loss:                1846.0461
2025-12-27 22:50:05,020 [INFO]   Recon Loss (Total):       1793.9734
2025-12-27 22:50:05,021 [INFO]     - Anchor:               1194.8286
2025-12-27 22:50:05,021 [INFO]     - Learner:              1198.2897
2025-12-27 22:50:05,021 [INFO]   🔥 GIB Sparsity Loss:     0.8014
2025-12-27 22:50:05,021 [INFO]   🔥 Contrastive Loss:      37.4019
2025-12-27 22:50:05,021 [INFO]   🔥 Prototype Loss:        14.5475
2025-12-27 22:50:05,021 [INFO]     - Spot-to-Prototype:     0.5819
2025-12-27 22:50:05,021 [INFO]     - Compactness:          0.0000
2025-12-27 22:50:05,021 [INFO]     - Dispersion:           0.0000
2025-12-27 22:50:05,021 [INFO]   🔥 Spatial Consistency:    0.0032
2025-12-27 22:50:05,021 [INFO]   GIB Keep Rate:            0.924
2025-12-27 22:50:05,021 [INFO]   GIB Avg Prob:             0.801
2025-12-27 22:50:05,021 [INFO]   Dispersion (θ):           52.894 ± 1.094
2025-12-27 22:50:05,021 [INFO]   Learning Rate:             0.000331
2025-12-27 22:50:05,057 [INFO] 
================================================================================
2025-12-27 22:50:05,057 [INFO] Epoch 120/300 (0.04s)
2025-12-27 22:50:05,058 [INFO] ================================================================================
2025-12-27 22:50:05,058 [INFO]   Total Loss:                1845.1771
2025-12-27 22:50:05,058 [INFO]   Recon Loss (Total):       1793.2849
2025-12-27 22:50:05,058 [INFO]     - Anchor:               1194.5713
2025-12-27 22:50:05,058 [INFO]     - Learner:              1197.4274
2025-12-27 22:50:05,058 [INFO]   🔥 GIB Sparsity Loss:     0.8017
2025-12-27 22:50:05,058 [INFO]   🔥 Contrastive Loss:      36.9900
2025-12-27 22:50:05,058 [INFO]   🔥 Prototype Loss:        14.7788
2025-12-27 22:50:05,058 [INFO]     - Spot-to-Prototype:     0.5912
2025-12-27 22:50:05,058 [INFO]     - Compactness:          0.0000
2025-12-27 22:50:05,058 [INFO]     - Dispersion:           0.0000
2025-12-27 22:50:05,058 [INFO]   🔥 Spatial Consistency:    0.0032
2025-12-27 22:50:05,058 [INFO]   GIB Keep Rate:            0.922
2025-12-27 22:50:05,058 [INFO]   GIB Avg Prob:             0.802
2025-12-27 22:50:05,058 [INFO]   Dispersion (θ):           52.875 ± 1.101
2025-12-27 22:50:05,058 [INFO]   Learning Rate:             0.000329
2025-12-27 22:50:05,093 [INFO] 
================================================================================
2025-12-27 22:50:05,093 [INFO] Epoch 121/300 (0.04s)
2025-12-27 22:50:05,094 [INFO] ================================================================================
2025-12-27 22:50:05,094 [INFO]   Total Loss:                1844.7328
2025-12-27 22:50:05,094 [INFO]   Recon Loss (Total):       1792.7706
2025-12-27 22:50:05,094 [INFO]     - Anchor:               1194.0785
2025-12-27 22:50:05,094 [INFO]     - Learner:              1197.3843
2025-12-27 22:50:05,094 [INFO]   🔥 GIB Sparsity Loss:     0.8011
2025-12-27 22:50:05,094 [INFO]   🔥 Contrastive Loss:      36.8590
2025-12-27 22:50:05,094 [INFO]   🔥 Prototype Loss:        14.9799
2025-12-27 22:50:05,094 [INFO]     - Spot-to-Prototype:     0.5992
2025-12-27 22:50:05,094 [INFO]     - Compactness:          0.0000
2025-12-27 22:50:05,094 [INFO]     - Dispersion:           0.0000
2025-12-27 22:50:05,094 [INFO]   🔥 Spatial Consistency:    0.0032
2025-12-27 22:50:05,094 [INFO]   GIB Keep Rate:            0.922
2025-12-27 22:50:05,094 [INFO]   GIB Avg Prob:             0.801
2025-12-27 22:50:05,094 [INFO]   Dispersion (θ):           52.857 ± 1.108
2025-12-27 22:50:05,094 [INFO]   Learning Rate:             0.000327
2025-12-27 22:50:05,132 [INFO] 
================================================================================
2025-12-27 22:50:05,132 [INFO] Epoch 122/300 (0.04s)
2025-12-27 22:50:05,132 [INFO] ================================================================================
2025-12-27 22:50:05,132 [INFO]   Total Loss:                1840.0214
2025-12-27 22:50:05,132 [INFO]   Recon Loss (Total):       1791.0687
2025-12-27 22:50:05,133 [INFO]     - Anchor:               1193.8932
2025-12-27 22:50:05,133 [INFO]     - Learner:              1194.3511
2025-12-27 22:50:05,133 [INFO]   🔥 GIB Sparsity Loss:     0.7997
2025-12-27 22:50:05,133 [INFO]   🔥 Contrastive Loss:      33.6385
2025-12-27 22:50:05,133 [INFO]   🔥 Prototype Loss:        15.1910
2025-12-27 22:50:05,133 [INFO]     - Spot-to-Prototype:     0.6076
2025-12-27 22:50:05,133 [INFO]     - Compactness:          0.0000
2025-12-27 22:50:05,133 [INFO]     - Dispersion:           0.0000
2025-12-27 22:50:05,133 [INFO]   🔥 Spatial Consistency:    0.0031
2025-12-27 22:50:05,133 [INFO]   GIB Keep Rate:            0.918
2025-12-27 22:50:05,133 [INFO]   GIB Avg Prob:             0.800
2025-12-27 22:50:05,133 [INFO]   Dispersion (θ):           52.838 ± 1.115
2025-12-27 22:50:05,133 [INFO]   Learning Rate:             0.000324
2025-12-27 22:50:05,512 [INFO] 
================================================================================
2025-12-27 22:50:05,512 [INFO] Epoch 123/300 (0.05s)
2025-12-27 22:50:05,513 [INFO] ================================================================================
2025-12-27 22:50:05,513 [INFO]   Total Loss:                1839.4103
2025-12-27 22:50:05,513 [INFO]   Recon Loss (Total):       1790.3655
2025-12-27 22:50:05,513 [INFO]     - Anchor:               1193.3270
2025-12-27 22:50:05,513 [INFO]     - Learner:              1194.0768
2025-12-27 22:50:05,513 [INFO]   🔥 GIB Sparsity Loss:     0.7985
2025-12-27 22:50:05,513 [INFO]   🔥 Contrastive Loss:      33.4878
2025-12-27 22:50:05,513 [INFO]   🔥 Prototype Loss:        15.4341
2025-12-27 22:50:05,513 [INFO]     - Spot-to-Prototype:     0.6174
2025-12-27 22:50:05,513 [INFO]     - Compactness:          0.0000
2025-12-27 22:50:05,513 [INFO]     - Dispersion:           0.0000
2025-12-27 22:50:05,513 [INFO]   🔥 Spatial Consistency:    0.0031
2025-12-27 22:50:05,513 [INFO]   GIB Keep Rate:            0.915
2025-12-27 22:50:05,513 [INFO]   GIB Avg Prob:             0.798
2025-12-27 22:50:05,513 [INFO]   Dispersion (θ):           52.820 ± 1.122
2025-12-27 22:50:05,513 [INFO]   Learning Rate:             0.000322
2025-12-27 22:50:05,907 [INFO] 
================================================================================
2025-12-27 22:50:05,907 [INFO] Epoch 124/300 (0.05s)
2025-12-27 22:50:05,907 [INFO] ================================================================================
2025-12-27 22:50:05,907 [INFO]   Total Loss:                1838.8080
2025-12-27 22:50:05,907 [INFO]   Recon Loss (Total):       1789.8562
2025-12-27 22:50:05,907 [INFO]     - Anchor:               1192.8169
2025-12-27 22:50:05,907 [INFO]     - Learner:              1194.0786
2025-12-27 22:50:05,907 [INFO]   🔥 GIB Sparsity Loss:     0.7980
2025-12-27 22:50:05,907 [INFO]   🔥 Contrastive Loss:      33.2301
2025-12-27 22:50:05,907 [INFO]   🔥 Prototype Loss:        15.5988
2025-12-27 22:50:05,907 [INFO]     - Spot-to-Prototype:     0.6240
2025-12-27 22:50:05,908 [INFO]     - Compactness:          0.0000
2025-12-27 22:50:05,908 [INFO]     - Dispersion:           0.0000
2025-12-27 22:50:05,908 [INFO]   🔥 Spatial Consistency:    0.0031
2025-12-27 22:50:05,908 [INFO]   GIB Keep Rate:            0.914
2025-12-27 22:50:05,908 [INFO]   GIB Avg Prob:             0.798
2025-12-27 22:50:05,908 [INFO]   Dispersion (θ):           52.802 ± 1.129
2025-12-27 22:50:05,908 [INFO]   Learning Rate:             0.000319
2025-12-27 22:50:06,300 [INFO] 
================================================================================
2025-12-27 22:50:06,300 [INFO] Epoch 125/300 (0.05s)
2025-12-27 22:50:06,300 [INFO] ================================================================================
2025-12-27 22:50:06,300 [INFO]   Total Loss:                1839.0139
2025-12-27 22:50:06,300 [INFO]   Recon Loss (Total):       1789.7279
2025-12-27 22:50:06,300 [INFO]     - Anchor:               1192.6509
2025-12-27 22:50:06,301 [INFO]     - Learner:              1194.1541
2025-12-27 22:50:06,301 [INFO]   🔥 GIB Sparsity Loss:     0.7980
2025-12-27 22:50:06,301 [INFO]   🔥 Contrastive Loss:      33.3412
2025-12-27 22:50:06,301 [INFO]   🔥 Prototype Loss:        15.8221
2025-12-27 22:50:06,301 [INFO]     - Spot-to-Prototype:     0.6329
2025-12-27 22:50:06,301 [INFO]     - Compactness:          0.0000
2025-12-27 22:50:06,301 [INFO]     - Dispersion:           0.0000
2025-12-27 22:50:06,301 [INFO]   🔥 Spatial Consistency:    0.0031
2025-12-27 22:50:06,301 [INFO]   GIB Keep Rate:            0.914
2025-12-27 22:50:06,301 [INFO]   GIB Avg Prob:             0.798
2025-12-27 22:50:06,301 [INFO]   Dispersion (θ):           52.784 ± 1.136
2025-12-27 22:50:06,301 [INFO]   Learning Rate:             0.000317
2025-12-27 22:50:06,341 [INFO] 
================================================================================
2025-12-27 22:50:06,341 [INFO] Epoch 126/300 (0.04s)
2025-12-27 22:50:06,341 [INFO] ================================================================================
2025-12-27 22:50:06,341 [INFO]   Total Loss:                1838.2847
2025-12-27 22:50:06,341 [INFO]   Recon Loss (Total):       1789.0653
2025-12-27 22:50:06,341 [INFO]     - Anchor:               1192.4034
2025-12-27 22:50:06,341 [INFO]     - Learner:              1193.3237
2025-12-27 22:50:06,341 [INFO]   🔥 GIB Sparsity Loss:     0.7980
2025-12-27 22:50:06,341 [INFO]   🔥 Contrastive Loss:      33.0922
2025-12-27 22:50:06,341 [INFO]   🔥 Prototype Loss:        16.0043
2025-12-27 22:50:06,341 [INFO]     - Spot-to-Prototype:     0.6402
2025-12-27 22:50:06,341 [INFO]     - Compactness:          0.0000
2025-12-27 22:50:06,342 [INFO]     - Dispersion:           0.0000
2025-12-27 22:50:06,342 [INFO]   🔥 Spatial Consistency:    0.0030
2025-12-27 22:50:06,342 [INFO]   GIB Keep Rate:            0.915
2025-12-27 22:50:06,342 [INFO]   GIB Avg Prob:             0.798
2025-12-27 22:50:06,342 [INFO]   Dispersion (θ):           52.766 ± 1.143
2025-12-27 22:50:06,342 [INFO]   Learning Rate:             0.000314
2025-12-27 22:50:06,682 [INFO] 
================================================================================
2025-12-27 22:50:06,682 [INFO] Epoch 127/300 (0.05s)
2025-12-27 22:50:06,682 [INFO] ================================================================================
2025-12-27 22:50:06,682 [INFO]   Total Loss:                1838.3174
2025-12-27 22:50:06,682 [INFO]   Recon Loss (Total):       1788.8945
2025-12-27 22:50:06,682 [INFO]     - Anchor:               1192.3801
2025-12-27 22:50:06,683 [INFO]     - Learner:              1193.0287
2025-12-27 22:50:06,683 [INFO]   🔥 GIB Sparsity Loss:     0.7982
2025-12-27 22:50:06,683 [INFO]   🔥 Contrastive Loss:      33.0915
2025-12-27 22:50:06,683 [INFO]   🔥 Prototype Loss:        16.2084
2025-12-27 22:50:06,683 [INFO]     - Spot-to-Prototype:     0.6483
2025-12-27 22:50:06,683 [INFO]     - Compactness:          0.0000
2025-12-27 22:50:06,683 [INFO]     - Dispersion:           0.0000
2025-12-27 22:50:06,683 [INFO]   🔥 Spatial Consistency:    0.0031
2025-12-27 22:50:06,683 [INFO]   GIB Keep Rate:            0.912
2025-12-27 22:50:06,683 [INFO]   GIB Avg Prob:             0.798
2025-12-27 22:50:06,683 [INFO]   Dispersion (θ):           52.748 ± 1.150
2025-12-27 22:50:06,683 [INFO]   Learning Rate:             0.000312
2025-12-27 22:50:06,723 [INFO] 
================================================================================
2025-12-27 22:50:06,723 [INFO] Epoch 128/300 (0.04s)
2025-12-27 22:50:06,724 [INFO] ================================================================================
2025-12-27 22:50:06,724 [INFO]   Total Loss:                1837.2532
2025-12-27 22:50:06,724 [INFO]   Recon Loss (Total):       1788.0526
2025-12-27 22:50:06,724 [INFO]     - Anchor:               1191.7626
2025-12-27 22:50:06,724 [INFO]     - Learner:              1192.5801
2025-12-27 22:50:06,724 [INFO]   🔥 GIB Sparsity Loss:     0.7990
2025-12-27 22:50:06,724 [INFO]   🔥 Contrastive Loss:      32.6387
2025-12-27 22:50:06,724 [INFO]   🔥 Prototype Loss:        16.4389
2025-12-27 22:50:06,724 [INFO]     - Spot-to-Prototype:     0.6576
2025-12-27 22:50:06,724 [INFO]     - Compactness:          0.0000
2025-12-27 22:50:06,724 [INFO]     - Dispersion:           0.0000
2025-12-27 22:50:06,724 [INFO]   🔥 Spatial Consistency:    0.0030
2025-12-27 22:50:06,724 [INFO]   GIB Keep Rate:            0.913
2025-12-27 22:50:06,724 [INFO]   GIB Avg Prob:             0.799
2025-12-27 22:50:06,724 [INFO]   Dispersion (θ):           52.729 ± 1.157
2025-12-27 22:50:06,724 [INFO]   Learning Rate:             0.000309
2025-12-27 22:50:07,106 [INFO] 
================================================================================
2025-12-27 22:50:07,106 [INFO] Epoch 129/300 (0.05s)
2025-12-27 22:50:07,106 [INFO] ================================================================================
2025-12-27 22:50:07,106 [INFO]   Total Loss:                1837.0006
2025-12-27 22:50:07,106 [INFO]   Recon Loss (Total):       1787.7344
2025-12-27 22:50:07,106 [INFO]     - Anchor:               1191.5366
2025-12-27 22:50:07,106 [INFO]     - Learner:              1192.3955
2025-12-27 22:50:07,106 [INFO]   🔥 GIB Sparsity Loss:     0.7997
2025-12-27 22:50:07,106 [INFO]   🔥 Contrastive Loss:      32.5110
2025-12-27 22:50:07,106 [INFO]   🔥 Prototype Loss:        16.6323
2025-12-27 22:50:07,106 [INFO]     - Spot-to-Prototype:     0.6653
2025-12-27 22:50:07,106 [INFO]     - Compactness:          0.0000
2025-12-27 22:50:07,107 [INFO]     - Dispersion:           0.0000
2025-12-27 22:50:07,107 [INFO]   🔥 Spatial Consistency:    0.0029
2025-12-27 22:50:07,107 [INFO]   GIB Keep Rate:            0.915
2025-12-27 22:50:07,107 [INFO]   GIB Avg Prob:             0.800
2025-12-27 22:50:07,107 [INFO]   Dispersion (θ):           52.711 ± 1.164
2025-12-27 22:50:07,107 [INFO]   Learning Rate:             0.000306
2025-12-27 22:50:07,507 [INFO] 
================================================================================
2025-12-27 22:50:07,508 [INFO] Epoch 130/300 (0.05s)
2025-12-27 22:50:07,508 [INFO] ================================================================================
2025-12-27 22:50:07,508 [INFO]   Total Loss:                1841.9783
2025-12-27 22:50:07,508 [INFO]   Recon Loss (Total):       1789.2195
2025-12-27 22:50:07,508 [INFO]     - Anchor:               1191.5062
2025-12-27 22:50:07,508 [INFO]     - Learner:              1195.4265
2025-12-27 22:50:07,508 [INFO]   🔥 GIB Sparsity Loss:     0.8006
2025-12-27 22:50:07,508 [INFO]   🔥 Contrastive Loss:      35.7706
2025-12-27 22:50:07,508 [INFO]   🔥 Prototype Loss:        16.8653
2025-12-27 22:50:07,508 [INFO]     - Spot-to-Prototype:     0.6746
2025-12-27 22:50:07,508 [INFO]     - Compactness:          0.0000
2025-12-27 22:50:07,508 [INFO]     - Dispersion:           0.0000
2025-12-27 22:50:07,508 [INFO]   🔥 Spatial Consistency:    0.0028
2025-12-27 22:50:07,508 [INFO]   GIB Keep Rate:            0.914
2025-12-27 22:50:07,508 [INFO]   GIB Avg Prob:             0.801
2025-12-27 22:50:07,508 [INFO]   Dispersion (θ):           52.693 ± 1.171
2025-12-27 22:50:07,508 [INFO]   Learning Rate:             0.000304
2025-12-27 22:50:07,547 [INFO] 
================================================================================
2025-12-27 22:50:07,547 [INFO] Epoch 131/300 (0.04s)
2025-12-27 22:50:07,547 [INFO] ================================================================================
2025-12-27 22:50:07,547 [INFO]   Total Loss:                1840.9960
2025-12-27 22:50:07,547 [INFO]   Recon Loss (Total):       1788.4763
2025-12-27 22:50:07,547 [INFO]     - Anchor:               1190.9542
2025-12-27 22:50:07,547 [INFO]     - Learner:              1195.0441
2025-12-27 22:50:07,547 [INFO]   🔥 GIB Sparsity Loss:     0.8005
2025-12-27 22:50:07,547 [INFO]   🔥 Contrastive Loss:      35.3328
2025-12-27 22:50:07,548 [INFO]   🔥 Prototype Loss:        17.0638
2025-12-27 22:50:07,548 [INFO]     - Spot-to-Prototype:     0.6826
2025-12-27 22:50:07,548 [INFO]     - Compactness:          0.0000
2025-12-27 22:50:07,548 [INFO]     - Dispersion:           0.0000
2025-12-27 22:50:07,548 [INFO]   🔥 Spatial Consistency:    0.0029
2025-12-27 22:50:07,548 [INFO]   GIB Keep Rate:            0.914
2025-12-27 22:50:07,548 [INFO]   GIB Avg Prob:             0.801
2025-12-27 22:50:07,548 [INFO]   Dispersion (θ):           52.675 ± 1.178
2025-12-27 22:50:07,548 [INFO]   Learning Rate:             0.000301
2025-12-27 22:50:07,585 [INFO] 
================================================================================
2025-12-27 22:50:07,586 [INFO] Epoch 132/300 (0.04s)
2025-12-27 22:50:07,586 [INFO] ================================================================================
2025-12-27 22:50:07,586 [INFO]   Total Loss:                1841.0978
2025-12-27 22:50:07,586 [INFO]   Recon Loss (Total):       1788.2538
2025-12-27 22:50:07,586 [INFO]     - Anchor:               1190.8209
2025-12-27 22:50:07,586 [INFO]     - Learner:              1194.8657
2025-12-27 22:50:07,586 [INFO]   🔥 GIB Sparsity Loss:     0.8000
2025-12-27 22:50:07,586 [INFO]   🔥 Contrastive Loss:      35.4541
2025-12-27 22:50:07,586 [INFO]   🔥 Prototype Loss:        17.2670
2025-12-27 22:50:07,586 [INFO]     - Spot-to-Prototype:     0.6907
2025-12-27 22:50:07,586 [INFO]     - Compactness:          0.0000
2025-12-27 22:50:07,586 [INFO]     - Dispersion:           0.0000
2025-12-27 22:50:07,586 [INFO]   🔥 Spatial Consistency:    0.0029
2025-12-27 22:50:07,586 [INFO]   GIB Keep Rate:            0.913
2025-12-27 22:50:07,586 [INFO]   GIB Avg Prob:             0.800
2025-12-27 22:50:07,586 [INFO]   Dispersion (θ):           52.657 ± 1.184
2025-12-27 22:50:07,586 [INFO]   Learning Rate:             0.000299
2025-12-27 22:50:07,621 [INFO] 
================================================================================
2025-12-27 22:50:07,621 [INFO] Epoch 133/300 (0.03s)
2025-12-27 22:50:07,621 [INFO] ================================================================================
2025-12-27 22:50:07,621 [INFO]   Total Loss:                1835.7861
2025-12-27 22:50:07,621 [INFO]   Recon Loss (Total):       1786.3774
2025-12-27 22:50:07,621 [INFO]     - Anchor:               1190.5984
2025-12-27 22:50:07,621 [INFO]     - Learner:              1191.5582
2025-12-27 22:50:07,621 [INFO]   🔥 GIB Sparsity Loss:     0.7988
2025-12-27 22:50:07,621 [INFO]   🔥 Contrastive Loss:      31.8580
2025-12-27 22:50:07,621 [INFO]   🔥 Prototype Loss:        17.4278
2025-12-27 22:50:07,621 [INFO]     - Spot-to-Prototype:     0.6971
2025-12-27 22:50:07,621 [INFO]     - Compactness:          0.0000
2025-12-27 22:50:07,621 [INFO]     - Dispersion:           0.0000
2025-12-27 22:50:07,621 [INFO]   🔥 Spatial Consistency:    0.0029
2025-12-27 22:50:07,621 [INFO]   GIB Keep Rate:            0.911
2025-12-27 22:50:07,621 [INFO]   GIB Avg Prob:             0.799
2025-12-27 22:50:07,621 [INFO]   Dispersion (θ):           52.639 ± 1.191
2025-12-27 22:50:07,622 [INFO]   Learning Rate:             0.000296
2025-12-27 22:50:07,989 [INFO] 
================================================================================
2025-12-27 22:50:07,989 [INFO] Epoch 134/300 (0.05s)
2025-12-27 22:50:07,989 [INFO] ================================================================================
2025-12-27 22:50:07,989 [INFO]   Total Loss:                1835.9927
2025-12-27 22:50:07,990 [INFO]   Recon Loss (Total):       1786.3903
2025-12-27 22:50:07,990 [INFO]     - Anchor:               1190.5884
2025-12-27 22:50:07,990 [INFO]     - Learner:              1191.6038
2025-12-27 22:50:07,990 [INFO]   🔥 GIB Sparsity Loss:     0.7979
2025-12-27 22:50:07,990 [INFO]   🔥 Contrastive Loss:      31.8708
2025-12-27 22:50:07,990 [INFO]   🔥 Prototype Loss:        17.6093
2025-12-27 22:50:07,990 [INFO]     - Spot-to-Prototype:     0.7044
2025-12-27 22:50:07,990 [INFO]     - Compactness:          0.0000
2025-12-27 22:50:07,990 [INFO]     - Dispersion:           0.0000
2025-12-27 22:50:07,990 [INFO]   🔥 Spatial Consistency:    0.0028
2025-12-27 22:50:07,990 [INFO]   GIB Keep Rate:            0.909
2025-12-27 22:50:07,990 [INFO]   GIB Avg Prob:             0.798
2025-12-27 22:50:07,990 [INFO]   Dispersion (θ):           52.621 ± 1.198
2025-12-27 22:50:07,990 [INFO]   Learning Rate:             0.000294
2025-12-27 22:50:08,030 [INFO] 
================================================================================
2025-12-27 22:50:08,030 [INFO] Epoch 135/300 (0.04s)
2025-12-27 22:50:08,030 [INFO] ================================================================================
2025-12-27 22:50:08,030 [INFO]   Total Loss:                1835.6722
2025-12-27 22:50:08,030 [INFO]   Recon Loss (Total):       1785.8579
2025-12-27 22:50:08,030 [INFO]     - Anchor:               1190.4525
2025-12-27 22:50:08,030 [INFO]     - Learner:              1190.8107
2025-12-27 22:50:08,030 [INFO]   🔥 GIB Sparsity Loss:     0.7976
2025-12-27 22:50:08,030 [INFO]   🔥 Contrastive Loss:      31.8867
2025-12-27 22:50:08,030 [INFO]   🔥 Prototype Loss:        17.8052
2025-12-27 22:50:08,030 [INFO]     - Spot-to-Prototype:     0.7122
2025-12-27 22:50:08,030 [INFO]     - Compactness:          0.0000
2025-12-27 22:50:08,030 [INFO]     - Dispersion:           0.0000
2025-12-27 22:50:08,030 [INFO]   🔥 Spatial Consistency:    0.0028
2025-12-27 22:50:08,030 [INFO]   GIB Keep Rate:            0.909
2025-12-27 22:50:08,031 [INFO]   GIB Avg Prob:             0.798
2025-12-27 22:50:08,031 [INFO]   Dispersion (θ):           52.603 ± 1.205
2025-12-27 22:50:08,031 [INFO]   Learning Rate:             0.000291
2025-12-27 22:50:08,352 [INFO] 
================================================================================
2025-12-27 22:50:08,352 [INFO] Epoch 136/300 (0.05s)
2025-12-27 22:50:08,352 [INFO] ================================================================================
2025-12-27 22:50:08,352 [INFO]   Total Loss:                1835.1066
2025-12-27 22:50:08,352 [INFO]   Recon Loss (Total):       1785.4231
2025-12-27 22:50:08,352 [INFO]     - Anchor:               1189.9851
2025-12-27 22:50:08,352 [INFO]     - Learner:              1190.8759
2025-12-27 22:50:08,352 [INFO]   🔥 GIB Sparsity Loss:     0.7970
2025-12-27 22:50:08,352 [INFO]   🔥 Contrastive Loss:      31.6029
2025-12-27 22:50:08,352 [INFO]   🔥 Prototype Loss:        17.9582
2025-12-27 22:50:08,353 [INFO]     - Spot-to-Prototype:     0.7183
2025-12-27 22:50:08,353 [INFO]     - Compactness:          0.0000
2025-12-27 22:50:08,353 [INFO]     - Dispersion:           0.0000
2025-12-27 22:50:08,353 [INFO]   🔥 Spatial Consistency:    0.0028
2025-12-27 22:50:08,353 [INFO]   GIB Keep Rate:            0.906
2025-12-27 22:50:08,353 [INFO]   GIB Avg Prob:             0.797
2025-12-27 22:50:08,353 [INFO]   Dispersion (θ):           52.585 ± 1.212
2025-12-27 22:50:08,353 [INFO]   Learning Rate:             0.000289
2025-12-27 22:50:08,784 [INFO] 
================================================================================
2025-12-27 22:50:08,784 [INFO] Epoch 137/300 (0.05s)
2025-12-27 22:50:08,784 [INFO] ================================================================================
2025-12-27 22:50:08,784 [INFO]   Total Loss:                1834.7490
2025-12-27 22:50:08,784 [INFO]   Recon Loss (Total):       1784.9805
2025-12-27 22:50:08,784 [INFO]     - Anchor:               1189.8627
2025-12-27 22:50:08,784 [INFO]     - Learner:              1190.2357
2025-12-27 22:50:08,784 [INFO]   🔥 GIB Sparsity Loss:     0.7969
2025-12-27 22:50:08,784 [INFO]   🔥 Contrastive Loss:      31.5065
2025-12-27 22:50:08,785 [INFO]   🔥 Prototype Loss:        18.1398
2025-12-27 22:50:08,785 [INFO]     - Spot-to-Prototype:     0.7256
2025-12-27 22:50:08,785 [INFO]     - Compactness:          0.0000
2025-12-27 22:50:08,785 [INFO]     - Dispersion:           0.0000
2025-12-27 22:50:08,785 [INFO]   🔥 Spatial Consistency:    0.0028
2025-12-27 22:50:08,785 [INFO]   GIB Keep Rate:            0.905
2025-12-27 22:50:08,785 [INFO]   GIB Avg Prob:             0.797
2025-12-27 22:50:08,785 [INFO]   Dispersion (θ):           52.567 ± 1.218
2025-12-27 22:50:08,785 [INFO]   Learning Rate:             0.000286
2025-12-27 22:50:09,222 [INFO] 
================================================================================
2025-12-27 22:50:09,222 [INFO] Epoch 138/300 (0.04s)
2025-12-27 22:50:09,222 [INFO] ================================================================================
2025-12-27 22:50:09,222 [INFO]   Total Loss:                1834.4535
2025-12-27 22:50:09,222 [INFO]   Recon Loss (Total):       1784.8361
2025-12-27 22:50:09,222 [INFO]     - Anchor:               1189.8796
2025-12-27 22:50:09,222 [INFO]     - Learner:              1189.9128
2025-12-27 22:50:09,222 [INFO]   🔥 GIB Sparsity Loss:     0.7973
2025-12-27 22:50:09,222 [INFO]   🔥 Contrastive Loss:      31.1993
2025-12-27 22:50:09,222 [INFO]   🔥 Prototype Loss:        18.2958
2025-12-27 22:50:09,222 [INFO]     - Spot-to-Prototype:     0.7318
2025-12-27 22:50:09,222 [INFO]     - Compactness:          0.0000
2025-12-27 22:50:09,222 [INFO]     - Dispersion:           0.0000
2025-12-27 22:50:09,223 [INFO]   🔥 Spatial Consistency:    0.0027
2025-12-27 22:50:09,223 [INFO]   GIB Keep Rate:            0.905
2025-12-27 22:50:09,223 [INFO]   GIB Avg Prob:             0.797
2025-12-27 22:50:09,223 [INFO]   Dispersion (θ):           52.549 ± 1.225
2025-12-27 22:50:09,223 [INFO]   Learning Rate:             0.000284
2025-12-27 22:50:09,593 [INFO] 
================================================================================
2025-12-27 22:50:09,593 [INFO] Epoch 139/300 (0.04s)
2025-12-27 22:50:09,594 [INFO] ================================================================================
2025-12-27 22:50:09,594 [INFO]   Total Loss:                1834.0419
2025-12-27 22:50:09,594 [INFO]   Recon Loss (Total):       1784.3218
2025-12-27 22:50:09,594 [INFO]     - Anchor:               1189.2384
2025-12-27 22:50:09,594 [INFO]     - Learner:              1190.1666
2025-12-27 22:50:09,594 [INFO]   🔥 GIB Sparsity Loss:     0.7974
2025-12-27 22:50:09,594 [INFO]   🔥 Contrastive Loss:      31.1231
2025-12-27 22:50:09,594 [INFO]   🔥 Prototype Loss:        18.4746
2025-12-27 22:50:09,594 [INFO]     - Spot-to-Prototype:     0.7390
2025-12-27 22:50:09,594 [INFO]     - Compactness:          0.0000
2025-12-27 22:50:09,594 [INFO]     - Dispersion:           0.0000
2025-12-27 22:50:09,594 [INFO]   🔥 Spatial Consistency:    0.0027
2025-12-27 22:50:09,594 [INFO]   GIB Keep Rate:            0.904
2025-12-27 22:50:09,594 [INFO]   GIB Avg Prob:             0.797
2025-12-27 22:50:09,594 [INFO]   Dispersion (θ):           52.531 ± 1.232
2025-12-27 22:50:09,594 [INFO]   Learning Rate:             0.000281
2025-12-27 22:50:10,044 [INFO] 
================================================================================
2025-12-27 22:50:10,044 [INFO] Epoch 140/300 (0.05s)
2025-12-27 22:50:10,044 [INFO] ================================================================================
2025-12-27 22:50:10,044 [INFO]   Total Loss:                1833.7655
2025-12-27 22:50:10,044 [INFO]   Recon Loss (Total):       1784.0095
2025-12-27 22:50:10,044 [INFO]     - Anchor:               1189.0894
2025-12-27 22:50:10,044 [INFO]     - Learner:              1189.8402
2025-12-27 22:50:10,044 [INFO]   🔥 GIB Sparsity Loss:     0.7974
2025-12-27 22:50:10,044 [INFO]   🔥 Contrastive Loss:      31.0444
2025-12-27 22:50:10,044 [INFO]   🔥 Prototype Loss:        18.5892
2025-12-27 22:50:10,044 [INFO]     - Spot-to-Prototype:     0.7436
2025-12-27 22:50:10,044 [INFO]     - Compactness:          0.0000
2025-12-27 22:50:10,044 [INFO]     - Dispersion:           0.0000
2025-12-27 22:50:10,044 [INFO]   🔥 Spatial Consistency:    0.0026
2025-12-27 22:50:10,044 [INFO]   GIB Keep Rate:            0.906
2025-12-27 22:50:10,044 [INFO]   GIB Avg Prob:             0.797
2025-12-27 22:50:10,044 [INFO]   Dispersion (θ):           52.513 ± 1.239
2025-12-27 22:50:10,045 [INFO]   Learning Rate:             0.000278
2025-12-27 22:50:10,487 [INFO] 
================================================================================
2025-12-27 22:50:10,488 [INFO] Epoch 141/300 (0.05s)
2025-12-27 22:50:10,488 [INFO] ================================================================================
2025-12-27 22:50:10,488 [INFO]   Total Loss:                1833.5132
2025-12-27 22:50:10,488 [INFO]   Recon Loss (Total):       1783.5642
2025-12-27 22:50:10,488 [INFO]     - Anchor:               1188.6263
2025-12-27 22:50:10,488 [INFO]     - Learner:              1189.8759
2025-12-27 22:50:10,488 [INFO]   🔥 GIB Sparsity Loss:     0.7972
2025-12-27 22:50:10,488 [INFO]   🔥 Contrastive Loss:      31.0373
2025-12-27 22:50:10,488 [INFO]   🔥 Prototype Loss:        18.7896
2025-12-27 22:50:10,488 [INFO]     - Spot-to-Prototype:     0.7516
2025-12-27 22:50:10,488 [INFO]     - Compactness:          0.0000
2025-12-27 22:50:10,488 [INFO]     - Dispersion:           0.0000
2025-12-27 22:50:10,488 [INFO]   🔥 Spatial Consistency:    0.0026
2025-12-27 22:50:10,488 [INFO]   GIB Keep Rate:            0.904
2025-12-27 22:50:10,488 [INFO]   GIB Avg Prob:             0.797
2025-12-27 22:50:10,488 [INFO]   Dispersion (θ):           52.495 ± 1.245
2025-12-27 22:50:10,488 [INFO]   Learning Rate:             0.000276
2025-12-27 22:50:10,903 [INFO] 
================================================================================
2025-12-27 22:50:10,903 [INFO] Epoch 142/300 (0.04s)
2025-12-27 22:50:10,903 [INFO] ================================================================================
2025-12-27 22:50:10,903 [INFO]   Total Loss:                1833.0444
2025-12-27 22:50:10,903 [INFO]   Recon Loss (Total):       1783.1692
2025-12-27 22:50:10,903 [INFO]     - Anchor:               1188.5593
2025-12-27 22:50:10,903 [INFO]     - Learner:              1189.2198
2025-12-27 22:50:10,903 [INFO]   🔥 GIB Sparsity Loss:     0.7972
2025-12-27 22:50:10,903 [INFO]   🔥 Contrastive Loss:      30.8429
2025-12-27 22:50:10,903 [INFO]   🔥 Prototype Loss:        18.9100
2025-12-27 22:50:10,903 [INFO]     - Spot-to-Prototype:     0.7564
2025-12-27 22:50:10,903 [INFO]     - Compactness:          0.0000
2025-12-27 22:50:10,903 [INFO]     - Dispersion:           0.0000
2025-12-27 22:50:10,903 [INFO]   🔥 Spatial Consistency:    0.0027
2025-12-27 22:50:10,903 [INFO]   GIB Keep Rate:            0.905
2025-12-27 22:50:10,903 [INFO]   GIB Avg Prob:             0.797
2025-12-27 22:50:10,903 [INFO]   Dispersion (θ):           52.478 ± 1.252
2025-12-27 22:50:10,904 [INFO]   Learning Rate:             0.000273
2025-12-27 22:50:11,302 [INFO] 
================================================================================
2025-12-27 22:50:11,303 [INFO] Epoch 143/300 (0.04s)
2025-12-27 22:50:11,303 [INFO] ================================================================================
2025-12-27 22:50:11,303 [INFO]   Total Loss:                1832.2861
2025-12-27 22:50:11,303 [INFO]   Recon Loss (Total):       1782.6841
2025-12-27 22:50:11,303 [INFO]     - Anchor:               1188.1332
2025-12-27 22:50:11,303 [INFO]     - Learner:              1189.1017
2025-12-27 22:50:11,303 [INFO]   🔥 GIB Sparsity Loss:     0.7974
2025-12-27 22:50:11,303 [INFO]   🔥 Contrastive Loss:      30.4846
2025-12-27 22:50:11,303 [INFO]   🔥 Prototype Loss:        18.9952
2025-12-27 22:50:11,303 [INFO]     - Spot-to-Prototype:     0.7598
2025-12-27 22:50:11,303 [INFO]     - Compactness:          0.0000
2025-12-27 22:50:11,303 [INFO]     - Dispersion:           0.0000
2025-12-27 22:50:11,303 [INFO]   🔥 Spatial Consistency:    0.0026
2025-12-27 22:50:11,303 [INFO]   GIB Keep Rate:            0.903
2025-12-27 22:50:11,303 [INFO]   GIB Avg Prob:             0.797
2025-12-27 22:50:11,303 [INFO]   Dispersion (θ):           52.460 ± 1.259
2025-12-27 22:50:11,303 [INFO]   Learning Rate:             0.000271
2025-12-27 22:50:11,676 [INFO] 
================================================================================
2025-12-27 22:50:11,676 [INFO] Epoch 144/300 (0.04s)
2025-12-27 22:50:11,676 [INFO] ================================================================================
2025-12-27 22:50:11,676 [INFO]   Total Loss:                1832.5354
2025-12-27 22:50:11,676 [INFO]   Recon Loss (Total):       1782.6882
2025-12-27 22:50:11,676 [INFO]     - Anchor:               1188.0105
2025-12-27 22:50:11,676 [INFO]     - Learner:              1189.3556
2025-12-27 22:50:11,676 [INFO]   🔥 GIB Sparsity Loss:     0.7976
2025-12-27 22:50:11,676 [INFO]   🔥 Contrastive Loss:      30.5840
2025-12-27 22:50:11,676 [INFO]   🔥 Prototype Loss:        19.1410
2025-12-27 22:50:11,676 [INFO]     - Spot-to-Prototype:     0.7656
2025-12-27 22:50:11,676 [INFO]     - Compactness:          0.0000
2025-12-27 22:50:11,676 [INFO]     - Dispersion:           0.0000
2025-12-27 22:50:11,677 [INFO]   🔥 Spatial Consistency:    0.0026
2025-12-27 22:50:11,677 [INFO]   GIB Keep Rate:            0.903
2025-12-27 22:50:11,677 [INFO]   GIB Avg Prob:             0.798
2025-12-27 22:50:11,677 [INFO]   Dispersion (θ):           52.442 ± 1.265
2025-12-27 22:50:11,677 [INFO]   Learning Rate:             0.000268
2025-12-27 22:50:11,710 [INFO] 
================================================================================
2025-12-27 22:50:11,710 [INFO] Epoch 145/300 (0.03s)
2025-12-27 22:50:11,710 [INFO] ================================================================================
2025-12-27 22:50:11,710 [INFO]   Total Loss:                1832.5280
2025-12-27 22:50:11,710 [INFO]   Recon Loss (Total):       1782.5941
2025-12-27 22:50:11,710 [INFO]     - Anchor:               1188.0574
2025-12-27 22:50:11,710 [INFO]     - Learner:              1189.0735
2025-12-27 22:50:11,710 [INFO]   🔥 GIB Sparsity Loss:     0.7977
2025-12-27 22:50:11,710 [INFO]   🔥 Contrastive Loss:      30.5447
2025-12-27 22:50:11,710 [INFO]   🔥 Prototype Loss:        19.2671
2025-12-27 22:50:11,710 [INFO]     - Spot-to-Prototype:     0.7707
2025-12-27 22:50:11,710 [INFO]     - Compactness:          0.0000
2025-12-27 22:50:11,710 [INFO]     - Dispersion:           0.0000
2025-12-27 22:50:11,710 [INFO]   🔥 Spatial Consistency:    0.0024
2025-12-27 22:50:11,710 [INFO]   GIB Keep Rate:            0.902
2025-12-27 22:50:11,710 [INFO]   GIB Avg Prob:             0.798
2025-12-27 22:50:11,710 [INFO]   Dispersion (θ):           52.425 ± 1.272
2025-12-27 22:50:11,710 [INFO]   Learning Rate:             0.000265
2025-12-27 22:50:11,743 [INFO] 
================================================================================
2025-12-27 22:50:11,743 [INFO] Epoch 146/300 (0.03s)
2025-12-27 22:50:11,743 [INFO] ================================================================================
2025-12-27 22:50:11,743 [INFO]   Total Loss:                1831.7905
2025-12-27 22:50:11,743 [INFO]   Recon Loss (Total):       1782.0696
2025-12-27 22:50:11,743 [INFO]     - Anchor:               1187.6841
2025-12-27 22:50:11,743 [INFO]     - Learner:              1188.7709
2025-12-27 22:50:11,743 [INFO]   🔥 GIB Sparsity Loss:     0.7974
2025-12-27 22:50:11,743 [INFO]   🔥 Contrastive Loss:      30.1849
2025-12-27 22:50:11,743 [INFO]   🔥 Prototype Loss:        19.4139
2025-12-27 22:50:11,743 [INFO]     - Spot-to-Prototype:     0.7766
2025-12-27 22:50:11,743 [INFO]     - Compactness:          0.0000
2025-12-27 22:50:11,743 [INFO]     - Dispersion:           0.0000
2025-12-27 22:50:11,743 [INFO]   🔥 Spatial Consistency:    0.0025
2025-12-27 22:50:11,743 [INFO]   GIB Keep Rate:            0.902
2025-12-27 22:50:11,743 [INFO]   GIB Avg Prob:             0.797
2025-12-27 22:50:11,744 [INFO]   Dispersion (θ):           52.407 ± 1.278
2025-12-27 22:50:11,744 [INFO]   Learning Rate:             0.000263
2025-12-27 22:50:12,091 [INFO] 
================================================================================
2025-12-27 22:50:12,091 [INFO] Epoch 147/300 (0.04s)
2025-12-27 22:50:12,091 [INFO] ================================================================================
2025-12-27 22:50:12,091 [INFO]   Total Loss:                1831.7950
2025-12-27 22:50:12,091 [INFO]   Recon Loss (Total):       1782.0779
2025-12-27 22:50:12,091 [INFO]     - Anchor:               1187.7078
2025-12-27 22:50:12,091 [INFO]     - Learner:              1188.7401
2025-12-27 22:50:12,091 [INFO]   🔥 GIB Sparsity Loss:     0.7979
2025-12-27 22:50:12,091 [INFO]   🔥 Contrastive Loss:      30.1552
2025-12-27 22:50:12,092 [INFO]   🔥 Prototype Loss:        19.4397
2025-12-27 22:50:12,092 [INFO]     - Spot-to-Prototype:     0.7776
2025-12-27 22:50:12,092 [INFO]     - Compactness:          0.0000
2025-12-27 22:50:12,092 [INFO]     - Dispersion:           0.0000
2025-12-27 22:50:12,092 [INFO]   🔥 Spatial Consistency:    0.0026
2025-12-27 22:50:12,092 [INFO]   GIB Keep Rate:            0.902
2025-12-27 22:50:12,092 [INFO]   GIB Avg Prob:             0.798
2025-12-27 22:50:12,092 [INFO]   Dispersion (θ):           52.390 ± 1.284
2025-12-27 22:50:12,092 [INFO]   Learning Rate:             0.000260
2025-12-27 22:50:12,125 [INFO] 
================================================================================
2025-12-27 22:50:12,125 [INFO] Epoch 148/300 (0.03s)
2025-12-27 22:50:12,125 [INFO] ================================================================================
2025-12-27 22:50:12,125 [INFO]   Total Loss:                1831.0028
2025-12-27 22:50:12,125 [INFO]   Recon Loss (Total):       1781.4581
2025-12-27 22:50:12,125 [INFO]     - Anchor:               1187.4111
2025-12-27 22:50:12,125 [INFO]     - Learner:              1188.0940
2025-12-27 22:50:12,125 [INFO]   🔥 GIB Sparsity Loss:     0.7984
2025-12-27 22:50:12,125 [INFO]   🔥 Contrastive Loss:      29.8890
2025-12-27 22:50:12,125 [INFO]   🔥 Prototype Loss:        19.5336
2025-12-27 22:50:12,125 [INFO]     - Spot-to-Prototype:     0.7813
2025-12-27 22:50:12,125 [INFO]     - Compactness:          0.0000
2025-12-27 22:50:12,125 [INFO]     - Dispersion:           0.0000
2025-12-27 22:50:12,125 [INFO]   🔥 Spatial Consistency:    0.0025
2025-12-27 22:50:12,125 [INFO]   GIB Keep Rate:            0.902
2025-12-27 22:50:12,125 [INFO]   GIB Avg Prob:             0.798
2025-12-27 22:50:12,125 [INFO]   Dispersion (θ):           52.373 ± 1.291
2025-12-27 22:50:12,125 [INFO]   Learning Rate:             0.000258
2025-12-27 22:50:12,457 [INFO] 
================================================================================
2025-12-27 22:50:12,457 [INFO] Epoch 149/300 (0.04s)
2025-12-27 22:50:12,457 [INFO] ================================================================================
2025-12-27 22:50:12,457 [INFO]   Total Loss:                1831.1464
2025-12-27 22:50:12,457 [INFO]   Recon Loss (Total):       1781.5483
2025-12-27 22:50:12,457 [INFO]     - Anchor:               1187.3795
2025-12-27 22:50:12,457 [INFO]     - Learner:              1188.3376
2025-12-27 22:50:12,457 [INFO]   🔥 GIB Sparsity Loss:     0.7985
2025-12-27 22:50:12,457 [INFO]   🔥 Contrastive Loss:      29.8885
2025-12-27 22:50:12,457 [INFO]   🔥 Prototype Loss:        19.5873
2025-12-27 22:50:12,457 [INFO]     - Spot-to-Prototype:     0.7835
2025-12-27 22:50:12,457 [INFO]     - Compactness:          0.0000
2025-12-27 22:50:12,457 [INFO]     - Dispersion:           0.0000
2025-12-27 22:50:12,457 [INFO]   🔥 Spatial Consistency:    0.0025
2025-12-27 22:50:12,458 [INFO]   GIB Keep Rate:            0.902
2025-12-27 22:50:12,458 [INFO]   GIB Avg Prob:             0.798
2025-12-27 22:50:12,458 [INFO]   Dispersion (θ):           52.356 ± 1.297
2025-12-27 22:50:12,458 [INFO]   Learning Rate:             0.000255
2025-12-27 22:50:12,491 [INFO] 
================================================================================
2025-12-27 22:50:12,491 [INFO] Epoch 150/300 (0.03s)
2025-12-27 22:50:12,491 [INFO] ================================================================================
2025-12-27 22:50:12,491 [INFO]   Total Loss:                1830.5919
2025-12-27 22:50:12,491 [INFO]   Recon Loss (Total):       1780.9602
2025-12-27 22:50:12,491 [INFO]     - Anchor:               1186.8571
2025-12-27 22:50:12,491 [INFO]     - Learner:              1188.2062
2025-12-27 22:50:12,491 [INFO]   🔥 GIB Sparsity Loss:     0.7986
2025-12-27 22:50:12,491 [INFO]   🔥 Contrastive Loss:      29.8710
2025-12-27 22:50:12,491 [INFO]   🔥 Prototype Loss:        19.6385
2025-12-27 22:50:12,491 [INFO]     - Spot-to-Prototype:     0.7855
2025-12-27 22:50:12,491 [INFO]     - Compactness:          0.0000
2025-12-27 22:50:12,491 [INFO]     - Dispersion:           0.0000
2025-12-27 22:50:12,491 [INFO]   🔥 Spatial Consistency:    0.0025
2025-12-27 22:50:12,491 [INFO]   GIB Keep Rate:            0.902
2025-12-27 22:50:12,491 [INFO]   GIB Avg Prob:             0.799
2025-12-27 22:50:12,491 [INFO]   Dispersion (θ):           52.339 ± 1.304
2025-12-27 22:50:12,491 [INFO]   Learning Rate:             0.000252
2025-12-27 22:50:12,880 [INFO] 
================================================================================
2025-12-27 22:50:12,880 [INFO] Epoch 151/300 (0.05s)
2025-12-27 22:50:12,880 [INFO] ================================================================================
2025-12-27 22:50:12,881 [INFO]   Total Loss:                1829.7035
2025-12-27 22:50:12,881 [INFO]   Recon Loss (Total):       1780.1912
2025-12-27 22:50:12,881 [INFO]     - Anchor:               1186.3669
2025-12-27 22:50:12,881 [INFO]     - Learner:              1187.6486
2025-12-27 22:50:12,881 [INFO]   🔥 GIB Sparsity Loss:     0.7989
2025-12-27 22:50:12,881 [INFO]   🔥 Contrastive Loss:      29.6879
2025-12-27 22:50:12,881 [INFO]   🔥 Prototype Loss:        19.7020
2025-12-27 22:50:12,881 [INFO]     - Spot-to-Prototype:     0.7881
2025-12-27 22:50:12,881 [INFO]     - Compactness:          0.0000
2025-12-27 22:50:12,881 [INFO]     - Dispersion:           0.0000
2025-12-27 22:50:12,881 [INFO]   🔥 Spatial Consistency:    0.0025
2025-12-27 22:50:12,881 [INFO]   GIB Keep Rate:            0.901
2025-12-27 22:50:12,881 [INFO]   GIB Avg Prob:             0.799
2025-12-27 22:50:12,881 [INFO]   Dispersion (θ):           52.321 ± 1.310
2025-12-27 22:50:12,881 [INFO]   Learning Rate:             0.000250
2025-12-27 22:50:13,316 [INFO] 
================================================================================
2025-12-27 22:50:13,316 [INFO] Epoch 152/300 (0.05s)
2025-12-27 22:50:13,316 [INFO] ================================================================================
2025-12-27 22:50:13,316 [INFO]   Total Loss:                1829.7268
2025-12-27 22:50:13,316 [INFO]   Recon Loss (Total):       1780.4165
2025-12-27 22:50:13,316 [INFO]     - Anchor:               1186.6544
2025-12-27 22:50:13,316 [INFO]     - Learner:              1187.5240
2025-12-27 22:50:13,316 [INFO]   🔥 GIB Sparsity Loss:     0.7989
2025-12-27 22:50:13,316 [INFO]   🔥 Contrastive Loss:      29.4453
2025-12-27 22:50:13,316 [INFO]   🔥 Prototype Loss:        19.7427
2025-12-27 22:50:13,316 [INFO]     - Spot-to-Prototype:     0.7897
2025-12-27 22:50:13,316 [INFO]     - Compactness:          0.0000
2025-12-27 22:50:13,317 [INFO]     - Dispersion:           0.0000
2025-12-27 22:50:13,317 [INFO]   🔥 Spatial Consistency:    0.0025
2025-12-27 22:50:13,317 [INFO]   GIB Keep Rate:            0.900
2025-12-27 22:50:13,317 [INFO]   GIB Avg Prob:             0.799
2025-12-27 22:50:13,317 [INFO]   Dispersion (θ):           52.304 ± 1.317
2025-12-27 22:50:13,317 [INFO]   Learning Rate:             0.000247
2025-12-27 22:50:13,357 [INFO] 
================================================================================
2025-12-27 22:50:13,357 [INFO] Epoch 153/300 (0.04s)
2025-12-27 22:50:13,357 [INFO] ================================================================================
2025-12-27 22:50:13,357 [INFO]   Total Loss:                1829.2611
2025-12-27 22:50:13,357 [INFO]   Recon Loss (Total):       1780.0237
2025-12-27 22:50:13,357 [INFO]     - Anchor:               1186.2252
2025-12-27 22:50:13,357 [INFO]     - Learner:              1187.5969
2025-12-27 22:50:13,358 [INFO]   🔥 GIB Sparsity Loss:     0.7988
2025-12-27 22:50:13,358 [INFO]   🔥 Contrastive Loss:      29.3359
2025-12-27 22:50:13,358 [INFO]   🔥 Prototype Loss:        19.7791
2025-12-27 22:50:13,358 [INFO]     - Spot-to-Prototype:     0.7912
2025-12-27 22:50:13,358 [INFO]     - Compactness:          0.0000
2025-12-27 22:50:13,358 [INFO]     - Dispersion:           0.0000
2025-12-27 22:50:13,358 [INFO]   🔥 Spatial Consistency:    0.0024
2025-12-27 22:50:13,358 [INFO]   GIB Keep Rate:            0.899
2025-12-27 22:50:13,358 [INFO]   GIB Avg Prob:             0.799
2025-12-27 22:50:13,358 [INFO]   Dispersion (θ):           52.286 ± 1.323
2025-12-27 22:50:13,358 [INFO]   Learning Rate:             0.000245
2025-12-27 22:50:13,715 [INFO] 
================================================================================
2025-12-27 22:50:13,715 [INFO] Epoch 154/300 (0.05s)
2025-12-27 22:50:13,715 [INFO] ================================================================================
2025-12-27 22:50:13,716 [INFO]   Total Loss:                1828.3480
2025-12-27 22:50:13,716 [INFO]   Recon Loss (Total):       1779.2178
2025-12-27 22:50:13,716 [INFO]     - Anchor:               1185.8719
2025-12-27 22:50:13,716 [INFO]     - Learner:              1186.6917
2025-12-27 22:50:13,716 [INFO]   🔥 GIB Sparsity Loss:     0.7991
2025-12-27 22:50:13,716 [INFO]   🔥 Contrastive Loss:      29.2037
2025-12-27 22:50:13,716 [INFO]   🔥 Prototype Loss:        19.8042
2025-12-27 22:50:13,716 [INFO]     - Spot-to-Prototype:     0.7922
2025-12-27 22:50:13,716 [INFO]     - Compactness:          0.0000
2025-12-27 22:50:13,716 [INFO]     - Dispersion:           0.0000
2025-12-27 22:50:13,716 [INFO]   🔥 Spatial Consistency:    0.0025
2025-12-27 22:50:13,716 [INFO]   GIB Keep Rate:            0.900
2025-12-27 22:50:13,716 [INFO]   GIB Avg Prob:             0.799
2025-12-27 22:50:13,716 [INFO]   Dispersion (θ):           52.268 ± 1.330
2025-12-27 22:50:13,716 [INFO]   Learning Rate:             0.000242
2025-12-27 22:50:14,153 [INFO] 
================================================================================
2025-12-27 22:50:14,153 [INFO] Epoch 155/300 (0.05s)
2025-12-27 22:50:14,153 [INFO] ================================================================================
2025-12-27 22:50:14,153 [INFO]   Total Loss:                1828.2229
2025-12-27 22:50:14,153 [INFO]   Recon Loss (Total):       1779.0989
2025-12-27 22:50:14,153 [INFO]     - Anchor:               1185.6555
2025-12-27 22:50:14,154 [INFO]     - Learner:              1186.8867
2025-12-27 22:50:14,154 [INFO]   🔥 GIB Sparsity Loss:     0.7996
2025-12-27 22:50:14,154 [INFO]   🔥 Contrastive Loss:      29.1685
2025-12-27 22:50:14,154 [INFO]   🔥 Prototype Loss:        19.8331
2025-12-27 22:50:14,154 [INFO]     - Spot-to-Prototype:     0.7933
2025-12-27 22:50:14,154 [INFO]     - Compactness:          0.0000
2025-12-27 22:50:14,154 [INFO]     - Dispersion:           0.0000
2025-12-27 22:50:14,154 [INFO]   🔥 Spatial Consistency:    0.0024
2025-12-27 22:50:14,154 [INFO]   GIB Keep Rate:            0.902
2025-12-27 22:50:14,154 [INFO]   GIB Avg Prob:             0.800
2025-12-27 22:50:14,154 [INFO]   Dispersion (θ):           52.251 ± 1.336
2025-12-27 22:50:14,154 [INFO]   Learning Rate:             0.000240
2025-12-27 22:50:14,540 [INFO] 
================================================================================
2025-12-27 22:50:14,540 [INFO] Epoch 156/300 (0.05s)
2025-12-27 22:50:14,540 [INFO] ================================================================================
2025-12-27 22:50:14,540 [INFO]   Total Loss:                1828.2120
2025-12-27 22:50:14,540 [INFO]   Recon Loss (Total):       1779.1357
2025-12-27 22:50:14,540 [INFO]     - Anchor:               1185.8816
2025-12-27 22:50:14,540 [INFO]     - Learner:              1186.5083
2025-12-27 22:50:14,540 [INFO]   🔥 GIB Sparsity Loss:     0.7999
2025-12-27 22:50:14,541 [INFO]   🔥 Contrastive Loss:      29.0891
2025-12-27 22:50:14,541 [INFO]   🔥 Prototype Loss:        19.8647
2025-12-27 22:50:14,541 [INFO]     - Spot-to-Prototype:     0.7946
2025-12-27 22:50:14,541 [INFO]     - Compactness:          0.0000
2025-12-27 22:50:14,541 [INFO]     - Dispersion:           0.0000
2025-12-27 22:50:14,541 [INFO]   🔥 Spatial Consistency:    0.0025
2025-12-27 22:50:14,541 [INFO]   GIB Keep Rate:            0.900
2025-12-27 22:50:14,541 [INFO]   GIB Avg Prob:             0.800
2025-12-27 22:50:14,541 [INFO]   Dispersion (θ):           52.233 ± 1.343
2025-12-27 22:50:14,541 [INFO]   Learning Rate:             0.000237
2025-12-27 22:50:14,902 [INFO] 
================================================================================
2025-12-27 22:50:14,902 [INFO] Epoch 157/300 (0.05s)
2025-12-27 22:50:14,902 [INFO] ================================================================================
2025-12-27 22:50:14,902 [INFO]   Total Loss:                1834.9749
2025-12-27 22:50:14,902 [INFO]   Recon Loss (Total):       1781.3456
2025-12-27 22:50:14,902 [INFO]     - Anchor:               1185.5765
2025-12-27 22:50:14,902 [INFO]     - Learner:              1191.5381
2025-12-27 22:50:14,902 [INFO]   🔥 GIB Sparsity Loss:     0.8004
2025-12-27 22:50:14,902 [INFO]   🔥 Contrastive Loss:      33.6299
2025-12-27 22:50:14,902 [INFO]   🔥 Prototype Loss:        19.8767
2025-12-27 22:50:14,902 [INFO]     - Spot-to-Prototype:     0.7951
2025-12-27 22:50:14,902 [INFO]     - Compactness:          0.0000
2025-12-27 22:50:14,902 [INFO]     - Dispersion:           0.0000
2025-12-27 22:50:14,902 [INFO]   🔥 Spatial Consistency:    0.0024
2025-12-27 22:50:14,902 [INFO]   GIB Keep Rate:            0.903
2025-12-27 22:50:14,902 [INFO]   GIB Avg Prob:             0.800
2025-12-27 22:50:14,902 [INFO]   Dispersion (θ):           52.215 ± 1.349
2025-12-27 22:50:14,903 [INFO]   Learning Rate:             0.000234
2025-12-27 22:50:14,939 [INFO] 
================================================================================
2025-12-27 22:50:14,940 [INFO] Epoch 158/300 (0.04s)
2025-12-27 22:50:14,940 [INFO] ================================================================================
2025-12-27 22:50:14,940 [INFO]   Total Loss:                1827.7522
2025-12-27 22:50:14,940 [INFO]   Recon Loss (Total):       1778.9297
2025-12-27 22:50:14,940 [INFO]     - Anchor:               1185.4347
2025-12-27 22:50:14,940 [INFO]     - Learner:              1186.9901
2025-12-27 22:50:14,940 [INFO]   🔥 GIB Sparsity Loss:     0.7995
2025-12-27 22:50:14,940 [INFO]   🔥 Contrastive Loss:      28.8102
2025-12-27 22:50:14,940 [INFO]   🔥 Prototype Loss:        19.8901
2025-12-27 22:50:14,940 [INFO]     - Spot-to-Prototype:     0.7956
2025-12-27 22:50:14,940 [INFO]     - Compactness:          0.0000
2025-12-27 22:50:14,940 [INFO]     - Dispersion:           0.0000
2025-12-27 22:50:14,940 [INFO]   🔥 Spatial Consistency:    0.0023
2025-12-27 22:50:14,940 [INFO]   GIB Keep Rate:            0.900
2025-12-27 22:50:14,940 [INFO]   GIB Avg Prob:             0.799
2025-12-27 22:50:14,940 [INFO]   Dispersion (θ):           52.199 ± 1.355
2025-12-27 22:50:14,940 [INFO]   Learning Rate:             0.000232
2025-12-27 22:50:15,285 [INFO] 
================================================================================
2025-12-27 22:50:15,286 [INFO] Epoch 159/300 (0.05s)
2025-12-27 22:50:15,286 [INFO] ================================================================================
2025-12-27 22:50:15,286 [INFO]   Total Loss:                1826.5205
2025-12-27 22:50:15,286 [INFO]   Recon Loss (Total):       1777.8771
2025-12-27 22:50:15,286 [INFO]     - Anchor:               1184.9332
2025-12-27 22:50:15,286 [INFO]     - Learner:              1185.8877
2025-12-27 22:50:15,286 [INFO]   🔥 GIB Sparsity Loss:     0.7986
2025-12-27 22:50:15,286 [INFO]   🔥 Contrastive Loss:      28.6116
2025-12-27 22:50:15,286 [INFO]   🔥 Prototype Loss:        19.9095
2025-12-27 22:50:15,286 [INFO]     - Spot-to-Prototype:     0.7964
2025-12-27 22:50:15,286 [INFO]     - Compactness:          0.0000
2025-12-27 22:50:15,286 [INFO]     - Dispersion:           0.0000
2025-12-27 22:50:15,286 [INFO]   🔥 Spatial Consistency:    0.0024
2025-12-27 22:50:15,286 [INFO]   GIB Keep Rate:            0.898
2025-12-27 22:50:15,286 [INFO]   GIB Avg Prob:             0.799
2025-12-27 22:50:15,286 [INFO]   Dispersion (θ):           52.183 ± 1.361
2025-12-27 22:50:15,286 [INFO]   Learning Rate:             0.000229
2025-12-27 22:50:15,663 [INFO] 
================================================================================
2025-12-27 22:50:15,663 [INFO] Epoch 160/300 (0.05s)
2025-12-27 22:50:15,663 [INFO] ================================================================================
2025-12-27 22:50:15,663 [INFO]   Total Loss:                1826.9701
2025-12-27 22:50:15,663 [INFO]   Recon Loss (Total):       1778.1298
2025-12-27 22:50:15,664 [INFO]     - Anchor:               1185.0197
2025-12-27 22:50:15,664 [INFO]     - Learner:              1186.2202
2025-12-27 22:50:15,664 [INFO]   🔥 GIB Sparsity Loss:     0.7976
2025-12-27 22:50:15,664 [INFO]   🔥 Contrastive Loss:      28.8132
2025-12-27 22:50:15,664 [INFO]   🔥 Prototype Loss:        19.9052
2025-12-27 22:50:15,664 [INFO]     - Spot-to-Prototype:     0.7962
2025-12-27 22:50:15,664 [INFO]     - Compactness:          0.0000
2025-12-27 22:50:15,664 [INFO]     - Dispersion:           0.0000
2025-12-27 22:50:15,664 [INFO]   🔥 Spatial Consistency:    0.0025
2025-12-27 22:50:15,664 [INFO]   GIB Keep Rate:            0.897
2025-12-27 22:50:15,664 [INFO]   GIB Avg Prob:             0.798
2025-12-27 22:50:15,664 [INFO]   Dispersion (θ):           52.166 ± 1.366
2025-12-27 22:50:15,664 [INFO]   Learning Rate:             0.000227
2025-12-27 22:50:15,701 [INFO] 
================================================================================
2025-12-27 22:50:15,701 [INFO] Epoch 161/300 (0.04s)
2025-12-27 22:50:15,701 [INFO] ================================================================================
2025-12-27 22:50:15,701 [INFO]   Total Loss:                1826.2799
2025-12-27 22:50:15,701 [INFO]   Recon Loss (Total):       1777.4846
2025-12-27 22:50:15,701 [INFO]     - Anchor:               1184.4225
2025-12-27 22:50:15,701 [INFO]     - Learner:              1186.1244
2025-12-27 22:50:15,702 [INFO]   🔥 GIB Sparsity Loss:     0.7971
2025-12-27 22:50:15,702 [INFO]   🔥 Contrastive Loss:      28.7372
2025-12-27 22:50:15,702 [INFO]   🔥 Prototype Loss:        19.9360
2025-12-27 22:50:15,702 [INFO]     - Spot-to-Prototype:     0.7974
2025-12-27 22:50:15,702 [INFO]     - Compactness:          0.0000
2025-12-27 22:50:15,702 [INFO]     - Dispersion:           0.0000
2025-12-27 22:50:15,702 [INFO]   🔥 Spatial Consistency:    0.0024
2025-12-27 22:50:15,702 [INFO]   GIB Keep Rate:            0.897
2025-12-27 22:50:15,702 [INFO]   GIB Avg Prob:             0.797
2025-12-27 22:50:15,702 [INFO]   Dispersion (θ):           52.151 ± 1.372
2025-12-27 22:50:15,702 [INFO]   Learning Rate:             0.000224
2025-12-27 22:50:16,064 [INFO] 
================================================================================
2025-12-27 22:50:16,064 [INFO] Epoch 162/300 (0.05s)
2025-12-27 22:50:16,064 [INFO] ================================================================================
2025-12-27 22:50:16,064 [INFO]   Total Loss:                1825.8434
2025-12-27 22:50:16,064 [INFO]   Recon Loss (Total):       1777.2623
2025-12-27 22:50:16,064 [INFO]     - Anchor:               1184.4860
2025-12-27 22:50:16,064 [INFO]     - Learner:              1185.5527
2025-12-27 22:50:16,064 [INFO]   🔥 GIB Sparsity Loss:     0.7965
2025-12-27 22:50:16,064 [INFO]   🔥 Contrastive Loss:      28.5341
2025-12-27 22:50:16,064 [INFO]   🔥 Prototype Loss:        19.9251
2025-12-27 22:50:16,064 [INFO]     - Spot-to-Prototype:     0.7970
2025-12-27 22:50:16,064 [INFO]     - Compactness:          0.0000
2025-12-27 22:50:16,064 [INFO]     - Dispersion:           0.0000
2025-12-27 22:50:16,065 [INFO]   🔥 Spatial Consistency:    0.0024
2025-12-27 22:50:16,065 [INFO]   GIB Keep Rate:            0.896
2025-12-27 22:50:16,065 [INFO]   GIB Avg Prob:             0.796
2025-12-27 22:50:16,065 [INFO]   Dispersion (θ):           52.135 ± 1.378
2025-12-27 22:50:16,065 [INFO]   Learning Rate:             0.000221
2025-12-27 22:50:16,473 [INFO] 
================================================================================
2025-12-27 22:50:16,473 [INFO] Epoch 163/300 (0.05s)
2025-12-27 22:50:16,473 [INFO] ================================================================================
2025-12-27 22:50:16,473 [INFO]   Total Loss:                1826.2285
2025-12-27 22:50:16,473 [INFO]   Recon Loss (Total):       1777.5908
2025-12-27 22:50:16,473 [INFO]     - Anchor:               1184.7010
2025-12-27 22:50:16,473 [INFO]     - Learner:              1185.7795
2025-12-27 22:50:16,473 [INFO]   🔥 GIB Sparsity Loss:     0.7961
2025-12-27 22:50:16,473 [INFO]   🔥 Contrastive Loss:      28.6263
2025-12-27 22:50:16,473 [INFO]   🔥 Prototype Loss:        19.8896
2025-12-27 22:50:16,473 [INFO]     - Spot-to-Prototype:     0.7956
2025-12-27 22:50:16,473 [INFO]     - Compactness:          0.0000
2025-12-27 22:50:16,473 [INFO]     - Dispersion:           0.0000
2025-12-27 22:50:16,473 [INFO]   🔥 Spatial Consistency:    0.0024
2025-12-27 22:50:16,474 [INFO]   GIB Keep Rate:            0.896
2025-12-27 22:50:16,474 [INFO]   GIB Avg Prob:             0.796
2025-12-27 22:50:16,474 [INFO]   Dispersion (θ):           52.120 ± 1.383
2025-12-27 22:50:16,474 [INFO]   Learning Rate:             0.000219
2025-12-27 22:50:16,513 [INFO] 
================================================================================
2025-12-27 22:50:16,513 [INFO] Epoch 164/300 (0.04s)
2025-12-27 22:50:16,513 [INFO] ================================================================================
2025-12-27 22:50:16,514 [INFO]   Total Loss:                1825.5017
2025-12-27 22:50:16,514 [INFO]   Recon Loss (Total):       1777.0498
2025-12-27 22:50:16,514 [INFO]     - Anchor:               1184.2689
2025-12-27 22:50:16,514 [INFO]     - Learner:              1185.5619
2025-12-27 22:50:16,514 [INFO]   🔥 GIB Sparsity Loss:     0.7956
2025-12-27 22:50:16,514 [INFO]   🔥 Contrastive Loss:      28.4244
2025-12-27 22:50:16,514 [INFO]   🔥 Prototype Loss:        19.9056
2025-12-27 22:50:16,514 [INFO]     - Spot-to-Prototype:     0.7962
2025-12-27 22:50:16,514 [INFO]     - Compactness:          0.0000
2025-12-27 22:50:16,514 [INFO]     - Dispersion:           0.0000
2025-12-27 22:50:16,514 [INFO]   🔥 Spatial Consistency:    0.0024
2025-12-27 22:50:16,514 [INFO]   GIB Keep Rate:            0.894
2025-12-27 22:50:16,514 [INFO]   GIB Avg Prob:             0.796
2025-12-27 22:50:16,514 [INFO]   Dispersion (θ):           52.105 ± 1.388
2025-12-27 22:50:16,514 [INFO]   Learning Rate:             0.000216
2025-12-27 22:50:16,894 [INFO] 
================================================================================
2025-12-27 22:50:16,895 [INFO] Epoch 165/300 (0.05s)
2025-12-27 22:50:16,895 [INFO] ================================================================================
2025-12-27 22:50:16,895 [INFO]   Total Loss:                1825.3425
2025-12-27 22:50:16,895 [INFO]   Recon Loss (Total):       1776.7404
2025-12-27 22:50:16,895 [INFO]     - Anchor:               1184.1458
2025-12-27 22:50:16,895 [INFO]     - Learner:              1185.1892
2025-12-27 22:50:16,895 [INFO]   🔥 GIB Sparsity Loss:     0.7957
2025-12-27 22:50:16,895 [INFO]   🔥 Contrastive Loss:      28.5656
2025-12-27 22:50:16,895 [INFO]   🔥 Prototype Loss:        19.9147
2025-12-27 22:50:16,895 [INFO]     - Spot-to-Prototype:     0.7966
2025-12-27 22:50:16,895 [INFO]     - Compactness:          0.0000
2025-12-27 22:50:16,895 [INFO]     - Dispersion:           0.0000
2025-12-27 22:50:16,895 [INFO]   🔥 Spatial Consistency:    0.0024
2025-12-27 22:50:16,895 [INFO]   GIB Keep Rate:            0.895
2025-12-27 22:50:16,895 [INFO]   GIB Avg Prob:             0.796
2025-12-27 22:50:16,895 [INFO]   Dispersion (θ):           52.091 ± 1.394
2025-12-27 22:50:16,895 [INFO]   Learning Rate:             0.000214
2025-12-27 22:50:17,278 [INFO] 
================================================================================
2025-12-27 22:50:17,278 [INFO] Epoch 166/300 (0.05s)
2025-12-27 22:50:17,278 [INFO] ================================================================================
2025-12-27 22:50:17,279 [INFO]   Total Loss:                1824.9153
2025-12-27 22:50:17,279 [INFO]   Recon Loss (Total):       1776.4779
2025-12-27 22:50:17,279 [INFO]     - Anchor:               1184.0151
2025-12-27 22:50:17,279 [INFO]     - Learner:              1184.9255
2025-12-27 22:50:17,279 [INFO]   🔥 GIB Sparsity Loss:     0.7954
2025-12-27 22:50:17,279 [INFO]   🔥 Contrastive Loss:      28.3824
2025-12-27 22:50:17,279 [INFO]   🔥 Prototype Loss:        19.9333
2025-12-27 22:50:17,279 [INFO]     - Spot-to-Prototype:     0.7973
2025-12-27 22:50:17,279 [INFO]     - Compactness:          0.0000
2025-12-27 22:50:17,279 [INFO]     - Dispersion:           0.0000
2025-12-27 22:50:17,279 [INFO]   🔥 Spatial Consistency:    0.0024
2025-12-27 22:50:17,279 [INFO]   GIB Keep Rate:            0.896
2025-12-27 22:50:17,279 [INFO]   GIB Avg Prob:             0.795
2025-12-27 22:50:17,279 [INFO]   Dispersion (θ):           52.076 ± 1.399
2025-12-27 22:50:17,279 [INFO]   Learning Rate:             0.000211
2025-12-27 22:50:17,661 [INFO] 
================================================================================
2025-12-27 22:50:17,662 [INFO] Epoch 167/300 (0.05s)
2025-12-27 22:50:17,662 [INFO] ================================================================================
2025-12-27 22:50:17,662 [INFO]   Total Loss:                1824.5569
2025-12-27 22:50:17,662 [INFO]   Recon Loss (Total):       1776.2792
2025-12-27 22:50:17,662 [INFO]     - Anchor:               1183.7181
2025-12-27 22:50:17,662 [INFO]     - Learner:              1185.1221
2025-12-27 22:50:17,662 [INFO]   🔥 GIB Sparsity Loss:     0.7951
2025-12-27 22:50:17,662 [INFO]   🔥 Contrastive Loss:      28.2127
2025-12-27 22:50:17,662 [INFO]   🔥 Prototype Loss:        19.9433
2025-12-27 22:50:17,662 [INFO]     - Spot-to-Prototype:     0.7977
2025-12-27 22:50:17,662 [INFO]     - Compactness:          0.0000
2025-12-27 22:50:17,662 [INFO]     - Dispersion:           0.0000
2025-12-27 22:50:17,662 [INFO]   🔥 Spatial Consistency:    0.0025
2025-12-27 22:50:17,662 [INFO]   GIB Keep Rate:            0.894
2025-12-27 22:50:17,662 [INFO]   GIB Avg Prob:             0.795
2025-12-27 22:50:17,662 [INFO]   Dispersion (θ):           52.062 ± 1.404
2025-12-27 22:50:17,663 [INFO]   Learning Rate:             0.000209
2025-12-27 22:50:18,072 [INFO] 
================================================================================
2025-12-27 22:50:18,072 [INFO] Epoch 168/300 (0.05s)
2025-12-27 22:50:18,072 [INFO] ================================================================================
2025-12-27 22:50:18,072 [INFO]   Total Loss:                1824.4355
2025-12-27 22:50:18,072 [INFO]   Recon Loss (Total):       1776.1780
2025-12-27 22:50:18,072 [INFO]     - Anchor:               1183.7982
2025-12-27 22:50:18,073 [INFO]     - Learner:              1184.7596
2025-12-27 22:50:18,073 [INFO]   🔥 GIB Sparsity Loss:     0.7946
2025-12-27 22:50:18,073 [INFO]   🔥 Contrastive Loss:      28.1964
2025-12-27 22:50:18,073 [INFO]   🔥 Prototype Loss:        19.9396
2025-12-27 22:50:18,073 [INFO]     - Spot-to-Prototype:     0.7976
2025-12-27 22:50:18,073 [INFO]     - Compactness:          0.0000
2025-12-27 22:50:18,073 [INFO]     - Dispersion:           0.0000
2025-12-27 22:50:18,073 [INFO]   🔥 Spatial Consistency:    0.0024
2025-12-27 22:50:18,073 [INFO]   GIB Keep Rate:            0.894
2025-12-27 22:50:18,073 [INFO]   GIB Avg Prob:             0.795
2025-12-27 22:50:18,073 [INFO]   Dispersion (θ):           52.048 ± 1.409
2025-12-27 22:50:18,073 [INFO]   Learning Rate:             0.000206
2025-12-27 22:50:18,479 [INFO] 
================================================================================
2025-12-27 22:50:18,479 [INFO] Epoch 169/300 (0.05s)
2025-12-27 22:50:18,479 [INFO] ================================================================================
2025-12-27 22:50:18,479 [INFO]   Total Loss:                1824.2678
2025-12-27 22:50:18,479 [INFO]   Recon Loss (Total):       1776.0146
2025-12-27 22:50:18,479 [INFO]     - Anchor:               1183.4307
2025-12-27 22:50:18,479 [INFO]     - Learner:              1185.1680
2025-12-27 22:50:18,479 [INFO]   🔥 GIB Sparsity Loss:     0.7941
2025-12-27 22:50:18,479 [INFO]   🔥 Contrastive Loss:      28.2346
2025-12-27 22:50:18,480 [INFO]   🔥 Prototype Loss:        19.8970
2025-12-27 22:50:18,480 [INFO]     - Spot-to-Prototype:     0.7959
2025-12-27 22:50:18,480 [INFO]     - Compactness:          0.0000
2025-12-27 22:50:18,480 [INFO]     - Dispersion:           0.0000
2025-12-27 22:50:18,480 [INFO]   🔥 Spatial Consistency:    0.0024
2025-12-27 22:50:18,480 [INFO]   GIB Keep Rate:            0.892
2025-12-27 22:50:18,480 [INFO]   GIB Avg Prob:             0.794
2025-12-27 22:50:18,480 [INFO]   Dispersion (θ):           52.034 ± 1.414
2025-12-27 22:50:18,480 [INFO]   Learning Rate:             0.000204
2025-12-27 22:50:18,866 [INFO] 
================================================================================
2025-12-27 22:50:18,866 [INFO] Epoch 170/300 (0.05s)
2025-12-27 22:50:18,866 [INFO] ================================================================================
2025-12-27 22:50:18,866 [INFO]   Total Loss:                1823.9429
2025-12-27 22:50:18,866 [INFO]   Recon Loss (Total):       1775.9434
2025-12-27 22:50:18,866 [INFO]     - Anchor:               1183.5349
2025-12-27 22:50:18,866 [INFO]     - Learner:              1184.8170
2025-12-27 22:50:18,866 [INFO]   🔥 GIB Sparsity Loss:     0.7936
2025-12-27 22:50:18,866 [INFO]   🔥 Contrastive Loss:      28.0080
2025-12-27 22:50:18,866 [INFO]   🔥 Prototype Loss:        19.8700
2025-12-27 22:50:18,866 [INFO]     - Spot-to-Prototype:     0.7948
2025-12-27 22:50:18,866 [INFO]     - Compactness:          0.0000
2025-12-27 22:50:18,866 [INFO]     - Dispersion:           0.0000
2025-12-27 22:50:18,866 [INFO]   🔥 Spatial Consistency:    0.0024
2025-12-27 22:50:18,866 [INFO]   GIB Keep Rate:            0.892
2025-12-27 22:50:18,867 [INFO]   GIB Avg Prob:             0.794
2025-12-27 22:50:18,867 [INFO]   Dispersion (θ):           52.020 ± 1.419
2025-12-27 22:50:18,867 [INFO]   Learning Rate:             0.000201
2025-12-27 22:50:19,253 [INFO] 
================================================================================
2025-12-27 22:50:19,253 [INFO] Epoch 171/300 (0.05s)
2025-12-27 22:50:19,253 [INFO] ================================================================================
2025-12-27 22:50:19,253 [INFO]   Total Loss:                1823.5111
2025-12-27 22:50:19,253 [INFO]   Recon Loss (Total):       1775.5238
2025-12-27 22:50:19,253 [INFO]     - Anchor:               1183.2043
2025-12-27 22:50:19,253 [INFO]     - Learner:              1184.6389
2025-12-27 22:50:19,253 [INFO]   🔥 GIB Sparsity Loss:     0.7924
2025-12-27 22:50:19,253 [INFO]   🔥 Contrastive Loss:      27.9301
2025-12-27 22:50:19,253 [INFO]   🔥 Prototype Loss:        19.9359
2025-12-27 22:50:19,253 [INFO]     - Spot-to-Prototype:     0.7974
2025-12-27 22:50:19,253 [INFO]     - Compactness:          0.0000
2025-12-27 22:50:19,254 [INFO]     - Dispersion:           0.0000
2025-12-27 22:50:19,254 [INFO]   🔥 Spatial Consistency:    0.0024
2025-12-27 22:50:19,254 [INFO]   GIB Keep Rate:            0.890
2025-12-27 22:50:19,254 [INFO]   GIB Avg Prob:             0.792
2025-12-27 22:50:19,254 [INFO]   Dispersion (θ):           52.006 ± 1.424
2025-12-27 22:50:19,254 [INFO]   Learning Rate:             0.000199
2025-12-27 22:50:19,643 [INFO] 
================================================================================
2025-12-27 22:50:19,643 [INFO] Epoch 172/300 (0.05s)
2025-12-27 22:50:19,643 [INFO] ================================================================================
2025-12-27 22:50:19,643 [INFO]   Total Loss:                1823.3337
2025-12-27 22:50:19,643 [INFO]   Recon Loss (Total):       1775.3982
2025-12-27 22:50:19,643 [INFO]     - Anchor:               1183.0382
2025-12-27 22:50:19,643 [INFO]     - Learner:              1184.7201
2025-12-27 22:50:19,643 [INFO]   🔥 GIB Sparsity Loss:     0.7922
2025-12-27 22:50:19,643 [INFO]   🔥 Contrastive Loss:      27.9556
2025-12-27 22:50:19,643 [INFO]   🔥 Prototype Loss:        19.8587
2025-12-27 22:50:19,644 [INFO]     - Spot-to-Prototype:     0.7943
2025-12-27 22:50:19,644 [INFO]     - Compactness:          0.0000
2025-12-27 22:50:19,644 [INFO]     - Dispersion:           0.0000
2025-12-27 22:50:19,644 [INFO]   🔥 Spatial Consistency:    0.0024
2025-12-27 22:50:19,644 [INFO]   GIB Keep Rate:            0.891
2025-12-27 22:50:19,644 [INFO]   GIB Avg Prob:             0.792
2025-12-27 22:50:19,644 [INFO]   Dispersion (θ):           51.992 ± 1.429
2025-12-27 22:50:19,644 [INFO]   Learning Rate:             0.000196
2025-12-27 22:50:20,044 [INFO] 
================================================================================
2025-12-27 22:50:20,044 [INFO] Epoch 173/300 (0.05s)
2025-12-27 22:50:20,044 [INFO] ================================================================================
2025-12-27 22:50:20,044 [INFO]   Total Loss:                1822.9906
2025-12-27 22:50:20,044 [INFO]   Recon Loss (Total):       1775.1587
2025-12-27 22:50:20,044 [INFO]     - Anchor:               1183.1328
2025-12-27 22:50:20,044 [INFO]     - Learner:              1184.0518
2025-12-27 22:50:20,044 [INFO]   🔥 GIB Sparsity Loss:     0.7913
2025-12-27 22:50:20,044 [INFO]   🔥 Contrastive Loss:      27.8502
2025-12-27 22:50:20,044 [INFO]   🔥 Prototype Loss:        19.8606
2025-12-27 22:50:20,044 [INFO]     - Spot-to-Prototype:     0.7944
2025-12-27 22:50:20,044 [INFO]     - Compactness:          0.0000
2025-12-27 22:50:20,044 [INFO]     - Dispersion:           0.0000
2025-12-27 22:50:20,045 [INFO]   🔥 Spatial Consistency:    0.0024
2025-12-27 22:50:20,045 [INFO]   GIB Keep Rate:            0.889
2025-12-27 22:50:20,045 [INFO]   GIB Avg Prob:             0.791
2025-12-27 22:50:20,045 [INFO]   Dispersion (θ):           51.978 ± 1.434
2025-12-27 22:50:20,045 [INFO]   Learning Rate:             0.000193
2025-12-27 22:50:20,473 [INFO] 
================================================================================
2025-12-27 22:50:20,473 [INFO] Epoch 174/300 (0.05s)
2025-12-27 22:50:20,473 [INFO] ================================================================================
2025-12-27 22:50:20,473 [INFO]   Total Loss:                1822.5045
2025-12-27 22:50:20,473 [INFO]   Recon Loss (Total):       1774.8699
2025-12-27 22:50:20,474 [INFO]     - Anchor:               1182.7931
2025-12-27 22:50:20,474 [INFO]     - Learner:              1184.1534
2025-12-27 22:50:20,474 [INFO]   🔥 GIB Sparsity Loss:     0.7901
2025-12-27 22:50:20,474 [INFO]   🔥 Contrastive Loss:      27.6644
2025-12-27 22:50:20,474 [INFO]   🔥 Prototype Loss:        19.8494
2025-12-27 22:50:20,474 [INFO]     - Spot-to-Prototype:     0.7940
2025-12-27 22:50:20,474 [INFO]     - Compactness:          0.0000
2025-12-27 22:50:20,474 [INFO]     - Dispersion:           0.0000
2025-12-27 22:50:20,474 [INFO]   🔥 Spatial Consistency:    0.0023
2025-12-27 22:50:20,474 [INFO]   GIB Keep Rate:            0.887
2025-12-27 22:50:20,474 [INFO]   GIB Avg Prob:             0.790
2025-12-27 22:50:20,474 [INFO]   Dispersion (θ):           51.964 ± 1.439
2025-12-27 22:50:20,474 [INFO]   Learning Rate:             0.000191
2025-12-27 22:50:20,837 [INFO] 
================================================================================
2025-12-27 22:50:20,838 [INFO] Epoch 175/300 (0.05s)
2025-12-27 22:50:20,838 [INFO] ================================================================================
2025-12-27 22:50:20,838 [INFO]   Total Loss:                1822.1273
2025-12-27 22:50:20,838 [INFO]   Recon Loss (Total):       1774.4207
2025-12-27 22:50:20,838 [INFO]     - Anchor:               1182.4098
2025-12-27 22:50:20,838 [INFO]     - Learner:              1184.0217
2025-12-27 22:50:20,838 [INFO]   🔥 GIB Sparsity Loss:     0.7897
2025-12-27 22:50:20,838 [INFO]   🔥 Contrastive Loss:      27.7531
2025-12-27 22:50:20,838 [INFO]   🔥 Prototype Loss:        19.8328
2025-12-27 22:50:20,838 [INFO]     - Spot-to-Prototype:     0.7933
2025-12-27 22:50:20,838 [INFO]     - Compactness:          0.0000
2025-12-27 22:50:20,838 [INFO]     - Dispersion:           0.0000
2025-12-27 22:50:20,838 [INFO]   🔥 Spatial Consistency:    0.0024
2025-12-27 22:50:20,838 [INFO]   GIB Keep Rate:            0.887
2025-12-27 22:50:20,838 [INFO]   GIB Avg Prob:             0.790
2025-12-27 22:50:20,839 [INFO]   Dispersion (θ):           51.950 ± 1.443
2025-12-27 22:50:20,839 [INFO]   Learning Rate:             0.000188
2025-12-27 22:50:21,266 [INFO] 
================================================================================
2025-12-27 22:50:21,266 [INFO] Epoch 176/300 (0.05s)
2025-12-27 22:50:21,266 [INFO] ================================================================================
2025-12-27 22:50:21,267 [INFO]   Total Loss:                1822.0018
2025-12-27 22:50:21,267 [INFO]   Recon Loss (Total):       1774.4910
2025-12-27 22:50:21,267 [INFO]     - Anchor:               1182.5986
2025-12-27 22:50:21,267 [INFO]     - Learner:              1183.7847
2025-12-27 22:50:21,267 [INFO]   🔥 GIB Sparsity Loss:     0.7891
2025-12-27 22:50:21,267 [INFO]   🔥 Contrastive Loss:      27.5751
2025-12-27 22:50:21,267 [INFO]   🔥 Prototype Loss:        19.8148
2025-12-27 22:50:21,267 [INFO]     - Spot-to-Prototype:     0.7926
2025-12-27 22:50:21,267 [INFO]     - Compactness:          0.0000
2025-12-27 22:50:21,267 [INFO]     - Dispersion:           0.0000
2025-12-27 22:50:21,267 [INFO]   🔥 Spatial Consistency:    0.0025
2025-12-27 22:50:21,267 [INFO]   GIB Keep Rate:            0.887
2025-12-27 22:50:21,267 [INFO]   GIB Avg Prob:             0.789
2025-12-27 22:50:21,267 [INFO]   Dispersion (θ):           51.936 ± 1.448
2025-12-27 22:50:21,267 [INFO]   Learning Rate:             0.000186
2025-12-27 22:50:21,724 [INFO] 
================================================================================
2025-12-27 22:50:21,725 [INFO] Epoch 177/300 (0.05s)
2025-12-27 22:50:21,725 [INFO] ================================================================================
2025-12-27 22:50:21,725 [INFO]   Total Loss:                1821.9475
2025-12-27 22:50:21,725 [INFO]   Recon Loss (Total):       1774.3595
2025-12-27 22:50:21,725 [INFO]     - Anchor:               1182.3105
2025-12-27 22:50:21,725 [INFO]     - Learner:              1184.0979
2025-12-27 22:50:21,725 [INFO]   🔥 GIB Sparsity Loss:     0.7891
2025-12-27 22:50:21,725 [INFO]   🔥 Contrastive Loss:      27.6805
2025-12-27 22:50:21,725 [INFO]   🔥 Prototype Loss:        19.7866
2025-12-27 22:50:21,725 [INFO]     - Spot-to-Prototype:     0.7915
2025-12-27 22:50:21,725 [INFO]     - Compactness:          0.0000
2025-12-27 22:50:21,725 [INFO]     - Dispersion:           0.0000
2025-12-27 22:50:21,725 [INFO]   🔥 Spatial Consistency:    0.0025
2025-12-27 22:50:21,725 [INFO]   GIB Keep Rate:            0.888
2025-12-27 22:50:21,725 [INFO]   GIB Avg Prob:             0.789
2025-12-27 22:50:21,725 [INFO]   Dispersion (θ):           51.923 ± 1.453
2025-12-27 22:50:21,725 [INFO]   Learning Rate:             0.000183
2025-12-27 22:50:22,151 [INFO] 
================================================================================
2025-12-27 22:50:22,152 [INFO] Epoch 178/300 (0.05s)
2025-12-27 22:50:22,152 [INFO] ================================================================================
2025-12-27 22:50:22,152 [INFO]   Total Loss:                1821.6327
2025-12-27 22:50:22,152 [INFO]   Recon Loss (Total):       1774.2137
2025-12-27 22:50:22,152 [INFO]     - Anchor:               1182.3971
2025-12-27 22:50:22,152 [INFO]     - Learner:              1183.6333
2025-12-27 22:50:22,152 [INFO]   🔥 GIB Sparsity Loss:     0.7887
2025-12-27 22:50:22,152 [INFO]   🔥 Contrastive Loss:      27.4925
2025-12-27 22:50:22,152 [INFO]   🔥 Prototype Loss:        19.8058
2025-12-27 22:50:22,152 [INFO]     - Spot-to-Prototype:     0.7922
2025-12-27 22:50:22,152 [INFO]     - Compactness:          0.0000
2025-12-27 22:50:22,152 [INFO]     - Dispersion:           0.0000
2025-12-27 22:50:22,152 [INFO]   🔥 Spatial Consistency:    0.0024
2025-12-27 22:50:22,152 [INFO]   GIB Keep Rate:            0.886
2025-12-27 22:50:22,152 [INFO]   GIB Avg Prob:             0.789
2025-12-27 22:50:22,152 [INFO]   Dispersion (θ):           51.910 ± 1.457
2025-12-27 22:50:22,152 [INFO]   Learning Rate:             0.000181
2025-12-27 22:50:22,534 [INFO] 
================================================================================
2025-12-27 22:50:22,534 [INFO] Epoch 179/300 (0.05s)
2025-12-27 22:50:22,534 [INFO] ================================================================================
2025-12-27 22:50:22,534 [INFO]   Total Loss:                1821.2288
2025-12-27 22:50:22,534 [INFO]   Recon Loss (Total):       1773.9084
2025-12-27 22:50:22,534 [INFO]     - Anchor:               1182.2039
2025-12-27 22:50:22,534 [INFO]     - Learner:              1183.4092
2025-12-27 22:50:22,534 [INFO]   🔥 GIB Sparsity Loss:     0.7889
2025-12-27 22:50:22,534 [INFO]   🔥 Contrastive Loss:      27.3909
2025-12-27 22:50:22,534 [INFO]   🔥 Prototype Loss:        19.8087
2025-12-27 22:50:22,535 [INFO]     - Spot-to-Prototype:     0.7923
2025-12-27 22:50:22,535 [INFO]     - Compactness:          0.0000
2025-12-27 22:50:22,535 [INFO]     - Dispersion:           0.0000
2025-12-27 22:50:22,535 [INFO]   🔥 Spatial Consistency:    0.0025
2025-12-27 22:50:22,535 [INFO]   GIB Keep Rate:            0.886
2025-12-27 22:50:22,535 [INFO]   GIB Avg Prob:             0.789
2025-12-27 22:50:22,535 [INFO]   Dispersion (θ):           51.897 ± 1.462
2025-12-27 22:50:22,535 [INFO]   Learning Rate:             0.000178
2025-12-27 22:50:22,935 [INFO] 
================================================================================
2025-12-27 22:50:22,935 [INFO] Epoch 180/300 (0.05s)
2025-12-27 22:50:22,935 [INFO] ================================================================================
2025-12-27 22:50:22,935 [INFO]   Total Loss:                1820.9354
2025-12-27 22:50:22,935 [INFO]   Recon Loss (Total):       1773.7869
2025-12-27 22:50:22,935 [INFO]     - Anchor:               1182.2559
2025-12-27 22:50:22,935 [INFO]     - Learner:              1183.0621
2025-12-27 22:50:22,935 [INFO]   🔥 GIB Sparsity Loss:     0.7887
2025-12-27 22:50:22,935 [INFO]   🔥 Contrastive Loss:      27.2750
2025-12-27 22:50:22,935 [INFO]   🔥 Prototype Loss:        19.7527
2025-12-27 22:50:22,935 [INFO]     - Spot-to-Prototype:     0.7901
2025-12-27 22:50:22,935 [INFO]     - Compactness:          0.0000
2025-12-27 22:50:22,936 [INFO]     - Dispersion:           0.0000
2025-12-27 22:50:22,936 [INFO]   🔥 Spatial Consistency:    0.0024
2025-12-27 22:50:22,936 [INFO]   GIB Keep Rate:            0.885
2025-12-27 22:50:22,936 [INFO]   GIB Avg Prob:             0.789
2025-12-27 22:50:22,936 [INFO]   Dispersion (θ):           51.884 ± 1.466
2025-12-27 22:50:22,936 [INFO]   Learning Rate:             0.000176
2025-12-27 22:50:23,359 [INFO] 
================================================================================
2025-12-27 22:50:23,359 [INFO] Epoch 181/300 (0.05s)
2025-12-27 22:50:23,359 [INFO] ================================================================================
2025-12-27 22:50:23,359 [INFO]   Total Loss:                1821.0511
2025-12-27 22:50:23,359 [INFO]   Recon Loss (Total):       1773.7527
2025-12-27 22:50:23,359 [INFO]     - Anchor:               1182.1594
2025-12-27 22:50:23,359 [INFO]     - Learner:              1183.1866
2025-12-27 22:50:23,359 [INFO]   🔥 GIB Sparsity Loss:     0.7891
2025-12-27 22:50:23,359 [INFO]   🔥 Contrastive Loss:      27.4128
2025-12-27 22:50:23,359 [INFO]   🔥 Prototype Loss:        19.7647
2025-12-27 22:50:23,359 [INFO]     - Spot-to-Prototype:     0.7906
2025-12-27 22:50:23,360 [INFO]     - Compactness:          0.0000
2025-12-27 22:50:23,360 [INFO]     - Dispersion:           0.0000
2025-12-27 22:50:23,360 [INFO]   🔥 Spatial Consistency:    0.0024
2025-12-27 22:50:23,360 [INFO]   GIB Keep Rate:            0.886
2025-12-27 22:50:23,360 [INFO]   GIB Avg Prob:             0.789
2025-12-27 22:50:23,360 [INFO]   Dispersion (θ):           51.872 ± 1.470
2025-12-27 22:50:23,360 [INFO]   Learning Rate:             0.000174
2025-12-27 22:50:23,397 [INFO] 
================================================================================
2025-12-27 22:50:23,398 [INFO] Epoch 182/300 (0.04s)
2025-12-27 22:50:23,398 [INFO] ================================================================================
2025-12-27 22:50:23,398 [INFO]   Total Loss:                1820.8079
2025-12-27 22:50:23,398 [INFO]   Recon Loss (Total):       1773.5431
2025-12-27 22:50:23,398 [INFO]     - Anchor:               1181.8386
2025-12-27 22:50:23,398 [INFO]     - Learner:              1183.4089
2025-12-27 22:50:23,398 [INFO]   🔥 GIB Sparsity Loss:     0.7894
2025-12-27 22:50:23,398 [INFO]   🔥 Contrastive Loss:      27.4270
2025-12-27 22:50:23,398 [INFO]   🔥 Prototype Loss:        19.7170
2025-12-27 22:50:23,398 [INFO]     - Spot-to-Prototype:     0.7887
2025-12-27 22:50:23,398 [INFO]     - Compactness:          0.0000
2025-12-27 22:50:23,398 [INFO]     - Dispersion:           0.0000
2025-12-27 22:50:23,398 [INFO]   🔥 Spatial Consistency:    0.0025
2025-12-27 22:50:23,398 [INFO]   GIB Keep Rate:            0.886
2025-12-27 22:50:23,398 [INFO]   GIB Avg Prob:             0.789
2025-12-27 22:50:23,398 [INFO]   Dispersion (θ):           51.860 ± 1.474
2025-12-27 22:50:23,398 [INFO]   Learning Rate:             0.000171
2025-12-27 22:50:23,847 [INFO] 
================================================================================
2025-12-27 22:50:23,847 [INFO] Epoch 183/300 (0.05s)
2025-12-27 22:50:23,847 [INFO] ================================================================================
2025-12-27 22:50:23,847 [INFO]   Total Loss:                1820.2483
2025-12-27 22:50:23,847 [INFO]   Recon Loss (Total):       1773.1206
2025-12-27 22:50:23,847 [INFO]     - Anchor:               1181.5496
2025-12-27 22:50:23,847 [INFO]     - Learner:              1183.1421
2025-12-27 22:50:23,847 [INFO]   🔥 GIB Sparsity Loss:     0.7893
2025-12-27 22:50:23,848 [INFO]   🔥 Contrastive Loss:      27.2805
2025-12-27 22:50:23,848 [INFO]   🔥 Prototype Loss:        19.7263
2025-12-27 22:50:23,848 [INFO]     - Spot-to-Prototype:     0.7891
2025-12-27 22:50:23,848 [INFO]     - Compactness:          0.0000
2025-12-27 22:50:23,848 [INFO]     - Dispersion:           0.0000
2025-12-27 22:50:23,848 [INFO]   🔥 Spatial Consistency:    0.0024
2025-12-27 22:50:23,848 [INFO]   GIB Keep Rate:            0.887
2025-12-27 22:50:23,848 [INFO]   GIB Avg Prob:             0.789
2025-12-27 22:50:23,848 [INFO]   Dispersion (θ):           51.847 ± 1.479
2025-12-27 22:50:23,848 [INFO]   Learning Rate:             0.000169
2025-12-27 22:50:24,296 [INFO] 
================================================================================
2025-12-27 22:50:24,296 [INFO] Epoch 184/300 (0.05s)
2025-12-27 22:50:24,296 [INFO] ================================================================================
2025-12-27 22:50:24,296 [INFO]   Total Loss:                1820.6677
2025-12-27 22:50:24,296 [INFO]   Recon Loss (Total):       1773.5708
2025-12-27 22:50:24,296 [INFO]     - Anchor:               1181.6777
2025-12-27 22:50:24,296 [INFO]     - Learner:              1183.7861
2025-12-27 22:50:24,296 [INFO]   🔥 GIB Sparsity Loss:     0.7891
2025-12-27 22:50:24,296 [INFO]   🔥 Contrastive Loss:      27.2062
2025-12-27 22:50:24,296 [INFO]   🔥 Prototype Loss:        19.7698
2025-12-27 22:50:24,296 [INFO]     - Spot-to-Prototype:     0.7908
2025-12-27 22:50:24,296 [INFO]     - Compactness:          0.0000
2025-12-27 22:50:24,296 [INFO]     - Dispersion:           0.0000
2025-12-27 22:50:24,296 [INFO]   🔥 Spatial Consistency:    0.0024
2025-12-27 22:50:24,297 [INFO]   GIB Keep Rate:            0.885
2025-12-27 22:50:24,297 [INFO]   GIB Avg Prob:             0.789
2025-12-27 22:50:24,297 [INFO]   Dispersion (θ):           51.835 ± 1.483
2025-12-27 22:50:24,297 [INFO]   Learning Rate:             0.000166
2025-12-27 22:50:24,334 [INFO] 
================================================================================
2025-12-27 22:50:24,335 [INFO] Epoch 185/300 (0.04s)
2025-12-27 22:50:24,335 [INFO] ================================================================================
2025-12-27 22:50:24,335 [INFO]   Total Loss:                1819.8160
2025-12-27 22:50:24,335 [INFO]   Recon Loss (Total):       1772.8503
2025-12-27 22:50:24,335 [INFO]     - Anchor:               1181.2372
2025-12-27 22:50:24,335 [INFO]     - Learner:              1183.2264
2025-12-27 22:50:24,335 [INFO]   🔥 GIB Sparsity Loss:     0.7890
2025-12-27 22:50:24,335 [INFO]   🔥 Contrastive Loss:      27.1352
2025-12-27 22:50:24,335 [INFO]   🔥 Prototype Loss:        19.7096
2025-12-27 22:50:24,335 [INFO]     - Spot-to-Prototype:     0.7884
2025-12-27 22:50:24,335 [INFO]     - Compactness:          0.0000
2025-12-27 22:50:24,335 [INFO]     - Dispersion:           0.0000
2025-12-27 22:50:24,335 [INFO]   🔥 Spatial Consistency:    0.0025
2025-12-27 22:50:24,335 [INFO]   GIB Keep Rate:            0.886
2025-12-27 22:50:24,335 [INFO]   GIB Avg Prob:             0.789
2025-12-27 22:50:24,336 [INFO]   Dispersion (θ):           51.824 ± 1.487
2025-12-27 22:50:24,336 [INFO]   Learning Rate:             0.000164
2025-12-27 22:50:24,699 [INFO] 
================================================================================
2025-12-27 22:50:24,699 [INFO] Epoch 186/300 (0.05s)
2025-12-27 22:50:24,699 [INFO] ================================================================================
2025-12-27 22:50:24,699 [INFO]   Total Loss:                1819.6527
2025-12-27 22:50:24,699 [INFO]   Recon Loss (Total):       1772.7158
2025-12-27 22:50:24,699 [INFO]     - Anchor:               1181.3530
2025-12-27 22:50:24,699 [INFO]     - Learner:              1182.7256
2025-12-27 22:50:24,699 [INFO]   🔥 GIB Sparsity Loss:     0.7885
2025-12-27 22:50:24,699 [INFO]   🔥 Contrastive Loss:      27.1186
2025-12-27 22:50:24,700 [INFO]   🔥 Prototype Loss:        19.6977
2025-12-27 22:50:24,700 [INFO]     - Spot-to-Prototype:     0.7879
2025-12-27 22:50:24,700 [INFO]     - Compactness:          0.0000
2025-12-27 22:50:24,700 [INFO]     - Dispersion:           0.0000
2025-12-27 22:50:24,700 [INFO]   🔥 Spatial Consistency:    0.0023
2025-12-27 22:50:24,700 [INFO]   GIB Keep Rate:            0.884
2025-12-27 22:50:24,700 [INFO]   GIB Avg Prob:             0.789
2025-12-27 22:50:24,700 [INFO]   Dispersion (θ):           51.812 ± 1.491
2025-12-27 22:50:24,700 [INFO]   Learning Rate:             0.000161
2025-12-27 22:50:25,086 [INFO] 
================================================================================
2025-12-27 22:50:25,087 [INFO] Epoch 187/300 (0.05s)
2025-12-27 22:50:25,087 [INFO] ================================================================================
2025-12-27 22:50:25,087 [INFO]   Total Loss:                1819.5027
2025-12-27 22:50:25,087 [INFO]   Recon Loss (Total):       1772.6270
2025-12-27 22:50:25,087 [INFO]     - Anchor:               1181.1783
2025-12-27 22:50:25,087 [INFO]     - Learner:              1182.8971
2025-12-27 22:50:25,087 [INFO]   🔥 GIB Sparsity Loss:     0.7885
2025-12-27 22:50:25,087 [INFO]   🔥 Contrastive Loss:      27.0543
2025-12-27 22:50:25,087 [INFO]   🔥 Prototype Loss:        19.7007
2025-12-27 22:50:25,087 [INFO]     - Spot-to-Prototype:     0.7880
2025-12-27 22:50:25,088 [INFO]     - Compactness:          0.0000
2025-12-27 22:50:25,088 [INFO]     - Dispersion:           0.0000
2025-12-27 22:50:25,088 [INFO]   🔥 Spatial Consistency:    0.0024
2025-12-27 22:50:25,088 [INFO]   GIB Keep Rate:            0.883
2025-12-27 22:50:25,088 [INFO]   GIB Avg Prob:             0.788
2025-12-27 22:50:25,088 [INFO]   Dispersion (θ):           51.800 ± 1.495
2025-12-27 22:50:25,088 [INFO]   Learning Rate:             0.000159
2025-12-27 22:50:25,517 [INFO] 
================================================================================
2025-12-27 22:50:25,517 [INFO] Epoch 188/300 (0.05s)
2025-12-27 22:50:25,518 [INFO] ================================================================================
2025-12-27 22:50:25,518 [INFO]   Total Loss:                1819.4386
2025-12-27 22:50:25,518 [INFO]   Recon Loss (Total):       1772.3069
2025-12-27 22:50:25,518 [INFO]     - Anchor:               1181.0397
2025-12-27 22:50:25,518 [INFO]     - Learner:              1182.5344
2025-12-27 22:50:25,518 [INFO]   🔥 GIB Sparsity Loss:     0.7883
2025-12-27 22:50:25,518 [INFO]   🔥 Contrastive Loss:      27.3111
2025-12-27 22:50:25,518 [INFO]   🔥 Prototype Loss:        19.7000
2025-12-27 22:50:25,518 [INFO]     - Spot-to-Prototype:     0.7880
2025-12-27 22:50:25,518 [INFO]     - Compactness:          0.0000
2025-12-27 22:50:25,518 [INFO]     - Dispersion:           0.0000
2025-12-27 22:50:25,518 [INFO]   🔥 Spatial Consistency:    0.0025
2025-12-27 22:50:25,518 [INFO]   GIB Keep Rate:            0.885
2025-12-27 22:50:25,518 [INFO]   GIB Avg Prob:             0.788
2025-12-27 22:50:25,518 [INFO]   Dispersion (θ):           51.788 ± 1.498
2025-12-27 22:50:25,518 [INFO]   Learning Rate:             0.000157
2025-12-27 22:50:25,899 [INFO] 
================================================================================
2025-12-27 22:50:25,899 [INFO] Epoch 189/300 (0.05s)
2025-12-27 22:50:25,899 [INFO] ================================================================================
2025-12-27 22:50:25,899 [INFO]   Total Loss:                1818.8706
2025-12-27 22:50:25,899 [INFO]   Recon Loss (Total):       1772.0970
2025-12-27 22:50:25,899 [INFO]     - Anchor:               1180.7491
2025-12-27 22:50:25,899 [INFO]     - Learner:              1182.6958
2025-12-27 22:50:25,900 [INFO]   🔥 GIB Sparsity Loss:     0.7877
2025-12-27 22:50:25,900 [INFO]   🔥 Contrastive Loss:      26.9758
2025-12-27 22:50:25,900 [INFO]   🔥 Prototype Loss:        19.6771
2025-12-27 22:50:25,900 [INFO]     - Spot-to-Prototype:     0.7871
2025-12-27 22:50:25,900 [INFO]     - Compactness:          0.0000
2025-12-27 22:50:25,900 [INFO]     - Dispersion:           0.0000
2025-12-27 22:50:25,900 [INFO]   🔥 Spatial Consistency:    0.0024
2025-12-27 22:50:25,900 [INFO]   GIB Keep Rate:            0.883
2025-12-27 22:50:25,900 [INFO]   GIB Avg Prob:             0.788
2025-12-27 22:50:25,900 [INFO]   Dispersion (θ):           51.777 ± 1.502
2025-12-27 22:50:25,900 [INFO]   Learning Rate:             0.000154
2025-12-27 22:50:26,278 [INFO] 
================================================================================
2025-12-27 22:50:26,278 [INFO] Epoch 190/300 (0.05s)
2025-12-27 22:50:26,278 [INFO] ================================================================================
2025-12-27 22:50:26,278 [INFO]   Total Loss:                1819.0437
2025-12-27 22:50:26,278 [INFO]   Recon Loss (Total):       1772.2959
2025-12-27 22:50:26,278 [INFO]     - Anchor:               1180.8811
2025-12-27 22:50:26,278 [INFO]     - Learner:              1182.8297
2025-12-27 22:50:26,278 [INFO]   🔥 GIB Sparsity Loss:     0.7884
2025-12-27 22:50:26,278 [INFO]   🔥 Contrastive Loss:      26.9335
2025-12-27 22:50:26,278 [INFO]   🔥 Prototype Loss:        19.6937
2025-12-27 22:50:26,278 [INFO]     - Spot-to-Prototype:     0.7877
2025-12-27 22:50:26,278 [INFO]     - Compactness:          0.0000
2025-12-27 22:50:26,278 [INFO]     - Dispersion:           0.0000
2025-12-27 22:50:26,278 [INFO]   🔥 Spatial Consistency:    0.0024
2025-12-27 22:50:26,279 [INFO]   GIB Keep Rate:            0.882
2025-12-27 22:50:26,279 [INFO]   GIB Avg Prob:             0.788
2025-12-27 22:50:26,279 [INFO]   Dispersion (θ):           51.766 ± 1.506
2025-12-27 22:50:26,279 [INFO]   Learning Rate:             0.000152
2025-12-27 22:50:26,316 [INFO] 
================================================================================
2025-12-27 22:50:26,316 [INFO] Epoch 191/300 (0.04s)
2025-12-27 22:50:26,316 [INFO] ================================================================================
2025-12-27 22:50:26,317 [INFO]   Total Loss:                1818.3313
2025-12-27 22:50:26,317 [INFO]   Recon Loss (Total):       1771.8970
2025-12-27 22:50:26,317 [INFO]     - Anchor:               1180.5908
2025-12-27 22:50:26,317 [INFO]     - Learner:              1182.6123
2025-12-27 22:50:26,317 [INFO]   🔥 GIB Sparsity Loss:     0.7888
2025-12-27 22:50:26,317 [INFO]   🔥 Contrastive Loss:      26.7069
2025-12-27 22:50:26,317 [INFO]   🔥 Prototype Loss:        19.6067
2025-12-27 22:50:26,317 [INFO]     - Spot-to-Prototype:     0.7843
2025-12-27 22:50:26,317 [INFO]     - Compactness:          0.0000
2025-12-27 22:50:26,317 [INFO]     - Dispersion:           0.0000
2025-12-27 22:50:26,317 [INFO]   🔥 Spatial Consistency:    0.0024
2025-12-27 22:50:26,317 [INFO]   GIB Keep Rate:            0.884
2025-12-27 22:50:26,317 [INFO]   GIB Avg Prob:             0.789
2025-12-27 22:50:26,317 [INFO]   Dispersion (θ):           51.755 ± 1.510
2025-12-27 22:50:26,318 [INFO]   Learning Rate:             0.000149
2025-12-27 22:50:26,710 [INFO] 
================================================================================
2025-12-27 22:50:26,710 [INFO] Epoch 192/300 (0.05s)
2025-12-27 22:50:26,710 [INFO] ================================================================================
2025-12-27 22:50:26,710 [INFO]   Total Loss:                1818.6290
2025-12-27 22:50:26,710 [INFO]   Recon Loss (Total):       1772.0773
2025-12-27 22:50:26,710 [INFO]     - Anchor:               1180.8813
2025-12-27 22:50:26,710 [INFO]     - Learner:              1182.3918
2025-12-27 22:50:26,710 [INFO]   🔥 GIB Sparsity Loss:     0.7895
2025-12-27 22:50:26,710 [INFO]   🔥 Contrastive Loss:      26.7840
2025-12-27 22:50:26,710 [INFO]   🔥 Prototype Loss:        19.6469
2025-12-27 22:50:26,710 [INFO]     - Spot-to-Prototype:     0.7859
2025-12-27 22:50:26,711 [INFO]     - Compactness:          0.0000
2025-12-27 22:50:26,711 [INFO]     - Dispersion:           0.0000
2025-12-27 22:50:26,711 [INFO]   🔥 Spatial Consistency:    0.0025
2025-12-27 22:50:26,711 [INFO]   GIB Keep Rate:            0.885
2025-12-27 22:50:26,711 [INFO]   GIB Avg Prob:             0.789
2025-12-27 22:50:26,711 [INFO]   Dispersion (θ):           51.744 ± 1.513
2025-12-27 22:50:26,711 [INFO]   Learning Rate:             0.000147
2025-12-27 22:50:26,749 [INFO] 
================================================================================
2025-12-27 22:50:26,749 [INFO] Epoch 193/300 (0.04s)
2025-12-27 22:50:26,749 [INFO] ================================================================================
2025-12-27 22:50:26,749 [INFO]   Total Loss:                1818.5770
2025-12-27 22:50:26,749 [INFO]   Recon Loss (Total):       1771.8833
2025-12-27 22:50:26,749 [INFO]     - Anchor:               1180.7544
2025-12-27 22:50:26,749 [INFO]     - Learner:              1182.2578
2025-12-27 22:50:26,750 [INFO]   🔥 GIB Sparsity Loss:     0.7895
2025-12-27 22:50:26,750 [INFO]   🔥 Contrastive Loss:      26.9531
2025-12-27 22:50:26,750 [INFO]   🔥 Prototype Loss:        19.6197
2025-12-27 22:50:26,750 [INFO]     - Spot-to-Prototype:     0.7848
2025-12-27 22:50:26,750 [INFO]     - Compactness:          0.0000
2025-12-27 22:50:26,750 [INFO]     - Dispersion:           0.0000
2025-12-27 22:50:26,750 [INFO]   🔥 Spatial Consistency:    0.0024
2025-12-27 22:50:26,750 [INFO]   GIB Keep Rate:            0.886
2025-12-27 22:50:26,750 [INFO]   GIB Avg Prob:             0.790
2025-12-27 22:50:26,750 [INFO]   Dispersion (θ):           51.733 ± 1.517
2025-12-27 22:50:26,750 [INFO]   Learning Rate:             0.000145
2025-12-27 22:50:26,788 [INFO] 
================================================================================
2025-12-27 22:50:26,788 [INFO] Epoch 194/300 (0.04s)
2025-12-27 22:50:26,788 [INFO] ================================================================================
2025-12-27 22:50:26,788 [INFO]   Total Loss:                1817.8677
2025-12-27 22:50:26,788 [INFO]   Recon Loss (Total):       1771.4998
2025-12-27 22:50:26,788 [INFO]     - Anchor:               1180.4493
2025-12-27 22:50:26,788 [INFO]     - Learner:              1182.1008
2025-12-27 22:50:26,788 [INFO]   🔥 GIB Sparsity Loss:     0.7890
2025-12-27 22:50:26,788 [INFO]   🔥 Contrastive Loss:      26.6255
2025-12-27 22:50:26,788 [INFO]   🔥 Prototype Loss:        19.6216
2025-12-27 22:50:26,788 [INFO]     - Spot-to-Prototype:     0.7849
2025-12-27 22:50:26,789 [INFO]     - Compactness:          0.0000
2025-12-27 22:50:26,789 [INFO]     - Dispersion:           0.0000
2025-12-27 22:50:26,789 [INFO]   🔥 Spatial Consistency:    0.0025
2025-12-27 22:50:26,789 [INFO]   GIB Keep Rate:            0.884
2025-12-27 22:50:26,789 [INFO]   GIB Avg Prob:             0.789
2025-12-27 22:50:26,789 [INFO]   Dispersion (θ):           51.722 ± 1.521
2025-12-27 22:50:26,789 [INFO]   Learning Rate:             0.000142
2025-12-27 22:50:27,146 [INFO] 
================================================================================
2025-12-27 22:50:27,147 [INFO] Epoch 195/300 (0.05s)
2025-12-27 22:50:27,147 [INFO] ================================================================================
2025-12-27 22:50:27,147 [INFO]   Total Loss:                1818.2712
2025-12-27 22:50:27,147 [INFO]   Recon Loss (Total):       1771.7683
2025-12-27 22:50:27,147 [INFO]     - Anchor:               1180.5535
2025-12-27 22:50:27,147 [INFO]     - Learner:              1182.4296
2025-12-27 22:50:27,147 [INFO]   🔥 GIB Sparsity Loss:     0.7889
2025-12-27 22:50:27,147 [INFO]   🔥 Contrastive Loss:      26.7534
2025-12-27 22:50:27,147 [INFO]   🔥 Prototype Loss:        19.6289
2025-12-27 22:50:27,147 [INFO]     - Spot-to-Prototype:     0.7852
2025-12-27 22:50:27,147 [INFO]     - Compactness:          0.0000
2025-12-27 22:50:27,147 [INFO]     - Dispersion:           0.0000
2025-12-27 22:50:27,147 [INFO]   🔥 Spatial Consistency:    0.0024
2025-12-27 22:50:27,147 [INFO]   GIB Keep Rate:            0.883
2025-12-27 22:50:27,147 [INFO]   GIB Avg Prob:             0.789
2025-12-27 22:50:27,147 [INFO]   Dispersion (θ):           51.711 ± 1.524
2025-12-27 22:50:27,147 [INFO]   Learning Rate:             0.000140
2025-12-27 22:50:27,185 [INFO] 
================================================================================
2025-12-27 22:50:27,186 [INFO] Epoch 196/300 (0.04s)
2025-12-27 22:50:27,186 [INFO] ================================================================================
2025-12-27 22:50:27,186 [INFO]   Total Loss:                1817.5531
2025-12-27 22:50:27,186 [INFO]   Recon Loss (Total):       1771.2390
2025-12-27 22:50:27,186 [INFO]     - Anchor:               1180.1906
2025-12-27 22:50:27,186 [INFO]     - Learner:              1182.0970
2025-12-27 22:50:27,186 [INFO]   🔥 GIB Sparsity Loss:     0.7885
2025-12-27 22:50:27,186 [INFO]   🔥 Contrastive Loss:      26.6182
2025-12-27 22:50:27,186 [INFO]   🔥 Prototype Loss:        19.5750
2025-12-27 22:50:27,186 [INFO]     - Spot-to-Prototype:     0.7830
2025-12-27 22:50:27,186 [INFO]     - Compactness:          0.0000
2025-12-27 22:50:27,186 [INFO]     - Dispersion:           0.0000
2025-12-27 22:50:27,186 [INFO]   🔥 Spatial Consistency:    0.0026
2025-12-27 22:50:27,186 [INFO]   GIB Keep Rate:            0.884
2025-12-27 22:50:27,186 [INFO]   GIB Avg Prob:             0.788
2025-12-27 22:50:27,186 [INFO]   Dispersion (θ):           51.701 ± 1.528
2025-12-27 22:50:27,186 [INFO]   Learning Rate:             0.000138
2025-12-27 22:50:27,530 [INFO] 
================================================================================
2025-12-27 22:50:27,531 [INFO] Epoch 197/300 (0.05s)
2025-12-27 22:50:27,531 [INFO] ================================================================================
2025-12-27 22:50:27,531 [INFO]   Total Loss:                1817.2975
2025-12-27 22:50:27,531 [INFO]   Recon Loss (Total):       1771.1682
2025-12-27 22:50:27,531 [INFO]     - Anchor:               1180.2667
2025-12-27 22:50:27,531 [INFO]     - Learner:              1181.8029
2025-12-27 22:50:27,531 [INFO]   🔥 GIB Sparsity Loss:     0.7879
2025-12-27 22:50:27,531 [INFO]   🔥 Contrastive Loss:      26.4448
2025-12-27 22:50:27,531 [INFO]   🔥 Prototype Loss:        19.5637
2025-12-27 22:50:27,531 [INFO]     - Spot-to-Prototype:     0.7825
2025-12-27 22:50:27,531 [INFO]     - Compactness:          0.0000
2025-12-27 22:50:27,531 [INFO]     - Dispersion:           0.0000
2025-12-27 22:50:27,531 [INFO]   🔥 Spatial Consistency:    0.0025
2025-12-27 22:50:27,531 [INFO]   GIB Keep Rate:            0.882
2025-12-27 22:50:27,531 [INFO]   GIB Avg Prob:             0.788
2025-12-27 22:50:27,531 [INFO]   Dispersion (θ):           51.691 ± 1.531
2025-12-27 22:50:27,531 [INFO]   Learning Rate:             0.000136
2025-12-27 22:50:27,948 [INFO] 
================================================================================
2025-12-27 22:50:27,949 [INFO] Epoch 198/300 (0.05s)
2025-12-27 22:50:27,949 [INFO] ================================================================================
2025-12-27 22:50:27,949 [INFO]   Total Loss:                1817.4429
2025-12-27 22:50:27,949 [INFO]   Recon Loss (Total):       1771.1488
2025-12-27 22:50:27,949 [INFO]     - Anchor:               1180.2057
2025-12-27 22:50:27,949 [INFO]     - Learner:              1181.8862
2025-12-27 22:50:27,949 [INFO]   🔥 GIB Sparsity Loss:     0.7878
2025-12-27 22:50:27,949 [INFO]   🔥 Contrastive Loss:      26.5965
2025-12-27 22:50:27,949 [INFO]   🔥 Prototype Loss:        19.5770
2025-12-27 22:50:27,949 [INFO]     - Spot-to-Prototype:     0.7831
2025-12-27 22:50:27,949 [INFO]     - Compactness:          0.0000
2025-12-27 22:50:27,949 [INFO]     - Dispersion:           0.0000
2025-12-27 22:50:27,949 [INFO]   🔥 Spatial Consistency:    0.0025
2025-12-27 22:50:27,949 [INFO]   GIB Keep Rate:            0.883
2025-12-27 22:50:27,949 [INFO]   GIB Avg Prob:             0.788
2025-12-27 22:50:27,949 [INFO]   Dispersion (θ):           51.681 ± 1.534
2025-12-27 22:50:27,949 [INFO]   Learning Rate:             0.000133
2025-12-27 22:50:27,985 [INFO] 
================================================================================
2025-12-27 22:50:27,986 [INFO] Epoch 199/300 (0.04s)
2025-12-27 22:50:27,986 [INFO] ================================================================================
2025-12-27 22:50:27,986 [INFO]   Total Loss:                1816.5756
2025-12-27 22:50:27,986 [INFO]   Recon Loss (Total):       1770.5125
2025-12-27 22:50:27,986 [INFO]     - Anchor:               1179.8245
2025-12-27 22:50:27,986 [INFO]     - Learner:              1181.3760
2025-12-27 22:50:27,986 [INFO]   🔥 GIB Sparsity Loss:     0.7873
2025-12-27 22:50:27,986 [INFO]   🔥 Contrastive Loss:      26.3593
2025-12-27 22:50:27,986 [INFO]   🔥 Prototype Loss:        19.5834
2025-12-27 22:50:27,986 [INFO]     - Spot-to-Prototype:     0.7833
2025-12-27 22:50:27,986 [INFO]     - Compactness:          0.0000
2025-12-27 22:50:27,986 [INFO]     - Dispersion:           0.0000
2025-12-27 22:50:27,986 [INFO]   🔥 Spatial Consistency:    0.0025
2025-12-27 22:50:27,986 [INFO]   GIB Keep Rate:            0.881
2025-12-27 22:50:27,986 [INFO]   GIB Avg Prob:             0.787
2025-12-27 22:50:27,986 [INFO]   Dispersion (θ):           51.671 ± 1.537
2025-12-27 22:50:27,986 [INFO]   Learning Rate:             0.000131
2025-12-27 22:50:28,366 [INFO] 
================================================================================
2025-12-27 22:50:28,366 [INFO] Epoch 200/300 (0.05s)
2025-12-27 22:50:28,366 [INFO] ================================================================================
2025-12-27 22:50:28,366 [INFO]   Total Loss:                1816.8560
2025-12-27 22:50:28,366 [INFO]   Recon Loss (Total):       1770.7460
2025-12-27 22:50:28,366 [INFO]     - Anchor:               1179.9114
2025-12-27 22:50:28,366 [INFO]     - Learner:              1181.6692
2025-12-27 22:50:28,366 [INFO]   🔥 GIB Sparsity Loss:     0.7869
2025-12-27 22:50:28,366 [INFO]   🔥 Contrastive Loss:      26.3858
2025-12-27 22:50:28,367 [INFO]   🔥 Prototype Loss:        19.6036
2025-12-27 22:50:28,367 [INFO]     - Spot-to-Prototype:     0.7841
2025-12-27 22:50:28,367 [INFO]     - Compactness:          0.0000
2025-12-27 22:50:28,367 [INFO]     - Dispersion:           0.0000
2025-12-27 22:50:28,367 [INFO]   🔥 Spatial Consistency:    0.0024
2025-12-27 22:50:28,367 [INFO]   GIB Keep Rate:            0.881
2025-12-27 22:50:28,367 [INFO]   GIB Avg Prob:             0.787
2025-12-27 22:50:28,367 [INFO]   Dispersion (θ):           51.662 ± 1.540
2025-12-27 22:50:28,367 [INFO]   Learning Rate:             0.000129
2025-12-27 22:50:28,406 [INFO] 
================================================================================
2025-12-27 22:50:28,406 [INFO] Epoch 201/300 (0.04s)
2025-12-27 22:50:28,406 [INFO] ================================================================================
2025-12-27 22:50:28,407 [INFO]   Total Loss:                1816.9385
2025-12-27 22:50:28,407 [INFO]   Recon Loss (Total):       1770.6270
2025-12-27 22:50:28,407 [INFO]     - Anchor:               1179.7469
2025-12-27 22:50:28,407 [INFO]     - Learner:              1181.7599
2025-12-27 22:50:28,407 [INFO]   🔥 GIB Sparsity Loss:     0.7864
2025-12-27 22:50:28,407 [INFO]   🔥 Contrastive Loss:      26.6209
2025-12-27 22:50:28,407 [INFO]   🔥 Prototype Loss:        19.5704
2025-12-27 22:50:28,407 [INFO]     - Spot-to-Prototype:     0.7828
2025-12-27 22:50:28,407 [INFO]     - Compactness:          0.0000
2025-12-27 22:50:28,407 [INFO]     - Dispersion:           0.0000
2025-12-27 22:50:28,407 [INFO]   🔥 Spatial Consistency:    0.0024
2025-12-27 22:50:28,407 [INFO]   GIB Keep Rate:            0.879
2025-12-27 22:50:28,407 [INFO]   GIB Avg Prob:             0.786
2025-12-27 22:50:28,407 [INFO]   Dispersion (θ):           51.652 ± 1.543
2025-12-27 22:50:28,407 [INFO]   Learning Rate:             0.000127
2025-12-27 22:50:28,445 [INFO] 
================================================================================
2025-12-27 22:50:28,445 [INFO] Epoch 202/300 (0.04s)
2025-12-27 22:50:28,445 [INFO] ================================================================================
2025-12-27 22:50:28,445 [INFO]   Total Loss:                1816.5981
2025-12-27 22:50:28,446 [INFO]   Recon Loss (Total):       1770.5737
2025-12-27 22:50:28,446 [INFO]     - Anchor:               1179.8665
2025-12-27 22:50:28,446 [INFO]     - Learner:              1181.4144
2025-12-27 22:50:28,446 [INFO]   🔥 GIB Sparsity Loss:     0.7863
2025-12-27 22:50:28,446 [INFO]   🔥 Contrastive Loss:      26.3321
2025-12-27 22:50:28,446 [INFO]   🔥 Prototype Loss:        19.5719
2025-12-27 22:50:28,446 [INFO]     - Spot-to-Prototype:     0.7829
2025-12-27 22:50:28,446 [INFO]     - Compactness:          0.0000
2025-12-27 22:50:28,446 [INFO]     - Dispersion:           0.0000
2025-12-27 22:50:28,446 [INFO]   🔥 Spatial Consistency:    0.0024
2025-12-27 22:50:28,446 [INFO]   GIB Keep Rate:            0.879
2025-12-27 22:50:28,446 [INFO]   GIB Avg Prob:             0.786
2025-12-27 22:50:28,446 [INFO]   Dispersion (θ):           51.643 ± 1.546
2025-12-27 22:50:28,446 [INFO]   Learning Rate:             0.000124
2025-12-27 22:50:28,483 [INFO] 
================================================================================
2025-12-27 22:50:28,483 [INFO] Epoch 203/300 (0.04s)
2025-12-27 22:50:28,483 [INFO] ================================================================================
2025-12-27 22:50:28,484 [INFO]   Total Loss:                1816.4698
2025-12-27 22:50:28,484 [INFO]   Recon Loss (Total):       1770.5271
2025-12-27 22:50:28,484 [INFO]     - Anchor:               1179.8717
2025-12-27 22:50:28,484 [INFO]     - Learner:              1181.3107
2025-12-27 22:50:28,484 [INFO]   🔥 GIB Sparsity Loss:     0.7857
2025-12-27 22:50:28,484 [INFO]   🔥 Contrastive Loss:      26.2592
2025-12-27 22:50:28,484 [INFO]   🔥 Prototype Loss:        19.5632
2025-12-27 22:50:28,484 [INFO]     - Spot-to-Prototype:     0.7825
2025-12-27 22:50:28,484 [INFO]     - Compactness:          0.0000
2025-12-27 22:50:28,484 [INFO]     - Dispersion:           0.0000
2025-12-27 22:50:28,484 [INFO]   🔥 Spatial Consistency:    0.0025
2025-12-27 22:50:28,484 [INFO]   GIB Keep Rate:            0.877
2025-12-27 22:50:28,484 [INFO]   GIB Avg Prob:             0.786
2025-12-27 22:50:28,484 [INFO]   Dispersion (θ):           51.634 ± 1.549
2025-12-27 22:50:28,484 [INFO]   Learning Rate:             0.000122
2025-12-27 22:50:28,858 [INFO] 
================================================================================
2025-12-27 22:50:28,859 [INFO] Epoch 204/300 (0.05s)
2025-12-27 22:50:28,859 [INFO] ================================================================================
2025-12-27 22:50:28,859 [INFO]   Total Loss:                1816.1266
2025-12-27 22:50:28,859 [INFO]   Recon Loss (Total):       1770.2181
2025-12-27 22:50:28,859 [INFO]     - Anchor:               1179.5234
2025-12-27 22:50:28,859 [INFO]     - Learner:              1181.3894
2025-12-27 22:50:28,859 [INFO]   🔥 GIB Sparsity Loss:     0.7856
2025-12-27 22:50:28,859 [INFO]   🔥 Contrastive Loss:      26.2562
2025-12-27 22:50:28,859 [INFO]   🔥 Prototype Loss:        19.5319
2025-12-27 22:50:28,859 [INFO]     - Spot-to-Prototype:     0.7813
2025-12-27 22:50:28,859 [INFO]     - Compactness:          0.0000
2025-12-27 22:50:28,859 [INFO]     - Dispersion:           0.0000
2025-12-27 22:50:28,859 [INFO]   🔥 Spatial Consistency:    0.0024
2025-12-27 22:50:28,859 [INFO]   GIB Keep Rate:            0.877
2025-12-27 22:50:28,859 [INFO]   GIB Avg Prob:             0.786
2025-12-27 22:50:28,859 [INFO]   Dispersion (θ):           51.625 ± 1.552
2025-12-27 22:50:28,859 [INFO]   Learning Rate:             0.000120
2025-12-27 22:50:29,323 [INFO] 
================================================================================
2025-12-27 22:50:29,323 [INFO] Epoch 205/300 (0.05s)
2025-12-27 22:50:29,324 [INFO] ================================================================================
2025-12-27 22:50:29,324 [INFO]   Total Loss:                1815.7649
2025-12-27 22:50:29,324 [INFO]   Recon Loss (Total):       1769.8989
2025-12-27 22:50:29,324 [INFO]     - Anchor:               1179.4537
2025-12-27 22:50:29,324 [INFO]     - Learner:              1180.8904
2025-12-27 22:50:29,324 [INFO]   🔥 GIB Sparsity Loss:     0.7852
2025-12-27 22:50:29,324 [INFO]   🔥 Contrastive Loss:      26.1962
2025-12-27 22:50:29,324 [INFO]   🔥 Prototype Loss:        19.5495
2025-12-27 22:50:29,324 [INFO]     - Spot-to-Prototype:     0.7820
2025-12-27 22:50:29,324 [INFO]     - Compactness:          0.0000
2025-12-27 22:50:29,324 [INFO]     - Dispersion:           0.0000
2025-12-27 22:50:29,324 [INFO]   🔥 Spatial Consistency:    0.0024
2025-12-27 22:50:29,324 [INFO]   GIB Keep Rate:            0.875
2025-12-27 22:50:29,324 [INFO]   GIB Avg Prob:             0.785
2025-12-27 22:50:29,324 [INFO]   Dispersion (θ):           51.616 ± 1.555
2025-12-27 22:50:29,324 [INFO]   Learning Rate:             0.000118
2025-12-27 22:50:29,684 [INFO] 
================================================================================
2025-12-27 22:50:29,684 [INFO] Epoch 206/300 (0.05s)
2025-12-27 22:50:29,684 [INFO] ================================================================================
2025-12-27 22:50:29,684 [INFO]   Total Loss:                1815.6879
2025-12-27 22:50:29,684 [INFO]   Recon Loss (Total):       1769.8927
2025-12-27 22:50:29,684 [INFO]     - Anchor:               1179.3217
2025-12-27 22:50:29,684 [INFO]     - Learner:              1181.1421
2025-12-27 22:50:29,684 [INFO]   🔥 GIB Sparsity Loss:     0.7849
2025-12-27 22:50:29,684 [INFO]   🔥 Contrastive Loss:      26.1521
2025-12-27 22:50:29,684 [INFO]   🔥 Prototype Loss:        19.5229
2025-12-27 22:50:29,684 [INFO]     - Spot-to-Prototype:     0.7809
2025-12-27 22:50:29,684 [INFO]     - Compactness:          0.0000
2025-12-27 22:50:29,685 [INFO]     - Dispersion:           0.0000
2025-12-27 22:50:29,685 [INFO]   🔥 Spatial Consistency:    0.0024
2025-12-27 22:50:29,685 [INFO]   GIB Keep Rate:            0.877
2025-12-27 22:50:29,685 [INFO]   GIB Avg Prob:             0.785
2025-12-27 22:50:29,685 [INFO]   Dispersion (θ):           51.608 ± 1.558
2025-12-27 22:50:29,685 [INFO]   Learning Rate:             0.000116
2025-12-27 22:50:30,106 [INFO] 
================================================================================
2025-12-27 22:50:30,107 [INFO] Epoch 207/300 (0.05s)
2025-12-27 22:50:30,107 [INFO] ================================================================================
2025-12-27 22:50:30,107 [INFO]   Total Loss:                1815.6974
2025-12-27 22:50:30,107 [INFO]   Recon Loss (Total):       1769.8120
2025-12-27 22:50:30,107 [INFO]     - Anchor:               1179.2306
2025-12-27 22:50:30,107 [INFO]     - Learner:              1181.1628
2025-12-27 22:50:30,107 [INFO]   🔥 GIB Sparsity Loss:     0.7847
2025-12-27 22:50:30,107 [INFO]   🔥 Contrastive Loss:      26.2676
2025-12-27 22:50:30,107 [INFO]   🔥 Prototype Loss:        19.4976
2025-12-27 22:50:30,107 [INFO]     - Spot-to-Prototype:     0.7799
2025-12-27 22:50:30,107 [INFO]     - Compactness:          0.0000
2025-12-27 22:50:30,107 [INFO]     - Dispersion:           0.0000
2025-12-27 22:50:30,107 [INFO]   🔥 Spatial Consistency:    0.0024
2025-12-27 22:50:30,107 [INFO]   GIB Keep Rate:            0.877
2025-12-27 22:50:30,107 [INFO]   GIB Avg Prob:             0.785
2025-12-27 22:50:30,107 [INFO]   Dispersion (θ):           51.600 ± 1.560
2025-12-27 22:50:30,107 [INFO]   Learning Rate:             0.000113
2025-12-27 22:50:30,147 [INFO] 
================================================================================
2025-12-27 22:50:30,147 [INFO] Epoch 208/300 (0.04s)
2025-12-27 22:50:30,147 [INFO] ================================================================================
2025-12-27 22:50:30,147 [INFO]   Total Loss:                1815.3778
2025-12-27 22:50:30,147 [INFO]   Recon Loss (Total):       1769.5588
2025-12-27 22:50:30,147 [INFO]     - Anchor:               1179.0490
2025-12-27 22:50:30,147 [INFO]     - Learner:              1181.0199
2025-12-27 22:50:30,147 [INFO]   🔥 GIB Sparsity Loss:     0.7849
2025-12-27 22:50:30,147 [INFO]   🔥 Contrastive Loss:      26.2050
2025-12-27 22:50:30,147 [INFO]   🔥 Prototype Loss:        19.4937
2025-12-27 22:50:30,147 [INFO]     - Spot-to-Prototype:     0.7797
2025-12-27 22:50:30,148 [INFO]     - Compactness:          0.0000
2025-12-27 22:50:30,148 [INFO]     - Dispersion:           0.0000
2025-12-27 22:50:30,148 [INFO]   🔥 Spatial Consistency:    0.0024
2025-12-27 22:50:30,148 [INFO]   GIB Keep Rate:            0.878
2025-12-27 22:50:30,148 [INFO]   GIB Avg Prob:             0.785
2025-12-27 22:50:30,148 [INFO]   Dispersion (θ):           51.592 ± 1.563
2025-12-27 22:50:30,148 [INFO]   Learning Rate:             0.000111
2025-12-27 22:50:30,502 [INFO] 
================================================================================
2025-12-27 22:50:30,502 [INFO] Epoch 209/300 (0.05s)
2025-12-27 22:50:30,502 [INFO] ================================================================================
2025-12-27 22:50:30,502 [INFO]   Total Loss:                1815.3672
2025-12-27 22:50:30,502 [INFO]   Recon Loss (Total):       1769.5044
2025-12-27 22:50:30,502 [INFO]     - Anchor:               1179.0424
2025-12-27 22:50:30,502 [INFO]     - Learner:              1180.9240
2025-12-27 22:50:30,502 [INFO]   🔥 GIB Sparsity Loss:     0.7845
2025-12-27 22:50:30,502 [INFO]   🔥 Contrastive Loss:      26.2689
2025-12-27 22:50:30,502 [INFO]   🔥 Prototype Loss:        19.4737
2025-12-27 22:50:30,502 [INFO]     - Spot-to-Prototype:     0.7789
2025-12-27 22:50:30,502 [INFO]     - Compactness:          0.0000
2025-12-27 22:50:30,502 [INFO]     - Dispersion:           0.0000
2025-12-27 22:50:30,502 [INFO]   🔥 Spatial Consistency:    0.0024
2025-12-27 22:50:30,502 [INFO]   GIB Keep Rate:            0.875
2025-12-27 22:50:30,503 [INFO]   GIB Avg Prob:             0.784
2025-12-27 22:50:30,503 [INFO]   Dispersion (θ):           51.584 ± 1.565
2025-12-27 22:50:30,503 [INFO]   Learning Rate:             0.000109
2025-12-27 22:50:30,917 [INFO] 
================================================================================
2025-12-27 22:50:30,917 [INFO] Epoch 210/300 (0.05s)
2025-12-27 22:50:30,917 [INFO] ================================================================================
2025-12-27 22:50:30,917 [INFO]   Total Loss:                1815.1493
2025-12-27 22:50:30,917 [INFO]   Recon Loss (Total):       1769.3486
2025-12-27 22:50:30,917 [INFO]     - Anchor:               1178.7990
2025-12-27 22:50:30,917 [INFO]     - Learner:              1181.0995
2025-12-27 22:50:30,917 [INFO]   🔥 GIB Sparsity Loss:     0.7845
2025-12-27 22:50:30,917 [INFO]   🔥 Contrastive Loss:      26.2168
2025-12-27 22:50:30,917 [INFO]   🔥 Prototype Loss:        19.4639
2025-12-27 22:50:30,917 [INFO]     - Spot-to-Prototype:     0.7786
2025-12-27 22:50:30,917 [INFO]     - Compactness:          0.0000
2025-12-27 22:50:30,917 [INFO]     - Dispersion:           0.0000
2025-12-27 22:50:30,918 [INFO]   🔥 Spatial Consistency:    0.0024
2025-12-27 22:50:30,918 [INFO]   GIB Keep Rate:            0.875
2025-12-27 22:50:30,918 [INFO]   GIB Avg Prob:             0.784
2025-12-27 22:50:30,918 [INFO]   Dispersion (θ):           51.576 ± 1.568
2025-12-27 22:50:30,918 [INFO]   Learning Rate:             0.000107
2025-12-27 22:50:31,292 [INFO] 
================================================================================
2025-12-27 22:50:31,292 [INFO] Epoch 211/300 (0.05s)
2025-12-27 22:50:31,292 [INFO] ================================================================================
2025-12-27 22:50:31,292 [INFO]   Total Loss:                1814.8390
2025-12-27 22:50:31,292 [INFO]   Recon Loss (Total):       1769.3809
2025-12-27 22:50:31,293 [INFO]     - Anchor:               1178.8851
2025-12-27 22:50:31,293 [INFO]     - Learner:              1180.9916
2025-12-27 22:50:31,293 [INFO]   🔥 GIB Sparsity Loss:     0.7844
2025-12-27 22:50:31,293 [INFO]   🔥 Contrastive Loss:      25.8505
2025-12-27 22:50:31,293 [INFO]   🔥 Prototype Loss:        19.4875
2025-12-27 22:50:31,293 [INFO]     - Spot-to-Prototype:     0.7795
2025-12-27 22:50:31,293 [INFO]     - Compactness:          0.0000
2025-12-27 22:50:31,293 [INFO]     - Dispersion:           0.0000
2025-12-27 22:50:31,293 [INFO]   🔥 Spatial Consistency:    0.0024
2025-12-27 22:50:31,293 [INFO]   GIB Keep Rate:            0.876
2025-12-27 22:50:31,293 [INFO]   GIB Avg Prob:             0.784
2025-12-27 22:50:31,293 [INFO]   Dispersion (θ):           51.568 ± 1.570
2025-12-27 22:50:31,293 [INFO]   Learning Rate:             0.000105
2025-12-27 22:50:31,694 [INFO] 
================================================================================
2025-12-27 22:50:31,695 [INFO] Epoch 212/300 (0.05s)
2025-12-27 22:50:31,695 [INFO] ================================================================================
2025-12-27 22:50:31,695 [INFO]   Total Loss:                1815.0272
2025-12-27 22:50:31,695 [INFO]   Recon Loss (Total):       1769.4532
2025-12-27 22:50:31,695 [INFO]     - Anchor:               1178.9545
2025-12-27 22:50:31,695 [INFO]     - Learner:              1180.9976
2025-12-27 22:50:31,695 [INFO]   🔥 GIB Sparsity Loss:     0.7841
2025-12-27 22:50:31,695 [INFO]   🔥 Contrastive Loss:      25.9702
2025-12-27 22:50:31,695 [INFO]   🔥 Prototype Loss:        19.4837
2025-12-27 22:50:31,695 [INFO]     - Spot-to-Prototype:     0.7793
2025-12-27 22:50:31,695 [INFO]     - Compactness:          0.0000
2025-12-27 22:50:31,695 [INFO]     - Dispersion:           0.0000
2025-12-27 22:50:31,695 [INFO]   🔥 Spatial Consistency:    0.0024
2025-12-27 22:50:31,695 [INFO]   GIB Keep Rate:            0.875
2025-12-27 22:50:31,695 [INFO]   GIB Avg Prob:             0.784
2025-12-27 22:50:31,695 [INFO]   Dispersion (θ):           51.561 ± 1.573
2025-12-27 22:50:31,695 [INFO]   Learning Rate:             0.000103
2025-12-27 22:50:31,733 [INFO] 
================================================================================
2025-12-27 22:50:31,734 [INFO] Epoch 213/300 (0.04s)
2025-12-27 22:50:31,734 [INFO] ================================================================================
2025-12-27 22:50:31,734 [INFO]   Total Loss:                1814.9734
2025-12-27 22:50:31,734 [INFO]   Recon Loss (Total):       1769.3669
2025-12-27 22:50:31,734 [INFO]     - Anchor:               1178.9193
2025-12-27 22:50:31,734 [INFO]     - Learner:              1180.8951
2025-12-27 22:50:31,734 [INFO]   🔥 GIB Sparsity Loss:     0.7839
2025-12-27 22:50:31,734 [INFO]   🔥 Contrastive Loss:      26.0383
2025-12-27 22:50:31,734 [INFO]   🔥 Prototype Loss:        19.4481
2025-12-27 22:50:31,734 [INFO]     - Spot-to-Prototype:     0.7779
2025-12-27 22:50:31,734 [INFO]     - Compactness:          0.0000
2025-12-27 22:50:31,734 [INFO]     - Dispersion:           0.0000
2025-12-27 22:50:31,734 [INFO]   🔥 Spatial Consistency:    0.0024
2025-12-27 22:50:31,734 [INFO]   GIB Keep Rate:            0.875
2025-12-27 22:50:31,734 [INFO]   GIB Avg Prob:             0.784
2025-12-27 22:50:31,734 [INFO]   Dispersion (θ):           51.553 ± 1.575
2025-12-27 22:50:31,734 [INFO]   Learning Rate:             0.000101
2025-12-27 22:50:31,769 [INFO] 
================================================================================
2025-12-27 22:50:31,770 [INFO] Epoch 214/300 (0.04s)
2025-12-27 22:50:31,770 [INFO] ================================================================================
2025-12-27 22:50:31,770 [INFO]   Total Loss:                1814.7715
2025-12-27 22:50:31,770 [INFO]   Recon Loss (Total):       1769.2312
2025-12-27 22:50:31,770 [INFO]     - Anchor:               1178.8474
2025-12-27 22:50:31,770 [INFO]     - Learner:              1180.7675
2025-12-27 22:50:31,770 [INFO]   🔥 GIB Sparsity Loss:     0.7838
2025-12-27 22:50:31,770 [INFO]   🔥 Contrastive Loss:      25.9479
2025-12-27 22:50:31,770 [INFO]   🔥 Prototype Loss:        19.4724
2025-12-27 22:50:31,770 [INFO]     - Spot-to-Prototype:     0.7789
2025-12-27 22:50:31,770 [INFO]     - Compactness:          0.0000
2025-12-27 22:50:31,770 [INFO]     - Dispersion:           0.0000
2025-12-27 22:50:31,770 [INFO]   🔥 Spatial Consistency:    0.0024
2025-12-27 22:50:31,770 [INFO]   GIB Keep Rate:            0.876
2025-12-27 22:50:31,770 [INFO]   GIB Avg Prob:             0.784
2025-12-27 22:50:31,770 [INFO]   Dispersion (θ):           51.546 ± 1.577
2025-12-27 22:50:31,770 [INFO]   Learning Rate:             0.000099
2025-12-27 22:50:32,144 [INFO] 
================================================================================
2025-12-27 22:50:32,144 [INFO] Epoch 215/300 (0.05s)
2025-12-27 22:50:32,144 [INFO] ================================================================================
2025-12-27 22:50:32,144 [INFO]   Total Loss:                1814.5420
2025-12-27 22:50:32,144 [INFO]   Recon Loss (Total):       1769.0525
2025-12-27 22:50:32,144 [INFO]     - Anchor:               1178.8361
2025-12-27 22:50:32,144 [INFO]     - Learner:              1180.4329
2025-12-27 22:50:32,144 [INFO]   🔥 GIB Sparsity Loss:     0.7834
2025-12-27 22:50:32,144 [INFO]   🔥 Contrastive Loss:      25.9009
2025-12-27 22:50:32,144 [INFO]   🔥 Prototype Loss:        19.4687
2025-12-27 22:50:32,144 [INFO]     - Spot-to-Prototype:     0.7787
2025-12-27 22:50:32,144 [INFO]     - Compactness:          0.0000
2025-12-27 22:50:32,145 [INFO]     - Dispersion:           0.0000
2025-12-27 22:50:32,145 [INFO]   🔥 Spatial Consistency:    0.0024
2025-12-27 22:50:32,145 [INFO]   GIB Keep Rate:            0.873
2025-12-27 22:50:32,145 [INFO]   GIB Avg Prob:             0.783
2025-12-27 22:50:32,145 [INFO]   Dispersion (θ):           51.539 ± 1.579
2025-12-27 22:50:32,145 [INFO]   Learning Rate:             0.000097
2025-12-27 22:50:32,495 [INFO] 
================================================================================
2025-12-27 22:50:32,495 [INFO] Epoch 216/300 (0.05s)
2025-12-27 22:50:32,496 [INFO] ================================================================================
2025-12-27 22:50:32,496 [INFO]   Total Loss:                1814.3480
2025-12-27 22:50:32,496 [INFO]   Recon Loss (Total):       1768.7627
2025-12-27 22:50:32,496 [INFO]     - Anchor:               1178.5424
2025-12-27 22:50:32,496 [INFO]     - Learner:              1180.4408
2025-12-27 22:50:32,496 [INFO]   🔥 GIB Sparsity Loss:     0.7831
2025-12-27 22:50:32,496 [INFO]   🔥 Contrastive Loss:      25.9844
2025-12-27 22:50:32,496 [INFO]   🔥 Prototype Loss:        19.4810
2025-12-27 22:50:32,496 [INFO]     - Spot-to-Prototype:     0.7792
2025-12-27 22:50:32,496 [INFO]     - Compactness:          0.0000
2025-12-27 22:50:32,496 [INFO]     - Dispersion:           0.0000
2025-12-27 22:50:32,496 [INFO]   🔥 Spatial Consistency:    0.0025
2025-12-27 22:50:32,496 [INFO]   GIB Keep Rate:            0.873
2025-12-27 22:50:32,496 [INFO]   GIB Avg Prob:             0.783
2025-12-27 22:50:32,496 [INFO]   Dispersion (θ):           51.532 ± 1.582
2025-12-27 22:50:32,496 [INFO]   Learning Rate:             0.000095
2025-12-27 22:50:32,920 [INFO] 
================================================================================
2025-12-27 22:50:32,920 [INFO] Epoch 217/300 (0.05s)
2025-12-27 22:50:32,920 [INFO] ================================================================================
2025-12-27 22:50:32,921 [INFO]   Total Loss:                1814.4832
2025-12-27 22:50:32,921 [INFO]   Recon Loss (Total):       1768.8635
2025-12-27 22:50:32,921 [INFO]     - Anchor:               1178.5809
2025-12-27 22:50:32,921 [INFO]     - Learner:              1180.5653
2025-12-27 22:50:32,921 [INFO]   🔥 GIB Sparsity Loss:     0.7833
2025-12-27 22:50:32,921 [INFO]   🔥 Contrastive Loss:      26.0686
2025-12-27 22:50:32,921 [INFO]   🔥 Prototype Loss:        19.4312
2025-12-27 22:50:32,921 [INFO]     - Spot-to-Prototype:     0.7772
2025-12-27 22:50:32,921 [INFO]     - Compactness:          0.0000
2025-12-27 22:50:32,921 [INFO]     - Dispersion:           0.0000
2025-12-27 22:50:32,921 [INFO]   🔥 Spatial Consistency:    0.0024
2025-12-27 22:50:32,921 [INFO]   GIB Keep Rate:            0.874
2025-12-27 22:50:32,921 [INFO]   GIB Avg Prob:             0.783
2025-12-27 22:50:32,921 [INFO]   Dispersion (θ):           51.526 ± 1.584
2025-12-27 22:50:32,921 [INFO]   Learning Rate:             0.000093
2025-12-27 22:50:32,957 [INFO] 
================================================================================
2025-12-27 22:50:32,957 [INFO] Epoch 218/300 (0.04s)
2025-12-27 22:50:32,957 [INFO] ================================================================================
2025-12-27 22:50:32,957 [INFO]   Total Loss:                1814.4425
2025-12-27 22:50:32,957 [INFO]   Recon Loss (Total):       1768.9595
2025-12-27 22:50:32,957 [INFO]     - Anchor:               1178.6283
2025-12-27 22:50:32,957 [INFO]     - Learner:              1180.6624
2025-12-27 22:50:32,957 [INFO]   🔥 GIB Sparsity Loss:     0.7829
2025-12-27 22:50:32,957 [INFO]   🔥 Contrastive Loss:      25.9235
2025-12-27 22:50:32,957 [INFO]   🔥 Prototype Loss:        19.4399
2025-12-27 22:50:32,957 [INFO]     - Spot-to-Prototype:     0.7776
2025-12-27 22:50:32,958 [INFO]     - Compactness:          0.0000
2025-12-27 22:50:32,958 [INFO]     - Dispersion:           0.0000
2025-12-27 22:50:32,958 [INFO]   🔥 Spatial Consistency:    0.0023
2025-12-27 22:50:32,958 [INFO]   GIB Keep Rate:            0.872
2025-12-27 22:50:32,958 [INFO]   GIB Avg Prob:             0.783
2025-12-27 22:50:32,958 [INFO]   Dispersion (θ):           51.519 ± 1.586
2025-12-27 22:50:32,958 [INFO]   Learning Rate:             0.000091
2025-12-27 22:50:32,995 [INFO] 
================================================================================
2025-12-27 22:50:32,995 [INFO] Epoch 219/300 (0.04s)
2025-12-27 22:50:32,995 [INFO] ================================================================================
2025-12-27 22:50:32,995 [INFO]   Total Loss:                1814.3472
2025-12-27 22:50:32,996 [INFO]   Recon Loss (Total):       1768.6719
2025-12-27 22:50:32,996 [INFO]     - Anchor:               1178.5620
2025-12-27 22:50:32,996 [INFO]     - Learner:              1180.2197
2025-12-27 22:50:32,996 [INFO]   🔥 GIB Sparsity Loss:     0.7825
2025-12-27 22:50:32,996 [INFO]   🔥 Contrastive Loss:      26.1376
2025-12-27 22:50:32,996 [INFO]   🔥 Prototype Loss:        19.4177
2025-12-27 22:50:32,996 [INFO]     - Spot-to-Prototype:     0.7767
2025-12-27 22:50:32,996 [INFO]     - Compactness:          0.0000
2025-12-27 22:50:32,996 [INFO]     - Dispersion:           0.0000
2025-12-27 22:50:32,996 [INFO]   🔥 Spatial Consistency:    0.0026
2025-12-27 22:50:32,996 [INFO]   GIB Keep Rate:            0.872
2025-12-27 22:50:32,996 [INFO]   GIB Avg Prob:             0.783
2025-12-27 22:50:32,996 [INFO]   Dispersion (θ):           51.512 ± 1.588
2025-12-27 22:50:32,996 [INFO]   Learning Rate:             0.000089
2025-12-27 22:50:33,386 [INFO] 
================================================================================
2025-12-27 22:50:33,386 [INFO] Epoch 220/300 (0.05s)
2025-12-27 22:50:33,386 [INFO] ================================================================================
2025-12-27 22:50:33,386 [INFO]   Total Loss:                1813.7158
2025-12-27 22:50:33,386 [INFO]   Recon Loss (Total):       1768.3450
2025-12-27 22:50:33,386 [INFO]     - Anchor:               1178.3289
2025-12-27 22:50:33,386 [INFO]     - Learner:              1180.0323
2025-12-27 22:50:33,386 [INFO]   🔥 GIB Sparsity Loss:     0.7824
2025-12-27 22:50:33,386 [INFO]   🔥 Contrastive Loss:      25.8783
2025-12-27 22:50:33,386 [INFO]   🔥 Prototype Loss:        19.3728
2025-12-27 22:50:33,386 [INFO]     - Spot-to-Prototype:     0.7749
2025-12-27 22:50:33,386 [INFO]     - Compactness:          0.0000
2025-12-27 22:50:33,386 [INFO]     - Dispersion:           0.0000
2025-12-27 22:50:33,386 [INFO]   🔥 Spatial Consistency:    0.0024
2025-12-27 22:50:33,386 [INFO]   GIB Keep Rate:            0.871
2025-12-27 22:50:33,386 [INFO]   GIB Avg Prob:             0.782
2025-12-27 22:50:33,386 [INFO]   Dispersion (θ):           51.506 ± 1.590
2025-12-27 22:50:33,386 [INFO]   Learning Rate:             0.000087
2025-12-27 22:50:33,808 [INFO] 
================================================================================
2025-12-27 22:50:33,808 [INFO] Epoch 221/300 (0.05s)
2025-12-27 22:50:33,808 [INFO] ================================================================================
2025-12-27 22:50:33,808 [INFO]   Total Loss:                1813.6908
2025-12-27 22:50:33,808 [INFO]   Recon Loss (Total):       1768.3601
2025-12-27 22:50:33,808 [INFO]     - Anchor:               1178.1750
2025-12-27 22:50:33,808 [INFO]     - Learner:              1180.3700
2025-12-27 22:50:33,808 [INFO]   🔥 GIB Sparsity Loss:     0.7820
2025-12-27 22:50:33,808 [INFO]   🔥 Contrastive Loss:      25.7776
2025-12-27 22:50:33,808 [INFO]   🔥 Prototype Loss:        19.4333
2025-12-27 22:50:33,808 [INFO]     - Spot-to-Prototype:     0.7773
2025-12-27 22:50:33,808 [INFO]     - Compactness:          0.0000
2025-12-27 22:50:33,808 [INFO]     - Dispersion:           0.0000
2025-12-27 22:50:33,809 [INFO]   🔥 Spatial Consistency:    0.0024
2025-12-27 22:50:33,809 [INFO]   GIB Keep Rate:            0.871
2025-12-27 22:50:33,809 [INFO]   GIB Avg Prob:             0.782
2025-12-27 22:50:33,809 [INFO]   Dispersion (θ):           51.500 ± 1.592
2025-12-27 22:50:33,809 [INFO]   Learning Rate:             0.000085
2025-12-27 22:50:34,221 [INFO] 
================================================================================
2025-12-27 22:50:34,227 [INFO] Epoch 222/300 (0.05s)
2025-12-27 22:50:34,227 [INFO] ================================================================================
2025-12-27 22:50:34,227 [INFO]   Total Loss:                1813.9905
2025-12-27 22:50:34,227 [INFO]   Recon Loss (Total):       1768.4525
2025-12-27 22:50:34,227 [INFO]     - Anchor:               1178.2515
2025-12-27 22:50:34,227 [INFO]     - Learner:              1180.4021
2025-12-27 22:50:34,227 [INFO]   🔥 GIB Sparsity Loss:     0.7821
2025-12-27 22:50:34,228 [INFO]   🔥 Contrastive Loss:      26.0247
2025-12-27 22:50:34,228 [INFO]   🔥 Prototype Loss:        19.3936
2025-12-27 22:50:34,228 [INFO]     - Spot-to-Prototype:     0.7757
2025-12-27 22:50:34,228 [INFO]     - Compactness:          0.0000
2025-12-27 22:50:34,228 [INFO]     - Dispersion:           0.0000
2025-12-27 22:50:34,228 [INFO]   🔥 Spatial Consistency:    0.0024
2025-12-27 22:50:34,228 [INFO]   GIB Keep Rate:            0.870
2025-12-27 22:50:34,228 [INFO]   GIB Avg Prob:             0.782
2025-12-27 22:50:34,229 [INFO]   Dispersion (θ):           51.494 ± 1.594
2025-12-27 22:50:34,229 [INFO]   Learning Rate:             0.000083
2025-12-27 22:50:34,272 [INFO] 
================================================================================
2025-12-27 22:50:34,272 [INFO] Epoch 223/300 (0.04s)
2025-12-27 22:50:34,272 [INFO] ================================================================================
2025-12-27 22:50:34,272 [INFO]   Total Loss:                1813.4670
2025-12-27 22:50:34,272 [INFO]   Recon Loss (Total):       1768.2551
2025-12-27 22:50:34,272 [INFO]     - Anchor:               1178.2755
2025-12-27 22:50:34,272 [INFO]     - Learner:              1179.9594
2025-12-27 22:50:34,272 [INFO]   🔥 GIB Sparsity Loss:     0.7815
2025-12-27 22:50:34,272 [INFO]   🔥 Contrastive Loss:      25.7194
2025-12-27 22:50:34,273 [INFO]   🔥 Prototype Loss:        19.3728
2025-12-27 22:50:34,273 [INFO]     - Spot-to-Prototype:     0.7749
2025-12-27 22:50:34,273 [INFO]     - Compactness:          0.0000
2025-12-27 22:50:34,273 [INFO]     - Dispersion:           0.0000
2025-12-27 22:50:34,273 [INFO]   🔥 Spatial Consistency:    0.0025
2025-12-27 22:50:34,273 [INFO]   GIB Keep Rate:            0.870
2025-12-27 22:50:34,273 [INFO]   GIB Avg Prob:             0.782
2025-12-27 22:50:34,273 [INFO]   Dispersion (θ):           51.488 ± 1.595
2025-12-27 22:50:34,273 [INFO]   Learning Rate:             0.000081
2025-12-27 22:50:34,694 [INFO] 
================================================================================
2025-12-27 22:50:34,694 [INFO] Epoch 224/300 (0.05s)
2025-12-27 22:50:34,694 [INFO] ================================================================================
2025-12-27 22:50:34,694 [INFO]   Total Loss:                1814.0083
2025-12-27 22:50:34,694 [INFO]   Recon Loss (Total):       1768.5586
2025-12-27 22:50:34,694 [INFO]     - Anchor:               1178.4021
2025-12-27 22:50:34,694 [INFO]     - Learner:              1180.3129
2025-12-27 22:50:34,694 [INFO]   🔥 GIB Sparsity Loss:     0.7810
2025-12-27 22:50:34,694 [INFO]   🔥 Contrastive Loss:      25.9359
2025-12-27 22:50:34,695 [INFO]   🔥 Prototype Loss:        19.3942
2025-12-27 22:50:34,695 [INFO]     - Spot-to-Prototype:     0.7758
2025-12-27 22:50:34,695 [INFO]     - Compactness:          0.0000
2025-12-27 22:50:34,695 [INFO]     - Dispersion:           0.0000
2025-12-27 22:50:34,695 [INFO]   🔥 Spatial Consistency:    0.0024
2025-12-27 22:50:34,695 [INFO]   GIB Keep Rate:            0.868
2025-12-27 22:50:34,695 [INFO]   GIB Avg Prob:             0.781
2025-12-27 22:50:34,695 [INFO]   Dispersion (θ):           51.483 ± 1.597
2025-12-27 22:50:34,695 [INFO]   Learning Rate:             0.000079
2025-12-27 22:50:34,732 [INFO] 
================================================================================
2025-12-27 22:50:34,732 [INFO] Epoch 225/300 (0.04s)
2025-12-27 22:50:34,733 [INFO] ================================================================================
2025-12-27 22:50:34,733 [INFO]   Total Loss:                1813.1237
2025-12-27 22:50:34,733 [INFO]   Recon Loss (Total):       1767.6866
2025-12-27 22:50:34,733 [INFO]     - Anchor:               1177.8522
2025-12-27 22:50:34,733 [INFO]     - Learner:              1179.6689
2025-12-27 22:50:34,733 [INFO]   🔥 GIB Sparsity Loss:     0.7804
2025-12-27 22:50:34,733 [INFO]   🔥 Contrastive Loss:      25.9370
2025-12-27 22:50:34,733 [INFO]   🔥 Prototype Loss:        19.3806
2025-12-27 22:50:34,733 [INFO]     - Spot-to-Prototype:     0.7752
2025-12-27 22:50:34,733 [INFO]     - Compactness:          0.0000
2025-12-27 22:50:34,733 [INFO]     - Dispersion:           0.0000
2025-12-27 22:50:34,733 [INFO]   🔥 Spatial Consistency:    0.0024
2025-12-27 22:50:34,733 [INFO]   GIB Keep Rate:            0.867
2025-12-27 22:50:34,733 [INFO]   GIB Avg Prob:             0.780
2025-12-27 22:50:34,733 [INFO]   Dispersion (θ):           51.477 ± 1.599
2025-12-27 22:50:34,733 [INFO]   Learning Rate:             0.000077
2025-12-27 22:50:35,071 [INFO] 
================================================================================
2025-12-27 22:50:35,071 [INFO] Epoch 226/300 (0.05s)
2025-12-27 22:50:35,071 [INFO] ================================================================================
2025-12-27 22:50:35,071 [INFO]   Total Loss:                1813.4628
2025-12-27 22:50:35,071 [INFO]   Recon Loss (Total):       1768.1191
2025-12-27 22:50:35,071 [INFO]     - Anchor:               1178.1472
2025-12-27 22:50:35,071 [INFO]     - Learner:              1179.9437
2025-12-27 22:50:35,071 [INFO]   🔥 GIB Sparsity Loss:     0.7804
2025-12-27 22:50:35,071 [INFO]   🔥 Contrastive Loss:      25.8630
2025-12-27 22:50:35,071 [INFO]   🔥 Prototype Loss:        19.3614
2025-12-27 22:50:35,071 [INFO]     - Spot-to-Prototype:     0.7745
2025-12-27 22:50:35,071 [INFO]     - Compactness:          0.0000
2025-12-27 22:50:35,072 [INFO]     - Dispersion:           0.0000
2025-12-27 22:50:35,072 [INFO]   🔥 Spatial Consistency:    0.0024
2025-12-27 22:50:35,072 [INFO]   GIB Keep Rate:            0.868
2025-12-27 22:50:35,072 [INFO]   GIB Avg Prob:             0.780
2025-12-27 22:50:35,072 [INFO]   Dispersion (θ):           51.472 ± 1.601
2025-12-27 22:50:35,072 [INFO]   Learning Rate:             0.000076
2025-12-27 22:50:35,109 [INFO] 
================================================================================
2025-12-27 22:50:35,110 [INFO] Epoch 227/300 (0.04s)
2025-12-27 22:50:35,110 [INFO] ================================================================================
2025-12-27 22:50:35,110 [INFO]   Total Loss:                1813.1232
2025-12-27 22:50:35,110 [INFO]   Recon Loss (Total):       1768.1136
2025-12-27 22:50:35,110 [INFO]     - Anchor:               1178.1938
2025-12-27 22:50:35,110 [INFO]     - Learner:              1179.8396
2025-12-27 22:50:35,110 [INFO]   🔥 GIB Sparsity Loss:     0.7796
2025-12-27 22:50:35,110 [INFO]   🔥 Contrastive Loss:      25.5127
2025-12-27 22:50:35,110 [INFO]   🔥 Prototype Loss:        19.3775
2025-12-27 22:50:35,110 [INFO]     - Spot-to-Prototype:     0.7751
2025-12-27 22:50:35,110 [INFO]     - Compactness:          0.0000
2025-12-27 22:50:35,110 [INFO]     - Dispersion:           0.0000
2025-12-27 22:50:35,110 [INFO]   🔥 Spatial Consistency:    0.0024
2025-12-27 22:50:35,110 [INFO]   GIB Keep Rate:            0.867
2025-12-27 22:50:35,110 [INFO]   GIB Avg Prob:             0.780
2025-12-27 22:50:35,110 [INFO]   Dispersion (θ):           51.466 ± 1.602
2025-12-27 22:50:35,111 [INFO]   Learning Rate:             0.000074
2025-12-27 22:50:35,479 [INFO] 
================================================================================
2025-12-27 22:50:35,480 [INFO] Epoch 228/300 (0.05s)
2025-12-27 22:50:35,480 [INFO] ================================================================================
2025-12-27 22:50:35,480 [INFO]   Total Loss:                1813.3772
2025-12-27 22:50:35,480 [INFO]   Recon Loss (Total):       1768.1060
2025-12-27 22:50:35,480 [INFO]     - Anchor:               1178.0935
2025-12-27 22:50:35,480 [INFO]     - Learner:              1180.0249
2025-12-27 22:50:35,480 [INFO]   🔥 GIB Sparsity Loss:     0.7798
2025-12-27 22:50:35,480 [INFO]   🔥 Contrastive Loss:      25.8177
2025-12-27 22:50:35,480 [INFO]   🔥 Prototype Loss:        19.3343
2025-12-27 22:50:35,480 [INFO]     - Spot-to-Prototype:     0.7734
2025-12-27 22:50:35,480 [INFO]     - Compactness:          0.0000
2025-12-27 22:50:35,480 [INFO]     - Dispersion:           0.0000
2025-12-27 22:50:35,480 [INFO]   🔥 Spatial Consistency:    0.0024
2025-12-27 22:50:35,480 [INFO]   GIB Keep Rate:            0.867
2025-12-27 22:50:35,480 [INFO]   GIB Avg Prob:             0.780
2025-12-27 22:50:35,480 [INFO]   Dispersion (θ):           51.461 ± 1.604
2025-12-27 22:50:35,480 [INFO]   Learning Rate:             0.000072
2025-12-27 22:50:35,518 [INFO] 
================================================================================
2025-12-27 22:50:35,519 [INFO] Epoch 229/300 (0.04s)
2025-12-27 22:50:35,519 [INFO] ================================================================================
2025-12-27 22:50:35,519 [INFO]   Total Loss:                1813.8202
2025-12-27 22:50:35,519 [INFO]   Recon Loss (Total):       1768.4009
2025-12-27 22:50:35,519 [INFO]     - Anchor:               1178.3969
2025-12-27 22:50:35,519 [INFO]     - Learner:              1180.0082
2025-12-27 22:50:35,519 [INFO]   🔥 GIB Sparsity Loss:     0.7795
2025-12-27 22:50:35,519 [INFO]   🔥 Contrastive Loss:      25.9479
2025-12-27 22:50:35,519 [INFO]   🔥 Prototype Loss:        19.3521
2025-12-27 22:50:35,519 [INFO]     - Spot-to-Prototype:     0.7741
2025-12-27 22:50:35,519 [INFO]     - Compactness:          0.0000
2025-12-27 22:50:35,519 [INFO]     - Dispersion:           0.0000
2025-12-27 22:50:35,519 [INFO]   🔥 Spatial Consistency:    0.0024
2025-12-27 22:50:35,519 [INFO]   GIB Keep Rate:            0.867
2025-12-27 22:50:35,519 [INFO]   GIB Avg Prob:             0.779
2025-12-27 22:50:35,519 [INFO]   Dispersion (θ):           51.456 ± 1.605
2025-12-27 22:50:35,519 [INFO]   Learning Rate:             0.000070
2025-12-27 22:50:35,555 [INFO] 
================================================================================
2025-12-27 22:50:35,555 [INFO] Epoch 230/300 (0.04s)
2025-12-27 22:50:35,555 [INFO] ================================================================================
2025-12-27 22:50:35,555 [INFO]   Total Loss:                1813.2609
2025-12-27 22:50:35,555 [INFO]   Recon Loss (Total):       1767.9038
2025-12-27 22:50:35,555 [INFO]     - Anchor:               1177.8248
2025-12-27 22:50:35,555 [INFO]     - Learner:              1180.1581
2025-12-27 22:50:35,555 [INFO]   🔥 GIB Sparsity Loss:     0.7795
2025-12-27 22:50:35,556 [INFO]   🔥 Contrastive Loss:      25.8863
2025-12-27 22:50:35,556 [INFO]   🔥 Prototype Loss:        19.3516
2025-12-27 22:50:35,556 [INFO]     - Spot-to-Prototype:     0.7741
2025-12-27 22:50:35,556 [INFO]     - Compactness:          0.0000
2025-12-27 22:50:35,556 [INFO]     - Dispersion:           0.0000
2025-12-27 22:50:35,556 [INFO]   🔥 Spatial Consistency:    0.0023
2025-12-27 22:50:35,556 [INFO]   GIB Keep Rate:            0.867
2025-12-27 22:50:35,556 [INFO]   GIB Avg Prob:             0.779
2025-12-27 22:50:35,556 [INFO]   Dispersion (θ):           51.451 ± 1.607
2025-12-27 22:50:35,556 [INFO]   Learning Rate:             0.000069
2025-12-27 22:50:35,590 [INFO] 
================================================================================
2025-12-27 22:50:35,591 [INFO] Epoch 231/300 (0.03s)
2025-12-27 22:50:35,591 [INFO] ================================================================================
2025-12-27 22:50:35,591 [INFO]   Total Loss:                1813.1061
2025-12-27 22:50:35,591 [INFO]   Recon Loss (Total):       1768.0682
2025-12-27 22:50:35,591 [INFO]     - Anchor:               1178.1177
2025-12-27 22:50:35,591 [INFO]     - Learner:              1179.9011
2025-12-27 22:50:35,591 [INFO]   🔥 GIB Sparsity Loss:     0.7794
2025-12-27 22:50:35,591 [INFO]   🔥 Contrastive Loss:      25.5976
2025-12-27 22:50:35,591 [INFO]   🔥 Prototype Loss:        19.3209
2025-12-27 22:50:35,591 [INFO]     - Spot-to-Prototype:     0.7728
2025-12-27 22:50:35,591 [INFO]     - Compactness:          0.0000
2025-12-27 22:50:35,591 [INFO]     - Dispersion:           0.0000
2025-12-27 22:50:35,591 [INFO]   🔥 Spatial Consistency:    0.0023
2025-12-27 22:50:35,591 [INFO]   GIB Keep Rate:            0.866
2025-12-27 22:50:35,591 [INFO]   GIB Avg Prob:             0.779
2025-12-27 22:50:35,591 [INFO]   Dispersion (θ):           51.446 ± 1.608
2025-12-27 22:50:35,591 [INFO]   Learning Rate:             0.000067
2025-12-27 22:50:35,972 [INFO] 
================================================================================
2025-12-27 22:50:35,972 [INFO] Epoch 232/300 (0.05s)
2025-12-27 22:50:35,972 [INFO] ================================================================================
2025-12-27 22:50:35,972 [INFO]   Total Loss:                1813.2231
2025-12-27 22:50:35,972 [INFO]   Recon Loss (Total):       1768.0742
2025-12-27 22:50:35,973 [INFO]     - Anchor:               1178.1364
2025-12-27 22:50:35,973 [INFO]     - Learner:              1179.8756
2025-12-27 22:50:35,973 [INFO]   🔥 GIB Sparsity Loss:     0.7794
2025-12-27 22:50:35,973 [INFO]   🔥 Contrastive Loss:      25.7169
2025-12-27 22:50:35,973 [INFO]   🔥 Prototype Loss:        19.3128
2025-12-27 22:50:35,973 [INFO]     - Spot-to-Prototype:     0.7725
2025-12-27 22:50:35,973 [INFO]     - Compactness:          0.0000
2025-12-27 22:50:35,973 [INFO]     - Dispersion:           0.0000
2025-12-27 22:50:35,973 [INFO]   🔥 Spatial Consistency:    0.0023
2025-12-27 22:50:35,973 [INFO]   GIB Keep Rate:            0.866
2025-12-27 22:50:35,973 [INFO]   GIB Avg Prob:             0.779
2025-12-27 22:50:35,973 [INFO]   Dispersion (θ):           51.442 ± 1.610
2025-12-27 22:50:35,973 [INFO]   Learning Rate:             0.000065
2025-12-27 22:50:36,011 [INFO] 
================================================================================
2025-12-27 22:50:36,011 [INFO] Epoch 233/300 (0.04s)
2025-12-27 22:50:36,011 [INFO] ================================================================================
2025-12-27 22:50:36,011 [INFO]   Total Loss:                1813.2515
2025-12-27 22:50:36,011 [INFO]   Recon Loss (Total):       1767.7692
2025-12-27 22:50:36,011 [INFO]     - Anchor:               1177.9182
2025-12-27 22:50:36,011 [INFO]     - Learner:              1179.7019
2025-12-27 22:50:36,011 [INFO]   🔥 GIB Sparsity Loss:     0.7793
2025-12-27 22:50:36,011 [INFO]   🔥 Contrastive Loss:      26.0118
2025-12-27 22:50:36,011 [INFO]   🔥 Prototype Loss:        19.3512
2025-12-27 22:50:36,011 [INFO]     - Spot-to-Prototype:     0.7740
2025-12-27 22:50:36,011 [INFO]     - Compactness:          0.0000
2025-12-27 22:50:36,011 [INFO]     - Dispersion:           0.0000
2025-12-27 22:50:36,012 [INFO]   🔥 Spatial Consistency:    0.0024
2025-12-27 22:50:36,012 [INFO]   GIB Keep Rate:            0.865
2025-12-27 22:50:36,012 [INFO]   GIB Avg Prob:             0.779
2025-12-27 22:50:36,012 [INFO]   Dispersion (θ):           51.437 ± 1.611
2025-12-27 22:50:36,012 [INFO]   Learning Rate:             0.000063
2025-12-27 22:50:36,048 [INFO] 
================================================================================
2025-12-27 22:50:36,048 [INFO] Epoch 234/300 (0.04s)
2025-12-27 22:50:36,048 [INFO] ================================================================================
2025-12-27 22:50:36,048 [INFO]   Total Loss:                1813.1215
2025-12-27 22:50:36,048 [INFO]   Recon Loss (Total):       1767.7626
2025-12-27 22:50:36,048 [INFO]     - Anchor:               1177.7990
2025-12-27 22:50:36,048 [INFO]     - Learner:              1179.9272
2025-12-27 22:50:36,048 [INFO]   🔥 GIB Sparsity Loss:     0.7796
2025-12-27 22:50:36,048 [INFO]   🔥 Contrastive Loss:      25.8727
2025-12-27 22:50:36,048 [INFO]   🔥 Prototype Loss:        19.3670
2025-12-27 22:50:36,048 [INFO]     - Spot-to-Prototype:     0.7747
2025-12-27 22:50:36,049 [INFO]     - Compactness:          0.0000
2025-12-27 22:50:36,049 [INFO]     - Dispersion:           0.0000
2025-12-27 22:50:36,049 [INFO]   🔥 Spatial Consistency:    0.0022
2025-12-27 22:50:36,049 [INFO]   GIB Keep Rate:            0.866
2025-12-27 22:50:36,049 [INFO]   GIB Avg Prob:             0.780
2025-12-27 22:50:36,049 [INFO]   Dispersion (θ):           51.433 ± 1.612
2025-12-27 22:50:36,049 [INFO]   Learning Rate:             0.000062
2025-12-27 22:50:36,086 [INFO] 
================================================================================
2025-12-27 22:50:36,087 [INFO] Epoch 235/300 (0.04s)
2025-12-27 22:50:36,087 [INFO] ================================================================================
2025-12-27 22:50:36,087 [INFO]   Total Loss:                1812.6216
2025-12-27 22:50:36,087 [INFO]   Recon Loss (Total):       1767.5872
2025-12-27 22:50:36,087 [INFO]     - Anchor:               1177.9475
2025-12-27 22:50:36,087 [INFO]     - Learner:              1179.2792
2025-12-27 22:50:36,087 [INFO]   🔥 GIB Sparsity Loss:     0.7798
2025-12-27 22:50:36,087 [INFO]   🔥 Contrastive Loss:      25.5842
2025-12-27 22:50:36,087 [INFO]   🔥 Prototype Loss:        19.3311
2025-12-27 22:50:36,087 [INFO]     - Spot-to-Prototype:     0.7732
2025-12-27 22:50:36,087 [INFO]     - Compactness:          0.0000
2025-12-27 22:50:36,087 [INFO]     - Dispersion:           0.0000
2025-12-27 22:50:36,087 [INFO]   🔥 Spatial Consistency:    0.0022
2025-12-27 22:50:36,087 [INFO]   GIB Keep Rate:            0.865
2025-12-27 22:50:36,087 [INFO]   GIB Avg Prob:             0.780
2025-12-27 22:50:36,087 [INFO]   Dispersion (θ):           51.428 ± 1.614
2025-12-27 22:50:36,087 [INFO]   Learning Rate:             0.000060
2025-12-27 22:50:36,425 [INFO] 
================================================================================
2025-12-27 22:50:36,426 [INFO] Epoch 236/300 (0.05s)
2025-12-27 22:50:36,426 [INFO] ================================================================================
2025-12-27 22:50:36,426 [INFO]   Total Loss:                1812.6162
2025-12-27 22:50:36,426 [INFO]   Recon Loss (Total):       1767.4209
2025-12-27 22:50:36,426 [INFO]     - Anchor:               1177.5138
2025-12-27 22:50:36,426 [INFO]     - Learner:              1179.8143
2025-12-27 22:50:36,426 [INFO]   🔥 GIB Sparsity Loss:     0.7798
2025-12-27 22:50:36,426 [INFO]   🔥 Contrastive Loss:      25.7617
2025-12-27 22:50:36,426 [INFO]   🔥 Prototype Loss:        19.3142
2025-12-27 22:50:36,426 [INFO]     - Spot-to-Prototype:     0.7726
2025-12-27 22:50:36,426 [INFO]     - Compactness:          0.0000
2025-12-27 22:50:36,426 [INFO]     - Dispersion:           0.0000
2025-12-27 22:50:36,426 [INFO]   🔥 Spatial Consistency:    0.0024
2025-12-27 22:50:36,426 [INFO]   GIB Keep Rate:            0.866
2025-12-27 22:50:36,426 [INFO]   GIB Avg Prob:             0.780
2025-12-27 22:50:36,426 [INFO]   Dispersion (θ):           51.424 ± 1.615
2025-12-27 22:50:36,426 [INFO]   Learning Rate:             0.000059
2025-12-27 22:50:36,844 [INFO] 
================================================================================
2025-12-27 22:50:36,845 [INFO] Epoch 237/300 (0.05s)
2025-12-27 22:50:36,845 [INFO] ================================================================================
2025-12-27 22:50:36,845 [INFO]   Total Loss:                1812.6163
2025-12-27 22:50:36,845 [INFO]   Recon Loss (Total):       1767.2023
2025-12-27 22:50:36,845 [INFO]     - Anchor:               1177.4489
2025-12-27 22:50:36,845 [INFO]     - Learner:              1179.5068
2025-12-27 22:50:36,845 [INFO]   🔥 GIB Sparsity Loss:     0.7800
2025-12-27 22:50:36,845 [INFO]   🔥 Contrastive Loss:      25.9507
2025-12-27 22:50:36,845 [INFO]   🔥 Prototype Loss:        19.3441
2025-12-27 22:50:36,845 [INFO]     - Spot-to-Prototype:     0.7738
2025-12-27 22:50:36,845 [INFO]     - Compactness:          0.0000
2025-12-27 22:50:36,845 [INFO]     - Dispersion:           0.0000
2025-12-27 22:50:36,845 [INFO]   🔥 Spatial Consistency:    0.0023
2025-12-27 22:50:36,845 [INFO]   GIB Keep Rate:            0.867
2025-12-27 22:50:36,845 [INFO]   GIB Avg Prob:             0.780
2025-12-27 22:50:36,846 [INFO]   Dispersion (θ):           51.420 ± 1.616
2025-12-27 22:50:36,846 [INFO]   Learning Rate:             0.000057
2025-12-27 22:50:36,881 [INFO] 
================================================================================
2025-12-27 22:50:36,882 [INFO] Epoch 238/300 (0.04s)
2025-12-27 22:50:36,882 [INFO] ================================================================================
2025-12-27 22:50:36,882 [INFO]   Total Loss:                1812.8676
2025-12-27 22:50:36,882 [INFO]   Recon Loss (Total):       1767.7358
2025-12-27 22:50:36,882 [INFO]     - Anchor:               1177.8525
2025-12-27 22:50:36,882 [INFO]     - Learner:              1179.7666
2025-12-27 22:50:36,882 [INFO]   🔥 GIB Sparsity Loss:     0.7805
2025-12-27 22:50:36,882 [INFO]   🔥 Contrastive Loss:      25.6890
2025-12-27 22:50:36,882 [INFO]   🔥 Prototype Loss:        19.3232
2025-12-27 22:50:36,882 [INFO]     - Spot-to-Prototype:     0.7729
2025-12-27 22:50:36,882 [INFO]     - Compactness:          0.0000
2025-12-27 22:50:36,882 [INFO]     - Dispersion:           0.0000
2025-12-27 22:50:36,882 [INFO]   🔥 Spatial Consistency:    0.0023
2025-12-27 22:50:36,882 [INFO]   GIB Keep Rate:            0.869
2025-12-27 22:50:36,882 [INFO]   GIB Avg Prob:             0.780
2025-12-27 22:50:36,882 [INFO]   Dispersion (θ):           51.416 ± 1.617
2025-12-27 22:50:36,882 [INFO]   Learning Rate:             0.000055
2025-12-27 22:50:36,919 [INFO] 
================================================================================
2025-12-27 22:50:36,919 [INFO] Epoch 239/300 (0.04s)
2025-12-27 22:50:36,919 [INFO] ================================================================================
2025-12-27 22:50:36,919 [INFO]   Total Loss:                1813.0443
2025-12-27 22:50:36,919 [INFO]   Recon Loss (Total):       1767.8096
2025-12-27 22:50:36,919 [INFO]     - Anchor:               1177.7991
2025-12-27 22:50:36,919 [INFO]     - Learner:              1180.0210
2025-12-27 22:50:36,919 [INFO]   🔥 GIB Sparsity Loss:     0.7806
2025-12-27 22:50:36,919 [INFO]   🔥 Contrastive Loss:      25.7904
2025-12-27 22:50:36,919 [INFO]   🔥 Prototype Loss:        19.3249
2025-12-27 22:50:36,919 [INFO]     - Spot-to-Prototype:     0.7730
2025-12-27 22:50:36,919 [INFO]     - Compactness:          0.0000
2025-12-27 22:50:36,919 [INFO]     - Dispersion:           0.0000
2025-12-27 22:50:36,919 [INFO]   🔥 Spatial Consistency:    0.0023
2025-12-27 22:50:36,919 [INFO]   GIB Keep Rate:            0.867
2025-12-27 22:50:36,919 [INFO]   GIB Avg Prob:             0.781
2025-12-27 22:50:36,920 [INFO]   Dispersion (θ):           51.412 ± 1.618
2025-12-27 22:50:36,920 [INFO]   Learning Rate:             0.000054
2025-12-27 22:50:36,957 [INFO] 
================================================================================
2025-12-27 22:50:36,957 [INFO] Epoch 240/300 (0.04s)
2025-12-27 22:50:36,957 [INFO] ================================================================================
2025-12-27 22:50:36,957 [INFO]   Total Loss:                1812.4600
2025-12-27 22:50:36,957 [INFO]   Recon Loss (Total):       1767.2582
2025-12-27 22:50:36,957 [INFO]     - Anchor:               1177.6245
2025-12-27 22:50:36,957 [INFO]     - Learner:              1179.2673
2025-12-27 22:50:36,957 [INFO]   🔥 GIB Sparsity Loss:     0.7811
2025-12-27 22:50:36,958 [INFO]   🔥 Contrastive Loss:      25.7773
2025-12-27 22:50:36,958 [INFO]   🔥 Prototype Loss:        19.3051
2025-12-27 22:50:36,958 [INFO]     - Spot-to-Prototype:     0.7722
2025-12-27 22:50:36,958 [INFO]     - Compactness:          0.0000
2025-12-27 22:50:36,958 [INFO]     - Dispersion:           0.0000
2025-12-27 22:50:36,958 [INFO]   🔥 Spatial Consistency:    0.0022
2025-12-27 22:50:36,958 [INFO]   GIB Keep Rate:            0.870
2025-12-27 22:50:36,958 [INFO]   GIB Avg Prob:             0.781
2025-12-27 22:50:36,958 [INFO]   Dispersion (θ):           51.409 ± 1.620
2025-12-27 22:50:36,958 [INFO]   Learning Rate:             0.000052
2025-12-27 22:50:37,339 [INFO] 
================================================================================
2025-12-27 22:50:37,339 [INFO] Epoch 241/300 (0.05s)
2025-12-27 22:50:37,339 [INFO] ================================================================================
2025-12-27 22:50:37,339 [INFO]   Total Loss:                1812.4801
2025-12-27 22:50:37,339 [INFO]   Recon Loss (Total):       1767.4224
2025-12-27 22:50:37,339 [INFO]     - Anchor:               1177.5885
2025-12-27 22:50:37,339 [INFO]     - Learner:              1179.6677
2025-12-27 22:50:37,339 [INFO]   🔥 GIB Sparsity Loss:     0.7812
2025-12-27 22:50:37,339 [INFO]   🔥 Contrastive Loss:      25.5912
2025-12-27 22:50:37,339 [INFO]   🔥 Prototype Loss:        19.3472
2025-12-27 22:50:37,339 [INFO]     - Spot-to-Prototype:     0.7739
2025-12-27 22:50:37,339 [INFO]     - Compactness:          0.0000
2025-12-27 22:50:37,340 [INFO]     - Dispersion:           0.0000
2025-12-27 22:50:37,340 [INFO]   🔥 Spatial Consistency:    0.0022
2025-12-27 22:50:37,340 [INFO]   GIB Keep Rate:            0.869
2025-12-27 22:50:37,340 [INFO]   GIB Avg Prob:             0.781
2025-12-27 22:50:37,340 [INFO]   Dispersion (θ):           51.405 ± 1.621
2025-12-27 22:50:37,340 [INFO]   Learning Rate:             0.000051
2025-12-27 22:50:37,376 [INFO] 
================================================================================
2025-12-27 22:50:37,376 [INFO] Epoch 242/300 (0.04s)
2025-12-27 22:50:37,376 [INFO] ================================================================================
2025-12-27 22:50:37,376 [INFO]   Total Loss:                1811.9238
2025-12-27 22:50:37,376 [INFO]   Recon Loss (Total):       1766.9072
2025-12-27 22:50:37,376 [INFO]     - Anchor:               1177.3889
2025-12-27 22:50:37,376 [INFO]     - Learner:              1179.0366
2025-12-27 22:50:37,376 [INFO]   🔥 GIB Sparsity Loss:     0.7814
2025-12-27 22:50:37,377 [INFO]   🔥 Contrastive Loss:      25.5843
2025-12-27 22:50:37,377 [INFO]   🔥 Prototype Loss:        19.3129
2025-12-27 22:50:37,377 [INFO]     - Spot-to-Prototype:     0.7725
2025-12-27 22:50:37,377 [INFO]     - Compactness:          0.0000
2025-12-27 22:50:37,377 [INFO]     - Dispersion:           0.0000
2025-12-27 22:50:37,377 [INFO]   🔥 Spatial Consistency:    0.0022
2025-12-27 22:50:37,377 [INFO]   GIB Keep Rate:            0.870
2025-12-27 22:50:37,377 [INFO]   GIB Avg Prob:             0.781
2025-12-27 22:50:37,377 [INFO]   Dispersion (θ):           51.401 ± 1.622
2025-12-27 22:50:37,377 [INFO]   Learning Rate:             0.000049
2025-12-27 22:50:37,742 [INFO] 
================================================================================
2025-12-27 22:50:37,743 [INFO] Epoch 243/300 (0.05s)
2025-12-27 22:50:37,743 [INFO] ================================================================================
2025-12-27 22:50:37,743 [INFO]   Total Loss:                1811.9137
2025-12-27 22:50:37,743 [INFO]   Recon Loss (Total):       1766.9556
2025-12-27 22:50:37,743 [INFO]     - Anchor:               1177.4875
2025-12-27 22:50:37,743 [INFO]     - Learner:              1178.9362
2025-12-27 22:50:37,743 [INFO]   🔥 GIB Sparsity Loss:     0.7816
2025-12-27 22:50:37,743 [INFO]   🔥 Contrastive Loss:      25.5138
2025-12-27 22:50:37,743 [INFO]   🔥 Prototype Loss:        19.3248
2025-12-27 22:50:37,743 [INFO]     - Spot-to-Prototype:     0.7730
2025-12-27 22:50:37,743 [INFO]     - Compactness:          0.0000
2025-12-27 22:50:37,743 [INFO]     - Dispersion:           0.0000
2025-12-27 22:50:37,743 [INFO]   🔥 Spatial Consistency:    0.0023
2025-12-27 22:50:37,743 [INFO]   GIB Keep Rate:            0.869
2025-12-27 22:50:37,743 [INFO]   GIB Avg Prob:             0.782
2025-12-27 22:50:37,743 [INFO]   Dispersion (θ):           51.398 ± 1.623
2025-12-27 22:50:37,744 [INFO]   Learning Rate:             0.000048
2025-12-27 22:50:38,114 [INFO] 
================================================================================
2025-12-27 22:50:38,115 [INFO] Epoch 244/300 (0.05s)
2025-12-27 22:50:38,115 [INFO] ================================================================================
2025-12-27 22:50:38,115 [INFO]   Total Loss:                1811.9227
2025-12-27 22:50:38,115 [INFO]   Recon Loss (Total):       1766.8574
2025-12-27 22:50:38,115 [INFO]     - Anchor:               1177.2216
2025-12-27 22:50:38,115 [INFO]     - Learner:              1179.2719
2025-12-27 22:50:38,115 [INFO]   🔥 GIB Sparsity Loss:     0.7817
2025-12-27 22:50:38,115 [INFO]   🔥 Contrastive Loss:      25.6183
2025-12-27 22:50:38,115 [INFO]   🔥 Prototype Loss:        19.3275
2025-12-27 22:50:38,115 [INFO]     - Spot-to-Prototype:     0.7731
2025-12-27 22:50:38,115 [INFO]     - Compactness:          0.0000
2025-12-27 22:50:38,115 [INFO]     - Dispersion:           0.0000
2025-12-27 22:50:38,115 [INFO]   🔥 Spatial Consistency:    0.0022
2025-12-27 22:50:38,115 [INFO]   GIB Keep Rate:            0.869
2025-12-27 22:50:38,115 [INFO]   GIB Avg Prob:             0.782
2025-12-27 22:50:38,115 [INFO]   Dispersion (θ):           51.394 ± 1.624
2025-12-27 22:50:38,115 [INFO]   Learning Rate:             0.000046
2025-12-27 22:50:38,153 [INFO] 
================================================================================
2025-12-27 22:50:38,153 [INFO] Epoch 245/300 (0.04s)
2025-12-27 22:50:38,153 [INFO] ================================================================================
2025-12-27 22:50:38,153 [INFO]   Total Loss:                1811.7902
2025-12-27 22:50:38,153 [INFO]   Recon Loss (Total):       1767.0496
2025-12-27 22:50:38,153 [INFO]     - Anchor:               1177.3367
2025-12-27 22:50:38,153 [INFO]     - Learner:              1179.4258
2025-12-27 22:50:38,153 [INFO]   🔥 GIB Sparsity Loss:     0.7819
2025-12-27 22:50:38,153 [INFO]   🔥 Contrastive Loss:      25.3375
2025-12-27 22:50:38,153 [INFO]   🔥 Prototype Loss:        19.2835
2025-12-27 22:50:38,153 [INFO]     - Spot-to-Prototype:     0.7713
2025-12-27 22:50:38,153 [INFO]     - Compactness:          0.0000
2025-12-27 22:50:38,153 [INFO]     - Dispersion:           0.0000
2025-12-27 22:50:38,153 [INFO]   🔥 Spatial Consistency:    0.0023
2025-12-27 22:50:38,153 [INFO]   GIB Keep Rate:            0.870
2025-12-27 22:50:38,153 [INFO]   GIB Avg Prob:             0.782
2025-12-27 22:50:38,153 [INFO]   Dispersion (θ):           51.391 ± 1.625
2025-12-27 22:50:38,153 [INFO]   Learning Rate:             0.000045
2025-12-27 22:50:38,478 [INFO] 
================================================================================
2025-12-27 22:50:38,478 [INFO] Epoch 246/300 (0.05s)
2025-12-27 22:50:38,478 [INFO] ================================================================================
2025-12-27 22:50:38,478 [INFO]   Total Loss:                1812.1921
2025-12-27 22:50:38,478 [INFO]   Recon Loss (Total):       1767.3021
2025-12-27 22:50:38,478 [INFO]     - Anchor:               1177.3540
2025-12-27 22:50:38,478 [INFO]     - Learner:              1179.8962
2025-12-27 22:50:38,478 [INFO]   🔥 GIB Sparsity Loss:     0.7819
2025-12-27 22:50:38,478 [INFO]   🔥 Contrastive Loss:      25.4905
2025-12-27 22:50:38,478 [INFO]   🔥 Prototype Loss:        19.2799
2025-12-27 22:50:38,478 [INFO]     - Spot-to-Prototype:     0.7712
2025-12-27 22:50:38,479 [INFO]     - Compactness:          0.0000
2025-12-27 22:50:38,479 [INFO]     - Dispersion:           0.0000
2025-12-27 22:50:38,479 [INFO]   🔥 Spatial Consistency:    0.0024
2025-12-27 22:50:38,479 [INFO]   GIB Keep Rate:            0.869
2025-12-27 22:50:38,479 [INFO]   GIB Avg Prob:             0.782
2025-12-27 22:50:38,479 [INFO]   Dispersion (θ):           51.388 ± 1.626
2025-12-27 22:50:38,479 [INFO]   Learning Rate:             0.000044
2025-12-27 22:50:38,516 [INFO] 
================================================================================
2025-12-27 22:50:38,516 [INFO] Epoch 247/300 (0.04s)
2025-12-27 22:50:38,516 [INFO] ================================================================================
2025-12-27 22:50:38,516 [INFO]   Total Loss:                1811.8787
2025-12-27 22:50:38,516 [INFO]   Recon Loss (Total):       1766.8561
2025-12-27 22:50:38,516 [INFO]     - Anchor:               1177.1245
2025-12-27 22:50:38,516 [INFO]     - Learner:              1179.4631
2025-12-27 22:50:38,516 [INFO]   🔥 GIB Sparsity Loss:     0.7822
2025-12-27 22:50:38,516 [INFO]   🔥 Contrastive Loss:      25.5748
2025-12-27 22:50:38,516 [INFO]   🔥 Prototype Loss:        19.3282
2025-12-27 22:50:38,516 [INFO]     - Spot-to-Prototype:     0.7731
2025-12-27 22:50:38,517 [INFO]     - Compactness:          0.0000
2025-12-27 22:50:38,517 [INFO]     - Dispersion:           0.0000
2025-12-27 22:50:38,517 [INFO]   🔥 Spatial Consistency:    0.0022
2025-12-27 22:50:38,517 [INFO]   GIB Keep Rate:            0.871
2025-12-27 22:50:38,517 [INFO]   GIB Avg Prob:             0.782
2025-12-27 22:50:38,517 [INFO]   Dispersion (θ):           51.385 ± 1.627
2025-12-27 22:50:38,517 [INFO]   Learning Rate:             0.000042
2025-12-27 22:50:38,552 [INFO] 
================================================================================
2025-12-27 22:50:38,552 [INFO] Epoch 248/300 (0.04s)
2025-12-27 22:50:38,552 [INFO] ================================================================================
2025-12-27 22:50:38,552 [INFO]   Total Loss:                1811.9385
2025-12-27 22:50:38,552 [INFO]   Recon Loss (Total):       1766.9949
2025-12-27 22:50:38,553 [INFO]     - Anchor:               1177.4469
2025-12-27 22:50:38,553 [INFO]     - Learner:              1179.0958
2025-12-27 22:50:38,553 [INFO]   🔥 GIB Sparsity Loss:     0.7822
2025-12-27 22:50:38,553 [INFO]   🔥 Contrastive Loss:      25.5432
2025-12-27 22:50:38,553 [INFO]   🔥 Prototype Loss:        19.2809
2025-12-27 22:50:38,553 [INFO]     - Spot-to-Prototype:     0.7712
2025-12-27 22:50:38,553 [INFO]     - Compactness:          0.0000
2025-12-27 22:50:38,553 [INFO]     - Dispersion:           0.0000
2025-12-27 22:50:38,553 [INFO]   🔥 Spatial Consistency:    0.0022
2025-12-27 22:50:38,553 [INFO]   GIB Keep Rate:            0.871
2025-12-27 22:50:38,553 [INFO]   GIB Avg Prob:             0.782
2025-12-27 22:50:38,553 [INFO]   Dispersion (θ):           51.382 ± 1.627
2025-12-27 22:50:38,553 [INFO]   Learning Rate:             0.000041
2025-12-27 22:50:38,589 [INFO] 
================================================================================
2025-12-27 22:50:38,590 [INFO] Epoch 249/300 (0.04s)
2025-12-27 22:50:38,590 [INFO] ================================================================================
2025-12-27 22:50:38,590 [INFO]   Total Loss:                1811.6857
2025-12-27 22:50:38,590 [INFO]   Recon Loss (Total):       1766.6997
2025-12-27 22:50:38,590 [INFO]     - Anchor:               1177.2368
2025-12-27 22:50:38,590 [INFO]     - Learner:              1178.9259
2025-12-27 22:50:38,590 [INFO]   🔥 GIB Sparsity Loss:     0.7819
2025-12-27 22:50:38,590 [INFO]   🔥 Contrastive Loss:      25.5838
2025-12-27 22:50:38,590 [INFO]   🔥 Prototype Loss:        19.2824
2025-12-27 22:50:38,590 [INFO]     - Spot-to-Prototype:     0.7713
2025-12-27 22:50:38,590 [INFO]     - Compactness:          0.0000
2025-12-27 22:50:38,590 [INFO]     - Dispersion:           0.0000
2025-12-27 22:50:38,590 [INFO]   🔥 Spatial Consistency:    0.0023
2025-12-27 22:50:38,590 [INFO]   GIB Keep Rate:            0.870
2025-12-27 22:50:38,590 [INFO]   GIB Avg Prob:             0.782
2025-12-27 22:50:38,590 [INFO]   Dispersion (θ):           51.379 ± 1.628
2025-12-27 22:50:38,591 [INFO]   Learning Rate:             0.000039
2025-12-27 22:50:38,939 [INFO] 
================================================================================
2025-12-27 22:50:38,939 [INFO] Epoch 250/300 (0.05s)
2025-12-27 22:50:38,939 [INFO] ================================================================================
2025-12-27 22:50:38,939 [INFO]   Total Loss:                1811.7389
2025-12-27 22:50:38,939 [INFO]   Recon Loss (Total):       1766.9995
2025-12-27 22:50:38,939 [INFO]     - Anchor:               1177.2876
2025-12-27 22:50:38,940 [INFO]     - Learner:              1179.4238
2025-12-27 22:50:38,940 [INFO]   🔥 GIB Sparsity Loss:     0.7820
2025-12-27 22:50:38,940 [INFO]   🔥 Contrastive Loss:      25.3673
2025-12-27 22:50:38,940 [INFO]   🔥 Prototype Loss:        19.2525
2025-12-27 22:50:38,940 [INFO]     - Spot-to-Prototype:     0.7701
2025-12-27 22:50:38,940 [INFO]     - Compactness:          0.0000
2025-12-27 22:50:38,940 [INFO]     - Dispersion:           0.0000
2025-12-27 22:50:38,940 [INFO]   🔥 Spatial Consistency:    0.0023
2025-12-27 22:50:38,940 [INFO]   GIB Keep Rate:            0.871
2025-12-27 22:50:38,940 [INFO]   GIB Avg Prob:             0.782
2025-12-27 22:50:38,940 [INFO]   Dispersion (θ):           51.376 ± 1.629
2025-12-27 22:50:38,940 [INFO]   Learning Rate:             0.000038
2025-12-27 22:50:38,976 [INFO] 
================================================================================
2025-12-27 22:50:38,976 [INFO] Epoch 251/300 (0.04s)
2025-12-27 22:50:38,976 [INFO] ================================================================================
2025-12-27 22:50:38,976 [INFO]   Total Loss:                1811.6989
2025-12-27 22:50:38,976 [INFO]   Recon Loss (Total):       1766.7527
2025-12-27 22:50:38,976 [INFO]     - Anchor:               1177.1107
2025-12-27 22:50:38,976 [INFO]     - Learner:              1179.2839
2025-12-27 22:50:38,976 [INFO]   🔥 GIB Sparsity Loss:     0.7822
2025-12-27 22:50:38,976 [INFO]   🔥 Contrastive Loss:      25.5419
2025-12-27 22:50:38,976 [INFO]   🔥 Prototype Loss:        19.2847
2025-12-27 22:50:38,977 [INFO]     - Spot-to-Prototype:     0.7714
2025-12-27 22:50:38,977 [INFO]     - Compactness:          0.0000
2025-12-27 22:50:38,977 [INFO]     - Dispersion:           0.0000
2025-12-27 22:50:38,977 [INFO]   🔥 Spatial Consistency:    0.0023
2025-12-27 22:50:38,977 [INFO]   GIB Keep Rate:            0.871
2025-12-27 22:50:38,977 [INFO]   GIB Avg Prob:             0.782
2025-12-27 22:50:38,977 [INFO]   Dispersion (θ):           51.374 ± 1.630
2025-12-27 22:50:38,977 [INFO]   Learning Rate:             0.000037
2025-12-27 22:50:39,013 [INFO] 
================================================================================
2025-12-27 22:50:39,013 [INFO] Epoch 252/300 (0.04s)
2025-12-27 22:50:39,013 [INFO] ================================================================================
2025-12-27 22:50:39,013 [INFO]   Total Loss:                1811.5923
2025-12-27 22:50:39,013 [INFO]   Recon Loss (Total):       1766.8120
2025-12-27 22:50:39,013 [INFO]     - Anchor:               1177.3385
2025-12-27 22:50:39,013 [INFO]     - Learner:              1178.9470
2025-12-27 22:50:39,013 [INFO]   🔥 GIB Sparsity Loss:     0.7821
2025-12-27 22:50:39,013 [INFO]   🔥 Contrastive Loss:      25.3696
2025-12-27 22:50:39,013 [INFO]   🔥 Prototype Loss:        19.2910
2025-12-27 22:50:39,013 [INFO]     - Spot-to-Prototype:     0.7716
2025-12-27 22:50:39,013 [INFO]     - Compactness:          0.0000
2025-12-27 22:50:39,013 [INFO]     - Dispersion:           0.0000
2025-12-27 22:50:39,014 [INFO]   🔥 Spatial Consistency:    0.0023
2025-12-27 22:50:39,014 [INFO]   GIB Keep Rate:            0.872
2025-12-27 22:50:39,014 [INFO]   GIB Avg Prob:             0.782
2025-12-27 22:50:39,014 [INFO]   Dispersion (θ):           51.371 ± 1.630
2025-12-27 22:50:39,014 [INFO]   Learning Rate:             0.000036
2025-12-27 22:50:39,381 [INFO] 
================================================================================
2025-12-27 22:50:39,381 [INFO] Epoch 253/300 (0.04s)
2025-12-27 22:50:39,381 [INFO] ================================================================================
2025-12-27 22:50:39,381 [INFO]   Total Loss:                1811.4702
2025-12-27 22:50:39,381 [INFO]   Recon Loss (Total):       1766.4600
2025-12-27 22:50:39,381 [INFO]     - Anchor:               1177.0000
2025-12-27 22:50:39,381 [INFO]     - Learner:              1178.9198
2025-12-27 22:50:39,381 [INFO]   🔥 GIB Sparsity Loss:     0.7819
2025-12-27 22:50:39,381 [INFO]   🔥 Contrastive Loss:      25.5537
2025-12-27 22:50:39,381 [INFO]   🔥 Prototype Loss:        19.3369
2025-12-27 22:50:39,381 [INFO]     - Spot-to-Prototype:     0.7735
2025-12-27 22:50:39,381 [INFO]     - Compactness:          0.0000
2025-12-27 22:50:39,381 [INFO]     - Dispersion:           0.0000
2025-12-27 22:50:39,381 [INFO]   🔥 Spatial Consistency:    0.0023
2025-12-27 22:50:39,381 [INFO]   GIB Keep Rate:            0.869
2025-12-27 22:50:39,381 [INFO]   GIB Avg Prob:             0.782
2025-12-27 22:50:39,381 [INFO]   Dispersion (θ):           51.369 ± 1.631
2025-12-27 22:50:39,381 [INFO]   Learning Rate:             0.000034
2025-12-27 22:50:39,749 [INFO] 
================================================================================
2025-12-27 22:50:39,749 [INFO] Epoch 254/300 (0.04s)
2025-12-27 22:50:39,749 [INFO] ================================================================================
2025-12-27 22:50:39,749 [INFO]   Total Loss:                1811.3436
2025-12-27 22:50:39,749 [INFO]   Recon Loss (Total):       1766.5471
2025-12-27 22:50:39,749 [INFO]     - Anchor:               1177.0835
2025-12-27 22:50:39,749 [INFO]     - Learner:              1178.9271
2025-12-27 22:50:39,749 [INFO]   🔥 GIB Sparsity Loss:     0.7820
2025-12-27 22:50:39,749 [INFO]   🔥 Contrastive Loss:      25.3911
2025-12-27 22:50:39,749 [INFO]   🔥 Prototype Loss:        19.2858
2025-12-27 22:50:39,749 [INFO]     - Spot-to-Prototype:     0.7714
2025-12-27 22:50:39,750 [INFO]     - Compactness:          0.0000
2025-12-27 22:50:39,750 [INFO]     - Dispersion:           0.0000
2025-12-27 22:50:39,750 [INFO]   🔥 Spatial Consistency:    0.0023
2025-12-27 22:50:39,750 [INFO]   GIB Keep Rate:            0.870
2025-12-27 22:50:39,750 [INFO]   GIB Avg Prob:             0.782
2025-12-27 22:50:39,750 [INFO]   Dispersion (θ):           51.367 ± 1.632
2025-12-27 22:50:39,750 [INFO]   Learning Rate:             0.000033
2025-12-27 22:50:40,155 [INFO] 
================================================================================
2025-12-27 22:50:40,155 [INFO] Epoch 255/300 (0.04s)
2025-12-27 22:50:40,155 [INFO] ================================================================================
2025-12-27 22:50:40,155 [INFO]   Total Loss:                1811.6661
2025-12-27 22:50:40,155 [INFO]   Recon Loss (Total):       1766.8538
2025-12-27 22:50:40,155 [INFO]     - Anchor:               1177.2549
2025-12-27 22:50:40,155 [INFO]     - Learner:              1179.1979
2025-12-27 22:50:40,155 [INFO]   🔥 GIB Sparsity Loss:     0.7823
2025-12-27 22:50:40,155 [INFO]   🔥 Contrastive Loss:      25.3914
2025-12-27 22:50:40,155 [INFO]   🔥 Prototype Loss:        19.3014
2025-12-27 22:50:40,155 [INFO]     - Spot-to-Prototype:     0.7721
2025-12-27 22:50:40,155 [INFO]     - Compactness:          0.0000
2025-12-27 22:50:40,155 [INFO]     - Dispersion:           0.0000
2025-12-27 22:50:40,155 [INFO]   🔥 Spatial Consistency:    0.0023
2025-12-27 22:50:40,155 [INFO]   GIB Keep Rate:            0.870
2025-12-27 22:50:40,155 [INFO]   GIB Avg Prob:             0.782
2025-12-27 22:50:40,155 [INFO]   Dispersion (θ):           51.365 ± 1.632
2025-12-27 22:50:40,155 [INFO]   Learning Rate:             0.000032
2025-12-27 22:50:40,189 [INFO] 
================================================================================
2025-12-27 22:50:40,189 [INFO] Epoch 256/300 (0.03s)
2025-12-27 22:50:40,189 [INFO] ================================================================================
2025-12-27 22:50:40,189 [INFO]   Total Loss:                1811.3232
2025-12-27 22:50:40,189 [INFO]   Recon Loss (Total):       1766.4670
2025-12-27 22:50:40,189 [INFO]     - Anchor:               1177.0620
2025-12-27 22:50:40,189 [INFO]     - Learner:              1178.8101
2025-12-27 22:50:40,189 [INFO]   🔥 GIB Sparsity Loss:     0.7822
2025-12-27 22:50:40,189 [INFO]   🔥 Contrastive Loss:      25.4686
2025-12-27 22:50:40,189 [INFO]   🔥 Prototype Loss:        19.2680
2025-12-27 22:50:40,189 [INFO]     - Spot-to-Prototype:     0.7707
2025-12-27 22:50:40,189 [INFO]     - Compactness:          0.0000
2025-12-27 22:50:40,189 [INFO]     - Dispersion:           0.0000
2025-12-27 22:50:40,190 [INFO]   🔥 Spatial Consistency:    0.0022
2025-12-27 22:50:40,190 [INFO]   GIB Keep Rate:            0.871
2025-12-27 22:50:40,190 [INFO]   GIB Avg Prob:             0.782
2025-12-27 22:50:40,190 [INFO]   Dispersion (θ):           51.363 ± 1.633
2025-12-27 22:50:40,190 [INFO]   Learning Rate:             0.000031
2025-12-27 22:50:40,511 [INFO] 
================================================================================
2025-12-27 22:50:40,512 [INFO] Epoch 257/300 (0.04s)
2025-12-27 22:50:40,512 [INFO] ================================================================================
2025-12-27 22:50:40,512 [INFO]   Total Loss:                1811.5586
2025-12-27 22:50:40,512 [INFO]   Recon Loss (Total):       1766.6750
2025-12-27 22:50:40,512 [INFO]     - Anchor:               1177.0868
2025-12-27 22:50:40,512 [INFO]     - Learner:              1179.1765
2025-12-27 22:50:40,512 [INFO]   🔥 GIB Sparsity Loss:     0.7822
2025-12-27 22:50:40,512 [INFO]   🔥 Contrastive Loss:      25.4504
2025-12-27 22:50:40,512 [INFO]   🔥 Prototype Loss:        19.3134
2025-12-27 22:50:40,512 [INFO]     - Spot-to-Prototype:     0.7725
2025-12-27 22:50:40,512 [INFO]     - Compactness:          0.0000
2025-12-27 22:50:40,512 [INFO]     - Dispersion:           0.0000
2025-12-27 22:50:40,512 [INFO]   🔥 Spatial Consistency:    0.0023
2025-12-27 22:50:40,512 [INFO]   GIB Keep Rate:            0.872
2025-12-27 22:50:40,512 [INFO]   GIB Avg Prob:             0.782
2025-12-27 22:50:40,512 [INFO]   Dispersion (θ):           51.361 ± 1.634
2025-12-27 22:50:40,512 [INFO]   Learning Rate:             0.000030
2025-12-27 22:50:40,545 [INFO] 
================================================================================
2025-12-27 22:50:40,546 [INFO] Epoch 258/300 (0.03s)
2025-12-27 22:50:40,546 [INFO] ================================================================================
2025-12-27 22:50:40,546 [INFO]   Total Loss:                1811.3086
2025-12-27 22:50:40,546 [INFO]   Recon Loss (Total):       1766.6960
2025-12-27 22:50:40,546 [INFO]     - Anchor:               1177.2039
2025-12-27 22:50:40,546 [INFO]     - Learner:              1178.9845
2025-12-27 22:50:40,546 [INFO]   🔥 GIB Sparsity Loss:     0.7822
2025-12-27 22:50:40,546 [INFO]   🔥 Contrastive Loss:      25.2179
2025-12-27 22:50:40,546 [INFO]   🔥 Prototype Loss:        19.2750
2025-12-27 22:50:40,546 [INFO]     - Spot-to-Prototype:     0.7710
2025-12-27 22:50:40,546 [INFO]     - Compactness:          0.0000
2025-12-27 22:50:40,546 [INFO]     - Dispersion:           0.0000
2025-12-27 22:50:40,546 [INFO]   🔥 Spatial Consistency:    0.0023
2025-12-27 22:50:40,546 [INFO]   GIB Keep Rate:            0.871
2025-12-27 22:50:40,546 [INFO]   GIB Avg Prob:             0.782
2025-12-27 22:50:40,546 [INFO]   Dispersion (θ):           51.359 ± 1.634
2025-12-27 22:50:40,546 [INFO]   Learning Rate:             0.000029
2025-12-27 22:50:40,927 [INFO] 
================================================================================
2025-12-27 22:50:40,928 [INFO] Epoch 259/300 (0.04s)
2025-12-27 22:50:40,928 [INFO] ================================================================================
2025-12-27 22:50:40,928 [INFO]   Total Loss:                1811.3087
2025-12-27 22:50:40,928 [INFO]   Recon Loss (Total):       1766.5024
2025-12-27 22:50:40,928 [INFO]     - Anchor:               1176.9138
2025-12-27 22:50:40,928 [INFO]     - Learner:              1179.1772
2025-12-27 22:50:40,928 [INFO]   🔥 GIB Sparsity Loss:     0.7824
2025-12-27 22:50:40,928 [INFO]   🔥 Contrastive Loss:      25.3699
2025-12-27 22:50:40,928 [INFO]   🔥 Prototype Loss:        19.3169
2025-12-27 22:50:40,928 [INFO]     - Spot-to-Prototype:     0.7727
2025-12-27 22:50:40,928 [INFO]     - Compactness:          0.0000
2025-12-27 22:50:40,928 [INFO]     - Dispersion:           0.0000
2025-12-27 22:50:40,928 [INFO]   🔥 Spatial Consistency:    0.0022
2025-12-27 22:50:40,928 [INFO]   GIB Keep Rate:            0.871
2025-12-27 22:50:40,928 [INFO]   GIB Avg Prob:             0.782
2025-12-27 22:50:40,928 [INFO]   Dispersion (θ):           51.357 ± 1.635
2025-12-27 22:50:40,928 [INFO]   Learning Rate:             0.000027
2025-12-27 22:50:40,961 [INFO] 
================================================================================
2025-12-27 22:50:40,961 [INFO] Epoch 260/300 (0.03s)
2025-12-27 22:50:40,961 [INFO] ================================================================================
2025-12-27 22:50:40,961 [INFO]   Total Loss:                1811.4231
2025-12-27 22:50:40,961 [INFO]   Recon Loss (Total):       1766.6597
2025-12-27 22:50:40,962 [INFO]     - Anchor:               1177.2163
2025-12-27 22:50:40,962 [INFO]     - Learner:              1178.8866
2025-12-27 22:50:40,962 [INFO]   🔥 GIB Sparsity Loss:     0.7821
2025-12-27 22:50:40,962 [INFO]   🔥 Contrastive Loss:      25.3404
2025-12-27 22:50:40,962 [INFO]   🔥 Prototype Loss:        19.3034
2025-12-27 22:50:40,962 [INFO]     - Spot-to-Prototype:     0.7721
2025-12-27 22:50:40,962 [INFO]     - Compactness:          0.0000
2025-12-27 22:50:40,962 [INFO]     - Dispersion:           0.0000
2025-12-27 22:50:40,962 [INFO]   🔥 Spatial Consistency:    0.0022
2025-12-27 22:50:40,962 [INFO]   GIB Keep Rate:            0.871
2025-12-27 22:50:40,962 [INFO]   GIB Avg Prob:             0.782
2025-12-27 22:50:40,962 [INFO]   Dispersion (θ):           51.355 ± 1.635
2025-12-27 22:50:40,962 [INFO]   Learning Rate:             0.000026
2025-12-27 22:50:40,994 [INFO] 
================================================================================
2025-12-27 22:50:40,994 [INFO] Epoch 261/300 (0.03s)
2025-12-27 22:50:40,994 [INFO] ================================================================================
2025-12-27 22:50:40,995 [INFO]   Total Loss:                1811.4281
2025-12-27 22:50:40,995 [INFO]   Recon Loss (Total):       1766.5823
2025-12-27 22:50:40,995 [INFO]     - Anchor:               1177.1963
2025-12-27 22:50:40,995 [INFO]     - Learner:              1178.7720
2025-12-27 22:50:40,995 [INFO]   🔥 GIB Sparsity Loss:     0.7821
2025-12-27 22:50:40,995 [INFO]   🔥 Contrastive Loss:      25.4337
2025-12-27 22:50:40,995 [INFO]   🔥 Prototype Loss:        19.2925
2025-12-27 22:50:40,995 [INFO]     - Spot-to-Prototype:     0.7717
2025-12-27 22:50:40,995 [INFO]     - Compactness:          0.0000
2025-12-27 22:50:40,995 [INFO]     - Dispersion:           0.0000
2025-12-27 22:50:40,995 [INFO]   🔥 Spatial Consistency:    0.0023
2025-12-27 22:50:40,995 [INFO]   GIB Keep Rate:            0.870
2025-12-27 22:50:40,995 [INFO]   GIB Avg Prob:             0.782
2025-12-27 22:50:40,995 [INFO]   Dispersion (θ):           51.353 ± 1.636
2025-12-27 22:50:40,995 [INFO]   Learning Rate:             0.000025
2025-12-27 22:50:41,027 [INFO] 
================================================================================
2025-12-27 22:50:41,027 [INFO] Epoch 262/300 (0.03s)
2025-12-27 22:50:41,027 [INFO] ================================================================================
2025-12-27 22:50:41,027 [INFO]   Total Loss:                1811.4253
2025-12-27 22:50:41,027 [INFO]   Recon Loss (Total):       1766.6194
2025-12-27 22:50:41,027 [INFO]     - Anchor:               1177.0369
2025-12-27 22:50:41,027 [INFO]     - Learner:              1179.1649
2025-12-27 22:50:41,027 [INFO]   🔥 GIB Sparsity Loss:     0.7823
2025-12-27 22:50:41,027 [INFO]   🔥 Contrastive Loss:      25.3745
2025-12-27 22:50:41,027 [INFO]   🔥 Prototype Loss:        19.3119
2025-12-27 22:50:41,027 [INFO]     - Spot-to-Prototype:     0.7725
2025-12-27 22:50:41,027 [INFO]     - Compactness:          0.0000
2025-12-27 22:50:41,027 [INFO]     - Dispersion:           0.0000
2025-12-27 22:50:41,028 [INFO]   🔥 Spatial Consistency:    0.0022
2025-12-27 22:50:41,028 [INFO]   GIB Keep Rate:            0.870
2025-12-27 22:50:41,028 [INFO]   GIB Avg Prob:             0.782
2025-12-27 22:50:41,028 [INFO]   Dispersion (θ):           51.352 ± 1.636
2025-12-27 22:50:41,028 [INFO]   Learning Rate:             0.000024
2025-12-27 22:50:41,060 [INFO] 
================================================================================
2025-12-27 22:50:41,060 [INFO] Epoch 263/300 (0.03s)
2025-12-27 22:50:41,060 [INFO] ================================================================================
2025-12-27 22:50:41,060 [INFO]   Total Loss:                1811.3110
2025-12-27 22:50:41,060 [INFO]   Recon Loss (Total):       1766.2770
2025-12-27 22:50:41,060 [INFO]     - Anchor:               1176.7737
2025-12-27 22:50:41,060 [INFO]     - Learner:              1179.0066
2025-12-27 22:50:41,060 [INFO]   🔥 GIB Sparsity Loss:     0.7821
2025-12-27 22:50:41,060 [INFO]   🔥 Contrastive Loss:      25.6102
2025-12-27 22:50:41,060 [INFO]   🔥 Prototype Loss:        19.3042
2025-12-27 22:50:41,060 [INFO]     - Spot-to-Prototype:     0.7722
2025-12-27 22:50:41,060 [INFO]     - Compactness:          0.0000
2025-12-27 22:50:41,060 [INFO]     - Dispersion:           0.0000
2025-12-27 22:50:41,060 [INFO]   🔥 Spatial Consistency:    0.0023
2025-12-27 22:50:41,060 [INFO]   GIB Keep Rate:            0.871
2025-12-27 22:50:41,060 [INFO]   GIB Avg Prob:             0.782
2025-12-27 22:50:41,060 [INFO]   Dispersion (θ):           51.350 ± 1.637
2025-12-27 22:50:41,060 [INFO]   Learning Rate:             0.000023
2025-12-27 22:50:41,092 [INFO] 
================================================================================
2025-12-27 22:50:41,092 [INFO] Epoch 264/300 (0.03s)
2025-12-27 22:50:41,092 [INFO] ================================================================================
2025-12-27 22:50:41,092 [INFO]   Total Loss:                1810.7233
2025-12-27 22:50:41,092 [INFO]   Recon Loss (Total):       1766.1307
2025-12-27 22:50:41,093 [INFO]     - Anchor:               1176.7990
2025-12-27 22:50:41,093 [INFO]     - Learner:              1178.6636
2025-12-27 22:50:41,093 [INFO]   🔥 GIB Sparsity Loss:     0.7819
2025-12-27 22:50:41,093 [INFO]   🔥 Contrastive Loss:      25.1858
2025-12-27 22:50:41,093 [INFO]   🔥 Prototype Loss:        19.2872
2025-12-27 22:50:41,093 [INFO]     - Spot-to-Prototype:     0.7715
2025-12-27 22:50:41,093 [INFO]     - Compactness:          0.0000
2025-12-27 22:50:41,093 [INFO]     - Dispersion:           0.0000
2025-12-27 22:50:41,093 [INFO]   🔥 Spatial Consistency:    0.0022
2025-12-27 22:50:41,093 [INFO]   GIB Keep Rate:            0.871
2025-12-27 22:50:41,093 [INFO]   GIB Avg Prob:             0.782
2025-12-27 22:50:41,093 [INFO]   Dispersion (θ):           51.349 ± 1.637
2025-12-27 22:50:41,093 [INFO]   Learning Rate:             0.000022
2025-12-27 22:50:41,435 [INFO] 
================================================================================
2025-12-27 22:50:41,435 [INFO] Epoch 265/300 (0.04s)
2025-12-27 22:50:41,435 [INFO] ================================================================================
2025-12-27 22:50:41,435 [INFO]   Total Loss:                1811.3624
2025-12-27 22:50:41,435 [INFO]   Recon Loss (Total):       1766.5874
2025-12-27 22:50:41,435 [INFO]     - Anchor:               1176.9723
2025-12-27 22:50:41,435 [INFO]     - Learner:              1179.2302
2025-12-27 22:50:41,435 [INFO]   🔥 GIB Sparsity Loss:     0.7821
2025-12-27 22:50:41,435 [INFO]   🔥 Contrastive Loss:      25.3720
2025-12-27 22:50:41,435 [INFO]   🔥 Prototype Loss:        19.2835
2025-12-27 22:50:41,435 [INFO]     - Spot-to-Prototype:     0.7713
2025-12-27 22:50:41,435 [INFO]     - Compactness:          0.0000
2025-12-27 22:50:41,435 [INFO]     - Dispersion:           0.0000
2025-12-27 22:50:41,435 [INFO]   🔥 Spatial Consistency:    0.0022
2025-12-27 22:50:41,435 [INFO]   GIB Keep Rate:            0.871
2025-12-27 22:50:41,435 [INFO]   GIB Avg Prob:             0.782
2025-12-27 22:50:41,435 [INFO]   Dispersion (θ):           51.347 ± 1.637
2025-12-27 22:50:41,435 [INFO]   Learning Rate:             0.000021
2025-12-27 22:50:41,468 [INFO] 
================================================================================
2025-12-27 22:50:41,469 [INFO] Epoch 266/300 (0.03s)
2025-12-27 22:50:41,469 [INFO] ================================================================================
2025-12-27 22:50:41,469 [INFO]   Total Loss:                1811.4126
2025-12-27 22:50:41,469 [INFO]   Recon Loss (Total):       1766.3750
2025-12-27 22:50:41,469 [INFO]     - Anchor:               1176.9288
2025-12-27 22:50:41,469 [INFO]     - Learner:              1178.8925
2025-12-27 22:50:41,469 [INFO]   🔥 GIB Sparsity Loss:     0.7820
2025-12-27 22:50:41,469 [INFO]   🔥 Contrastive Loss:      25.6179
2025-12-27 22:50:41,469 [INFO]   🔥 Prototype Loss:        19.3001
2025-12-27 22:50:41,469 [INFO]     - Spot-to-Prototype:     0.7720
2025-12-27 22:50:41,469 [INFO]     - Compactness:          0.0000
2025-12-27 22:50:41,469 [INFO]     - Dispersion:           0.0000
2025-12-27 22:50:41,469 [INFO]   🔥 Spatial Consistency:    0.0023
2025-12-27 22:50:41,469 [INFO]   GIB Keep Rate:            0.872
2025-12-27 22:50:41,469 [INFO]   GIB Avg Prob:             0.782
2025-12-27 22:50:41,469 [INFO]   Dispersion (θ):           51.346 ± 1.638
2025-12-27 22:50:41,469 [INFO]   Learning Rate:             0.000021
2025-12-27 22:50:41,501 [INFO] 
================================================================================
2025-12-27 22:50:41,502 [INFO] Epoch 267/300 (0.03s)
2025-12-27 22:50:41,502 [INFO] ================================================================================
2025-12-27 22:50:41,502 [INFO]   Total Loss:                1810.9741
2025-12-27 22:50:41,502 [INFO]   Recon Loss (Total):       1766.1044
2025-12-27 22:50:41,502 [INFO]     - Anchor:               1176.6450
2025-12-27 22:50:41,502 [INFO]     - Learner:              1178.9187
2025-12-27 22:50:41,502 [INFO]   🔥 GIB Sparsity Loss:     0.7820
2025-12-27 22:50:41,502 [INFO]   🔥 Contrastive Loss:      25.4578
2025-12-27 22:50:41,502 [INFO]   🔥 Prototype Loss:        19.2924
2025-12-27 22:50:41,502 [INFO]     - Spot-to-Prototype:     0.7717
2025-12-27 22:50:41,502 [INFO]     - Compactness:          0.0000
2025-12-27 22:50:41,502 [INFO]     - Dispersion:           0.0000
2025-12-27 22:50:41,502 [INFO]   🔥 Spatial Consistency:    0.0022
2025-12-27 22:50:41,502 [INFO]   GIB Keep Rate:            0.871
2025-12-27 22:50:41,502 [INFO]   GIB Avg Prob:             0.782
2025-12-27 22:50:41,502 [INFO]   Dispersion (θ):           51.344 ± 1.638
2025-12-27 22:50:41,502 [INFO]   Learning Rate:             0.000020
2025-12-27 22:50:41,534 [INFO] 
================================================================================
2025-12-27 22:50:41,534 [INFO] Epoch 268/300 (0.03s)
2025-12-27 22:50:41,534 [INFO] ================================================================================
2025-12-27 22:50:41,534 [INFO]   Total Loss:                1811.0879
2025-12-27 22:50:41,534 [INFO]   Recon Loss (Total):       1766.2795
2025-12-27 22:50:41,534 [INFO]     - Anchor:               1176.9347
2025-12-27 22:50:41,534 [INFO]     - Learner:              1178.6898
2025-12-27 22:50:41,534 [INFO]   🔥 GIB Sparsity Loss:     0.7817
2025-12-27 22:50:41,534 [INFO]   🔥 Contrastive Loss:      25.3826
2025-12-27 22:50:41,534 [INFO]   🔥 Prototype Loss:        19.3062
2025-12-27 22:50:41,534 [INFO]     - Spot-to-Prototype:     0.7722
2025-12-27 22:50:41,535 [INFO]     - Compactness:          0.0000
2025-12-27 22:50:41,535 [INFO]     - Dispersion:           0.0000
2025-12-27 22:50:41,535 [INFO]   🔥 Spatial Consistency:    0.0022
2025-12-27 22:50:41,535 [INFO]   GIB Keep Rate:            0.870
2025-12-27 22:50:41,535 [INFO]   GIB Avg Prob:             0.782
2025-12-27 22:50:41,535 [INFO]   Dispersion (θ):           51.343 ± 1.639
2025-12-27 22:50:41,535 [INFO]   Learning Rate:             0.000019
2025-12-27 22:50:41,567 [INFO] 
================================================================================
2025-12-27 22:50:41,567 [INFO] Epoch 269/300 (0.03s)
2025-12-27 22:50:41,567 [INFO] ================================================================================
2025-12-27 22:50:41,567 [INFO]   Total Loss:                1810.8442
2025-12-27 22:50:41,567 [INFO]   Recon Loss (Total):       1766.1340
2025-12-27 22:50:41,567 [INFO]     - Anchor:               1176.7067
2025-12-27 22:50:41,567 [INFO]     - Learner:              1178.8547
2025-12-27 22:50:41,567 [INFO]   🔥 GIB Sparsity Loss:     0.7820
2025-12-27 22:50:41,567 [INFO]   🔥 Contrastive Loss:      25.2994
2025-12-27 22:50:41,567 [INFO]   🔥 Prototype Loss:        19.2913
2025-12-27 22:50:41,567 [INFO]     - Spot-to-Prototype:     0.7717
2025-12-27 22:50:41,567 [INFO]     - Compactness:          0.0000
2025-12-27 22:50:41,567 [INFO]     - Dispersion:           0.0000
2025-12-27 22:50:41,567 [INFO]   🔥 Spatial Consistency:    0.0022
2025-12-27 22:50:41,567 [INFO]   GIB Keep Rate:            0.872
2025-12-27 22:50:41,567 [INFO]   GIB Avg Prob:             0.782
2025-12-27 22:50:41,567 [INFO]   Dispersion (θ):           51.342 ± 1.639
2025-12-27 22:50:41,567 [INFO]   Learning Rate:             0.000018
2025-12-27 22:50:41,599 [INFO] 
================================================================================
2025-12-27 22:50:41,599 [INFO] Epoch 270/300 (0.03s)
2025-12-27 22:50:41,600 [INFO] ================================================================================
2025-12-27 22:50:41,600 [INFO]   Total Loss:                1810.9720
2025-12-27 22:50:41,600 [INFO]   Recon Loss (Total):       1766.4263
2025-12-27 22:50:41,600 [INFO]     - Anchor:               1176.9701
2025-12-27 22:50:41,600 [INFO]     - Learner:              1178.9122
2025-12-27 22:50:41,600 [INFO]   🔥 GIB Sparsity Loss:     0.7821
2025-12-27 22:50:41,600 [INFO]   🔥 Contrastive Loss:      25.1181
2025-12-27 22:50:41,600 [INFO]   🔥 Prototype Loss:        19.3082
2025-12-27 22:50:41,600 [INFO]     - Spot-to-Prototype:     0.7723
2025-12-27 22:50:41,600 [INFO]     - Compactness:          0.0000
2025-12-27 22:50:41,600 [INFO]     - Dispersion:           0.0000
2025-12-27 22:50:41,600 [INFO]   🔥 Spatial Consistency:    0.0022
2025-12-27 22:50:41,600 [INFO]   GIB Keep Rate:            0.871
2025-12-27 22:50:41,600 [INFO]   GIB Avg Prob:             0.782
2025-12-27 22:50:41,600 [INFO]   Dispersion (θ):           51.341 ± 1.639
2025-12-27 22:50:41,600 [INFO]   Learning Rate:             0.000017
2025-12-27 22:50:41,632 [INFO] 
================================================================================
2025-12-27 22:50:41,632 [INFO] Epoch 271/300 (0.03s)
2025-12-27 22:50:41,632 [INFO] ================================================================================
2025-12-27 22:50:41,632 [INFO]   Total Loss:                1811.2812
2025-12-27 22:50:41,632 [INFO]   Recon Loss (Total):       1766.5310
2025-12-27 22:50:41,632 [INFO]     - Anchor:               1176.9727
2025-12-27 22:50:41,632 [INFO]     - Learner:              1179.1166
2025-12-27 22:50:41,632 [INFO]   🔥 GIB Sparsity Loss:     0.7822
2025-12-27 22:50:41,632 [INFO]   🔥 Contrastive Loss:      25.3247
2025-12-27 22:50:41,632 [INFO]   🔥 Prototype Loss:        19.3060
2025-12-27 22:50:41,632 [INFO]     - Spot-to-Prototype:     0.7722
2025-12-27 22:50:41,632 [INFO]     - Compactness:          0.0000
2025-12-27 22:50:41,632 [INFO]     - Dispersion:           0.0000
2025-12-27 22:50:41,632 [INFO]   🔥 Spatial Consistency:    0.0022
2025-12-27 22:50:41,632 [INFO]   GIB Keep Rate:            0.871
2025-12-27 22:50:41,632 [INFO]   GIB Avg Prob:             0.782
2025-12-27 22:50:41,632 [INFO]   Dispersion (θ):           51.340 ± 1.640
2025-12-27 22:50:41,632 [INFO]   Learning Rate:             0.000016
2025-12-27 22:50:41,664 [INFO] 
================================================================================
2025-12-27 22:50:41,664 [INFO] Epoch 272/300 (0.03s)
2025-12-27 22:50:41,665 [INFO] ================================================================================
2025-12-27 22:50:41,665 [INFO]   Total Loss:                1810.8344
2025-12-27 22:50:41,665 [INFO]   Recon Loss (Total):       1766.2192
2025-12-27 22:50:41,665 [INFO]     - Anchor:               1176.9663
2025-12-27 22:50:41,665 [INFO]     - Learner:              1178.5057
2025-12-27 22:50:41,665 [INFO]   🔥 GIB Sparsity Loss:     0.7821
2025-12-27 22:50:41,665 [INFO]   🔥 Contrastive Loss:      25.2333
2025-12-27 22:50:41,665 [INFO]   🔥 Prototype Loss:        19.2622
2025-12-27 22:50:41,665 [INFO]     - Spot-to-Prototype:     0.7705
2025-12-27 22:50:41,665 [INFO]     - Compactness:          0.0000
2025-12-27 22:50:41,665 [INFO]     - Dispersion:           0.0000
2025-12-27 22:50:41,665 [INFO]   🔥 Spatial Consistency:    0.0023
2025-12-27 22:50:41,665 [INFO]   GIB Keep Rate:            0.871
2025-12-27 22:50:41,665 [INFO]   GIB Avg Prob:             0.782
2025-12-27 22:50:41,665 [INFO]   Dispersion (θ):           51.339 ± 1.640
2025-12-27 22:50:41,665 [INFO]   Learning Rate:             0.000016
2025-12-27 22:50:41,697 [INFO] 
================================================================================
2025-12-27 22:50:41,697 [INFO] Epoch 273/300 (0.03s)
2025-12-27 22:50:41,697 [INFO] ================================================================================
2025-12-27 22:50:41,698 [INFO]   Total Loss:                1810.9127
2025-12-27 22:50:41,698 [INFO]   Recon Loss (Total):       1766.3027
2025-12-27 22:50:41,698 [INFO]     - Anchor:               1176.8296
2025-12-27 22:50:41,698 [INFO]     - Learner:              1178.9464
2025-12-27 22:50:41,698 [INFO]   🔥 GIB Sparsity Loss:     0.7817
2025-12-27 22:50:41,698 [INFO]   🔥 Contrastive Loss:      25.1997
2025-12-27 22:50:41,698 [INFO]   🔥 Prototype Loss:        19.2908
2025-12-27 22:50:41,698 [INFO]     - Spot-to-Prototype:     0.7716
2025-12-27 22:50:41,698 [INFO]     - Compactness:          0.0000
2025-12-27 22:50:41,698 [INFO]     - Dispersion:           0.0000
2025-12-27 22:50:41,698 [INFO]   🔥 Spatial Consistency:    0.0022
2025-12-27 22:50:41,698 [INFO]   GIB Keep Rate:            0.871
2025-12-27 22:50:41,698 [INFO]   GIB Avg Prob:             0.782
2025-12-27 22:50:41,698 [INFO]   Dispersion (θ):           51.338 ± 1.640
2025-12-27 22:50:41,698 [INFO]   Learning Rate:             0.000015
2025-12-27 22:50:41,730 [INFO] 
================================================================================
2025-12-27 22:50:41,730 [INFO] Epoch 274/300 (0.03s)
2025-12-27 22:50:41,730 [INFO] ================================================================================
2025-12-27 22:50:41,730 [INFO]   Total Loss:                1811.2532
2025-12-27 22:50:41,730 [INFO]   Recon Loss (Total):       1766.3795
2025-12-27 22:50:41,730 [INFO]     - Anchor:               1176.8794
2025-12-27 22:50:41,730 [INFO]     - Learner:              1179.0002
2025-12-27 22:50:41,730 [INFO]   🔥 GIB Sparsity Loss:     0.7821
2025-12-27 22:50:41,730 [INFO]   🔥 Contrastive Loss:      25.4401
2025-12-27 22:50:41,730 [INFO]   🔥 Prototype Loss:        19.3141
2025-12-27 22:50:41,730 [INFO]     - Spot-to-Prototype:     0.7726
2025-12-27 22:50:41,730 [INFO]     - Compactness:          0.0000
2025-12-27 22:50:41,730 [INFO]     - Dispersion:           0.0000
2025-12-27 22:50:41,730 [INFO]   🔥 Spatial Consistency:    0.0022
2025-12-27 22:50:41,730 [INFO]   GIB Keep Rate:            0.872
2025-12-27 22:50:41,730 [INFO]   GIB Avg Prob:             0.782
2025-12-27 22:50:41,730 [INFO]   Dispersion (θ):           51.337 ± 1.640
2025-12-27 22:50:41,730 [INFO]   Learning Rate:             0.000014
2025-12-27 22:50:41,762 [INFO] 
================================================================================
2025-12-27 22:50:41,762 [INFO] Epoch 275/300 (0.03s)
2025-12-27 22:50:41,762 [INFO] ================================================================================
2025-12-27 22:50:41,762 [INFO]   Total Loss:                1810.7153
2025-12-27 22:50:41,762 [INFO]   Recon Loss (Total):       1766.1260
2025-12-27 22:50:41,762 [INFO]     - Anchor:               1176.8884
2025-12-27 22:50:41,762 [INFO]     - Learner:              1178.4752
2025-12-27 22:50:41,762 [INFO]   🔥 GIB Sparsity Loss:     0.7819
2025-12-27 22:50:41,763 [INFO]   🔥 Contrastive Loss:      25.1540
2025-12-27 22:50:41,763 [INFO]   🔥 Prototype Loss:        19.3158
2025-12-27 22:50:41,763 [INFO]     - Spot-to-Prototype:     0.7726
2025-12-27 22:50:41,763 [INFO]     - Compactness:          0.0000
2025-12-27 22:50:41,763 [INFO]     - Dispersion:           0.0000
2025-12-27 22:50:41,763 [INFO]   🔥 Spatial Consistency:    0.0023
2025-12-27 22:50:41,763 [INFO]   GIB Keep Rate:            0.871
2025-12-27 22:50:41,763 [INFO]   GIB Avg Prob:             0.782
2025-12-27 22:50:41,763 [INFO]   Dispersion (θ):           51.336 ± 1.641
2025-12-27 22:50:41,763 [INFO]   Learning Rate:             0.000013
2025-12-27 22:50:42,095 [INFO] 
================================================================================
2025-12-27 22:50:42,095 [INFO] Epoch 276/300 (0.04s)
2025-12-27 22:50:42,095 [INFO] ================================================================================
2025-12-27 22:50:42,095 [INFO]   Total Loss:                1810.9219
2025-12-27 22:50:42,095 [INFO]   Recon Loss (Total):       1766.2488
2025-12-27 22:50:42,095 [INFO]     - Anchor:               1176.9474
2025-12-27 22:50:42,095 [INFO]     - Learner:              1178.6027
2025-12-27 22:50:42,095 [INFO]   🔥 GIB Sparsity Loss:     0.7819
2025-12-27 22:50:42,095 [INFO]   🔥 Contrastive Loss:      25.2547
2025-12-27 22:50:42,095 [INFO]   🔥 Prototype Loss:        19.2989
2025-12-27 22:50:42,095 [INFO]     - Spot-to-Prototype:     0.7720
2025-12-27 22:50:42,095 [INFO]     - Compactness:          0.0000
2025-12-27 22:50:42,095 [INFO]     - Dispersion:           0.0000
2025-12-27 22:50:42,095 [INFO]   🔥 Spatial Consistency:    0.0022
2025-12-27 22:50:42,095 [INFO]   GIB Keep Rate:            0.872
2025-12-27 22:50:42,095 [INFO]   GIB Avg Prob:             0.782
2025-12-27 22:50:42,095 [INFO]   Dispersion (θ):           51.335 ± 1.641
2025-12-27 22:50:42,095 [INFO]   Learning Rate:             0.000013
2025-12-27 22:50:42,128 [INFO] 
================================================================================
2025-12-27 22:50:42,128 [INFO] Epoch 277/300 (0.03s)
2025-12-27 22:50:42,128 [INFO] ================================================================================
2025-12-27 22:50:42,128 [INFO]   Total Loss:                1811.5327
2025-12-27 22:50:42,128 [INFO]   Recon Loss (Total):       1766.5695
2025-12-27 22:50:42,128 [INFO]     - Anchor:               1176.8667
2025-12-27 22:50:42,129 [INFO]     - Learner:              1179.4055
2025-12-27 22:50:42,129 [INFO]   🔥 GIB Sparsity Loss:     0.7817
2025-12-27 22:50:42,129 [INFO]   🔥 Contrastive Loss:      25.5210
2025-12-27 22:50:42,129 [INFO]   🔥 Prototype Loss:        19.3227
2025-12-27 22:50:42,129 [INFO]     - Spot-to-Prototype:     0.7729
2025-12-27 22:50:42,129 [INFO]     - Compactness:          0.0000
2025-12-27 22:50:42,129 [INFO]     - Dispersion:           0.0000
2025-12-27 22:50:42,129 [INFO]   🔥 Spatial Consistency:    0.0023
2025-12-27 22:50:42,129 [INFO]   GIB Keep Rate:            0.870
2025-12-27 22:50:42,129 [INFO]   GIB Avg Prob:             0.782
2025-12-27 22:50:42,129 [INFO]   Dispersion (θ):           51.334 ± 1.641
2025-12-27 22:50:42,129 [INFO]   Learning Rate:             0.000012
2025-12-27 22:50:42,161 [INFO] 
================================================================================
2025-12-27 22:50:42,161 [INFO] Epoch 278/300 (0.03s)
2025-12-27 22:50:42,161 [INFO] ================================================================================
2025-12-27 22:50:42,161 [INFO]   Total Loss:                1811.0795
2025-12-27 22:50:42,161 [INFO]   Recon Loss (Total):       1766.2209
2025-12-27 22:50:42,161 [INFO]     - Anchor:               1176.6890
2025-12-27 22:50:42,161 [INFO]     - Learner:              1179.0638
2025-12-27 22:50:42,161 [INFO]   🔥 GIB Sparsity Loss:     0.7819
2025-12-27 22:50:42,161 [INFO]   🔥 Contrastive Loss:      25.4235
2025-12-27 22:50:42,162 [INFO]   🔥 Prototype Loss:        19.3155
2025-12-27 22:50:42,162 [INFO]     - Spot-to-Prototype:     0.7726
2025-12-27 22:50:42,162 [INFO]     - Compactness:          0.0000
2025-12-27 22:50:42,162 [INFO]     - Dispersion:           0.0000
2025-12-27 22:50:42,162 [INFO]   🔥 Spatial Consistency:    0.0021
2025-12-27 22:50:42,162 [INFO]   GIB Keep Rate:            0.872
2025-12-27 22:50:42,162 [INFO]   GIB Avg Prob:             0.782
2025-12-27 22:50:42,162 [INFO]   Dispersion (θ):           51.333 ± 1.641
2025-12-27 22:50:42,162 [INFO]   Learning Rate:             0.000012
2025-12-27 22:50:42,194 [INFO] 
================================================================================
2025-12-27 22:50:42,194 [INFO] Epoch 279/300 (0.03s)
2025-12-27 22:50:42,194 [INFO] ================================================================================
2025-12-27 22:50:42,194 [INFO]   Total Loss:                1811.2372
2025-12-27 22:50:42,194 [INFO]   Recon Loss (Total):       1766.3289
2025-12-27 22:50:42,194 [INFO]     - Anchor:               1176.8959
2025-12-27 22:50:42,194 [INFO]     - Learner:              1178.8660
2025-12-27 22:50:42,194 [INFO]   🔥 GIB Sparsity Loss:     0.7819
2025-12-27 22:50:42,194 [INFO]   🔥 Contrastive Loss:      25.4855
2025-12-27 22:50:42,194 [INFO]   🔥 Prototype Loss:        19.3033
2025-12-27 22:50:42,195 [INFO]     - Spot-to-Prototype:     0.7721
2025-12-27 22:50:42,195 [INFO]     - Compactness:          0.0000
2025-12-27 22:50:42,195 [INFO]     - Dispersion:           0.0000
2025-12-27 22:50:42,195 [INFO]   🔥 Spatial Consistency:    0.0023
2025-12-27 22:50:42,195 [INFO]   GIB Keep Rate:            0.871
2025-12-27 22:50:42,195 [INFO]   GIB Avg Prob:             0.782
2025-12-27 22:50:42,195 [INFO]   Dispersion (θ):           51.333 ± 1.642
2025-12-27 22:50:42,195 [INFO]   Learning Rate:             0.000011
2025-12-27 22:50:42,227 [INFO] 
================================================================================
2025-12-27 22:50:42,227 [INFO] Epoch 280/300 (0.03s)
2025-12-27 22:50:42,227 [INFO] ================================================================================
2025-12-27 22:50:42,227 [INFO]   Total Loss:                1811.0909
2025-12-27 22:50:42,227 [INFO]   Recon Loss (Total):       1766.4331
2025-12-27 22:50:42,227 [INFO]     - Anchor:               1177.0265
2025-12-27 22:50:42,227 [INFO]     - Learner:              1178.8132
2025-12-27 22:50:42,227 [INFO]   🔥 GIB Sparsity Loss:     0.7820
2025-12-27 22:50:42,227 [INFO]   🔥 Contrastive Loss:      25.2597
2025-12-27 22:50:42,227 [INFO]   🔥 Prototype Loss:        19.2785
2025-12-27 22:50:42,227 [INFO]     - Spot-to-Prototype:     0.7711
2025-12-27 22:50:42,227 [INFO]     - Compactness:          0.0000
2025-12-27 22:50:42,227 [INFO]     - Dispersion:           0.0000
2025-12-27 22:50:42,227 [INFO]   🔥 Spatial Consistency:    0.0022
2025-12-27 22:50:42,227 [INFO]   GIB Keep Rate:            0.871
2025-12-27 22:50:42,227 [INFO]   GIB Avg Prob:             0.782
2025-12-27 22:50:42,227 [INFO]   Dispersion (θ):           51.332 ± 1.642
2025-12-27 22:50:42,227 [INFO]   Learning Rate:             0.000010
2025-12-27 22:50:42,259 [INFO] 
================================================================================
2025-12-27 22:50:42,259 [INFO] Epoch 281/300 (0.03s)
2025-12-27 22:50:42,260 [INFO] ================================================================================
2025-12-27 22:50:42,260 [INFO]   Total Loss:                1811.0204
2025-12-27 22:50:42,260 [INFO]   Recon Loss (Total):       1766.4211
2025-12-27 22:50:42,260 [INFO]     - Anchor:               1176.9918
2025-12-27 22:50:42,260 [INFO]     - Learner:              1178.8588
2025-12-27 22:50:42,260 [INFO]   🔥 GIB Sparsity Loss:     0.7819
2025-12-27 22:50:42,260 [INFO]   🔥 Contrastive Loss:      25.1730
2025-12-27 22:50:42,260 [INFO]   🔥 Prototype Loss:        19.3068
2025-12-27 22:50:42,260 [INFO]     - Spot-to-Prototype:     0.7723
2025-12-27 22:50:42,260 [INFO]     - Compactness:          0.0000
2025-12-27 22:50:42,260 [INFO]     - Dispersion:           0.0000
2025-12-27 22:50:42,260 [INFO]   🔥 Spatial Consistency:    0.0022
2025-12-27 22:50:42,260 [INFO]   GIB Keep Rate:            0.869
2025-12-27 22:50:42,260 [INFO]   GIB Avg Prob:             0.782
2025-12-27 22:50:42,260 [INFO]   Dispersion (θ):           51.331 ± 1.642
2025-12-27 22:50:42,260 [INFO]   Learning Rate:             0.000010
2025-12-27 22:50:42,292 [INFO] 
================================================================================
2025-12-27 22:50:42,292 [INFO] Epoch 282/300 (0.03s)
2025-12-27 22:50:42,292 [INFO] ================================================================================
2025-12-27 22:50:42,293 [INFO]   Total Loss:                1810.9399
2025-12-27 22:50:42,293 [INFO]   Recon Loss (Total):       1766.2402
2025-12-27 22:50:42,293 [INFO]     - Anchor:               1176.6753
2025-12-27 22:50:42,293 [INFO]     - Learner:              1179.1300
2025-12-27 22:50:42,293 [INFO]   🔥 GIB Sparsity Loss:     0.7820
2025-12-27 22:50:42,293 [INFO]   🔥 Contrastive Loss:      25.2576
2025-12-27 22:50:42,293 [INFO]   🔥 Prototype Loss:        19.3226
2025-12-27 22:50:42,293 [INFO]     - Spot-to-Prototype:     0.7729
2025-12-27 22:50:42,293 [INFO]     - Compactness:          0.0000
2025-12-27 22:50:42,293 [INFO]     - Dispersion:           0.0000
2025-12-27 22:50:42,293 [INFO]   🔥 Spatial Consistency:    0.0022
2025-12-27 22:50:42,293 [INFO]   GIB Keep Rate:            0.871
2025-12-27 22:50:42,293 [INFO]   GIB Avg Prob:             0.782
2025-12-27 22:50:42,293 [INFO]   Dispersion (θ):           51.331 ± 1.642
2025-12-27 22:50:42,293 [INFO]   Learning Rate:             0.000009
2025-12-27 22:50:42,325 [INFO] 
================================================================================
2025-12-27 22:50:42,325 [INFO] Epoch 283/300 (0.03s)
2025-12-27 22:50:42,325 [INFO] ================================================================================
2025-12-27 22:50:42,325 [INFO]   Total Loss:                1811.4219
2025-12-27 22:50:42,325 [INFO]   Recon Loss (Total):       1766.6377
2025-12-27 22:50:42,325 [INFO]     - Anchor:               1177.1548
2025-12-27 22:50:42,325 [INFO]     - Learner:              1178.9657
2025-12-27 22:50:42,325 [INFO]   🔥 GIB Sparsity Loss:     0.7818
2025-12-27 22:50:42,325 [INFO]   🔥 Contrastive Loss:      25.3526
2025-12-27 22:50:42,325 [INFO]   🔥 Prototype Loss:        19.3122
2025-12-27 22:50:42,325 [INFO]     - Spot-to-Prototype:     0.7725
2025-12-27 22:50:42,325 [INFO]     - Compactness:          0.0000
2025-12-27 22:50:42,325 [INFO]     - Dispersion:           0.0000
2025-12-27 22:50:42,325 [INFO]   🔥 Spatial Consistency:    0.0022
2025-12-27 22:50:42,325 [INFO]   GIB Keep Rate:            0.872
2025-12-27 22:50:42,325 [INFO]   GIB Avg Prob:             0.782
2025-12-27 22:50:42,325 [INFO]   Dispersion (θ):           51.330 ± 1.642
2025-12-27 22:50:42,325 [INFO]   Learning Rate:             0.000009
2025-12-27 22:50:42,357 [INFO] 
================================================================================
2025-12-27 22:50:42,357 [INFO] Epoch 284/300 (0.03s)
2025-12-27 22:50:42,357 [INFO] ================================================================================
2025-12-27 22:50:42,357 [INFO]   Total Loss:                1810.4777
2025-12-27 22:50:42,357 [INFO]   Recon Loss (Total):       1765.9341
2025-12-27 22:50:42,358 [INFO]     - Anchor:               1176.6628
2025-12-27 22:50:42,358 [INFO]     - Learner:              1178.5425
2025-12-27 22:50:42,358 [INFO]   🔥 GIB Sparsity Loss:     0.7820
2025-12-27 22:50:42,358 [INFO]   🔥 Contrastive Loss:      25.1394
2025-12-27 22:50:42,358 [INFO]   🔥 Prototype Loss:        19.2846
2025-12-27 22:50:42,358 [INFO]     - Spot-to-Prototype:     0.7714
2025-12-27 22:50:42,358 [INFO]     - Compactness:          0.0000
2025-12-27 22:50:42,358 [INFO]     - Dispersion:           0.0000
2025-12-27 22:50:42,358 [INFO]   🔥 Spatial Consistency:    0.0022
2025-12-27 22:50:42,358 [INFO]   GIB Keep Rate:            0.870
2025-12-27 22:50:42,358 [INFO]   GIB Avg Prob:             0.782
2025-12-27 22:50:42,358 [INFO]   Dispersion (θ):           51.329 ± 1.642
2025-12-27 22:50:42,358 [INFO]   Learning Rate:             0.000008
2025-12-27 22:50:42,747 [INFO] 
================================================================================
2025-12-27 22:50:42,747 [INFO] Epoch 285/300 (0.04s)
2025-12-27 22:50:42,747 [INFO] ================================================================================
2025-12-27 22:50:42,747 [INFO]   Total Loss:                1811.1573
2025-12-27 22:50:42,747 [INFO]   Recon Loss (Total):       1766.3213
2025-12-27 22:50:42,747 [INFO]     - Anchor:               1176.8684
2025-12-27 22:50:42,747 [INFO]     - Learner:              1178.9058
2025-12-27 22:50:42,748 [INFO]   🔥 GIB Sparsity Loss:     0.7819
2025-12-27 22:50:42,748 [INFO]   🔥 Contrastive Loss:      25.3824
2025-12-27 22:50:42,748 [INFO]   🔥 Prototype Loss:        19.3341
2025-12-27 22:50:42,748 [INFO]     - Spot-to-Prototype:     0.7734
2025-12-27 22:50:42,748 [INFO]     - Compactness:          0.0000
2025-12-27 22:50:42,748 [INFO]     - Dispersion:           0.0000
2025-12-27 22:50:42,748 [INFO]   🔥 Spatial Consistency:    0.0022
2025-12-27 22:50:42,748 [INFO]   GIB Keep Rate:            0.872
2025-12-27 22:50:42,748 [INFO]   GIB Avg Prob:             0.782
2025-12-27 22:50:42,748 [INFO]   Dispersion (θ):           51.329 ± 1.643
2025-12-27 22:50:42,748 [INFO]   Learning Rate:             0.000008
2025-12-27 22:50:42,782 [INFO] 
================================================================================
2025-12-27 22:50:42,782 [INFO] Epoch 286/300 (0.03s)
2025-12-27 22:50:42,782 [INFO] ================================================================================
2025-12-27 22:50:42,782 [INFO]   Total Loss:                1810.8577
2025-12-27 22:50:42,782 [INFO]   Recon Loss (Total):       1766.1616
2025-12-27 22:50:42,782 [INFO]     - Anchor:               1176.6505
2025-12-27 22:50:42,782 [INFO]     - Learner:              1179.0221
2025-12-27 22:50:42,782 [INFO]   🔥 GIB Sparsity Loss:     0.7819
2025-12-27 22:50:42,782 [INFO]   🔥 Contrastive Loss:      25.2517
2025-12-27 22:50:42,782 [INFO]   🔥 Prototype Loss:        19.3249
2025-12-27 22:50:42,782 [INFO]     - Spot-to-Prototype:     0.7730
2025-12-27 22:50:42,782 [INFO]     - Compactness:          0.0000
2025-12-27 22:50:42,782 [INFO]     - Dispersion:           0.0000
2025-12-27 22:50:42,782 [INFO]   🔥 Spatial Consistency:    0.0022
2025-12-27 22:50:42,782 [INFO]   GIB Keep Rate:            0.872
2025-12-27 22:50:42,782 [INFO]   GIB Avg Prob:             0.782
2025-12-27 22:50:42,782 [INFO]   Dispersion (θ):           51.328 ± 1.643
2025-12-27 22:50:42,782 [INFO]   Learning Rate:             0.000008
2025-12-27 22:50:42,815 [INFO] 
================================================================================
2025-12-27 22:50:42,815 [INFO] Epoch 287/300 (0.03s)
2025-12-27 22:50:42,815 [INFO] ================================================================================
2025-12-27 22:50:42,815 [INFO]   Total Loss:                1810.8390
2025-12-27 22:50:42,815 [INFO]   Recon Loss (Total):       1766.1826
2025-12-27 22:50:42,815 [INFO]     - Anchor:               1176.7648
2025-12-27 22:50:42,815 [INFO]     - Learner:              1178.8357
2025-12-27 22:50:42,815 [INFO]   🔥 GIB Sparsity Loss:     0.7817
2025-12-27 22:50:42,815 [INFO]   🔥 Contrastive Loss:      25.2438
2025-12-27 22:50:42,815 [INFO]   🔥 Prototype Loss:        19.2931
2025-12-27 22:50:42,815 [INFO]     - Spot-to-Prototype:     0.7717
2025-12-27 22:50:42,815 [INFO]     - Compactness:          0.0000
2025-12-27 22:50:42,815 [INFO]     - Dispersion:           0.0000
2025-12-27 22:50:42,815 [INFO]   🔥 Spatial Consistency:    0.0022
2025-12-27 22:50:42,815 [INFO]   GIB Keep Rate:            0.871
2025-12-27 22:50:42,815 [INFO]   GIB Avg Prob:             0.782
2025-12-27 22:50:42,815 [INFO]   Dispersion (θ):           51.328 ± 1.643
2025-12-27 22:50:42,815 [INFO]   Learning Rate:             0.000007
2025-12-27 22:50:42,847 [INFO] 
================================================================================
2025-12-27 22:50:42,848 [INFO] Epoch 288/300 (0.03s)
2025-12-27 22:50:42,848 [INFO] ================================================================================
2025-12-27 22:50:42,848 [INFO]   Total Loss:                1811.2603
2025-12-27 22:50:42,848 [INFO]   Recon Loss (Total):       1766.4900
2025-12-27 22:50:42,848 [INFO]     - Anchor:               1176.8297
2025-12-27 22:50:42,848 [INFO]     - Learner:              1179.3206
2025-12-27 22:50:42,848 [INFO]   🔥 GIB Sparsity Loss:     0.7819
2025-12-27 22:50:42,848 [INFO]   🔥 Contrastive Loss:      25.3307
2025-12-27 22:50:42,848 [INFO]   🔥 Prototype Loss:        19.3201
2025-12-27 22:50:42,848 [INFO]     - Spot-to-Prototype:     0.7728
2025-12-27 22:50:42,848 [INFO]     - Compactness:          0.0000
2025-12-27 22:50:42,848 [INFO]     - Dispersion:           0.0000
2025-12-27 22:50:42,848 [INFO]   🔥 Spatial Consistency:    0.0022
2025-12-27 22:50:42,848 [INFO]   GIB Keep Rate:            0.871
2025-12-27 22:50:42,848 [INFO]   GIB Avg Prob:             0.782
2025-12-27 22:50:42,848 [INFO]   Dispersion (θ):           51.327 ± 1.643
2025-12-27 22:50:42,848 [INFO]   Learning Rate:             0.000007
2025-12-27 22:50:42,880 [INFO] 
================================================================================
2025-12-27 22:50:42,880 [INFO] Epoch 289/300 (0.03s)
2025-12-27 22:50:42,880 [INFO] ================================================================================
2025-12-27 22:50:42,880 [INFO]   Total Loss:                1811.1638
2025-12-27 22:50:42,880 [INFO]   Recon Loss (Total):       1766.1770
2025-12-27 22:50:42,880 [INFO]     - Anchor:               1176.7891
2025-12-27 22:50:42,880 [INFO]     - Learner:              1178.7760
2025-12-27 22:50:42,880 [INFO]   🔥 GIB Sparsity Loss:     0.7818
2025-12-27 22:50:42,880 [INFO]   🔥 Contrastive Loss:      25.5476
2025-12-27 22:50:42,880 [INFO]   🔥 Prototype Loss:        19.3197
2025-12-27 22:50:42,880 [INFO]     - Spot-to-Prototype:     0.7728
2025-12-27 22:50:42,880 [INFO]     - Compactness:          0.0000
2025-12-27 22:50:42,880 [INFO]     - Dispersion:           0.0000
2025-12-27 22:50:42,881 [INFO]   🔥 Spatial Consistency:    0.0022
2025-12-27 22:50:42,881 [INFO]   GIB Keep Rate:            0.871
2025-12-27 22:50:42,881 [INFO]   GIB Avg Prob:             0.782
2025-12-27 22:50:42,881 [INFO]   Dispersion (θ):           51.327 ± 1.643
2025-12-27 22:50:42,881 [INFO]   Learning Rate:             0.000007
2025-12-27 22:50:42,913 [INFO] 
================================================================================
2025-12-27 22:50:42,913 [INFO] Epoch 290/300 (0.03s)
2025-12-27 22:50:42,913 [INFO] ================================================================================
2025-12-27 22:50:42,913 [INFO]   Total Loss:                1810.8527
2025-12-27 22:50:42,913 [INFO]   Recon Loss (Total):       1766.2235
2025-12-27 22:50:42,913 [INFO]     - Anchor:               1176.6552
2025-12-27 22:50:42,913 [INFO]     - Learner:              1179.1367
2025-12-27 22:50:42,913 [INFO]   🔥 GIB Sparsity Loss:     0.7818
2025-12-27 22:50:42,913 [INFO]   🔥 Contrastive Loss:      25.2168
2025-12-27 22:50:42,913 [INFO]   🔥 Prototype Loss:        19.2927
2025-12-27 22:50:42,913 [INFO]     - Spot-to-Prototype:     0.7717
2025-12-27 22:50:42,913 [INFO]     - Compactness:          0.0000
2025-12-27 22:50:42,913 [INFO]     - Dispersion:           0.0000
2025-12-27 22:50:42,913 [INFO]   🔥 Spatial Consistency:    0.0023
2025-12-27 22:50:42,913 [INFO]   GIB Keep Rate:            0.871
2025-12-27 22:50:42,913 [INFO]   GIB Avg Prob:             0.782
2025-12-27 22:50:42,913 [INFO]   Dispersion (θ):           51.327 ± 1.643
2025-12-27 22:50:42,913 [INFO]   Learning Rate:             0.000006
2025-12-27 22:50:42,946 [INFO] 
================================================================================
2025-12-27 22:50:42,946 [INFO] Epoch 291/300 (0.03s)
2025-12-27 22:50:42,946 [INFO] ================================================================================
2025-12-27 22:50:42,946 [INFO]   Total Loss:                1810.6752
2025-12-27 22:50:42,946 [INFO]   Recon Loss (Total):       1766.0984
2025-12-27 22:50:42,946 [INFO]     - Anchor:               1176.6957
2025-12-27 22:50:42,946 [INFO]     - Learner:              1178.8055
2025-12-27 22:50:42,946 [INFO]   🔥 GIB Sparsity Loss:     0.7816
2025-12-27 22:50:42,946 [INFO]   🔥 Contrastive Loss:      25.1474
2025-12-27 22:50:42,946 [INFO]   🔥 Prototype Loss:        19.3100
2025-12-27 22:50:42,946 [INFO]     - Spot-to-Prototype:     0.7724
2025-12-27 22:50:42,946 [INFO]     - Compactness:          0.0000
2025-12-27 22:50:42,946 [INFO]     - Dispersion:           0.0000
2025-12-27 22:50:42,946 [INFO]   🔥 Spatial Consistency:    0.0022
2025-12-27 22:50:42,946 [INFO]   GIB Keep Rate:            0.870
2025-12-27 22:50:42,946 [INFO]   GIB Avg Prob:             0.782
2025-12-27 22:50:42,946 [INFO]   Dispersion (θ):           51.326 ± 1.643
2025-12-27 22:50:42,946 [INFO]   Learning Rate:             0.000006
2025-12-27 22:50:42,978 [INFO] 
================================================================================
2025-12-27 22:50:42,978 [INFO] Epoch 292/300 (0.03s)
2025-12-27 22:50:42,978 [INFO] ================================================================================
2025-12-27 22:50:42,978 [INFO]   Total Loss:                1810.7424
2025-12-27 22:50:42,978 [INFO]   Recon Loss (Total):       1766.0256
2025-12-27 22:50:42,978 [INFO]     - Anchor:               1176.7421
2025-12-27 22:50:42,978 [INFO]     - Learner:              1178.5670
2025-12-27 22:50:42,978 [INFO]   🔥 GIB Sparsity Loss:     0.7817
2025-12-27 22:50:42,978 [INFO]   🔥 Contrastive Loss:      25.2845
2025-12-27 22:50:42,978 [INFO]   🔥 Prototype Loss:        19.3128
2025-12-27 22:50:42,978 [INFO]     - Spot-to-Prototype:     0.7725
2025-12-27 22:50:42,978 [INFO]     - Compactness:          0.0000
2025-12-27 22:50:42,978 [INFO]     - Dispersion:           0.0000
2025-12-27 22:50:42,978 [INFO]   🔥 Spatial Consistency:    0.0023
2025-12-27 22:50:42,979 [INFO]   GIB Keep Rate:            0.870
2025-12-27 22:50:42,979 [INFO]   GIB Avg Prob:             0.782
2025-12-27 22:50:42,979 [INFO]   Dispersion (θ):           51.326 ± 1.643
2025-12-27 22:50:42,979 [INFO]   Learning Rate:             0.000006
2025-12-27 22:50:43,011 [INFO] 
================================================================================
2025-12-27 22:50:43,011 [INFO] Epoch 293/300 (0.03s)
2025-12-27 22:50:43,011 [INFO] ================================================================================
2025-12-27 22:50:43,011 [INFO]   Total Loss:                1810.8096
2025-12-27 22:50:43,011 [INFO]   Recon Loss (Total):       1766.0608
2025-12-27 22:50:43,011 [INFO]     - Anchor:               1176.8088
2025-12-27 22:50:43,011 [INFO]     - Learner:              1178.5040
2025-12-27 22:50:43,011 [INFO]   🔥 GIB Sparsity Loss:     0.7817
2025-12-27 22:50:43,011 [INFO]   🔥 Contrastive Loss:      25.3322
2025-12-27 22:50:43,011 [INFO]   🔥 Prototype Loss:        19.2970
2025-12-27 22:50:43,011 [INFO]     - Spot-to-Prototype:     0.7719
2025-12-27 22:50:43,011 [INFO]     - Compactness:          0.0000
2025-12-27 22:50:43,011 [INFO]     - Dispersion:           0.0000
2025-12-27 22:50:43,011 [INFO]   🔥 Spatial Consistency:    0.0023
2025-12-27 22:50:43,011 [INFO]   GIB Keep Rate:            0.870
2025-12-27 22:50:43,011 [INFO]   GIB Avg Prob:             0.782
2025-12-27 22:50:43,011 [INFO]   Dispersion (θ):           51.325 ± 1.644
2025-12-27 22:50:43,011 [INFO]   Learning Rate:             0.000006
2025-12-27 22:50:43,043 [INFO] 
================================================================================
2025-12-27 22:50:43,043 [INFO] Epoch 294/300 (0.03s)
2025-12-27 22:50:43,043 [INFO] ================================================================================
2025-12-27 22:50:43,043 [INFO]   Total Loss:                1810.6639
2025-12-27 22:50:43,043 [INFO]   Recon Loss (Total):       1766.0010
2025-12-27 22:50:43,044 [INFO]     - Anchor:               1176.6813
2025-12-27 22:50:43,044 [INFO]     - Learner:              1178.6395
2025-12-27 22:50:43,044 [INFO]   🔥 GIB Sparsity Loss:     0.7819
2025-12-27 22:50:43,044 [INFO]   🔥 Contrastive Loss:      25.2203
2025-12-27 22:50:43,044 [INFO]   🔥 Prototype Loss:        19.3234
2025-12-27 22:50:43,044 [INFO]     - Spot-to-Prototype:     0.7729
2025-12-27 22:50:43,044 [INFO]     - Compactness:          0.0000
2025-12-27 22:50:43,044 [INFO]     - Dispersion:           0.0000
2025-12-27 22:50:43,044 [INFO]   🔥 Spatial Consistency:    0.0021
2025-12-27 22:50:43,044 [INFO]   GIB Keep Rate:            0.871
2025-12-27 22:50:43,044 [INFO]   GIB Avg Prob:             0.782
2025-12-27 22:50:43,044 [INFO]   Dispersion (θ):           51.325 ± 1.644
2025-12-27 22:50:43,044 [INFO]   Learning Rate:             0.000005
2025-12-27 22:50:43,076 [INFO] 
================================================================================
2025-12-27 22:50:43,076 [INFO] Epoch 295/300 (0.03s)
2025-12-27 22:50:43,076 [INFO] ================================================================================
2025-12-27 22:50:43,076 [INFO]   Total Loss:                1810.7709
2025-12-27 22:50:43,077 [INFO]   Recon Loss (Total):       1766.0535
2025-12-27 22:50:43,077 [INFO]     - Anchor:               1176.6672
2025-12-27 22:50:43,077 [INFO]     - Learner:              1178.7723
2025-12-27 22:50:43,077 [INFO]   🔥 GIB Sparsity Loss:     0.7818
2025-12-27 22:50:43,077 [INFO]   🔥 Contrastive Loss:      25.3049
2025-12-27 22:50:43,077 [INFO]   🔥 Prototype Loss:        19.2929
2025-12-27 22:50:43,077 [INFO]     - Spot-to-Prototype:     0.7717
2025-12-27 22:50:43,077 [INFO]     - Compactness:          0.0000
2025-12-27 22:50:43,077 [INFO]     - Dispersion:           0.0000
2025-12-27 22:50:43,077 [INFO]   🔥 Spatial Consistency:    0.0023
2025-12-27 22:50:43,077 [INFO]   GIB Keep Rate:            0.871
2025-12-27 22:50:43,077 [INFO]   GIB Avg Prob:             0.782
2025-12-27 22:50:43,077 [INFO]   Dispersion (θ):           51.325 ± 1.644
2025-12-27 22:50:43,077 [INFO]   Learning Rate:             0.000005
2025-12-27 22:50:43,109 [INFO] 
================================================================================
2025-12-27 22:50:43,109 [INFO] Epoch 296/300 (0.03s)
2025-12-27 22:50:43,109 [INFO] ================================================================================
2025-12-27 22:50:43,109 [INFO]   Total Loss:                1810.9011
2025-12-27 22:50:43,109 [INFO]   Recon Loss (Total):       1766.0940
2025-12-27 22:50:43,109 [INFO]     - Anchor:               1176.5952
2025-12-27 22:50:43,109 [INFO]     - Learner:              1178.9976
2025-12-27 22:50:43,109 [INFO]   🔥 GIB Sparsity Loss:     0.7820
2025-12-27 22:50:43,109 [INFO]   🔥 Contrastive Loss:      25.3585
2025-12-27 22:50:43,109 [INFO]   🔥 Prototype Loss:        19.3292
2025-12-27 22:50:43,109 [INFO]     - Spot-to-Prototype:     0.7732
2025-12-27 22:50:43,109 [INFO]     - Compactness:          0.0000
2025-12-27 22:50:43,109 [INFO]     - Dispersion:           0.0000
2025-12-27 22:50:43,109 [INFO]   🔥 Spatial Consistency:    0.0021
2025-12-27 22:50:43,109 [INFO]   GIB Keep Rate:            0.871
2025-12-27 22:50:43,109 [INFO]   GIB Avg Prob:             0.782
2025-12-27 22:50:43,109 [INFO]   Dispersion (θ):           51.324 ± 1.644
2025-12-27 22:50:43,109 [INFO]   Learning Rate:             0.000005
2025-12-27 22:50:43,142 [INFO] 
================================================================================
2025-12-27 22:50:43,142 [INFO] Epoch 297/300 (0.03s)
2025-12-27 22:50:43,142 [INFO] ================================================================================
2025-12-27 22:50:43,142 [INFO]   Total Loss:                1810.7913
2025-12-27 22:50:43,142 [INFO]   Recon Loss (Total):       1766.1199
2025-12-27 22:50:43,142 [INFO]     - Anchor:               1176.9641
2025-12-27 22:50:43,142 [INFO]     - Learner:              1178.3114
2025-12-27 22:50:43,142 [INFO]   🔥 GIB Sparsity Loss:     0.7821
2025-12-27 22:50:43,142 [INFO]   🔥 Contrastive Loss:      25.2542
2025-12-27 22:50:43,142 [INFO]   🔥 Prototype Loss:        19.2978
2025-12-27 22:50:43,142 [INFO]     - Spot-to-Prototype:     0.7719
2025-12-27 22:50:43,142 [INFO]     - Compactness:          0.0000
2025-12-27 22:50:43,142 [INFO]     - Dispersion:           0.0000
2025-12-27 22:50:43,142 [INFO]   🔥 Spatial Consistency:    0.0022
2025-12-27 22:50:43,142 [INFO]   GIB Keep Rate:            0.872
2025-12-27 22:50:43,142 [INFO]   GIB Avg Prob:             0.782
2025-12-27 22:50:43,142 [INFO]   Dispersion (θ):           51.324 ± 1.644
2025-12-27 22:50:43,142 [INFO]   Learning Rate:             0.000005
2025-12-27 22:50:43,174 [INFO] 
================================================================================
2025-12-27 22:50:43,175 [INFO] Epoch 298/300 (0.03s)
2025-12-27 22:50:43,175 [INFO] ================================================================================
2025-12-27 22:50:43,175 [INFO]   Total Loss:                1810.7645
2025-12-27 22:50:43,175 [INFO]   Recon Loss (Total):       1765.9462
2025-12-27 22:50:43,175 [INFO]     - Anchor:               1176.4109
2025-12-27 22:50:43,175 [INFO]     - Learner:              1179.0706
2025-12-27 22:50:43,175 [INFO]   🔥 GIB Sparsity Loss:     0.7816
2025-12-27 22:50:43,175 [INFO]   🔥 Contrastive Loss:      25.3626
2025-12-27 22:50:43,175 [INFO]   🔥 Prototype Loss:        19.3365
2025-12-27 22:50:43,175 [INFO]     - Spot-to-Prototype:     0.7735
2025-12-27 22:50:43,175 [INFO]     - Compactness:          0.0000
2025-12-27 22:50:43,175 [INFO]     - Dispersion:           0.0000
2025-12-27 22:50:43,175 [INFO]   🔥 Spatial Consistency:    0.0022
2025-12-27 22:50:43,175 [INFO]   GIB Keep Rate:            0.870
2025-12-27 22:50:43,175 [INFO]   GIB Avg Prob:             0.782
2025-12-27 22:50:43,175 [INFO]   Dispersion (θ):           51.324 ± 1.644
2025-12-27 22:50:43,175 [INFO]   Learning Rate:             0.000005
2025-12-27 22:50:43,207 [INFO] 
================================================================================
2025-12-27 22:50:43,207 [INFO] Epoch 299/300 (0.03s)
2025-12-27 22:50:43,207 [INFO] ================================================================================
2025-12-27 22:50:43,207 [INFO]   Total Loss:                1810.9886
2025-12-27 22:50:43,207 [INFO]   Recon Loss (Total):       1766.1653
2025-12-27 22:50:43,207 [INFO]     - Anchor:               1176.7163
2025-12-27 22:50:43,207 [INFO]     - Learner:              1178.8979
2025-12-27 22:50:43,207 [INFO]   🔥 GIB Sparsity Loss:     0.7818
2025-12-27 22:50:43,207 [INFO]   🔥 Contrastive Loss:      25.3882
2025-12-27 22:50:43,207 [INFO]   🔥 Prototype Loss:        19.3156
2025-12-27 22:50:43,207 [INFO]     - Spot-to-Prototype:     0.7726
2025-12-27 22:50:43,207 [INFO]     - Compactness:          0.0000
2025-12-27 22:50:43,207 [INFO]     - Dispersion:           0.0000
2025-12-27 22:50:43,207 [INFO]   🔥 Spatial Consistency:    0.0023
2025-12-27 22:50:43,207 [INFO]   GIB Keep Rate:            0.870
2025-12-27 22:50:43,207 [INFO]   GIB Avg Prob:             0.782
2025-12-27 22:50:43,208 [INFO]   Dispersion (θ):           51.323 ± 1.644
2025-12-27 22:50:43,208 [INFO]   Learning Rate:             0.000005
2025-12-27 22:50:43,240 [INFO] 
================================================================================
2025-12-27 22:50:43,241 [INFO] Epoch 300/300 (0.03s)
2025-12-27 22:50:43,241 [INFO] ================================================================================
2025-12-27 22:50:43,241 [INFO]   Total Loss:                1810.7737
2025-12-27 22:50:43,241 [INFO]   Recon Loss (Total):       1765.9602
2025-12-27 22:50:43,241 [INFO]     - Anchor:               1176.5095
2025-12-27 22:50:43,241 [INFO]     - Learner:              1178.9014
2025-12-27 22:50:43,241 [INFO]   🔥 GIB Sparsity Loss:     0.7816
2025-12-27 22:50:43,241 [INFO]   🔥 Contrastive Loss:      25.3808
2025-12-27 22:50:43,241 [INFO]   🔥 Prototype Loss:        19.3133
2025-12-27 22:50:43,241 [INFO]     - Spot-to-Prototype:     0.7725
2025-12-27 22:50:43,241 [INFO]     - Compactness:          0.0000
2025-12-27 22:50:43,241 [INFO]     - Dispersion:           0.0000
2025-12-27 22:50:43,241 [INFO]   🔥 Spatial Consistency:    0.0021
2025-12-27 22:50:43,241 [INFO]   GIB Keep Rate:            0.870
2025-12-27 22:50:43,241 [INFO]   GIB Avg Prob:             0.782
2025-12-27 22:50:43,241 [INFO]   Dispersion (θ):           51.323 ± 1.644
2025-12-27 22:50:43,241 [INFO]   Learning Rate:             0.000005
2025-12-27 22:50:43,241 [INFO] 
================================================================================
2025-12-27 22:50:43,241 [INFO] 🎉 训练完成！
2025-12-27 22:50:43,241 [INFO]    最佳损失: 1810.4777
2025-12-27 22:50:43,241 [INFO] ================================================================================
2025-12-27 22:50:43,260 [INFO]   ✅ 保存训练历史到 results/gib_contrastive_v2/training_history.csv
2025-12-27 22:50:43,260 [INFO] 
🔍 提取 latent 表示并聚类...
2025-12-27 22:50:43,265 [INFO]   ✅ Latent 表示:   (3639, 32)
2025-12-27 22:50:43,266 [INFO] 
🎯 使用指定的聚类数:  7, 模型:  EEE
2025-12-27 22:50:43,269 [INFO] cffi mode is CFFI_MODE.ANY
2025-12-27 22:50:43,270 [INFO] R home found: /home/pxy/miniconda3/envs/r40/lib/R
2025-12-27 22:50:43,524 [INFO] R library path: /usr/local/cuda/lib64:/usr/local/cuda/lib64:
2025-12-27 22:50:43,525 [INFO] LD_LIBRARY_PATH: /usr/local/cuda/lib64:/usr/local/cuda/lib64:
2025-12-27 22:50:43,540 [INFO] Default options to initialize R: rpy2, --quiet, --no-save
2025-12-27 22:50:44,045 [INFO] R is already initialized. No need to initialize.
2025-12-27 22:50:44,059 [WARNING] R callback write-console:                    __           __ 
   ____ ___  _____/ /_  _______/ /_
  / __ `__ \/ ___/ / / / / ___/ __/
 / / / / / / /__/ / /_/ (__  ) /_  
/_/ /_/ /_/\___/_/\__,_/____/\__/   version 6.1.1
Type 'citation("mclust")' for citing this R package in publications.
  
2025-12-27 22:50:53,756 [INFO]   ✅ 发现 7 个空间域
2025-12-27 22:50:53,757 [INFO]   聚类分布:
2025-12-27 22:50:53,757 [INFO]     - 域 0: 415 个样本
2025-12-27 22:50:53,757 [INFO]     - 域 1: 437 个样本
2025-12-27 22:50:53,757 [INFO]     - 域 2: 330 个样本
2025-12-27 22:50:53,758 [INFO]     - 域 3: 300 个样本
2025-12-27 22:50:53,758 [INFO]     - 域 4: 641 个样本
2025-12-27 22:50:53,758 [INFO]     - 域 5: 999 个样本
2025-12-27 22:50:53,758 [INFO]     - 域 6: 517 个样本
2025-12-27 22:50:55,273 [INFO] 
💾 保存结果到 results/gib_contrastive_v2/adata_with_domains.h5ad
2025-12-27 22:50:55,273 [INFO] 
📊 计算评估指标...
2025-12-27 22:50:55,274 [INFO]   找到 metadata 文件: ../data/DLPFC/st/151673/metadata.tsv
2025-12-27 22:50:55,319 [INFO]   metadata 形状: (3639, 72)
2025-12-27 22:50:55,319 [INFO]   metadata 列:  ['sample_name', 'tissue', 'row', 'col', 'imagerow', 'imagecol', 'Cluster', 'height', 'width', 'sum_umi', 'sum_gene', 'subject', 'position', 'replicate', 'subject_position', 'discard', 'key', 'cell_count', 'SNN_k50_k4', 'SNN_k50_k5', 'SNN_k50_k6', 'SNN_k50_k7', 'SNN_k50_k8', 'SNN_k50_k9', 'SNN_k50_k10', 'SNN_k50_k11', 'SNN_k50_k12', 'SNN_k50_k13', 'SNN_k50_k14', 'SNN_k50_k15', 'SNN_k50_k16', 'SNN_k50_k17', 'SNN_k50_k18', 'SNN_k50_k19', 'SNN_k50_k20', 'SNN_k50_k21', 'SNN_k50_k22', 'SNN_k50_k23', 'SNN_k50_k24', 'SNN_k50_k25', 'SNN_k50_k26', 'SNN_k50_k27', 'SNN_k50_k28', 'GraphBased', 'Maynard', 'Martinowich', 'Layer', 'layer_guess', 'layer_guess_reordered', 'layer_guess_reordered_short', 'expr_chrM', 'expr_chrM_ratio', 'SpatialDE_PCA', 'SpatialDE_pool_PCA', 'HVG_PCA', 'pseudobulk_PCA', 'markers_PCA', 'SpatialDE_UMAP', 'SpatialDE_pool_UMAP', 'HVG_UMAP', 'pseudobulk_UMAP', 'markers_UMAP', 'SpatialDE_PCA_spatial', 'SpatialDE_pool_PCA_spatial', 'HVG_PCA_spatial', 'pseudobulk_PCA_spatial', 'markers_PCA_spatial', 'SpatialDE_UMAP_spatial', 'SpatialDE_pool_UMAP_spatial', 'HVG_UMAP_spatial', 'pseudobulk_UMAP_spatial', 'markers_UMAP_spatial']
2025-12-27 22:50:55,319 [INFO]   使用 ground truth 列: 'layer_guess_reordered'
2025-12-27 22:50:55,320 [INFO]   共同 barcode 数: 3639 / 3639
2025-12-27 22:50:55,325 [INFO]   Ground Truth 分布:
2025-12-27 22:50:55,325 [INFO]     - Layer3: 989
2025-12-27 22:50:55,325 [INFO]     - Layer6: 692
2025-12-27 22:50:55,325 [INFO]     - Layer5: 673
2025-12-27 22:50:55,325 [INFO]     - WM: 513
2025-12-27 22:50:55,325 [INFO]     - Layer1: 273
2025-12-27 22:50:55,325 [INFO]     - Layer2: 253
2025-12-27 22:50:55,325 [INFO]     - Layer4: 218
2025-12-27 22:50:55,325 [INFO]     - NA: 28
2025-12-27 22:50:55,327 [INFO] 
  有效样本:  3611 / 3639 (99.2%)
2025-12-27 22:50:55,329 [INFO] 
  [DEBUG] 标签统计:
2025-12-27 22:50:55,329 [INFO]     - y_true 唯一值: 7 -> ['Layer1', 'Layer2', 'Layer3', 'Layer4', 'Layer5', 'Layer6', 'WM']
2025-12-27 22:50:55,329 [INFO]     - y_pred 唯一值: 7 -> ['0', '1', '2', '3', '4', '5', '6']
2025-12-27 22:50:55,374 [INFO] 
  ✅ 评估结果:
2025-12-27 22:50:55,374 [INFO]   ============================================================
2025-12-27 22:50:55,374 [INFO]   ARI (Adjusted Rand Index):           0.6078
2025-12-27 22:50:55,374 [INFO]   NMI (Normalized Mutual Info):        0.7057
2025-12-27 22:50:55,374 [INFO]   AMI (Adjusted Mutual Info):          0.7049
2025-12-27 22:50:55,374 [INFO]   FMI (Fowlkes-Mallows Index):         0.6768
2025-12-27 22:50:55,374 [INFO]   Homogeneity:                          0.7149
2025-12-27 22:50:55,374 [INFO]   Completeness:                         0.6967
2025-12-27 22:50:55,374 [INFO]   V-measure:                            0.7057
2025-12-27 22:50:55,374 [INFO]   ============================================================
2025-12-27 22:50:55,374 [INFO] 
  聚类 vs Ground Truth 交叉表:
2025-12-27 22:50:55,385 [INFO] 
True       Layer1  Layer2  Layer3  Layer4  Layer5  Layer6   WM
Predicted                                                     
0              12     214     187       0       0       0    0
1               0       0       0       0       0      19  418
2               0       0       0       0       0     235   95
3             259      19       0       0       0       0    0
4               0       0       3      61     556      21    0
5               2      20     799     157      17       0    0
6               0       0       0       0     100     417    0
2025-12-27 22:50:55,387 [INFO] 
  ✅ 保存评估结果到 results/gib_contrastive_v2/evaluation.csv
2025-12-27 22:50:55,393 [INFO]   ✅ 保存混淆矩阵到 results/gib_contrastive_v2/confusion_matrix.csv
2025-12-27 22:50:56,816 [INFO] 
🎨 生成可视化...
2025-12-27 22:50:58,648 [INFO]   ✅ 保存空间对比图到 results/gib_contrastive_v2/spatial_comparison.png
2025-12-27 22:51:01,364 [INFO]   ✅ 保存训练曲线到 results/gib_contrastive_v2/training_curves.png
2025-12-27 22:51:02,001 [INFO]   ✅ 保存GIB统计图到 results/gib_contrastive_v2/gib_statistics.png
2025-12-27 22:51:02,561 [INFO]   ✅ 保存聚类分布图到 results/gib_contrastive_v2/cluster_distribution.png
2025-12-27 22:51:02,561 [INFO]   ✅ 所有可视化完成
2025-12-27 22:51:02,561 [INFO] 
✨ 所有任务完成！
2025-12-27 22:51:02,600 [INFO] Embedded R ended.
