,endothelial cell,epithelial cell of proximal tubule,kidney collecting duct epithelial cell,kidney distal convoluted tubule epithelial cell,kidney loop of Henle epithelial cell,podocyte,immune cell,pericyte
0,0.013171235,0.98419434,0.000108384935,0.0008845692,2.7623455e-05,0.00016795551,0.0014457902,6.6415824e-09
1,0.058762386,0.8609836,0.0022692715,0.004365494,4.3273223e-05,0.030973023,0.04260172,1.3036612e-06
2,0.14528163,0.7821957,0.007300244,0.00449101,0.00027633194,0.05371348,0.0067148264,2.6821062e-05
3,0.25802854,0.49019212,0.03456819,0.054938093,0.006256295,0.12700062,0.02490193,0.0041142246
4,0.25335112,0.5275534,0.003820883,0.003102237,5.177581e-05,0.13735795,0.07474123,2.1452412e-05
5,0.06776731,0.64095175,0.10231127,0.09902767,0.08764467,0.00055623846,0.0010354599,0.0007056305
6,0.07124303,0.9177788,0.0012098472,0.0028146333,7.148128e-05,0.0012236557,0.0056582447,2.0302639e-07
7,0.11598374,0.37379515,0.042973507,0.33436352,0.026850183,0.030720523,0.07416512,0.0011482511
8,0.016651118,0.98009455,4.4101653e-05,0.0004474764,3.5963556e-05,7.228706e-05,0.0026544714,4.339947e-09
9,0.13407914,0.81018764,0.020040827,0.010593015,0.0027461504,0.004459937,0.017807122,8.621741e-05
10,0.19120853,0.56820023,0.03435031,0.07004128,0.018195774,0.086418234,0.026512153,0.005073497
11,0.2459163,0.61270595,0.028471293,0.028639687,0.055226065,0.002369031,0.026612395,5.9308044e-05
12,0.11614003,0.7870079,0.03266864,0.03944751,0.01589276,0.0010595223,0.007713121,7.053402e-05
13,0.06864805,0.92090976,0.0012931178,0.0032519705,0.00064752524,0.00029431857,0.0049548615,4.4864805e-07
14,0.12174287,0.7533428,0.023997294,0.05298955,0.041674707,0.00035242294,0.005824055,7.624151e-05
15,0.088991165,0.89337844,0.0017613962,0.009126228,0.0045244023,0.00015092835,0.0020662404,1.2056398e-06
16,0.12955523,0.79772204,0.018479945,0.021154309,0.0058138156,0.0007208725,0.026548885,4.83082e-06
17,0.0012316753,0.9958448,1.202516e-06,0.00039026802,1.4826729e-06,0.00029463015,0.0022360068,1.1853729e-13
18,0.19591781,0.23934004,0.055082597,0.28523117,0.023488853,0.16412045,0.021949891,0.01486921
19,0.2792338,0.65146583,0.013239558,0.014394525,0.01742853,0.0044811275,0.019190194,0.0005664457
20,0.2678319,0.54810965,0.020686531,0.043717265,0.06757342,0.0024793926,0.04883541,0.0007664528
21,0.32544592,0.57034814,0.0075848666,0.01805762,0.06910199,0.0010042364,0.008271695,0.00018548824
22,0.15235081,0.63010544,0.014051789,0.10731438,0.06496608,0.0005064993,0.030621773,8.324581e-05
23,0.26569927,0.6943634,0.0033142508,0.0024188657,0.0025325594,0.0010924058,0.030568954,1.031485e-05
24,0.29001543,0.6869001,0.0028468235,0.0031201264,0.0034868228,0.0040846923,0.00954109,4.9198643e-06
25,0.19031401,0.4632812,0.05799374,0.119289726,0.14854148,0.0059502707,0.014190828,0.00043876175
26,0.008206244,0.73218876,0.00020816032,0.003681688,7.470478e-05,0.2481594,0.0074810763,2.8649367e-09
27,0.09771383,0.74521667,0.0021032381,0.004398344,5.596355e-05,0.14567454,0.004833507,3.9576657e-06
28,0.0024108042,0.98333454,6.501789e-05,0.013019372,0.00056557293,4.3513945e-05,0.00056118495,8.405443e-10
29,0.05963919,0.9323631,0.001007532,0.001436384,0.0027494272,0.0002793354,0.0025249636,1.6287816e-08
30,0.30628398,0.44277394,0.0404681,0.04966496,0.12805708,0.0024344956,0.029217673,0.0010997347
31,0.2074046,0.52763265,0.058175713,0.017183341,0.060933687,0.006764851,0.1215574,0.00034777983
32,0.26384336,0.43740267,0.0373519,0.04348644,0.18509616,0.0007233196,0.027141202,0.004954911
33,0.24766192,0.42179626,0.05790457,0.031976026,0.19812408,0.00059452903,0.02710646,0.0148361875
34,0.26506776,0.38998514,0.05410242,0.042066433,0.2084801,0.00054713595,0.030367486,0.00938349
35,0.36384556,0.413716,0.03501384,0.016830295,0.12873274,0.0009770563,0.029701531,0.011183053
36,0.2671476,0.43151343,0.052342083,0.024281949,0.1877638,0.0005198316,0.023752026,0.012679311
37,0.19667453,0.4711728,0.07244121,0.032042705,0.18469198,0.0013042152,0.03899738,0.002675118
38,0.24318984,0.7072204,0.00451025,0.005996342,0.009407321,0.0007223811,0.028925033,2.8371529e-05
39,0.24120063,0.65048516,0.003310721,0.002073445,0.00015095757,0.006261498,0.096508935,8.657052e-06
40,0.21601567,0.73927826,0.002287538,0.0006472307,0.00012471026,0.01897295,0.022673374,3.003317e-07
41,0.26451057,0.69136614,0.005528882,0.004028856,0.002935935,0.0027134106,0.028907932,8.335388e-06
42,0.23429038,0.5921061,0.034332227,0.037910394,0.078512184,0.003196552,0.019471765,0.00018038618
43,0.013010956,2.8142284e-05,1.428132e-06,0.000110089735,3.7340686e-09,0.0020950602,0.9847543,1.5486761e-12
44,0.24846725,0.6431213,0.017344384,0.0056763813,0.07436619,0.00068251806,0.010323961,1.8040133e-05
45,0.25267634,0.39320764,0.06683899,0.040947285,0.20513692,0.0008016267,0.030082833,0.010308387
46,0.24162795,0.5899217,0.028203176,0.052191757,0.0570974,0.0032151025,0.027243536,0.000499431
47,0.35796607,0.42662638,0.031930342,0.019192245,0.12388842,0.00052436884,0.032053575,0.007818596
48,0.29169375,0.47805864,0.04225036,0.010399772,0.13270909,0.0003520072,0.029184574,0.015351841
49,0.2669155,0.43628988,0.04389572,0.021222062,0.20672621,0.0003123661,0.015990635,0.008647629
50,0.25172314,0.3576716,0.08146139,0.033029344,0.22334157,0.0009500633,0.03346144,0.018361427
51,0.23039478,0.44356945,0.07222615,0.017210837,0.18071719,0.001150235,0.03745704,0.017274326
52,0.31002533,0.5013807,0.037254617,0.00785943,0.09421374,0.00080498884,0.043357216,0.005104043
53,0.32556203,0.48831737,0.038202826,0.00813328,0.08313755,0.0017601161,0.052326735,0.0025601326
54,0.32142192,0.44068253,0.036896683,0.03972696,0.096024334,0.0027634958,0.05735035,0.0051337057
55,0.2219405,0.5314595,0.046269383,0.01271203,0.13630092,0.0028173581,0.047910023,0.00059026026
56,0.3408373,0.46878648,0.032618452,0.02746703,0.08304942,0.005141364,0.040522523,0.0015774072
57,0.076456554,0.9007691,0.0014206696,0.0025616898,0.000107788306,0.00072828034,0.017955316,6.366405e-07
58,0.17018461,0.8183263,0.0012372794,0.0005518695,0.0007689622,0.0013322796,0.007597977,7.456921e-07
59,0.40077236,0.44578317,0.019996466,0.009645546,0.08557945,0.0009394401,0.029830394,0.0074532493
60,0.26092014,0.43601954,0.05785249,0.020862132,0.17522845,0.00059892924,0.031461556,0.01705677
61,0.37794918,0.42584684,0.027013615,0.009921708,0.12619808,0.00072124094,0.021950405,0.010398886
62,0.30317685,0.4217785,0.056893867,0.025215492,0.14669898,0.001076051,0.03686243,0.008297823
63,0.29350126,0.4184804,0.048917834,0.018447248,0.18192361,0.00036175206,0.02645209,0.011915713
64,0.28297523,0.39179578,0.05528677,0.023948628,0.20210412,0.0009578045,0.026127597,0.01680406
65,0.29799706,0.431316,0.046838228,0.014135427,0.16985089,0.0010840532,0.029922167,0.00885615
66,0.28825742,0.4482469,0.045529522,0.013384552,0.16595317,0.0004784756,0.025654806,0.012495121
67,0.27189007,0.40153566,0.07011459,0.024202747,0.1701816,0.00092978217,0.047862146,0.013283357
68,0.22191575,0.5214372,0.042869322,0.024555953,0.16106738,0.00026145868,0.025587125,0.002305794
69,0.22189814,0.41775882,0.075207256,0.025126953,0.20961927,0.0009162911,0.031733256,0.01774001
70,0.26698446,0.2850406,0.06705864,0.08972301,0.24431929,0.0024869817,0.02828113,0.016105872
71,0.16769107,0.6288016,0.030181682,0.08310767,0.0404401,0.0019374827,0.047534052,0.00030636322
72,0.15448277,0.46430078,0.077829055,0.12325085,0.063274615,0.029291557,0.08654432,0.0010260083
73,0.14850841,0.67227656,0.036177095,0.0492043,0.0023312052,0.06753997,0.023806725,0.00015578221
74,0.15708229,0.8043098,0.0011968601,0.0013866515,0.0001413381,0.004960473,0.030922547,9.639538e-08
75,0.33730274,0.43415695,0.030556725,0.017375387,0.161828,0.0024236608,0.015188382,0.0011680842
76,0.29761055,0.50453615,0.0359355,0.0098682465,0.11410506,0.00036096186,0.021908594,0.015675033
77,0.29867193,0.46510646,0.03717138,0.0123134,0.13849506,0.00039046904,0.02549633,0.022355031
78,0.24567808,0.3571549,0.077796936,0.029566117,0.23573714,0.00065655727,0.029319867,0.024090383
79,0.27316055,0.36321843,0.09457585,0.026937224,0.17163411,0.0030430143,0.04939504,0.018035749
80,0.18975307,0.14292292,0.16544303,0.07618524,0.34156248,0.0026102918,0.036846742,0.044676222
81,0.23371173,0.37731463,0.07598557,0.034038693,0.23068608,0.00073667074,0.027660292,0.019866332
82,0.30061895,0.3705659,0.049409878,0.023977265,0.214818,0.00047085813,0.023032537,0.017106663
83,0.29497814,0.4327382,0.05164035,0.013172663,0.1634433,0.00092008844,0.029601976,0.013505234
84,0.25018546,0.3351336,0.099735804,0.041201875,0.19747397,0.0020005167,0.057636306,0.016632417
85,0.27999172,0.4167629,0.042878367,0.026753893,0.20195669,0.0003055184,0.019056411,0.012294463
86,0.26125517,0.37794802,0.05629933,0.031595543,0.22601646,0.00057260384,0.0222645,0.024048364
87,0.35160425,0.45303935,0.041316792,0.008366727,0.09114165,0.0010310017,0.04392161,0.009578631
88,0.25462863,0.47535428,0.056604665,0.05446387,0.099434,0.002780827,0.054761868,0.001971917
89,0.13368395,0.5578649,0.07452335,0.116464876,0.045118373,0.007131379,0.06326742,0.0019457547
90,0.1909622,0.5894547,0.056266557,0.070646584,0.014158476,0.009221517,0.069166854,0.00012316172
91,0.083043985,0.27217373,0.023335101,0.34824374,0.026153946,0.011190532,0.2356805,0.00017853637
92,0.0021525,0.9893411,4.4509437e-05,0.004838536,0.002553198,0.00072477263,0.00034533403,7.0322047e-12
93,0.24151492,0.4762891,0.04319097,0.049586937,0.00984378,0.12208164,0.05150281,0.005989868
94,0.32167137,0.38606167,0.038968567,0.035661124,0.18885662,0.0013075913,0.022350237,0.005122824
95,0.3060365,0.43919772,0.04628028,0.011373313,0.15052912,0.0007288161,0.028585149,0.01726905
96,0.2788515,0.41077453,0.053129453,0.016017042,0.187033,0.0006249534,0.02687367,0.026695864
97,0.1872417,0.028795358,0.21275806,0.09811062,0.38570285,0.0028116126,0.038748436,0.045831338
98,0.19148113,0.15366751,0.15070523,0.051550746,0.27242592,0.0041518593,0.08357974,0.09243783
99,0.20678155,0.0045434264,0.21293299,0.09221668,0.3933444,0.0026178814,0.042088896,0.045474213
100,0.19348247,0.006386686,0.20791978,0.104007244,0.36474162,0.005154725,0.05807441,0.06023306
101,0.20989199,0.18594383,0.12042016,0.063484974,0.285842,0.004318862,0.05287234,0.07722582
102,0.29662323,0.40996718,0.043218505,0.021435523,0.18952256,0.00053367903,0.024074288,0.014625012
103,0.2861049,0.41411796,0.044406824,0.020882066,0.20011318,0.0006265285,0.016935335,0.016813235
104,0.27459046,0.40158582,0.050018094,0.021986106,0.21750166,0.00044116323,0.021530159,0.012346482
105,0.29184723,0.4230187,0.045575175,0.023070667,0.17692758,0.0005055692,0.02360805,0.015447012
106,0.25881594,0.33011812,0.07902175,0.060510676,0.18737918,0.005713259,0.055236258,0.023204781
107,0.18802083,0.41748124,0.07361585,0.13942866,0.118859425,0.0040095104,0.054632742,0.003951724
108,0.11922145,0.39533976,0.110587195,0.22039469,0.08736038,0.019650573,0.042082574,0.005363412
109,0.11246952,0.33134887,0.11930384,0.25437027,0.017657213,0.06445449,0.09923903,0.0011566965
110,0.004041149,0.98328745,0.000119595454,0.010408738,0.00013062476,0.0011690939,0.0008433633,4.1794936e-09
111,0.0065635447,0.0005180946,2.8816277e-07,4.241574e-05,1.6693265e-10,0.0024149837,0.99046063,2.9992644e-14
112,0.113672465,0.5999622,0.058093395,0.07700184,0.014250196,0.023836859,0.113052875,0.00013023951
113,0.21453826,0.17554782,0.13453892,0.12933259,0.15423551,0.07331778,0.096046485,0.022442665
114,0.32776523,0.44921103,0.043312814,0.016801719,0.11212142,0.001356615,0.03499699,0.014434191
115,0.3052141,0.46597883,0.03703913,0.012833787,0.14463791,0.0004330056,0.024992788,0.008870447
116,0.21167733,0.31500438,0.10106348,0.058295343,0.25547737,0.0010475212,0.03344895,0.023985619
117,0.196556,0.19630104,0.13607462,0.05389049,0.24986488,0.0038055948,0.07454123,0.0889661
118,0.19590145,0.0013331908,0.21257159,0.095066845,0.375863,0.0050586956,0.06156001,0.05264519
119,0.18799825,0.0029691567,0.19707838,0.09418478,0.3363916,0.0069985897,0.09047938,0.08389985
120,0.18964705,0.0008765477,0.22049464,0.09467298,0.40075687,0.0029807219,0.04403634,0.04653483
121,0.19664635,0.0054431795,0.22439706,0.11368943,0.35267034,0.0044548884,0.057709545,0.04498929
122,0.19089718,0.0042107715,0.20573765,0.0873072,0.37483415,0.0043183467,0.06577903,0.06691565
123,0.19744198,0.13538244,0.16822565,0.081384815,0.3142892,0.003200383,0.054344513,0.04573105
124,0.27873093,0.31850442,0.06362552,0.046947703,0.23988444,0.001184724,0.02801554,0.023106787
125,0.24271464,0.3555111,0.08227246,0.041606553,0.22454096,0.00081978785,0.03420743,0.018327119
126,0.2761858,0.5340389,0.035932682,0.01235158,0.09876239,0.00034128258,0.024117064,0.018270276
127,0.3001849,0.36230904,0.04469231,0.07594773,0.17780772,0.0021600204,0.029188376,0.0077099144
128,0.17688182,0.4679866,0.06494708,0.14832936,0.09754038,0.004140042,0.036410235,0.0037644075
129,0.12814245,0.39365238,0.09846789,0.20607993,0.10507279,0.005763699,0.055641454,0.007179424
130,0.1490512,0.30377498,0.125036,0.18942602,0.079959154,0.07711339,0.06693778,0.0087014465
131,0.13379024,0.76118046,0.036713503,0.032528717,0.004660983,0.004107804,0.026968356,4.993756e-05
132,0.0082467515,8.499059e-07,6.458331e-07,5.1407373e-05,7.5270484e-10,0.010599033,0.9811013,5.8107105e-13
133,0.16589078,0.82993644,0.0006373906,0.001121751,0.0011267691,0.00018027979,0.0011021927,4.3591194e-06
134,0.10961399,0.6859892,0.03361235,0.11513261,0.036950592,0.0022657653,0.016330672,0.000104769606
135,0.1822364,0.53525996,0.06392451,0.040447652,0.012522026,0.09428214,0.06904223,0.0022849897
136,0.25421336,0.5908437,0.043349814,0.012898267,0.042693034,0.0057230825,0.04993704,0.00034167734
137,0.2675102,0.3425841,0.07158257,0.055298503,0.20952831,0.002132402,0.034561384,0.016802432
138,0.23053548,0.36119217,0.076039754,0.04966701,0.22862078,0.0006847819,0.03164,0.021619989
139,0.1844524,0.015855223,0.21163437,0.10846636,0.3558227,0.0045129326,0.05826885,0.060987175
140,0.17643404,0.0007576863,0.18384963,0.09719328,0.37380585,0.0044688876,0.07421364,0.089277
141,0.18930885,0.0006716657,0.2200169,0.105403006,0.3929369,0.0031089531,0.041960962,0.046592783
142,0.18796866,0.0034685086,0.19408382,0.08813785,0.31100017,0.008547118,0.102061324,0.10473259
143,0.1876673,0.0008500103,0.20800994,0.09817919,0.383157,0.0036127064,0.06802295,0.050500885
144,0.19868349,0.004710834,0.22319278,0.10970049,0.36415166,0.0039426014,0.052081976,0.043536138
145,0.19381423,0.003782659,0.22128443,0.10865253,0.37429678,0.003460332,0.04719473,0.04751435
146,0.1946227,0.0449269,0.18559279,0.073854074,0.35476905,0.0044711814,0.073262796,0.06850051
147,0.26247662,0.3210036,0.07350717,0.04174768,0.2428357,0.0018882584,0.035373624,0.021167416
148,0.29676118,0.42554122,0.03762343,0.030806083,0.17284869,0.000539209,0.02315193,0.012728263
149,0.2870465,0.45497337,0.05658832,0.015255005,0.12464316,0.0011491205,0.042875182,0.017469347
150,0.30083328,0.43188977,0.041028753,0.023814104,0.16690116,0.00038404897,0.026389027,0.0087598255
151,0.36976466,0.4768872,0.024523724,0.0142878685,0.08304556,0.0011872896,0.028535625,0.00176809
152,0.21348612,0.66218567,0.033195972,0.020284107,0.021782743,0.0022901196,0.046251792,0.0005235063
153,0.12932998,0.4564633,0.09652028,0.1403941,0.06805871,0.027576588,0.07994487,0.0017122128
154,0.058892902,0.9094197,0.0052861,0.010103947,0.00017435644,0.0024152682,0.013706538,1.2693112e-06
155,0.01515032,0.60658234,0.00013972392,0.0014232972,5.8377673e-06,0.035233553,0.34146494,4.5315784e-10
156,0.005130958,0.9922641,8.9445075e-06,0.00025030682,0.0006830063,0.00014051574,0.0015222399,1.3948475e-12
157,0.002797895,0.9928901,1.2013259e-05,0.00076978456,2.0169477e-05,0.00013972454,0.0033702133,1.2596581e-12
158,0.01676529,0.632725,0.0038285379,0.2117759,0.123227365,0.007242017,0.0044326675,3.2575458e-06
159,0.052398775,0.6496949,0.004516932,0.05204934,0.22446328,0.0020047638,0.0148719335,3.6331908e-08
160,0.0659286,0.66263443,0.038589086,0.1129417,0.013338651,0.028650075,0.075451985,0.002465485
161,0.30076244,0.51001394,0.038561903,0.016549414,0.103161514,0.0009998765,0.024012055,0.00593882
162,0.27573833,0.5460316,0.031049522,0.032817554,0.08872843,0.0020666504,0.022343436,0.0012244557
163,0.19610015,0.6454074,0.03607106,0.039316382,0.015366349,0.031696346,0.03460149,0.0014408117
164,0.19073465,0.5074364,0.084481254,0.050210282,0.07518991,0.007974622,0.07887018,0.0051027155
165,0.3238122,0.4644663,0.037389178,0.025575368,0.095083974,0.0019735391,0.041620325,0.0100791715
166,0.19192192,0.18547267,0.14547697,0.082883365,0.29347044,0.0024017424,0.040216878,0.058155973
167,0.18427746,0.0016120552,0.21587199,0.09942947,0.36904135,0.005237388,0.070757866,0.05377237
168,0.18432935,0.0011395251,0.22551528,0.10751999,0.3859016,0.0032743705,0.043491315,0.04882863
169,0.19911885,0.001110078,0.2014434,0.11141158,0.38022593,0.0038893148,0.042976595,0.059824295
170,0.18847091,0.0019095204,0.19812702,0.085633196,0.32566077,0.009406251,0.09810495,0.09268741
171,0.18644288,0.0036334386,0.18537837,0.08215958,0.34121552,0.0067155776,0.08260803,0.11184662
172,0.18596873,0.0012161831,0.2197031,0.11427172,0.3699691,0.0037814826,0.056837503,0.04825212
173,0.19275534,0.0023082818,0.21633421,0.09119417,0.37908608,0.004063811,0.05870567,0.055552464
174,0.19392258,0.07524515,0.18189469,0.07556678,0.33465362,0.0047054323,0.06299861,0.071013175
175,0.21624978,0.37860227,0.083149195,0.033798903,0.23089945,0.000963907,0.032715943,0.023620486
176,0.2675099,0.46125555,0.052012365,0.01876753,0.15813605,0.00031753667,0.026617667,0.015383377
177,0.28477144,0.46127895,0.043260455,0.014116777,0.1504809,0.00039084975,0.027506122,0.018194517
178,0.33072352,0.44434324,0.03395274,0.016164368,0.15009722,0.0007137477,0.0113756,0.012629575
179,0.31537396,0.4160704,0.026260257,0.058195475,0.15328799,0.002762034,0.01618532,0.011864482
180,0.23529585,0.6549716,0.03405444,0.012538441,0.012704905,0.0035352819,0.046283532,0.0006160233
181,0.14923711,0.5715059,0.089405164,0.07318805,0.02837531,0.043259386,0.043164812,0.0018642956
182,0.13739401,0.8208297,0.0045389766,0.0013598126,0.00010067628,0.0038531974,0.03192141,2.1841392e-06
183,0.006726537,0.9254448,0.00022352011,0.010331867,0.00022541397,0.042082973,0.0149649605,4.4814552e-10
184,0.0006305864,0.99555,1.7352861e-06,0.002172033,9.994761e-06,0.000371667,0.0012640927,1.5982171e-13
185,0.0060639544,0.9896006,5.6165652e-05,0.0025146855,0.00011854076,0.00062307157,0.001023076,4.552348e-10
186,0.007527821,0.63525814,0.0017644139,0.029707478,0.32207483,0.0023743394,0.001292972,3.874353e-10
187,0.064731956,0.7582112,0.0345061,0.11149664,0.015712505,0.007738757,0.0074949972,0.00010780727
188,0.034414683,0.9183091,0.002421718,0.023623893,0.0016260259,0.003180286,0.016423928,3.891277e-07
189,0.054339565,0.5216599,0.07395778,0.29357132,0.013680501,0.019405145,0.021034628,0.0023511203
190,0.18812774,0.40166926,0.06281945,0.23261976,0.08655056,0.0069009988,0.018987702,0.0023245227
191,0.091039896,0.5949133,0.016711174,0.16803636,0.115932964,0.0028009848,0.010553335,1.1995075e-05
192,0.16413,0.5246585,0.06589268,0.10945499,0.108163066,0.0029514197,0.023169568,0.0015797241
193,0.34502977,0.41334504,0.03064458,0.034922436,0.14496727,0.0015930689,0.028938666,0.0005590803
194,0.21050239,0.46452928,0.05929137,0.11049302,0.06321705,0.039245836,0.044134755,0.008586314
195,0.27284113,0.51934755,0.020220598,0.015903583,0.16091381,0.0006930073,0.009167295,0.0009130085
196,0.3306907,0.4375057,0.036024228,0.013436153,0.14623728,0.0005498102,0.027203456,0.0083527295
197,0.36353078,0.4691398,0.02786317,0.010937093,0.07838696,0.0015931037,0.038864415,0.009684661
198,0.27377036,0.3801047,0.06472728,0.07715973,0.10594122,0.020603558,0.065216154,0.012476963
199,0.17407997,0.21667933,0.10802323,0.13257599,0.12476825,0.061340857,0.14898854,0.033543836
200,0.18798764,0.007621307,0.22287492,0.105245106,0.36786294,0.0035851733,0.04869095,0.056131978
201,0.18720697,0.0023478228,0.19566591,0.0929026,0.32983392,0.006449036,0.08216672,0.10342708
202,0.18459497,0.001376424,0.21364291,0.114742935,0.35903886,0.0041146115,0.054587808,0.06790148
203,0.18717578,0.0014704785,0.19752134,0.102960154,0.36766705,0.0039849347,0.06017475,0.079045534
204,0.1803088,0.0034195872,0.20481859,0.094407044,0.3503146,0.006285096,0.074674085,0.08577222
205,0.19097866,0.0042309724,0.1895268,0.07256953,0.28755328,0.011559464,0.121936426,0.12164487
206,0.18899037,0.0017961133,0.22892636,0.101923205,0.357983,0.005153053,0.05985051,0.05537734
207,0.18989503,0.022665136,0.20431644,0.08789298,0.2917811,0.009605473,0.10686969,0.08697416
208,0.19997571,0.036230307,0.20632818,0.082233004,0.3431989,0.005673115,0.06688978,0.059470966
209,0.24084716,0.30387667,0.09781447,0.048653025,0.24117863,0.0024194585,0.041999012,0.023211595
210,0.26909247,0.34363586,0.070368595,0.04898546,0.21669783,0.0010350578,0.035871632,0.014313134
211,0.26282716,0.40240365,0.058808204,0.029090585,0.19761235,0.0005642524,0.02663031,0.022063496
212,0.3035443,0.39380792,0.0447389,0.031462748,0.18177703,0.00079283083,0.028318193,0.015558052
213,0.33551845,0.41332036,0.039311413,0.021427846,0.15068921,0.00058885076,0.029042667,0.010101208
214,0.26186132,0.44135496,0.051334653,0.08946282,0.11493791,0.005449356,0.032354236,0.003244727
215,0.14486948,0.5411791,0.056796893,0.14433807,0.06843966,0.004766049,0.038991403,0.0006192722
216,0.049292613,0.90251535,0.013593067,0.027917106,0.0040318267,0.00024640973,0.0023687836,3.486126e-05
217,0.004573014,0.9906518,2.476924e-05,0.0014448154,2.2571576e-05,0.00024123891,0.0030418457,1.2814054e-10
218,0.007910389,0.96527684,1.0803726e-05,0.00030688086,7.2124584e-07,0.0057679024,0.020726465,1.3611268e-11
219,0.029999407,0.95060056,0.00024222978,0.00081603846,2.2074759e-05,0.00079956406,0.017520107,6.04111e-09
220,0.025977625,0.9640424,0.0016722518,0.0049690604,0.00028447155,0.00055967906,0.0024945019,8.951715e-08
221,0.093143776,0.4431713,0.10566131,0.1841894,0.028288651,0.12828851,0.011043689,0.0062133516
222,0.005750166,0.8484705,0.00013990462,0.0035676935,0.13907348,0.0011789532,0.0018193668,2.9029815e-12
223,0.07866613,0.766662,0.018089056,0.110633515,0.020339867,0.0017987936,0.0037126592,9.800521e-05
224,0.07372282,0.8163634,0.008664408,0.06587992,0.0074527906,0.022537952,0.0051782094,0.00020056141
225,0.102243,0.47721612,0.104468584,0.19632171,0.06385576,0.0065054563,0.04633305,0.0030563234
226,0.093871094,0.5969283,0.089256905,0.10304107,0.027233344,0.012011971,0.076848336,0.0008089722
227,0.12996513,0.73501986,0.010336997,0.081875585,0.027217655,0.0045706625,0.010970952,4.3155356e-05
228,0.18706605,0.4312874,0.07342226,0.13904728,0.12147743,0.0047426503,0.038785387,0.004171494
229,0.21907426,0.3671136,0.07117107,0.062255017,0.22140777,0.0055636987,0.04878633,0.00462823
230,0.30467188,0.4330972,0.055937283,0.033040915,0.10991278,0.002303225,0.054550935,0.006485741
231,0.16942894,0.5111207,0.063333906,0.021129046,0.21370792,0.0009742298,0.019072598,0.0012326869
232,0.22639565,0.3817248,0.075775065,0.027808582,0.2592572,0.0014447594,0.021726957,0.005866982
233,0.28551847,0.5013009,0.038048543,0.011612637,0.114242375,0.00087420514,0.030593734,0.01780917
234,0.25483638,0.47037554,0.06088342,0.022717984,0.12117934,0.0025995956,0.04967588,0.017731845
235,0.14360574,0.029132409,0.15222521,0.143529,0.15683405,0.052871995,0.28687996,0.03492162
236,0.17782412,0.0011133528,0.19374387,0.10388571,0.36596105,0.0054071415,0.07632022,0.07574453
237,0.17578459,0.0013851636,0.17858215,0.08908408,0.3362192,0.0062123025,0.09076296,0.12196967
238,0.18172109,0.0008685655,0.17679794,0.088534236,0.34556654,0.006604554,0.082079105,0.11782788
239,0.18729846,0.00079281424,0.19129638,0.09273288,0.34143236,0.0064596836,0.08109499,0.098892376
240,0.1777108,0.001048632,0.19241469,0.09710456,0.35512465,0.0060950397,0.07062233,0.099879324
241,0.18377143,0.0011763637,0.19260773,0.08864661,0.3600931,0.0058977823,0.078574575,0.08923238
242,0.1869435,0.004608656,0.19658986,0.09628424,0.2851461,0.011202019,0.1131742,0.10605141
243,0.18812932,0.0021120065,0.20512679,0.09058737,0.35315275,0.007012505,0.080686636,0.073192626
244,0.21174057,0.1696687,0.15039723,0.039429992,0.27514708,0.0047181915,0.068691015,0.0802072
245,0.28792903,0.4735601,0.054502513,0.011207881,0.0974148,0.0019180488,0.055024147,0.018443506
246,0.29384327,0.4944816,0.047685105,0.012894487,0.085921176,0.0010735232,0.04745916,0.016641634
247,0.2925223,0.45619798,0.04964606,0.016495313,0.082166836,0.005229897,0.08203749,0.015704108
248,0.27414778,0.6504024,0.017848684,0.004773588,0.007020512,0.0017401983,0.043283764,0.00078305573
249,0.1751469,0.55721366,0.07346523,0.07792733,0.09654043,0.0015147706,0.013589127,0.004602561
250,0.205043,0.5095579,0.06906774,0.070880294,0.090548754,0.004937592,0.045408733,0.0045559998
251,0.23270719,0.64837795,0.030748835,0.015318858,0.023596881,0.0013428202,0.047748566,0.0001589045
252,0.041329004,0.93356854,5.054852e-05,0.00014402576,2.1694354e-06,0.00018033288,0.024725419,8.60774e-11
253,0.038198117,0.9176369,0.00023821185,0.00054682436,4.767257e-05,0.0007647992,0.042567488,3.4294325e-09
254,0.07941445,0.8153896,0.022334062,0.06814401,0.0080950605,0.0019834675,0.0044367453,0.00020256234
255,0.012316484,0.40762705,0.0001513312,0.005507742,0.00035821027,0.5680814,0.0059578307,1.6383154e-09
256,0.12589896,0.698851,0.0328481,0.089409195,0.043207463,0.0067762984,0.0026986483,0.00031030024
257,0.09035376,0.80910414,0.01089849,0.06616639,0.01573245,0.0046462948,0.0029722943,0.00012617222
258,0.0047994675,0.7644547,0.00025342547,0.021277063,0.15181655,0.056495115,0.0009036945,3.6688406e-11
259,0.14030391,0.50680476,0.05996113,0.14948572,0.054803994,0.03088679,0.053789612,0.0039640665
260,0.13354953,0.7025262,0.016567158,0.068375975,0.070323616,0.0010805469,0.00751508,6.1915045e-05
261,0.2072561,0.46792927,0.04216767,0.11103572,0.056152835,0.07243903,0.033536043,0.00948326
262,0.115033366,0.5765011,0.037187446,0.1964151,0.031700004,0.02493486,0.017072132,0.0011559267
263,0.15987591,0.74500114,0.014774501,0.04247176,0.012392231,0.004746491,0.02067605,6.1956496e-05
264,0.20203051,0.43271992,0.06682627,0.07786577,0.065984115,0.041788995,0.10455181,0.0082326485
265,0.0938104,0.6440194,0.026376806,0.0033350748,0.23102409,0.00036159187,0.001067009,5.57496e-06
266,0.29572207,0.40540528,0.05444275,0.031852085,0.16603129,0.00082194945,0.030143656,0.015580902
267,0.24913505,0.45575827,0.04998004,0.023973964,0.18521588,0.0005925024,0.023899985,0.011444309
268,0.22784492,0.36031806,0.07047389,0.052136797,0.2478256,0.0011491386,0.024362443,0.015889123
269,0.2703155,0.42416668,0.06324773,0.020124212,0.16693039,0.0007573624,0.032845538,0.021612551
270,0.318691,0.47234496,0.041682214,0.008554152,0.099553235,0.00074116053,0.038543247,0.01988999
271,0.16234007,0.05181738,0.14108054,0.16668282,0.17821813,0.041092534,0.18987396,0.06889457
272,0.17728907,0.002866632,0.18772559,0.102471866,0.33428544,0.008302829,0.10304646,0.0840121
273,0.1853073,0.0033712622,0.19200647,0.09664055,0.31739238,0.009983018,0.11863297,0.07666606
274,0.18618532,0.0013923469,0.1989434,0.09738595,0.34759173,0.006112056,0.079860464,0.082528725
275,0.19441222,0.0050059976,0.19585635,0.0948267,0.30851158,0.010537344,0.10509034,0.08575951
276,0.18302706,0.00087101787,0.19490942,0.094738476,0.34561953,0.0076289955,0.07973441,0.09347111
277,0.18743818,0.0034147813,0.21730486,0.089641824,0.37362233,0.004898719,0.05773961,0.06593967
278,0.18829626,0.0063231317,0.19318435,0.09504355,0.28065282,0.01117511,0.11782227,0.107502535
279,0.18830644,0.0037370478,0.20614111,0.10059103,0.36402076,0.0055470695,0.0631591,0.06849744
280,0.2165249,0.23125571,0.13811503,0.042485293,0.21897493,0.00503944,0.084384315,0.063220344
281,0.27654594,0.45657364,0.06329318,0.01759774,0.1178875,0.0015437994,0.047394954,0.019163275
282,0.23276487,0.45669216,0.0597579,0.025130566,0.1848688,0.00049109873,0.025261791,0.015032887
283,0.19985601,0.109220095,0.11803716,0.059259646,0.036877204,0.2793864,0.17804505,0.019318463
284,0.19076318,0.07198795,0.1466076,0.09046464,0.058643244,0.20158267,0.21754867,0.022402098
285,0.12723272,0.43093944,0.094330885,0.1750426,0.08149778,0.012051552,0.07266155,0.006243452
286,0.15035248,0.42341274,0.075647525,0.16752793,0.06037135,0.07721533,0.03726133,0.008211336
287,0.17425743,0.28736073,0.12836026,0.1566853,0.14760843,0.024470454,0.06979567,0.011461739
288,0.119947925,0.7267318,0.02528157,0.026759341,0.005958449,0.0064609093,0.08883913,2.0919048e-05
289,0.054988176,0.8327177,0.0016799254,0.0033478139,2.8632063e-05,0.0590135,0.048222344,1.8576502e-06
290,0.02432327,0.9514424,0.0010270743,0.016072141,0.0007156322,0.0019591972,0.004460056,2.9813248e-07
291,0.10879979,0.7723319,0.03959933,0.051508997,0.0142802335,0.0016178007,0.011581311,0.00028070665
292,0.04116202,0.8777408,0.0015392426,0.020704161,0.0016509888,0.05386474,0.0033346587,3.3962847e-06
293,0.13885078,0.61969966,0.053174034,0.09006513,0.07010552,0.0010968051,0.026223598,0.0007845071
294,0.10085214,0.797779,0.015604239,0.057825226,0.011662684,0.001621665,0.014606309,4.870863e-05
295,0.017585035,0.71165746,0.0011836123,0.030990656,0.029377157,0.19328907,0.015917,4.7620317e-09
296,0.021884039,0.8557934,0.004668652,0.016022788,7.372326e-05,0.08102424,0.020530045,3.0660224e-06
297,0.16079862,0.67718965,0.007607236,0.06278714,0.011480661,0.07439699,0.0049768356,0.0007628353
298,0.29551986,0.5882784,0.008046107,0.014940856,0.078015864,0.00030857208,0.006995203,0.007895121
299,0.12117159,0.58000124,0.058487453,0.12052763,0.025323305,0.012861484,0.080332726,0.0012946433
300,0.17919557,0.6630646,0.029085444,0.056693714,0.039935634,0.007820896,0.024070924,0.000133196
301,0.118309975,0.39907086,0.08594809,0.26020375,0.07757599,0.005135102,0.05025005,0.0035061406
302,0.30590293,0.50348955,0.02537437,0.0087984605,0.13487096,0.00036691845,0.016099285,0.005097533
303,0.23530632,0.39466098,0.066072196,0.046234336,0.21176669,0.00076810556,0.028093478,0.017097885
304,0.30568537,0.49970323,0.050323125,0.0062215934,0.07742171,0.0015693074,0.04607842,0.012997214
305,0.2205463,0.28341994,0.10719389,0.05668326,0.24878347,0.002319348,0.047655646,0.033398196
306,0.21839383,0.2643965,0.1104685,0.057924822,0.26098904,0.0021141127,0.044966005,0.040747188
307,0.25228542,0.41654232,0.07281686,0.0257751,0.1502204,0.0012427076,0.048064906,0.033052333
308,0.17348257,0.05168649,0.17046487,0.13160343,0.28675085,0.010449577,0.12034788,0.05521436
309,0.18761605,0.00035054784,0.17888482,0.09284837,0.3477555,0.007911038,0.0973451,0.08728861
310,0.18872891,0.00021011487,0.19399102,0.11376709,0.38247877,0.0034730688,0.0510964,0.066254705
311,0.18628111,0.00027897477,0.18860522,0.10438029,0.36963892,0.006027752,0.07096355,0.073824175
312,0.18294668,0.0010895877,0.19725451,0.095070556,0.37257594,0.005610991,0.06865944,0.07679227
313,0.1816693,0.0020150729,0.19072771,0.085877895,0.33948043,0.0068917363,0.081882656,0.111455224
314,0.18072578,0.0009993179,0.19619533,0.09100095,0.37321863,0.0047098375,0.06171856,0.09143163
315,0.19104092,0.0018627014,0.20742226,0.086370096,0.35767758,0.0066998894,0.070243336,0.07868323
316,0.18878368,0.002807712,0.21091932,0.090738244,0.37113577,0.0049690614,0.0731335,0.0575127
317,0.20660931,0.18146367,0.14310537,0.06356189,0.29305938,0.0036287184,0.05434567,0.054226
318,0.20366088,0.30348775,0.11593064,0.040924586,0.25912508,0.0018476953,0.045406535,0.029616786
319,0.2533402,0.4890827,0.0469849,0.01981771,0.14691882,0.00064881117,0.030737247,0.012469546
320,0.27873763,0.35602596,0.07975366,0.04477534,0.16338213,0.01011614,0.04649233,0.020716866
321,0.2195633,0.29090613,0.08004542,0.109208606,0.23368712,0.0028468412,0.043863986,0.01987859
322,0.13668297,0.5356034,0.09434046,0.10613744,0.08585374,0.0041377223,0.035725795,0.0015184521
323,0.1765312,0.5531241,0.05853337,0.055302024,0.013404249,0.060147196,0.08029981,0.0026580591
324,0.09607377,0.68381846,0.045844782,0.038809754,0.0018753617,0.0637617,0.069619656,0.0001964491
325,0.038612586,0.9247512,0.00022276903,0.00036946294,2.0599737e-06,0.010260426,0.025781572,8.24659e-09
326,0.078529164,0.7748618,0.002432725,0.002184717,2.5684301e-05,0.004335524,0.13762951,7.8671076e-07
327,0.0013294552,0.9962857,2.8381414e-06,0.0010270495,1.605e-06,0.00090694736,0.0004463857,7.967906e-12
328,0.11965875,0.48528603,0.06052495,0.12621799,0.04126689,0.079426415,0.0836049,0.0040141037
329,0.11369909,0.6689286,0.0246091,0.12982646,0.04556361,0.0009156388,0.01617172,0.0002857735
330,0.059479225,0.6943161,0.02341867,0.17243306,0.033558365,0.0025282616,0.014176797,8.9485366e-05
331,0.1611925,0.6569681,0.024660653,0.042272374,0.008275289,0.079207525,0.026872244,0.00055125955
332,0.18715647,0.5994362,0.036054965,0.070151016,0.027789531,0.041572858,0.035290275,0.002548684
333,0.2299965,0.61146265,0.004156443,0.0062755113,0.004146551,0.13819668,0.0057624592,3.2509688e-06
334,0.07061231,0.7496886,0.022692252,0.13215283,0.016032636,0.0019657274,0.0068092025,4.6363977e-05
335,0.099192224,0.44628742,0.051381215,0.09818135,0.011889934,0.26705173,0.023587639,0.0024284297
336,0.22146048,0.48743817,0.031728517,0.06579495,0.1691018,0.00084289035,0.0212264,0.002406773
337,0.13339378,0.58238184,0.059870843,0.07723541,0.018302467,0.036507893,0.08952615,0.0027816277
338,0.13454278,0.62704,0.017706228,0.14622656,0.058685176,0.005735255,0.009828895,0.00023510173
339,0.2678923,0.5005722,0.030123875,0.062156342,0.10594089,0.0012128951,0.030516585,0.0015847996
340,0.3209065,0.42971906,0.04036294,0.014843746,0.14535372,0.0006078444,0.031501602,0.016704598
341,0.2543173,0.44104385,0.06921607,0.026324436,0.14734545,0.0008955393,0.040977415,0.019879919
342,0.25373468,0.44999054,0.0799998,0.017441217,0.13533112,0.0016895141,0.049341794,0.012471329
343,0.20428617,0.14132221,0.16042508,0.063302845,0.3113019,0.0036952302,0.048686948,0.06697964
344,0.1905043,0.14937395,0.1670396,0.0715602,0.30774605,0.002905479,0.04698974,0.063880645
345,0.18339235,0.065654635,0.19913587,0.102694534,0.32625613,0.005668628,0.06955779,0.047640044
346,0.17878754,0.005528041,0.21741907,0.10829796,0.35752693,0.00573119,0.06851344,0.05819592
347,0.18981726,0.0016593526,0.20094663,0.09715664,0.36464703,0.0067409067,0.071430184,0.06760199
348,0.18610956,0.00030400502,0.18872228,0.102142766,0.33725807,0.009604997,0.09150633,0.08435204
349,0.18406118,0.0007191813,0.19821163,0.109581284,0.37379035,0.0047633485,0.06225678,0.06661624
350,0.17860551,0.0008897571,0.18188575,0.08558716,0.34791914,0.007863232,0.099277474,0.09797202
351,0.17753784,0.0013847086,0.18589132,0.09132872,0.34539157,0.0074216938,0.09269948,0.09834467
352,0.19228224,0.004944685,0.21591447,0.087081365,0.32166478,0.008838044,0.08948389,0.07979052
353,0.1808205,0.007566272,0.21366051,0.096753694,0.36154696,0.0050236755,0.06514558,0.069482796
354,0.19805004,0.12017821,0.15218975,0.06845956,0.29513457,0.005319304,0.07234766,0.08832086
355,0.2419835,0.34359765,0.06961447,0.037917774,0.23313263,0.001189534,0.041422408,0.031142004
356,0.25922534,0.41302302,0.064369,0.022335924,0.17243943,0.0016498877,0.042804815,0.024152588
357,0.23375686,0.39057735,0.07353429,0.041943606,0.20444785,0.0008072585,0.03796773,0.016965073
358,0.27520895,0.43353432,0.04657271,0.022825327,0.17177367,0.0007432447,0.030291717,0.019050077
359,0.2992466,0.41679603,0.04548366,0.030271955,0.16046987,0.00097159116,0.03301984,0.013740425
360,0.26564547,0.35860497,0.03652171,0.106167346,0.20006855,0.0017264441,0.021915957,0.009349531
361,0.1910005,0.5698048,0.059374806,0.061589282,0.075539894,0.0022281087,0.03950349,0.00095915596
362,0.16691124,0.6135832,0.051931147,0.06211003,0.019555813,0.0051974147,0.080537505,0.00017369706
363,0.17970094,0.7477331,0.0039636362,0.0012568219,6.732217e-05,0.007761174,0.05951159,5.3355766e-06
364,0.009938222,0.94402504,0.000565209,0.042896166,0.0005894333,0.00033044192,0.0016551872,3.1580097e-07
365,0.04627207,0.9133589,0.0012931993,0.0037949248,6.6825e-05,0.002307702,0.032905973,3.76284e-07
366,0.06990968,0.7616096,0.022681434,0.109498076,0.012007177,0.015657732,0.007884148,0.00075213646
367,0.026327971,0.4630909,0.018168705,0.14911151,0.0016814263,0.31854224,0.022900658,0.00017659485
368,0.11302355,0.75557935,0.02528921,0.071792066,0.01614019,0.0021112969,0.015823366,0.00024099488
369,0.16533336,0.63146347,0.03398726,0.07779907,0.056228686,0.0034540442,0.031380903,0.00035317292
370,0.16261701,0.5681211,0.040446777,0.11463687,0.07321727,0.002719185,0.037816655,0.00042516072
371,0.2353632,0.51792175,0.03955146,0.08320936,0.07539566,0.0076610884,0.038072657,0.0028248145
372,0.08531732,0.8041631,0.001867612,0.052095946,0.01391846,0.038903404,0.0036739209,6.025051e-05
373,0.20149691,0.46333498,0.05046444,0.07891886,0.030960245,0.11222822,0.05492314,0.0076732123
374,0.16514865,0.5821827,0.029833952,0.03571499,0.059771005,0.11568631,0.010413189,0.0012492245
375,0.246079,0.40787286,0.05918248,0.06718241,0.16946195,0.0011507395,0.032612953,0.01645757
376,0.1333822,0.670911,0.04790139,0.061575867,0.019239385,0.0046194554,0.06189795,0.00047272647
377,0.17773953,0.3310187,0.07127177,0.07780815,0.025757087,0.13879716,0.16624202,0.01136561
378,0.20021719,0.41634312,0.066679396,0.11333175,0.14633481,0.0043477206,0.04029689,0.012449157
379,0.3016809,0.5117355,0.028819796,0.008494948,0.10726673,0.0004621368,0.02680467,0.014735391
380,0.21179996,0.23635492,0.147634,0.06645918,0.23874958,0.0048240437,0.05694156,0.037236683
381,0.2173654,0.26098174,0.101392455,0.08190682,0.26697427,0.0031637682,0.04034159,0.027873956
382,0.19492246,0.020818872,0.21144333,0.086701274,0.35345733,0.0056818044,0.07177297,0.055201974
383,0.19920582,0.015730774,0.22856814,0.09200354,0.32635543,0.007282311,0.06710277,0.06375128
384,0.18341959,0.0064077587,0.23126069,0.11675161,0.35893512,0.003997312,0.052191537,0.047036417
385,0.17220423,0.0027674816,0.22318426,0.13875413,0.3472425,0.003360417,0.04772592,0.06476102
386,0.19104302,0.0015368699,0.20746855,0.09689555,0.3799913,0.0048833336,0.057007436,0.061173923
387,0.18780215,0.00095095974,0.20180984,0.108742185,0.35947534,0.0058141,0.07576525,0.059640177
388,0.19581333,0.0006490202,0.20368414,0.09463092,0.35309127,0.008466452,0.079991534,0.06367344
389,0.18192202,0.0009608952,0.17601316,0.092506066,0.33887264,0.0074941977,0.094014786,0.10821623
390,0.18445615,0.0014891749,0.18556866,0.0879213,0.3523743,0.0056873267,0.07243785,0.11006521
391,0.18921718,0.008125004,0.22384335,0.11518763,0.35515782,0.004594144,0.053835582,0.050039284
392,0.17866765,0.0028038549,0.19095998,0.10063628,0.32021737,0.009864256,0.109035894,0.0878147
393,0.21198119,0.29533336,0.14888386,0.02358413,0.17397992,0.008090053,0.09360115,0.044546317
394,0.2722155,0.41332784,0.08066355,0.021822564,0.12860127,0.0027112686,0.061970804,0.018687297
395,0.29003987,0.519989,0.031499185,0.010174227,0.10241328,0.00053801795,0.028186353,0.017160097
396,0.32005286,0.43571606,0.039949525,0.039498124,0.118323654,0.00288598,0.035496738,0.008077051
397,0.32676297,0.4822069,0.024246618,0.036844138,0.096609324,0.0013359674,0.02773615,0.004257954
398,0.2621644,0.4666753,0.0460201,0.07463291,0.06926711,0.034218654,0.040860113,0.0061613857
399,0.17429677,0.4986801,0.050693147,0.14966716,0.05400062,0.0297457,0.038711343,0.004205114
400,0.12644385,0.6938221,0.04103352,0.06898462,0.0171686,0.0042417594,0.04805374,0.00025178588
401,0.14425111,0.723193,0.02567634,0.046428803,0.01085068,0.0018893436,0.047695316,1.5394056e-05
402,0.060101893,0.8298623,0.0025808294,0.0031590983,1.676059e-05,0.0032655667,0.10101237,1.1614082e-06
403,0.08592333,0.8227751,0.0060219606,0.0039779954,4.770867e-05,0.0036301771,0.07762236,1.3511234e-06
404,0.056135707,0.677154,0.03913733,0.16184372,0.013956443,0.041733567,0.008966129,0.0010731224
405,0.15952283,0.57796735,0.04731298,0.09511508,0.037856583,0.064292625,0.014741179,0.0031912907
406,0.011047812,0.9358207,0.00050837226,0.043209594,0.0006276409,0.008270147,0.0005153076,3.8367548e-07
407,0.09391892,0.4302216,0.08594631,0.24728557,0.05316601,0.054836787,0.029547926,0.0050768536
408,0.1516875,0.7805056,0.0106675085,0.019089095,0.008758102,0.0010566897,0.028221888,1.3605263e-05
409,0.23381677,0.50943977,0.04240272,0.06848347,0.09011896,0.0028940602,0.048940912,0.0039032677
410,0.24487308,0.4918939,0.059666403,0.056007583,0.082425684,0.0057035196,0.052212153,0.00721769
411,0.27126503,0.63427025,0.023456568,0.009502098,0.024500297,0.006234031,0.014515781,0.016255945
412,0.34150136,0.5052222,0.025346057,0.020880183,0.05311778,0.0062507316,0.04242603,0.0052556195
413,0.1895935,0.6594652,0.023109391,0.01355239,0.10019592,0.0038021186,0.0076864664,0.0025949632
414,0.22625083,0.50647557,0.05211148,0.025247458,0.15170178,0.0007295255,0.028577013,0.008906376
415,0.24167475,0.370343,0.057415687,0.103268124,0.074976765,0.10256984,0.036932565,0.012819291
416,0.17806183,0.11459265,0.103053235,0.07232742,0.029338628,0.2550666,0.22615469,0.021404946
417,0.27846226,0.42338872,0.06154661,0.052257124,0.12503608,0.0035804792,0.04285447,0.012874258
418,0.24564178,0.34910345,0.07271039,0.034009367,0.24291444,0.0012640606,0.027554588,0.02680193
419,0.18351099,0.1747934,0.15731457,0.07862958,0.3070129,0.0030810023,0.059620406,0.03603713
420,0.18508437,0.009766634,0.20380795,0.11318103,0.34180337,0.0060942816,0.08811459,0.052147772
421,0.18718193,0.004398145,0.2218137,0.110902764,0.36286715,0.003959121,0.05979785,0.049079347
422,0.18941574,0.0050283945,0.22103256,0.107188776,0.36327577,0.0046570497,0.05918022,0.050221507
423,0.17704023,0.007305049,0.1885967,0.09855631,0.31715217,0.0072049918,0.09025222,0.11389229
424,0.18118596,0.0029531878,0.1906241,0.1047559,0.34575152,0.007581369,0.08267903,0.084468976
425,0.20195471,0.0019723403,0.20278381,0.096849404,0.32077634,0.010664113,0.0938024,0.07119693
426,0.18841538,0.0010352049,0.19583876,0.10081206,0.35340002,0.007763433,0.084885865,0.06784925
427,0.18853037,0.001116188,0.20585236,0.09643326,0.3739445,0.0057783457,0.05751543,0.07082951
428,0.18596032,0.0029632295,0.19032292,0.089238174,0.27995026,0.010832714,0.12240068,0.1183317
429,0.18428388,0.0012069958,0.20744938,0.10014372,0.35857913,0.0051279343,0.075158395,0.06805062
430,0.17895062,0.0024290981,0.20973691,0.10079977,0.3666947,0.0054958677,0.07512549,0.060767528
431,0.17257752,0.00096159737,0.18847705,0.08587316,0.37438923,0.0056721056,0.08529999,0.08674934
432,0.24111876,0.29975727,0.079243094,0.037452303,0.2551884,0.0015477937,0.04160862,0.044083726
433,0.21148314,0.33441895,0.082103476,0.046520915,0.25844866,0.0016391604,0.035662033,0.029723654
434,0.32572713,0.4582018,0.04533575,0.009786505,0.10008234,0.0017410204,0.0451979,0.01392753
435,0.30318192,0.5937241,0.024489257,0.0074103847,0.021539502,0.0014570854,0.0464749,0.0017228889
436,0.15015233,0.34141776,0.10759286,0.09853309,0.073727146,0.045930844,0.17017846,0.012467451
437,0.16338837,0.5594058,0.06352886,0.031760618,0.007829371,0.08129925,0.090991385,0.0017962914
438,0.0909198,0.49497873,0.09374159,0.22641672,0.056023784,0.009989721,0.025678014,0.0022516965
439,0.10505014,0.44966733,0.120799296,0.19093493,0.073161885,0.007589224,0.049068134,0.0037290528
440,0.103692174,0.8476219,0.0039522927,0.0019288403,5.066258e-05,0.0034390187,0.03931278,2.2666839e-06
441,0.0065232147,0.9744162,3.2709726e-05,0.00092851114,2.81606e-06,0.0006438582,0.017452668,5.568724e-10
442,0.09629593,0.7024735,0.048370328,0.07539722,0.005578106,0.025662139,0.046106953,0.000115818046
443,0.05585557,0.65228736,0.057014134,0.19789058,0.01406937,0.0077518183,0.014786049,0.00034510443
444,0.03678013,0.7176678,0.009246738,0.06268347,0.0011047106,0.16444889,0.007830098,0.00023812876
445,0.13881715,0.7843403,0.0068309377,0.009735898,0.00074610487,0.03241758,0.027081367,3.0780287e-05
446,0.036639117,0.8746897,0.0022733484,0.047886245,0.0025936705,0.030707417,0.005207895,2.5723755e-06
447,0.1443259,0.7231274,0.03058089,0.040647466,0.008298191,0.008008814,0.044755675,0.00025567424
448,0.14584471,0.5349854,0.043790266,0.16280232,0.047693,0.01618794,0.046134386,0.002561955
449,0.26263353,0.47110364,0.039404575,0.039636005,0.1490458,0.0008750448,0.026121141,0.011180252
450,0.2269692,0.41547805,0.06734254,0.049483493,0.19002809,0.0022436546,0.036722794,0.011732158
451,0.2505966,0.46521443,0.05338449,0.018446837,0.1611363,0.0005112779,0.028331734,0.022378268
452,0.2553208,0.4321884,0.0710842,0.02775473,0.15610847,0.00093405915,0.04046477,0.016144507
453,0.24705054,0.48277095,0.04008616,0.020608619,0.16983856,0.00037541025,0.019138185,0.020131586
454,0.25759605,0.4783807,0.059556447,0.015129228,0.11464646,0.0008249927,0.05285005,0.021016045
455,0.2683351,0.44981396,0.06836927,0.02670993,0.11042613,0.0025284563,0.056922577,0.016894514
456,0.31084478,0.46787867,0.040708225,0.021450048,0.016572777,0.028259952,0.109964214,0.004321311
457,0.1638093,0.14623834,0.115926154,0.15450944,0.089635536,0.15996854,0.11031524,0.059597474
458,0.19352767,0.11257815,0.1796217,0.08992642,0.2901966,0.006231823,0.06977768,0.05813997
459,0.18551145,0.008207649,0.21579447,0.10287214,0.3516132,0.0054835607,0.05974826,0.07076925
460,0.17522058,0.0023900135,0.18819854,0.11050647,0.3504976,0.0063383654,0.090122156,0.07672631
461,0.18581213,0.003869158,0.19854109,0.09175365,0.32851514,0.007386356,0.09843766,0.0856848
462,0.1828631,0.001211482,0.20738374,0.10605048,0.37616098,0.004004426,0.0560662,0.06625962
463,0.17094919,0.010271791,0.17066127,0.106723376,0.2782486,0.010914422,0.12302268,0.12920868
464,0.1890924,0.0017714092,0.18731801,0.09832929,0.33600113,0.008809684,0.0976952,0.080982886
465,0.18756063,0.0012882464,0.19383119,0.09453447,0.36827067,0.0066877166,0.07235223,0.07547486
466,0.1855972,0.0016398414,0.19947286,0.10820643,0.3640283,0.005219919,0.068784475,0.0670509
467,0.18545242,0.0010585398,0.208485,0.11208204,0.3619418,0.0051972936,0.06901179,0.056771055
468,0.17488234,0.0008004229,0.19762492,0.10149365,0.37455684,0.0044325325,0.06874765,0.07746168
469,0.18930987,0.0014374164,0.21299762,0.11174798,0.3799306,0.0037466218,0.04414978,0.056680124
470,0.18666406,0.0131872585,0.21062104,0.09350651,0.34305012,0.0062625967,0.0796339,0.06707458
471,0.18728594,0.03216486,0.18092322,0.079967186,0.3500194,0.0050140372,0.08129913,0.08332626
472,0.18355045,0.30644062,0.1153321,0.04212861,0.2766419,0.0017066444,0.04489202,0.02930768
473,0.20456368,0.2579407,0.11016565,0.06940217,0.28903452,0.0020723888,0.036241855,0.030579064
474,0.23581728,0.40558103,0.06814539,0.03422871,0.20344749,0.00095452886,0.03317527,0.018650237
475,0.3514428,0.4301592,0.029912757,0.026368396,0.12284562,0.00081946194,0.02798189,0.010469836
476,0.21041682,0.45244583,0.05275244,0.10233186,0.05112428,0.10050264,0.020611499,0.009814671
477,0.16405934,0.56575495,0.053214867,0.10941974,0.05537583,0.0066459975,0.044246748,0.0012824538
478,0.1505939,0.5164995,0.077325545,0.08602547,0.024472823,0.07614873,0.06420228,0.004731694
479,0.093390666,0.6998982,0.06287146,0.09372278,0.011256797,0.0086645475,0.030021932,0.0001737242
480,0.04481668,0.9294971,0.0010417992,0.0015827579,5.5913693e-05,0.00072218763,0.02228347,8.383494e-08
481,0.03846997,0.9233386,0.0015477027,0.012795509,0.0002476605,0.021722397,0.0018742657,3.960211e-06
482,0.12807538,0.40029415,0.06640292,0.12593526,0.008995339,0.22723123,0.03310137,0.009964304
483,0.13697875,0.65408653,0.030019464,0.05731787,0.004992602,0.09971768,0.0140909655,0.0027961934
484,0.06764506,0.8332034,0.002914819,0.07622761,0.0072812443,0.011165993,0.0015107896,5.1123287e-05
485,0.10282823,0.663405,0.019924121,0.1443731,0.03578145,0.029180886,0.003939893,0.00056723977
486,0.033530094,0.8293205,0.0019310628,0.052438863,0.02889357,0.052399877,0.0014856951,3.1176185e-07
487,0.1480248,0.8136023,0.0053640776,0.014757391,0.0064710304,0.00077485427,0.010931116,7.4309566e-05
488,0.17038375,0.35759053,0.0929309,0.0902985,0.09716719,0.020122144,0.16647458,0.005032334
489,0.29915264,0.47299784,0.02192743,0.04216234,0.13377573,0.0006173425,0.022422396,0.0069442005
490,0.21226446,0.3840896,0.08218883,0.059322704,0.20775774,0.0015628332,0.034699846,0.01811394
491,0.22339205,0.37307805,0.08898378,0.0383495,0.20756173,0.0019662306,0.040480807,0.026187768
492,0.24798036,0.55874914,0.038095076,0.016251624,0.09298382,0.000717781,0.033553652,0.01166849
493,0.20358002,0.40301543,0.080034696,0.0321662,0.2231396,0.0009901066,0.029551841,0.02752213
494,0.25193623,0.46915963,0.046025377,0.023836998,0.16148786,0.00063863635,0.021901486,0.025013855
495,0.26140863,0.44520825,0.07394019,0.02369787,0.12993938,0.0027754358,0.0463499,0.016680362
496,0.18166476,0.17087151,0.11647526,0.15709427,0.18383496,0.015836261,0.11738775,0.056835283
497,0.1451428,0.13433161,0.14766212,0.19634198,0.1599371,0.020375146,0.13357092,0.06263829
498,0.19165933,0.0021710326,0.2223104,0.09831561,0.37401998,0.00440575,0.0486425,0.058475364
499,0.18523306,0.00064174744,0.20823118,0.12229895,0.36988983,0.0035207672,0.06156895,0.048615493
500,0.21121153,0.0057912455,0.18200938,0.07577227,0.28403154,0.010031642,0.1422328,0.08891957
501,0.19135866,0.0012874834,0.18138066,0.08510856,0.30401042,0.008910773,0.09728696,0.13065644
502,0.1746194,0.0010834188,0.17615843,0.091400266,0.35017234,0.0059232125,0.078244515,0.12239839
503,0.18278317,0.00083402556,0.17227148,0.08627016,0.37317985,0.005240642,0.07343253,0.10598818
504,0.18880408,0.00074049574,0.195342,0.09872027,0.38259462,0.0045886487,0.05598673,0.07322315
505,0.18209885,0.00038145058,0.18926924,0.09498589,0.3896313,0.0040666945,0.056883637,0.08268291
506,0.19162044,0.0013029412,0.19450302,0.094238184,0.3152306,0.0097422255,0.107926965,0.08543555
507,0.19071656,0.004201108,0.19052579,0.089278996,0.28349626,0.011421312,0.12953144,0.1008285
508,0.19520897,0.0025755137,0.18250862,0.0668119,0.2755731,0.011664688,0.1458918,0.11976548
509,0.18487066,0.0019645982,0.21373223,0.09580647,0.3802982,0.004433846,0.05994058,0.058953483
510,0.18474932,0.0017096723,0.2135807,0.09186865,0.36851346,0.0057183933,0.0729272,0.060932644
511,0.20040275,0.19837436,0.14027047,0.04949008,0.26744512,0.0039972076,0.07678847,0.06323158
512,0.2639741,0.4913785,0.050767615,0.0136167025,0.12181988,0.00091484055,0.037691154,0.019837143
513,0.28368318,0.45948252,0.05551446,0.014769161,0.12741734,0.00090317975,0.0375977,0.020632466
514,0.24166812,0.42168367,0.078357235,0.024446344,0.16642597,0.0012794342,0.04793469,0.018204592
515,0.24743761,0.39438602,0.07009059,0.035994977,0.19466275,0.0013311974,0.04121731,0.0148795545
516,0.16654612,0.59348094,0.034361456,0.10878468,0.055349298,0.0020222093,0.03841149,0.0010437166
517,0.1255611,0.38937652,0.11249297,0.15730976,0.063316956,0.064162515,0.07917205,0.008608125
518,0.12486074,0.72241014,0.035277143,0.039561387,0.0034089372,0.03876374,0.035240665,0.0004772345
519,0.036192164,0.48152074,0.08116936,0.30355695,0.006526639,0.010493172,0.08022729,0.00031368417
520,0.0033450704,0.9915698,1.40237335e-05,0.00043122732,5.073197e-06,0.00023188833,0.0044028545,8.098391e-12
521,0.014962439,0.93448216,0.000112752874,0.0014098638,9.383283e-07,0.028569885,0.020462044,7.1715487e-09
522,0.10882581,0.6498475,0.046722464,0.078434676,0.0045680334,0.026152888,0.08343534,0.0020133373
523,0.081122935,0.78472996,0.0131942555,0.101074874,0.009744831,0.006379122,0.0037000559,5.395274e-05
524,0.16363285,0.49025396,0.0679268,0.13552956,0.10480997,0.007346011,0.025200604,0.0053002504
525,0.1703852,0.67936826,0.013888094,0.062528424,0.055859856,0.0026539383,0.015286021,3.0238625e-05
526,0.16074517,0.49716386,0.046704058,0.14399013,0.058035042,0.048039082,0.040345445,0.0049772044
527,0.028092457,0.6153952,0.0021874474,0.039529305,0.09557689,0.20842335,0.010795325,6.139482e-09
528,0.282181,0.45437157,0.03752628,0.054414432,0.13227075,0.0014344968,0.027169358,0.010632154
529,0.2749909,0.43636358,0.05050146,0.061909657,0.09177795,0.005032125,0.07438322,0.0050410535
530,0.256555,0.38927102,0.063916676,0.06855447,0.14473446,0.0039451835,0.06661016,0.0064130337
531,0.19944093,0.37785125,0.09101875,0.04452149,0.22672316,0.0011864416,0.029119236,0.030138731
532,0.20061685,0.42534694,0.07260766,0.035801917,0.20754485,0.00074196846,0.027721787,0.029617997
533,0.2362968,0.48838672,0.070649065,0.016527457,0.112602174,0.0013310746,0.055299904,0.018906826
534,0.25098458,0.36151302,0.099940374,0.031628717,0.16201556,0.0033264102,0.06928489,0.021306392
535,0.19916165,0.22407718,0.13342014,0.08223613,0.26730803,0.0032638686,0.043488234,0.047044776
536,0.1982857,0.20692663,0.13183177,0.051322166,0.2529025,0.00518102,0.07413422,0.079415955
537,0.17037506,0.016252022,0.1601632,0.12306255,0.23610449,0.016029457,0.1337186,0.14429455
538,0.16430643,0.0251133,0.16529645,0.17644568,0.25750002,0.007964206,0.087205045,0.11616885
539,0.18255736,0.00073723454,0.20746033,0.11098544,0.3802859,0.0035928856,0.05864101,0.05573987
540,0.18629198,0.0009834325,0.19207254,0.12671852,0.35930032,0.0032188098,0.06077877,0.07063565
541,0.18712276,0.0037602957,0.19368944,0.098969236,0.32915613,0.007666094,0.08593503,0.09370103
542,0.1957532,0.0027132982,0.18272132,0.09079045,0.28245196,0.01138626,0.10785901,0.12632452
543,0.19290397,0.0011020812,0.19748458,0.095836386,0.3839224,0.004759167,0.05771305,0.06627842
544,0.18434522,0.0004643102,0.1873148,0.10101218,0.38046625,0.005082804,0.060929384,0.08038508
545,0.18773276,0.0011790955,0.19232585,0.09894123,0.366998,0.00695865,0.06968089,0.07618354
546,0.18936516,0.0013745504,0.19199814,0.09128883,0.34373462,0.009088055,0.08673277,0.086417936
547,0.18384981,0.0015257158,0.18735936,0.10205341,0.36355934,0.005907614,0.071134135,0.084610544
548,0.17503506,0.002319924,0.17527394,0.092906624,0.31343114,0.008351439,0.10604896,0.12663296
549,0.1810812,0.002964315,0.18001752,0.08727823,0.32525188,0.005699155,0.09163339,0.12607424
550,0.18564631,0.0017248469,0.21058702,0.09284577,0.36395225,0.005450505,0.070494354,0.06929894
551,0.18538362,0.013864017,0.21746305,0.10012484,0.36050698,0.004592603,0.058986425,0.05907848
552,0.1945005,0.31420064,0.113916576,0.04770368,0.26137742,0.002044953,0.0363141,0.029942185
553,0.20230633,0.22636761,0.112747386,0.07447091,0.30345637,0.0030957172,0.04021954,0.037336115
554,0.24375094,0.39384094,0.07879664,0.02808673,0.18365407,0.0011851434,0.050013453,0.02067211
555,0.2688781,0.36232325,0.058157496,0.060108613,0.20086123,0.001432705,0.0338525,0.014386096
556,0.2028091,0.52200925,0.045792524,0.10640427,0.061138,0.019664455,0.037975356,0.0042070206
557,0.15900561,0.4621412,0.056080613,0.17186683,0.050771542,0.0307527,0.0639459,0.0054355804
558,0.13727595,0.58900666,0.059811916,0.11554474,0.04408373,0.014955336,0.03796508,0.0013566164
559,0.12237227,0.32446462,0.1423715,0.23533101,0.070540376,0.055919357,0.04499357,0.0040073437
560,0.10434213,0.8239073,0.0040450455,0.0030652396,0.00012903968,0.001012067,0.06349811,1.0477974e-06
561,0.11904789,0.5942398,0.012521736,0.019693749,0.00044449867,0.027947692,0.22605716,4.7499256e-05
562,0.14426053,0.685658,0.02693673,0.07714845,0.015265627,0.024210244,0.025506558,0.0010139549
563,0.13618872,0.2710607,0.13610937,0.24919726,0.08251803,0.0844537,0.031414814,0.009057377
564,0.06571156,0.78289324,0.021862451,0.10607152,0.0070890435,0.006709301,0.0095351655,0.00012778831
565,0.24061772,0.36175758,0.060134742,0.10036258,0.17005819,0.0027486626,0.057527836,0.0067926547
566,0.13231313,0.5017807,0.057495285,0.15388374,0.052971583,0.024342557,0.07421465,0.0029983753
567,0.22930633,0.35025927,0.06677802,0.11500919,0.014791857,0.08887575,0.12998852,0.004991009
568,0.13531019,0.057065632,0.06995386,0.12341993,0.0068384055,0.41600707,0.18798137,0.0034235397
569,0.18634836,0.43065077,0.06327324,0.095511,0.16078578,0.0107442215,0.03459218,0.018094426
570,0.19567014,0.49085587,0.054984722,0.042938594,0.17241155,0.00035725193,0.02590943,0.016872447
571,0.22810388,0.55394906,0.04172094,0.024527984,0.10997606,0.00055800256,0.029122416,0.012041665
572,0.24313094,0.44461954,0.0901279,0.019436065,0.13544953,0.0019943574,0.04496506,0.020276668
573,0.23705755,0.4970418,0.06610665,0.025690809,0.119882405,0.0009981182,0.040502515,0.012720165
574,0.2131377,0.2853615,0.11408553,0.053692967,0.24909623,0.0023919577,0.0451087,0.03712541
575,0.25355193,0.2476783,0.102929704,0.06591283,0.16705036,0.0057419436,0.13276231,0.024372686
576,0.16571784,0.00629161,0.19723912,0.123942174,0.34569606,0.0053906445,0.09973931,0.05598324
577,0.18302369,0.005975214,0.2266297,0.1185582,0.3586279,0.0047838367,0.060296766,0.042104736
578,0.16268829,0.018065115,0.15289651,0.15534675,0.23758689,0.00885008,0.10578551,0.1587809
579,0.1696778,0.0059958845,0.16214955,0.12218221,0.24937254,0.012925356,0.12625778,0.15143889
580,0.17512178,0.0026400723,0.18509702,0.10550646,0.32636377,0.005483811,0.090434335,0.10935272
581,0.17981258,0.0003717174,0.16779898,0.09656046,0.35898107,0.005218834,0.0769418,0.11431458
582,0.18188858,0.0002818396,0.17444536,0.09329604,0.38537085,0.004836228,0.07158971,0.088291384
583,0.1965868,0.00021120037,0.16820472,0.08772376,0.3969763,0.0059215343,0.059061196,0.085314505
584,0.19735515,0.00048850686,0.1825199,0.10313868,0.3830738,0.00482571,0.056668483,0.07192976
585,0.1979512,0.0010292124,0.1860958,0.114163466,0.37421802,0.004126129,0.054426506,0.06798971
586,0.1918623,0.00073830894,0.19842063,0.10395155,0.36393443,0.0067666536,0.06505255,0.069273606
587,0.19538046,0.001595132,0.20009212,0.09594168,0.33573598,0.008876013,0.084480494,0.077898115
588,0.17241237,0.0010215134,0.1813795,0.09351807,0.34550014,0.007370741,0.09572987,0.10306776
589,0.17503372,0.00077857927,0.20288661,0.106802195,0.36584437,0.00558229,0.07377282,0.06929945
590,0.18935704,0.0018604487,0.21987984,0.09387117,0.37620923,0.00508159,0.058117762,0.055622946
591,0.1895152,0.0026158926,0.22569333,0.095371306,0.3769119,0.0046126638,0.052568726,0.052710973
592,0.17797951,0.007519704,0.24256487,0.107491955,0.37607124,0.0032947517,0.04543527,0.039642684
593,0.24943915,0.396291,0.0744652,0.024217967,0.19623363,0.0015089106,0.039403334,0.0184408
594,0.24174355,0.4353723,0.06668151,0.02386867,0.17936742,0.0008758946,0.033894863,0.018195778
595,0.24924639,0.39532253,0.053606663,0.033788037,0.21325354,0.0011323071,0.03139755,0.02225294
596,0.27946702,0.4111358,0.05001803,0.038510095,0.15805748,0.0024041259,0.041271366,0.019136094
597,0.18956578,0.42177755,0.05981197,0.14730015,0.09244877,0.03675999,0.04492617,0.007409651
598,0.10516117,0.45440608,0.08354455,0.21653654,0.061423626,0.012023637,0.062069416,0.0048350296
599,0.09648597,0.6604038,0.05678718,0.124569856,0.025246205,0.004528736,0.02981499,0.0021632873
600,0.08674549,0.81462,0.015369574,0.013335296,0.0006397648,0.019902447,0.04936097,2.6409825e-05
601,0.14899746,0.7972179,0.008765606,0.011492517,0.00021483752,0.008945484,0.024344163,2.2108006e-05
602,0.045400567,0.89178544,0.0012509706,0.0044596437,6.055612e-05,0.011782738,0.045259852,2.3368437e-07
603,0.099045664,0.54685915,0.105482586,0.1608114,0.07635844,0.0023013896,0.0068984483,0.0022428622
604,0.15073436,0.6496427,0.056050878,0.07503818,0.045209143,0.009422964,0.012781253,0.0011204953
605,0.12331159,0.7612476,0.017043382,0.065385565,0.0252842,0.0011188868,0.006374006,0.00023482279
606,0.3134784,0.4393068,0.030569509,0.043500006,0.13512728,0.0010143912,0.028998548,0.008005096
607,0.18265107,0.49317172,0.057246808,0.07163078,0.092715025,0.055520184,0.031443287,0.015621134
608,0.3839776,0.37284067,0.016340693,0.019916827,0.0006541954,0.030591445,0.17428964,0.0013889351
609,0.16001192,0.04405235,0.080884084,0.11234928,0.0035721168,0.3962472,0.1936053,0.009277805
610,0.29318047,0.49427816,0.031473324,0.046021663,0.09954026,0.0011292939,0.02901415,0.0053626397
611,0.19835065,0.44728187,0.0586328,0.039228555,0.2085606,0.00071994733,0.024883771,0.022341833
612,0.19558282,0.43382847,0.05737369,0.039988294,0.23408526,0.0004105167,0.020002438,0.018728474
613,0.2672376,0.47239876,0.06068155,0.013900964,0.12403366,0.0012515383,0.03939431,0.021101564
614,0.22229762,0.39898688,0.1025757,0.03148481,0.17421368,0.0013948493,0.04891574,0.020130733
615,0.17969291,0.18597504,0.16349842,0.08410515,0.27583256,0.004760303,0.060721487,0.045414116
616,0.17229483,0.023064071,0.18781523,0.12143528,0.31085357,0.0059265546,0.093544014,0.08506644
617,0.16593279,0.0057886094,0.1664579,0.10920501,0.3020415,0.009001959,0.13117774,0.1103945
618,0.18260832,0.0024961142,0.22245228,0.123862885,0.36276805,0.0040431474,0.056580935,0.0451883
619,0.1898859,0.0011092226,0.16965547,0.095869265,0.2651646,0.01207798,0.13325402,0.13298354
620,0.1965664,0.002514645,0.1629404,0.108465105,0.27462932,0.008205252,0.12766771,0.119011186
621,0.17742266,0.00407798,0.19077343,0.11337819,0.3205596,0.0065208594,0.07955703,0.107710265
622,0.18300804,0.00015645714,0.16527894,0.08665869,0.38294485,0.0056860554,0.07951282,0.09675413
623,0.19111747,0.00021293332,0.18436302,0.10830816,0.38975015,0.0036243997,0.051609553,0.07101432
624,0.20472738,0.00028282657,0.17205235,0.09984345,0.39772627,0.0038268855,0.04652582,0.075015016
625,0.19974658,0.00076810893,0.18528476,0.10481077,0.3778169,0.0049537094,0.06066254,0.06595659
626,0.19243252,0.0015475611,0.17414232,0.09931319,0.3610901,0.008028623,0.08244266,0.0810031
627,0.19082738,0.00033480395,0.18696451,0.09004243,0.3860575,0.005340559,0.058548816,0.08188393
628,0.1867902,0.0005279124,0.18655038,0.08651371,0.37555772,0.006121074,0.07490989,0.08302912
629,0.17865457,0.00022776455,0.19206905,0.09022471,0.38306767,0.0051508597,0.0723677,0.078237645
630,0.17444079,0.0011730808,0.18278891,0.098357126,0.31097606,0.008986482,0.09172329,0.13155435
631,0.18719444,0.008256894,0.2029174,0.089399934,0.30143437,0.011026401,0.11488602,0.08488461
632,0.20938255,0.14785808,0.16187178,0.057360124,0.27830943,0.0062768473,0.06577177,0.07316937
633,0.19476782,0.24161841,0.12919725,0.060482293,0.28346995,0.0029166327,0.043897226,0.043650474
634,0.21069323,0.44630632,0.068421416,0.023656487,0.20279236,0.0012616822,0.03198129,0.014887217
635,0.29898706,0.47991073,0.051998854,0.010007416,0.075629056,0.0018548417,0.0635584,0.018053606
636,0.3099137,0.417518,0.025863664,0.06385986,0.14851367,0.0014742122,0.024230147,0.008626795
637,0.30008185,0.41635475,0.038545586,0.06878816,0.119723566,0.0047902614,0.04393703,0.0077787815
638,0.16848588,0.59867567,0.038265776,0.09710729,0.054981813,0.003054585,0.038164414,0.0012644992
639,0.10779537,0.60377115,0.06434963,0.13086191,0.037170783,0.007110408,0.047140855,0.0017998068
640,0.09737663,0.4032058,0.1371443,0.24475834,0.08623766,0.0050942483,0.021847084,0.0043359585
641,0.083332255,0.89948225,0.002242413,0.0022613632,0.00010855331,0.00059033255,0.01198213,7.966412e-07
642,0.3706595,0.08922326,0.008528424,0.0045657246,0.00023033038,0.020623764,0.505988,0.0001809401
643,0.00091891375,0.9953223,1.0185825e-05,0.0024778417,4.405232e-06,0.00028905092,0.0009773894,6.266422e-12
644,0.088232666,0.5288451,0.059673756,0.15214182,0.006020968,0.13641587,0.024918068,0.0037517522
645,0.15602398,0.5906698,0.041307833,0.12190283,0.041677196,0.033506982,0.012844577,0.0020668355
646,0.16913725,0.4835009,0.06783725,0.12974165,0.11459748,0.00684898,0.022749154,0.005587344
647,0.2990627,0.6358016,0.0024271237,0.008137675,0.050915964,0.00024360526,0.0030244915,0.00038673458
648,0.18302883,0.40896806,0.081120804,0.08154987,0.20325676,0.0008267917,0.01304936,0.028199555
649,0.17700046,0.4436236,0.06701963,0.055780083,0.22452283,0.000960088,0.028091364,0.0030019577
650,0.16211207,0.33467266,0.08261148,0.027599437,0.17108172,0.06405299,0.15766662,0.00020301284
651,0.1442873,0.027054358,0.14582677,0.05331692,0.08693848,0.20006685,0.33523983,0.007269522
652,0.24565072,0.42854246,0.062981166,0.044661846,0.12550402,0.0038076642,0.07500133,0.013850782
653,0.23628052,0.49398112,0.052177906,0.016906003,0.1443505,0.00039540688,0.028155036,0.027753565
654,0.2114408,0.38667965,0.09028418,0.0339607,0.21464565,0.0012365279,0.035267863,0.026484624
655,0.19712475,0.18153025,0.14573888,0.08271307,0.29217908,0.0031733664,0.05407416,0.04346643
656,0.17891665,0.08474622,0.1821188,0.12131431,0.3145017,0.0026289066,0.06163835,0.05413509
657,0.17458937,0.0051326524,0.21135652,0.10881766,0.35761908,0.0050765323,0.08207581,0.055332404
658,0.17819422,0.002798571,0.23403873,0.12897001,0.36777845,0.0023580403,0.03994473,0.04591723
659,0.1730579,0.002377358,0.17641182,0.09955821,0.33310106,0.006531433,0.09769982,0.11126236
660,0.17688099,0.006112656,0.18734302,0.10507931,0.31862944,0.0081362575,0.09813014,0.09968819
661,0.16640936,0.005427128,0.18977906,0.17958578,0.29990175,0.004020976,0.06351422,0.09136176
662,0.179728,0.0012195748,0.13788892,0.13921659,0.3370153,0.022540977,0.09195931,0.09043135
663,0.19281977,0.0014557437,0.20458344,0.10446611,0.36759326,0.0048844297,0.06389042,0.06030684
664,0.18694471,0.0012275765,0.19571356,0.12751108,0.36214146,0.0032196587,0.0584139,0.06482797
665,0.19097012,0.0004765978,0.19049257,0.10378133,0.37205637,0.0056823343,0.07233975,0.06420096
666,0.2027648,0.00042917035,0.18177582,0.10360094,0.38818318,0.0041835885,0.047354862,0.07170765
667,0.19830662,0.00040063317,0.1857719,0.10534039,0.38552856,0.004431337,0.050109886,0.07011071
668,0.19002697,0.00042925077,0.18749374,0.09953257,0.38127542,0.0058093024,0.059079755,0.07635297
669,0.18064834,0.001065877,0.16557033,0.09806079,0.35690752,0.0052112606,0.071418956,0.121116936
670,0.17696741,0.004149225,0.17307113,0.08787404,0.29692572,0.011490055,0.12733306,0.12218934
671,0.18898845,0.002599995,0.20268998,0.081755266,0.30926707,0.008973918,0.09454112,0.111184224
672,0.18297163,0.0047554267,0.21131927,0.09463662,0.35218892,0.006841246,0.08475114,0.06253578
673,0.1877165,0.022458702,0.18147217,0.06397151,0.24743249,0.015581699,0.1437785,0.13758835
674,0.22498521,0.22745179,0.14264394,0.054540362,0.19974916,0.011123721,0.099713065,0.03979274
675,0.2457776,0.47568282,0.057319615,0.023118598,0.15492702,0.000625477,0.028854415,0.013694402
676,0.23619585,0.44996312,0.05514088,0.025311237,0.18386774,0.0010613839,0.028923007,0.019536793
677,0.2989225,0.44588798,0.052776035,0.021949952,0.103090666,0.0018065723,0.06355458,0.012011709
678,0.19456315,0.59383756,0.052525125,0.05846932,0.047382515,0.0057264115,0.04495111,0.0025447889
679,0.16247806,0.42128745,0.06380081,0.18271472,0.11271054,0.009274952,0.04258929,0.005144153
680,0.11971542,0.6231771,0.052784152,0.11862516,0.02753768,0.0061435387,0.05072498,0.0012918981
681,0.10710883,0.30813104,0.14542365,0.29777145,0.105995476,0.0047721476,0.025323622,0.0054737944
682,0.13211921,0.69423896,0.013424602,0.013970916,0.00032129858,0.10076116,0.044994123,0.00016971378
683,0.074176684,0.80732566,0.0010644671,0.0010640427,1.896058e-05,0.00806845,0.10828149,2.1260526e-07
684,0.0010721318,0.9922682,4.439362e-06,0.0015593326,4.598046e-06,0.0009556352,0.0041357074,6.6908095e-13
685,0.07220889,0.58386534,0.049309295,0.24561343,0.03543146,0.00466656,0.007458315,0.0014467371
686,0.09005384,0.6179608,0.054046456,0.18821181,0.03275995,0.001996788,0.013011416,0.0019589353
687,0.08743161,0.43593484,0.0330202,0.3680099,0.051387344,0.007473278,0.016032962,0.0007098786
688,0.33401284,0.5742089,0.0041686,0.009410351,0.07333645,0.0007890048,0.0039499844,0.00012385903
689,0.12176921,0.693309,0.02100875,0.015550719,0.14316778,0.0003893506,0.0046545677,0.00015057536
690,0.1636605,0.43589595,0.07175102,0.09257415,0.1864457,0.0041169613,0.0408829,0.0046728337
691,0.17292346,0.32415906,0.08109406,0.07191242,0.14452298,0.14385223,0.058217473,0.0033183657
692,0.17250071,0.22560078,0.10960237,0.028380832,0.14447697,0.10992222,0.20442778,0.005088317
693,0.19011317,0.19700482,0.11004748,0.07171108,0.18211797,0.027657447,0.19524622,0.026101777
694,0.23636281,0.50118333,0.05342646,0.020762738,0.13715827,0.0010469463,0.03398201,0.016077442
695,0.23474741,0.43922862,0.067165524,0.023313176,0.16454656,0.0010187414,0.045062628,0.024917347
696,0.18214478,0.07299724,0.1793714,0.105334595,0.32744327,0.0049740826,0.067168325,0.060566332
697,0.18560041,0.0033383025,0.22635604,0.10195718,0.3752711,0.0037291874,0.05397744,0.049770292
698,0.18077713,0.0013326826,0.21113731,0.0984318,0.35316807,0.006033515,0.088491954,0.060627595
699,0.17823301,0.0021648498,0.18143332,0.09837111,0.30342907,0.007234701,0.09916151,0.12997246
700,0.15740341,0.00027070506,0.22168276,0.1279084,0.40947804,0.0019066875,0.03414986,0.04720012
701,0.16067098,0.0009873913,0.1514505,0.11542911,0.3086334,0.0056349193,0.09953672,0.15765704
702,0.17422254,0.0011507476,0.16587718,0.1255595,0.32566068,0.006806127,0.077805586,0.12291766
703,0.177397,0.0001033256,0.19945501,0.11901083,0.39944962,0.0024745427,0.050426245,0.05168345
704,0.18086274,0.0002252326,0.18138142,0.109416604,0.38326025,0.0033880803,0.06920118,0.07226453
705,0.18816501,0.00050604023,0.1845415,0.097649105,0.3467394,0.0070380215,0.10164368,0.073717214
706,0.18955363,0.000511518,0.18838888,0.10307487,0.37314492,0.0061881333,0.07202994,0.06710803
707,0.20091349,0.00018033331,0.17596911,0.106408015,0.38948622,0.00466408,0.05210289,0.07027583
708,0.19349226,0.00019600597,0.1736214,0.099390544,0.3837269,0.006217842,0.06803552,0.075319506
709,0.19133787,0.00043689762,0.18524906,0.11362066,0.383155,0.0044709807,0.048736606,0.0729929
710,0.18993159,0.001472163,0.1636461,0.090482086,0.29152384,0.009618545,0.099837914,0.15348776
711,0.21542798,0.0025263277,0.1804335,0.09400183,0.27549952,0.012343972,0.14657684,0.07319
712,0.19908231,0.0031109364,0.19156916,0.07470431,0.30821186,0.01207894,0.12990765,0.08133482
713,0.17986397,0.0027380928,0.21726914,0.10108135,0.37190345,0.0050902963,0.07397888,0.048074834
714,0.1941323,0.11245324,0.16931015,0.0685039,0.31468678,0.0043731793,0.07013803,0.06640244
715,0.2829929,0.50372404,0.044605955,0.0075839655,0.09781693,0.00061791565,0.041822433,0.020835849
716,0.22209315,0.3101432,0.11429971,0.044107515,0.22401573,0.003597188,0.06219157,0.019551948
717,0.21391691,0.42938498,0.054150686,0.034232713,0.22137424,0.00065929984,0.027558375,0.018722761
718,0.27604967,0.4509017,0.049639903,0.017960297,0.15706667,0.0008271195,0.032537047,0.015017607
719,0.32487416,0.45745635,0.03642871,0.021085186,0.10053996,0.006080581,0.0403813,0.013153801
720,0.13242899,0.5161683,0.05213045,0.1770181,0.06346324,0.010397212,0.04609289,0.0023007973
721,0.10451404,0.4318725,0.08868909,0.23290709,0.089440145,0.006359581,0.043102227,0.0031153632
722,0.10286528,0.17183192,0.18551476,0.39552853,0.107768856,0.00703318,0.023844633,0.0056128306
723,0.04631306,0.8173231,0.023540493,0.07083462,0.0014098086,0.0016317546,0.038917743,2.9431396e-05
724,0.4378311,0.36051992,0.00412254,0.0038634958,4.8519683e-05,0.04278827,0.15076506,6.106473e-05
725,0.062325258,0.86842185,0.010760916,0.045879185,0.003698647,0.00106757,0.00777735,6.921117e-05
726,0.090470664,0.6854182,0.05562609,0.09927205,0.016782457,0.03420381,0.0150003005,0.0032264334
727,0.1319468,0.56173974,0.04483278,0.18020779,0.042986773,0.010139305,0.026890744,0.0012560206
728,0.09177177,0.86967874,0.0026299485,0.007068131,0.0004503308,0.0027162856,0.025683792,9.928124e-07
729,0.24052061,0.61470306,0.010697013,0.003707072,0.0046008024,0.043571603,0.08218485,1.4914119e-05
730,0.121039085,0.6838419,0.0055785784,0.001742511,0.18218468,0.00079178944,0.004821249,1.8117449e-07
731,0.221662,0.44899657,0.052575275,0.06779588,0.15397073,0.006831524,0.047143035,0.0010249976
732,0.21954408,0.5528788,0.057305202,0.0132932095,0.10277146,0.001573537,0.0432646,0.009369138
733,0.22521733,0.44021893,0.07630009,0.026462832,0.112124294,0.0045474297,0.10134232,0.013786774
734,0.1699268,0.23697166,0.088418715,0.066031046,0.16218519,0.049971297,0.2181237,0.008371522
735,0.22446553,0.41080165,0.06912115,0.052392196,0.17834711,0.0017145375,0.044218704,0.018939085
736,0.2381825,0.4206064,0.07868138,0.023063704,0.14083134,0.0017867372,0.053106513,0.043741487
737,0.16856833,0.009466669,0.18072152,0.11801281,0.31095922,0.0052459138,0.09649278,0.110532716
738,0.18331571,0.0024764992,0.21398288,0.091361664,0.36676168,0.0060778125,0.080840595,0.05518316
739,0.17652334,0.0041225045,0.20169263,0.103912055,0.35605657,0.004755217,0.0810145,0.07192324
740,0.16474293,0.0102344835,0.14798224,0.12934758,0.23673357,0.0103749065,0.12979448,0.17078982
741,0.16189708,0.0037434895,0.17665628,0.12963636,0.3393291,0.003469641,0.08043732,0.1048308
742,0.17240551,0.012049903,0.17004035,0.11110929,0.28537238,0.010446432,0.12139968,0.11717649
743,0.18310043,0.0054384405,0.20952551,0.10935145,0.328589,0.010109885,0.08612077,0.06776453
744,0.18873821,0.0013309352,0.19680585,0.09948314,0.35455745,0.007985629,0.08025355,0.07084524
745,0.175285,0.00055321713,0.17307413,0.11211467,0.3431419,0.0060116113,0.09610766,0.09371183
746,0.19074729,0.0016998481,0.20078304,0.10779323,0.3106783,0.01021538,0.104557,0.07352595
747,0.19353539,0.0015151753,0.1951819,0.10086742,0.33510005,0.009451739,0.09903329,0.06531509
748,0.18904606,0.002818731,0.18319213,0.102011375,0.36082792,0.0053605163,0.07974661,0.07699664
749,0.17504057,0.0022136762,0.17272739,0.08760686,0.33402404,0.007657332,0.11026864,0.1104615
750,0.1930845,0.007504432,0.20047104,0.110240296,0.35088402,0.005890854,0.048907127,0.08301778
751,0.18644789,0.0013320284,0.18921301,0.07997156,0.3530556,0.007963797,0.0835322,0.09848397
752,0.17529687,0.001739568,0.18191473,0.084676586,0.34093913,0.0071721543,0.09662739,0.11163366
753,0.18734713,0.010674203,0.2075448,0.098158196,0.32312348,0.008802962,0.103309184,0.061040062
754,0.19196968,0.21207158,0.13386267,0.068928994,0.28306442,0.0033268835,0.052329764,0.054446016
755,0.20941557,0.2233618,0.13529527,0.052438125,0.28210312,0.004097388,0.053636197,0.039652534
756,0.2844182,0.5163319,0.03980152,0.00993511,0.102775835,0.0010531493,0.027489133,0.01819519
757,0.24775669,0.39623255,0.067627005,0.031250842,0.20372228,0.000876734,0.036550544,0.015983328
758,0.2634441,0.50098044,0.04126389,0.018799694,0.1262524,0.00082264055,0.032366585,0.016070286
759,0.22579998,0.40920278,0.057854507,0.03647116,0.22765963,0.0009696019,0.024047973,0.01799441
760,0.3589019,0.4427045,0.029125255,0.019703101,0.10668396,0.0024315345,0.032566577,0.007883176
761,0.21011873,0.6087781,0.05054296,0.027428009,0.037891086,0.0037889094,0.05708324,0.004368988
762,0.14789987,0.479905,0.07012011,0.12682688,0.049033586,0.069317505,0.047678508,0.009218564
763,0.10941023,0.6057681,0.04220181,0.18315877,0.039393745,0.0023775257,0.016391188,0.0012986264
764,0.06547075,0.8888507,0.0040725977,0.0073179496,0.00012236834,0.0012971094,0.03286778,7.577604e-07
765,0.0060127713,0.97895503,4.8551658e-05,0.0022413991,8.751345e-06,0.00020975631,0.012523806,1.6896654e-10
766,0.09669116,0.27754408,0.14387722,0.333366,0.09369479,0.017459204,0.032920316,0.004447242
767,0.12563698,0.35232288,0.07105677,0.24737203,0.096322306,0.049456537,0.05241871,0.0054137968
768,0.17041701,0.47863075,0.042463195,0.14345747,0.12200419,0.008203223,0.03439392,0.00043027743
769,0.15764229,0.68413234,0.020006169,0.06860312,0.038629837,0.0062269866,0.024636848,0.00012249287
770,0.2141523,0.5106149,0.036417905,0.03656306,0.17844342,0.0007098227,0.02103897,0.002059684
771,0.21746361,0.6317411,0.02740683,0.0055436594,0.10120923,0.00036837824,0.014566034,0.001701135
772,0.1970434,0.5809878,0.039776064,0.01456038,0.1458475,0.0007440188,0.018584644,0.002456165
773,0.24039748,0.41867816,0.07708351,0.030517515,0.17859523,0.0013235029,0.040616743,0.012787904
774,0.19737026,0.4041373,0.08870195,0.05255238,0.19942136,0.0033063854,0.038602427,0.015907982
775,0.18763031,0.19521643,0.117176756,0.1250841,0.19058815,0.015348245,0.12308389,0.045872126
776,0.16550204,0.029410267,0.16197553,0.13407579,0.25554124,0.011251769,0.12092217,0.1213212
777,0.17955694,0.057836615,0.1643893,0.15690681,0.2133015,0.020916952,0.15001975,0.057072192
778,0.17657705,0.009687903,0.15593675,0.09734386,0.22841479,0.010170822,0.13359646,0.18827239
779,0.17157136,0.0023748071,0.19931348,0.11846526,0.36487743,0.004125299,0.083981924,0.055290487
780,0.17327037,0.0022222837,0.19191128,0.10000765,0.35379857,0.0042608576,0.08382783,0.090701155
781,0.17193848,0.012780283,0.14907365,0.11135223,0.23528388,0.01192751,0.12857223,0.17907175
782,0.1611114,0.0023737883,0.15465738,0.12958468,0.29815236,0.0065491754,0.10012757,0.14744359
783,0.16972384,0.00524587,0.19359183,0.1071942,0.3494097,0.0053356234,0.085606605,0.0838923
784,0.17048545,0.0011161048,0.19423135,0.13156167,0.3602911,0.0051490297,0.06624645,0.0709189
785,0.18278974,0.0004866193,0.18537244,0.101111874,0.3553709,0.007918663,0.09506748,0.071882255
786,0.17988162,0.0014031811,0.17400832,0.082101025,0.3317748,0.00774727,0.11611659,0.1069672
787,0.1867071,0.0010906456,0.18766972,0.09432784,0.3467286,0.009114046,0.10100417,0.07335782
788,0.18672329,0.00032665953,0.17366546,0.10188483,0.3753971,0.0058346535,0.066279225,0.08988878
789,0.18648304,0.0005283659,0.18416195,0.089067005,0.38933444,0.0045233606,0.065173365,0.08072845
790,0.19134404,0.0010173742,0.1924347,0.102642484,0.3772574,0.0053912285,0.054280892,0.07563181
791,0.18919303,0.0028608958,0.20291886,0.11145553,0.35247695,0.0058386414,0.059655156,0.07560095
792,0.19426449,0.0020527327,0.20115,0.103518024,0.38153183,0.004476353,0.046940513,0.066066064
793,0.19370891,0.0017987596,0.19179855,0.101414315,0.38269418,0.0041715177,0.05227827,0.07213549
794,0.18420082,0.026636016,0.19752043,0.1013374,0.3543573,0.00485264,0.067898415,0.06319694
795,0.2031457,0.2772394,0.1308397,0.07728725,0.2125355,0.007717095,0.0737773,0.017458
796,0.25437054,0.46353337,0.059762727,0.020233003,0.13348599,0.0017963977,0.04762452,0.019193422
797,0.22022937,0.29339612,0.08714905,0.065081626,0.26648358,0.0026273334,0.039472464,0.025560554
798,0.22474912,0.44579786,0.07060152,0.02192931,0.18833198,0.0006354801,0.03270321,0.015251486
799,0.24850778,0.4556417,0.054413397,0.04930265,0.13936901,0.0009780095,0.0459095,0.0058779083
800,0.24689832,0.65873224,0.017566169,0.018181749,0.020087609,0.0035048153,0.034784406,0.0002447022
801,0.24154031,0.4067259,0.045545463,0.08254648,0.17072885,0.0016350871,0.041188885,0.010089095
802,0.18549332,0.59552664,0.03493007,0.08553147,0.05501822,0.0032691055,0.03874185,0.0014893207
803,0.25237215,0.5509053,0.03939587,0.03755205,0.08043692,0.0012494267,0.037453145,0.0006351458
804,0.14679751,0.7382032,0.031184033,0.0365005,0.012055614,0.013897742,0.021282943,7.843456e-05
805,0.0039558094,0.9825113,8.3019455e-05,0.012099534,0.00052843563,0.00020765375,0.00061421626,2.6305777e-10
806,0.0076538655,0.9891651,8.147946e-05,0.0022275506,0.00027840666,8.367449e-05,0.00050986663,1.6772965e-09
807,0.14237572,0.65978974,0.029843993,0.10120423,0.026841514,0.006406447,0.032070294,0.0014680249
808,0.083999164,0.6160534,0.06271984,0.17599075,0.03142901,0.005366146,0.023537373,0.00090425106
809,0.16940856,0.51516396,0.05304184,0.08870672,0.10043867,0.009189754,0.06365652,0.0003939936
810,0.16891523,0.5542822,0.02065842,0.10683266,0.07228606,0.037242915,0.03917019,0.00061235845
811,0.17474514,0.54283214,0.039254487,0.053694636,0.17765644,0.0011031288,0.0059442446,0.0047697304
812,0.17315754,0.3742185,0.07125888,0.064463325,0.28902844,0.0013090348,0.014657073,0.011907186
813,0.16877131,0.5086056,0.053121354,0.017883535,0.23232448,0.0008778445,0.012388662,0.006027265
814,0.18907365,0.26653418,0.12548971,0.07126256,0.27170792,0.0024377522,0.046086755,0.027407443
815,0.17052667,0.31260458,0.123673946,0.04134019,0.24732944,0.0033220327,0.055294365,0.04590873
816,0.16560912,0.004323744,0.2014227,0.12007396,0.36109245,0.004138528,0.077857204,0.06548226
817,0.16552764,0.002606587,0.17594323,0.112194985,0.325317,0.0052512987,0.09501086,0.11814844
818,0.16457438,0.0027426868,0.18113743,0.108046785,0.32014343,0.006937676,0.11409166,0.1023259
819,0.16709642,0.0005510633,0.17855318,0.09430512,0.35420066,0.005145884,0.09626248,0.103885256
820,0.17133547,0.0017009517,0.2210461,0.10548236,0.38704556,0.0037434255,0.057919074,0.051727023
821,0.18068343,0.0027591332,0.20648159,0.101519875,0.35569978,0.003627869,0.071612395,0.07761592
822,0.16184296,0.0024790273,0.18073723,0.13760294,0.34488106,0.0037169026,0.07034874,0.09839118
823,0.17126775,0.0019274127,0.16570817,0.10932888,0.31397083,0.0046223328,0.094664164,0.13851045
824,0.17784588,0.0034070571,0.17029631,0.0977697,0.3027154,0.00856345,0.10818424,0.13121799
825,0.17181447,0.0059489445,0.16573752,0.100588486,0.2881385,0.012644136,0.14833617,0.10679174
826,0.18147391,0.0013548321,0.18240225,0.1094105,0.3428733,0.0066062915,0.08686293,0.089015946
827,0.18041766,0.0026664853,0.18623239,0.08804925,0.35376418,0.006278186,0.095280476,0.08731142
828,0.1792147,0.0021108652,0.18599606,0.098730795,0.30271426,0.009833764,0.09925288,0.12214677
829,0.17916948,0.0013483276,0.17176162,0.08015735,0.3346222,0.007181194,0.09876029,0.12699956
830,0.1785078,0.0020022658,0.15689978,0.07452742,0.32835037,0.0073020197,0.10617625,0.14623411
831,0.18136543,0.0007720029,0.17260945,0.08047471,0.3717013,0.0066118683,0.07436606,0.112099186
832,0.18637119,0.0063840365,0.20542635,0.111275844,0.36681792,0.0049756654,0.053316254,0.06543276
833,0.18946715,0.0019762677,0.20882483,0.10572421,0.3812079,0.00436024,0.04970775,0.05873167
834,0.19135879,0.0047421446,0.19416332,0.08302895,0.38188332,0.0051242495,0.056790207,0.08290904
835,0.20069647,0.21126972,0.12791537,0.055966537,0.28270113,0.005071116,0.063977994,0.052401625
836,0.24026752,0.40198666,0.07981313,0.03410105,0.15320125,0.003314709,0.07418532,0.013130385
837,0.32174677,0.48807284,0.03863073,0.009124062,0.06715851,0.0015157628,0.063153125,0.010598205
838,0.20976658,0.43680695,0.061945226,0.030021135,0.21252115,0.0005527718,0.023987895,0.02439829
839,0.2502188,0.4806548,0.041992385,0.01864606,0.1653161,0.0005657573,0.027317442,0.015288633
840,0.24675609,0.36236054,0.0717941,0.050088443,0.21012007,0.002766966,0.039921857,0.016191978
841,0.22708136,0.393564,0.06265077,0.09458499,0.12610273,0.03132551,0.046778645,0.017911991
842,0.10980704,0.63227785,0.045597244,0.14244996,0.03141834,0.0033069807,0.03435208,0.0007904902
843,0.17082477,0.54455656,0.035240177,0.105124466,0.0152289625,0.09586429,0.028341232,0.004819547
844,0.102192126,0.61350656,0.026504071,0.17497893,0.013886596,0.03884839,0.028445756,0.0016375812
845,0.041524068,0.9353022,0.0006861795,0.0012073583,3.3763066e-05,0.00037733902,0.02086895,3.0056768e-08
846,0.11867428,0.8195734,0.012957138,0.032246526,0.0047994726,0.0016814325,0.01002967,3.8107624e-05
847,0.1429958,0.75753087,0.031228932,0.026946578,0.007046349,0.0036641208,0.030528622,5.8767968e-05
848,0.19965132,0.7011434,0.013880056,0.03677578,0.021138005,0.013814246,0.013242295,0.00035493015
849,0.116950914,0.39697438,0.09839238,0.24420635,0.084349744,0.0099694235,0.046114918,0.0030418735
850,0.13632436,0.61174023,0.050662495,0.100959495,0.040074337,0.0040373392,0.05574656,0.00045524345
851,0.20482044,0.39124015,0.039326616,0.12185353,0.22131817,0.0021634432,0.018870968,0.00040672798
852,0.15048392,0.5912842,0.04519154,0.032516975,0.15513016,0.0025159386,0.02262697,0.00025023858
853,0.2352433,0.5457125,0.03947902,0.012847806,0.1388454,0.0014356786,0.023035547,0.003400837
854,0.19068742,0.39695632,0.086542934,0.03529275,0.24938364,0.0016257267,0.025309253,0.014202049
855,0.18143946,0.111844726,0.17367736,0.1021688,0.33321738,0.0044049793,0.04780823,0.04543908
856,0.037187286,0.016030887,0.16533946,0.008476596,0.7711811,0.0005177038,0.001266702,2.7446828e-07
857,0.17652385,0.0032951871,0.23236026,0.114783674,0.37444028,0.0036975332,0.052279346,0.042619836
858,0.18040845,0.0030853127,0.220037,0.107564695,0.37054738,0.0041269716,0.06569607,0.048534106
859,0.1762142,0.0017612617,0.19811687,0.12171781,0.36288917,0.0033182728,0.05472046,0.08126199
860,0.18794724,0.0053192894,0.19527288,0.09517859,0.29467273,0.008099283,0.08942426,0.12408575
861,0.17483585,0.002112064,0.2222807,0.14296927,0.36549178,0.0024506287,0.047978103,0.04188158
862,0.16674784,0.0058043366,0.1768984,0.12905328,0.3225701,0.003751184,0.07716993,0.11800491
863,0.17169644,0.006057089,0.17019887,0.122039124,0.2867989,0.006585074,0.09557971,0.14104481
864,0.17341574,0.004652266,0.17232305,0.11836837,0.27960703,0.011688113,0.09550162,0.14444384
865,0.17578956,0.0017047285,0.19224642,0.11067891,0.3639825,0.0044101505,0.06946016,0.08172756
866,0.17034817,0.0037990846,0.1611718,0.10743287,0.30725613,0.0060215644,0.105757944,0.13821246
867,0.17237735,0.008337739,0.17938407,0.11012071,0.28000957,0.01279423,0.116088875,0.12088742
868,0.17802481,0.0027911728,0.17457616,0.094034575,0.30333027,0.009499864,0.107043736,0.1306994
869,0.18491039,0.0007345367,0.19239728,0.09181848,0.32941857,0.008993505,0.09954122,0.09218602
870,0.18254201,0.0013841725,0.20685814,0.106544495,0.37259904,0.0054216343,0.07023807,0.054412402
871,0.18264052,0.0012346692,0.17532097,0.08212148,0.32826346,0.008286869,0.09970536,0.12242667
872,0.18618713,0.008954588,0.18494844,0.079735346,0.34249043,0.006347517,0.08054061,0.11079591
873,0.19472386,0.0032466685,0.19689478,0.10639556,0.37785447,0.0046076523,0.049405087,0.06687193
874,0.19011952,0.007299544,0.18780835,0.087178335,0.36267254,0.0077935075,0.078895815,0.0782324
875,0.19770882,0.13614959,0.1352082,0.06057634,0.3034074,0.0037598195,0.058692258,0.104497544
876,0.20355327,0.2836698,0.1035345,0.060601305,0.26701632,0.002137627,0.035842773,0.04364436
877,0.20418763,0.3767784,0.08050398,0.038594026,0.23053268,0.0015902247,0.044144187,0.023668949
878,0.25421658,0.5686342,0.028742725,0.04553619,0.05832546,0.005798567,0.037304286,0.0014419628
879,0.2361019,0.31750396,0.07172855,0.10629777,0.10537222,0.10987207,0.032653753,0.020469805
880,0.23042044,0.38323992,0.05658906,0.073096804,0.21567363,0.0011831936,0.028624522,0.011172449
881,0.32263872,0.42551383,0.040298738,0.032711204,0.1350544,0.0010398721,0.03568131,0.0070618764
882,0.21732423,0.49129218,0.05241692,0.08790918,0.12464611,0.0034654897,0.021753103,0.0011928178
883,0.15877539,0.2800632,0.12501447,0.20863222,0.117618114,0.06397261,0.029317694,0.016606329
884,0.06749792,0.8873004,0.00052465877,0.001168676,8.448973e-06,0.007289255,0.03621052,8.82468e-08
885,0.1776561,0.5960084,0.023476386,0.015180989,0.00133251,0.105368316,0.08054988,0.00042738742
886,0.017266717,0.92412716,0.00022873141,0.0009006436,8.039348e-07,0.005685869,0.051790003,6.102275e-09
887,0.05920316,0.7279169,0.027604297,0.032196805,0.00062050886,0.0067947647,0.14560068,6.293679e-05
888,0.10997922,0.6209949,0.056605406,0.12328089,0.045277227,0.0018726137,0.041770216,0.00021949576
889,0.094935454,0.515384,0.08375257,0.20381755,0.05337643,0.0045070513,0.043565147,0.00066171703
890,0.11693908,0.412009,0.077234566,0.21144113,0.07845053,0.04063295,0.05854592,0.0047468455
891,0.21346192,0.6418851,0.012726059,0.03434328,0.07429051,0.0028226732,0.020445978,2.4470606e-05
892,0.24056149,0.60353166,0.007870336,0.01495137,0.1294035,0.00061218574,0.0022759368,0.0007934619
893,0.20829062,0.5923149,0.0427096,0.00848357,0.119384184,0.0014420745,0.0264656,0.00090945564
894,0.19417346,0.48647505,0.08276503,0.017989915,0.17099287,0.0027502945,0.037087966,0.007765451
895,0.15254664,0.49265558,0.07733472,0.03926945,0.20429477,0.0030064278,0.030498043,0.0003943441
896,0.19240569,0.36724302,0.077617176,0.06875249,0.24872434,0.0008311084,0.023825824,0.020600313
897,0.12473916,0.0033071898,0.23962474,0.07309248,0.5251572,0.0045124795,0.027152782,0.0024140447
898,0.1843845,0.004683974,0.23115751,0.12409423,0.35739854,0.003943674,0.050195184,0.04414241
899,0.17790037,0.00048334425,0.20873158,0.10932512,0.38945556,0.0037935395,0.06171185,0.048598684
900,0.1786151,0.004109306,0.22352394,0.10408438,0.37923878,0.003789684,0.059278563,0.047360163
901,0.17788857,0.00036665797,0.20975782,0.11231816,0.38281405,0.003884461,0.059202503,0.05376779
902,0.17942908,0.0033448488,0.21566732,0.11557004,0.37120444,0.003658068,0.058812972,0.05231323
903,0.17559241,0.0025136305,0.21159017,0.11081756,0.37102935,0.0043087816,0.074627236,0.04952093
904,0.1607836,0.0011976097,0.1722917,0.12707892,0.33749637,0.004910278,0.08147151,0.11476993
905,0.1729674,0.00073514367,0.18477188,0.10331744,0.33149487,0.006740599,0.09648081,0.103491865
906,0.17701846,0.0043349448,0.15521008,0.09822776,0.2710838,0.009962641,0.13341226,0.15075009
907,0.17205584,0.0021863952,0.16545299,0.09799255,0.31563437,0.0059195873,0.102988295,0.13777004
908,0.17529938,0.00079833326,0.1736572,0.097439624,0.36515194,0.0046290965,0.0714208,0.111603655
909,0.18400997,0.0011068732,0.19533138,0.09297023,0.33632144,0.007471897,0.090562254,0.09222595
910,0.18101893,0.0011075804,0.18198472,0.08087038,0.29215524,0.009649959,0.12614395,0.12706923
911,0.19171439,0.0009897264,0.21783267,0.100418106,0.37111422,0.0048800013,0.054870576,0.058180254
912,0.18311992,0.0007001374,0.20633426,0.09219935,0.35244215,0.005346418,0.07123459,0.08862316
913,0.16993544,0.0016882913,0.1728805,0.08684071,0.3409335,0.008926323,0.08839159,0.1304036
914,0.18772572,0.0048211496,0.18828508,0.094511345,0.36374968,0.0066931862,0.06959153,0.08462239
915,0.1813252,0.1379995,0.13048369,0.0635062,0.33027032,0.005186898,0.06052413,0.090704076
916,0.20876081,0.46142188,0.04243055,0.017500078,0.2045098,0.00030556897,0.011903687,0.053167574
917,0.24011655,0.3413438,0.065508656,0.035390306,0.24878109,0.0016133309,0.028319914,0.038926423
918,0.21344754,0.41233966,0.0701312,0.030709194,0.2181828,0.0016280221,0.032111615,0.021449933
919,0.2723739,0.480823,0.03910783,0.021851622,0.1432952,0.00078230456,0.02979838,0.011967761
920,0.21048741,0.347705,0.09693503,0.06474984,0.120440885,0.022631008,0.12260238,0.014448475
921,0.16759895,0.14453657,0.116775565,0.14813058,0.1939393,0.026403647,0.16962071,0.032994643
922,0.24441655,0.47599372,0.039236117,0.09019525,0.09398726,0.006485318,0.045081604,0.0046042153
923,0.17364028,0.70310634,0.033145953,0.02611396,0.009887101,0.020579303,0.032874707,0.0006523125
924,0.1704154,0.5393719,0.0533136,0.083320566,0.026433475,0.086131305,0.0359224,0.0050913137
925,0.13583584,0.7184689,0.02363516,0.04239812,0.0038988201,0.0058341613,0.069804214,0.0001247981
926,0.06757863,0.8540573,0.0052594175,0.0063016983,8.519088e-05,0.009392454,0.057322264,3.0049569e-06
927,0.093954235,0.8782008,0.0009813948,0.005547759,7.3568444e-05,0.013594708,0.007646358,1.1603064e-06
928,0.0015473563,0.99563664,9.686061e-06,0.0019512759,0.0001522803,6.3034066e-05,0.0006397633,8.559085e-12
929,0.03566707,0.8473237,0.007968929,0.095392704,0.006180496,0.0017535543,0.0057005286,1.2957728e-05
930,0.089597434,0.853323,0.0046201134,0.008304407,0.00010938005,0.0063956575,0.037645437,4.5156285e-06
931,0.10449757,0.4402545,0.0854781,0.2667936,0.07363644,0.0046398803,0.022235526,0.0024644602
932,0.216677,0.50224525,0.031986404,0.13407056,0.070711404,0.013105363,0.027549595,0.0036543894
933,0.13993654,0.66334945,0.01763038,0.012641972,0.16206409,0.0007623307,0.0034897723,0.00012544985
934,0.14456293,0.62557757,0.037317034,0.018032616,0.16070883,0.00046192994,0.013133939,0.00020507148
935,0.20696096,0.5176544,0.055955146,0.015737846,0.16835369,0.00032601858,0.02653576,0.008476205
936,0.18295121,0.3926121,0.08247648,0.06417007,0.2361879,0.0014096297,0.02589741,0.0142951775
937,0.111358285,0.59286785,0.050422266,0.012343014,0.22366376,0.0023076413,0.0069955196,4.1671963e-05
938,0.22820166,0.28261954,0.1234031,0.05882243,0.21932931,0.003916762,0.058151666,0.025555572
939,0.15423766,0.20928805,0.16523847,0.07320058,0.2847133,0.0049625696,0.072589494,0.03576985
940,0.16719946,0.0023699717,0.20455438,0.11924185,0.36362574,0.0044189035,0.07076622,0.06782339
941,0.17957346,0.0014475926,0.20621654,0.09962772,0.3856738,0.00329113,0.057850674,0.06631908
942,0.17762998,0.0030334848,0.20890877,0.10008728,0.36531588,0.0050346428,0.079672724,0.060317222
943,0.18287079,0.0022722739,0.21750426,0.120635994,0.36794916,0.0035108826,0.053551983,0.05170466
944,0.16863438,0.002058489,0.16611803,0.10542753,0.30849877,0.0072879256,0.10363184,0.13834296
945,0.1812638,0.0028527,0.18757623,0.095901236,0.31434232,0.008913472,0.10181544,0.10733479
946,0.17636913,0.0027415717,0.19954683,0.102267094,0.3549366,0.005882507,0.08275067,0.0755056
947,0.18409191,0.002285463,0.21864757,0.11161178,0.37015513,0.0033190667,0.04486615,0.065022945
948,0.18561384,0.0049860384,0.20028733,0.100692295,0.3245939,0.0073773717,0.08678979,0.0896594
949,0.16769671,0.0030370094,0.21996576,0.1352891,0.37154236,0.002275027,0.044596426,0.055597566
950,0.16684103,0.005294947,0.1510996,0.10861906,0.26242968,0.009676615,0.12834284,0.16769622
951,0.18399693,0.0022815478,0.2082241,0.112169,0.35971016,0.0047843545,0.06399239,0.06484155
952,0.1781446,0.002601123,0.20293146,0.0997236,0.35930398,0.0050263023,0.082929865,0.06933906
953,0.18487024,0.0041539613,0.21974966,0.08938956,0.3744495,0.005166186,0.056695033,0.06552589
954,0.18079703,0.003084144,0.21029852,0.10316905,0.364457,0.0047228555,0.07069974,0.06277168
955,0.18063657,0.006110256,0.19746813,0.100539945,0.3242327,0.008261491,0.09744558,0.08530531
956,0.19739817,0.06913784,0.18174551,0.088664725,0.33795017,0.005025633,0.060283944,0.059793957
957,0.20776144,0.2619813,0.090970136,0.06511774,0.2808454,0.003199611,0.040209685,0.049914703
958,0.22826569,0.35584342,0.06798765,0.047427677,0.24688,0.00066498976,0.025858516,0.027072089
959,0.24319398,0.47203785,0.042671528,0.02149406,0.18473753,0.00047216227,0.018635357,0.01675754
960,0.2587302,0.46305668,0.04084897,0.015910113,0.18905674,0.0008862629,0.01665426,0.01485676
961,0.23333412,0.39535603,0.06999085,0.033338323,0.21029599,0.0013749854,0.037518863,0.018790806
962,0.26364323,0.36225763,0.08378886,0.036107432,0.17912103,0.0028100568,0.05725984,0.015011964
963,0.13853022,0.3549804,0.101641394,0.20036055,0.10112877,0.023833469,0.06903949,0.010485732
964,0.15294762,0.68552417,0.020083075,0.079160504,0.03432831,0.005868228,0.02201463,7.346501e-05
965,0.1452491,0.54104435,0.042784832,0.15480207,0.04789525,0.029736904,0.0347183,0.0037692438
966,0.15373476,0.4897519,0.05276332,0.15180881,0.054117676,0.05461731,0.036316242,0.00688999
967,0.1510153,0.6611812,0.036971647,0.074081846,0.02884372,0.0032521866,0.043665886,0.0009882718
968,0.044518694,0.9379016,0.0010271356,0.003264955,0.00015936622,0.003314403,0.009813678,2.0365471e-07
969,0.0029562637,0.99239975,2.7865635e-05,0.002563317,2.2642256e-05,0.00033578562,0.0016944623,4.1787615e-11
970,0.0049211495,0.94902545,0.0006877614,0.04347435,0.00037706087,0.0007649929,0.00074919075,1.5730096e-08
971,0.05158634,0.7888649,0.015519227,0.10863066,0.007890862,0.020949842,0.0064087133,0.00014952203
972,0.13832806,0.57797456,0.054628883,0.13496523,0.079899944,0.001288158,0.009157885,0.0037573637
973,0.23429342,0.62447757,0.0026351025,0.016026728,0.1208733,0.00022150992,0.0014636908,8.772502e-06
974,0.22789405,0.49743506,0.043746237,0.0402989,0.15588215,0.0011520118,0.027612342,0.0059792483
975,0.20624581,0.6146031,0.024781998,0.011984338,0.12605794,0.00038333092,0.014494027,0.001449482
976,0.2544696,0.52926826,0.03956826,0.019245937,0.11007789,0.0010909238,0.032498103,0.013780989
977,0.20861675,0.5083758,0.069328696,0.02044991,0.14880483,0.0010889343,0.032892443,0.010442566
978,0.09096297,0.43183354,0.085514694,0.023550665,0.36170447,0.0011104225,0.005262643,6.055688e-05
979,0.20521581,0.29380012,0.10949529,0.07508357,0.24373738,0.0026646839,0.043858703,0.026144449
980,0.21765801,0.37944892,0.09120137,0.035880726,0.22001506,0.0015856043,0.0343788,0.019831518
981,0.19183269,0.075394504,0.17531364,0.0981041,0.31982338,0.0046424707,0.06828326,0.06660595
982,0.17650469,0.0006747962,0.19152378,0.08701756,0.3721742,0.0058129067,0.097024135,0.06926794
983,0.17504296,0.0032474832,0.17807464,0.10350364,0.30286866,0.009181149,0.106603995,0.12147743
984,0.18890613,0.0011678984,0.22423892,0.1124712,0.36820787,0.0046493537,0.05734124,0.04301742
985,0.17675635,0.01786816,0.21491325,0.08280061,0.36243248,0.009597481,0.09097438,0.044657286
986,0.19697386,0.0064804675,0.21390684,0.09447084,0.2929699,0.012224546,0.09756642,0.08540709
987,0.18531431,0.0019212045,0.21249539,0.0964648,0.34012866,0.006196736,0.07702856,0.080450356
988,0.17131348,0.0031812624,0.16688809,0.10708834,0.28747815,0.008196068,0.11057757,0.14527698
989,0.18441457,0.0038713876,0.19119649,0.089502305,0.30435732,0.008622544,0.103914455,0.1141209
990,0.16650885,0.0024806352,0.19283248,0.10046471,0.3631617,0.004746949,0.09708964,0.072714984
991,0.18041308,0.0075887903,0.17004071,0.10398172,0.259599,0.012514216,0.14286537,0.12299705
992,0.18416993,0.0018994891,0.2199941,0.09316052,0.37218648,0.0044592516,0.068794,0.055336203
993,0.18327533,0.0018557729,0.21829388,0.0966549,0.37867078,0.004731348,0.06567657,0.050841413
994,0.17844062,0.004304455,0.22283459,0.098066546,0.38171366,0.0046723248,0.054740753,0.055227034
995,0.18371615,0.0021805484,0.20583887,0.08680807,0.37254924,0.006329447,0.074769095,0.06780858
996,0.19256964,0.10083064,0.14290561,0.08191878,0.31682846,0.005999136,0.08197092,0.076976806
997,0.2640573,0.4268238,0.050651804,0.026653532,0.17799142,0.0016754267,0.030576054,0.021570623
998,0.18423952,0.24050748,0.1292551,0.07076547,0.2939323,0.004424081,0.039867733,0.03700833
999,0.254161,0.49422175,0.04301677,0.013550964,0.13777114,0.00075856305,0.03472473,0.021795064
1000,0.24370374,0.44197387,0.05907869,0.027455634,0.17871408,0.001900125,0.028930405,0.018243443
1001,0.26680762,0.45160985,0.048216213,0.016858324,0.16328166,0.00073199713,0.033688825,0.018805558
1002,0.23580936,0.47136945,0.04665953,0.03077791,0.17157704,0.00092242286,0.030664083,0.01222024
1003,0.24683666,0.41139746,0.054079276,0.041896958,0.19847296,0.00082532474,0.03282581,0.01366562
1004,0.23119302,0.6518196,0.035108693,0.015618531,0.018449407,0.004159382,0.041538466,0.0021128932
1005,0.09729569,0.57386357,0.052692477,0.18803045,0.03495326,0.01801942,0.03386042,0.0012847732
1006,0.12726192,0.45883593,0.07158675,0.18211323,0.054077573,0.04477218,0.056342334,0.005010106
1007,0.10860554,0.65441895,0.04093178,0.112988316,0.023196712,0.018770006,0.0398193,0.0012693678
1008,0.13308902,0.43003544,0.070474595,0.08384505,0.006078115,0.20859209,0.063972734,0.0039129024
1009,0.08746798,0.7101183,0.033463825,0.06456063,0.0016645889,0.023510616,0.078966886,0.00024716888
1010,0.090312876,0.6416139,0.02575653,0.16504715,0.02989727,0.0032254087,0.043976944,0.00016995231
1011,0.07597409,0.83122903,0.0032981453,0.06464861,0.022465104,0.0016613621,0.0007009933,2.2651417e-05
1012,0.15627015,0.5013506,0.06597689,0.12004385,0.13495341,0.00166845,0.015575044,0.0041616424
1013,0.07936026,0.6922339,0.013724204,0.025336448,0.1875437,0.0006717674,0.0011286737,9.815406e-07
1014,0.2487032,0.6337756,0.01219443,0.027179642,0.056952655,0.0013617565,0.018979676,0.0008529912
1015,0.24633525,0.49107894,0.03493175,0.02945603,0.17039435,0.0013302948,0.023754125,0.002719201
1016,0.19468698,0.39238298,0.078917354,0.0483001,0.24180989,0.00091342215,0.028061919,0.014927326
1017,0.23636682,0.46905816,0.049673192,0.029453088,0.18018104,0.0009261419,0.025265882,0.009075706
1018,0.12276075,0.5539723,0.055539712,0.02567941,0.2322989,0.001213386,0.008397994,0.00013756995
1019,0.24742673,0.42364317,0.08437602,0.031527158,0.13446648,0.0023139708,0.06031484,0.015931554
1020,0.19393365,0.25091794,0.12396572,0.064617425,0.27720004,0.0034245623,0.04996247,0.03597813
1021,0.18764935,0.12755077,0.16623501,0.08993262,0.2960308,0.0064122016,0.06318548,0.06300375
1022,0.20359324,0.10904777,0.15748473,0.05448566,0.21999422,0.011606307,0.15711822,0.08666985
1023,0.18004718,0.010175684,0.18206999,0.06957474,0.26733887,0.013575401,0.16095036,0.11626771
1024,0.18249881,0.0027128847,0.2271102,0.11086246,0.37428078,0.0041261776,0.058329854,0.040078916
1025,0.13720797,0.06810532,0.21457773,0.06878354,0.45587036,0.005314159,0.030415913,0.019725071
1026,0.16902559,0.002666465,0.19243407,0.11625299,0.33768803,0.0065000346,0.09220109,0.08323177
1027,0.17976585,0.002663004,0.22399665,0.1162272,0.36755472,0.0035225097,0.055044565,0.051225513
1028,0.1808954,0.003001335,0.21479131,0.10969442,0.37258375,0.0039938274,0.060719773,0.054320153
1029,0.17141761,0.0052631367,0.18236676,0.1137823,0.3188481,0.0077278703,0.087536156,0.113058046
1030,0.17625003,0.003839236,0.19783188,0.09627297,0.36620536,0.0047552004,0.086934365,0.06791093
1031,0.16925289,0.0042167585,0.17828274,0.10494348,0.29678333,0.009534981,0.119115524,0.11787028
1032,0.1763335,0.0026592272,0.214743,0.09778691,0.37528545,0.004059083,0.06529638,0.063836455
1033,0.18419078,0.0038353605,0.22581774,0.111379795,0.37780738,0.0029547785,0.043939352,0.050074812
1034,0.17971194,0.0016631766,0.2063535,0.08642431,0.36669683,0.005958117,0.084780335,0.068411775
1035,0.18438154,0.14367923,0.14419639,0.08346536,0.2525824,0.006386531,0.118883066,0.06642542
1036,0.21607628,0.30254382,0.101547934,0.056208078,0.24167842,0.0020897447,0.04939316,0.030462645
1037,0.2419637,0.36623397,0.11288241,0.02576596,0.15459764,0.005630807,0.073224,0.019701503
1038,0.195737,0.34736928,0.07963714,0.04867583,0.26417255,0.0022508537,0.029357323,0.032799996
1039,0.23707248,0.37219343,0.06195984,0.04088469,0.23167026,0.0009953305,0.02697041,0.028253589
1040,0.2684546,0.542996,0.03231171,0.0078640105,0.10720258,0.00061202614,0.02668791,0.013871189
1041,0.2297659,0.44431457,0.040952094,0.025788814,0.22443217,0.0007586887,0.015875574,0.018112147
1042,0.37175062,0.5045501,0.021047968,0.01068365,0.05505144,0.0020905223,0.032974664,0.0018509895
1043,0.2734369,0.4121019,0.034822352,0.095515594,0.14598021,0.0039881864,0.030609962,0.003544885
1044,0.26980072,0.67095363,0.011823907,0.0063800765,0.005646655,0.0068433145,0.02838766,0.00016405701
1045,0.11866108,0.5835953,0.04706279,0.17034437,0.043598335,0.0032901873,0.032365732,0.0010822071
1046,0.09687391,0.53012407,0.051674623,0.23240985,0.044409752,0.026376389,0.016234836,0.0018965681
1047,0.12728557,0.47687632,0.0603132,0.1553632,0.015027974,0.12926266,0.030323055,0.0055479975
1048,0.12291121,0.57071155,0.06796292,0.10245378,0.023619263,0.004466052,0.107020244,0.0008549609
1049,0.019639507,0.86441857,0.0063835466,0.08773876,0.0005972425,0.0018874975,0.019329928,4.9582814e-06
1050,0.08032593,0.66350746,0.032395974,0.18078758,0.036670372,0.0013579425,0.004556482,0.00039829675
1051,0.1077141,0.4520429,0.12078131,0.18714991,0.088895075,0.0061091655,0.034309912,0.0029976536
1052,0.18332987,0.4553661,0.06337793,0.09999727,0.06444809,0.060091566,0.069004856,0.004384286
1053,0.27488002,0.42948753,0.049051717,0.071142495,0.1376127,0.0016982949,0.022234166,0.0138930995
1054,0.2391662,0.5061823,0.040881835,0.027844489,0.15066789,0.0017800238,0.021632504,0.011844636
1055,0.21651922,0.47723976,0.04689214,0.045492176,0.1823059,0.0016453591,0.026862392,0.0030430253
1056,0.24133466,0.39933893,0.08766112,0.04647144,0.15416628,0.0036006668,0.0534308,0.013996138
1057,0.21834084,0.4392668,0.07939203,0.029989459,0.12501563,0.0059048855,0.09582205,0.006268289
1058,0.24543548,0.52044576,0.050989825,0.021348692,0.10454454,0.0016307683,0.041959945,0.013644969
1059,0.19702351,0.3417555,0.10522626,0.06456043,0.21463561,0.0030129983,0.040907476,0.03287823
1060,0.22388946,0.38636056,0.08937187,0.040239777,0.1764437,0.0025589508,0.047717027,0.033418708
1061,0.20876583,0.34809327,0.122739114,0.036767658,0.18075106,0.0030136371,0.06407808,0.03579138
1062,0.1959546,0.13290222,0.16472043,0.07129185,0.27278292,0.005810197,0.08593051,0.070607215
1063,0.16875413,0.017460274,0.18760444,0.1182208,0.33265722,0.004792429,0.09747498,0.07303578
1064,0.16258785,0.01650345,0.16422637,0.13365708,0.28183967,0.008847772,0.14606467,0.0862731
1065,0.16459182,0.00626067,0.16987482,0.1194428,0.3032807,0.006535259,0.12144993,0.10856401
1066,0.17743674,0.004239735,0.22031021,0.11403389,0.3706388,0.003792239,0.061952636,0.047595773
1067,0.17752096,0.0026148658,0.23396447,0.11839194,0.3702431,0.0037133337,0.051776472,0.041774828
1068,0.17089166,0.011155661,0.18237334,0.10080659,0.3033071,0.007867442,0.11434599,0.109252244
1069,0.18360236,0.020128718,0.2007093,0.09322469,0.34214923,0.0061170366,0.092073224,0.061995402
1070,0.17712738,0.012917084,0.17573602,0.08385422,0.27098605,0.010197957,0.13727146,0.13190979
1071,0.18627481,0.013383488,0.21115285,0.084276944,0.34255162,0.0066243466,0.09004209,0.0656938
1072,0.1823217,0.011394432,0.21775045,0.09106797,0.3523796,0.0058510816,0.081521094,0.05771372
1073,0.1790583,0.02152204,0.1989923,0.09772408,0.3513738,0.0055680764,0.08728326,0.058478095
1074,0.22249275,0.2655077,0.110709056,0.068245046,0.25592622,0.0020027591,0.04761411,0.027502391
1075,0.23063293,0.34661502,0.10417567,0.042767905,0.19462104,0.0026554705,0.053456284,0.025075685
1076,0.2527342,0.3216888,0.0967709,0.05025778,0.19409187,0.0046690535,0.055082235,0.024705162
1077,0.24354789,0.43354326,0.0578091,0.024062198,0.19100636,0.00089706253,0.030444775,0.018689327
1078,0.23414165,0.39213306,0.073289126,0.030075416,0.21802446,0.0012368114,0.03259947,0.018500077
1079,0.36464146,0.46083087,0.022674559,0.01665794,0.106811814,0.0024743746,0.018096175,0.007812786
1080,0.29290563,0.4984883,0.0256938,0.03272973,0.107528225,0.0017730807,0.031119015,0.009762266
1081,0.3034375,0.3916219,0.032520384,0.061795875,0.17281617,0.0032424463,0.023444489,0.011121233
1082,0.1860713,0.4775665,0.032734185,0.17992902,0.08986322,0.0033803328,0.02837891,0.0020765369
1083,0.1635398,0.3425655,0.09093847,0.18377078,0.08578286,0.06776642,0.055658612,0.009977561
1084,0.13662116,0.72500014,0.03478696,0.052095298,0.009989466,0.005236882,0.036071245,0.00019881869
1085,0.09123924,0.65888053,0.039527055,0.14024216,0.017861633,0.0102459695,0.039791934,0.0022115659
1086,0.109838516,0.79516417,0.005355465,0.0047371252,8.948798e-05,0.0060230265,0.07878669,5.5419896e-06
1087,0.15825,0.7943531,0.003967824,0.010169846,0.00020450364,0.00938047,0.023667227,7.013479e-06
1088,0.60610497,0.16273488,0.016965454,0.011625952,0.00089579244,0.013384906,0.1872423,0.0010458753
1089,0.0007935014,0.9903402,7.650714e-06,0.0031475406,3.7635568e-06,0.00039171544,0.0053155916,6.2842344e-12
1090,0.050224256,0.7814525,0.029375335,0.12415992,0.008061819,0.0014926458,0.005183169,5.0398863e-05
1091,0.10843999,0.21259645,0.19027287,0.3252535,0.1156523,0.019642929,0.01937463,0.008767374
1092,0.09257497,0.5834677,0.078155234,0.16060421,0.053086676,0.005165227,0.026413925,0.0005319621
1093,0.17749283,0.78628635,0.004360875,0.0056376914,0.002461104,0.0023245316,0.021429168,7.394414e-06
1094,0.20691735,0.49434006,0.05347728,0.10367134,0.081242,0.0048574666,0.054076552,0.0014179597
1095,0.2769297,0.53001016,0.029479913,0.043515716,0.0315663,0.045287725,0.037892446,0.0053180456
1096,0.27346835,0.66634214,0.012647992,0.0064704837,0.009099606,0.004156186,0.02709318,0.000722026
1097,0.29614297,0.5008387,0.041980945,0.010915309,0.062491737,0.004301691,0.07963316,0.0036955266
1098,0.19777165,0.5385179,0.056292232,0.02953145,0.08578804,0.003259768,0.0835443,0.005294651
1099,0.25424343,0.44445768,0.05901155,0.025500555,0.16435637,0.0008094255,0.032340676,0.019280368
1100,0.19327447,0.29036802,0.113451704,0.056493953,0.2687262,0.0015360167,0.03762515,0.038524464
1101,0.20148517,0.2964731,0.110208,0.08773289,0.21274495,0.0036114927,0.06282467,0.024919767
1102,0.24895653,0.42003173,0.058327205,0.02967718,0.18503955,0.0010246804,0.032185417,0.024757707
1103,0.20272227,0.24894282,0.12775558,0.064400874,0.25297686,0.0033970724,0.07278752,0.027017089
1104,0.2240732,0.3541671,0.10900904,0.032043237,0.1728696,0.0036609385,0.07890193,0.025274914
1105,0.19454326,0.38563016,0.0982018,0.0266802,0.19364086,0.0015552358,0.057163764,0.042584684
1106,0.18136625,0.10877142,0.17146154,0.09036129,0.29163635,0.00436167,0.08058285,0.0714587
1107,0.1726138,0.0032624893,0.20309524,0.10116904,0.3763267,0.004144059,0.08035725,0.059031416
1108,0.18838306,0.08556517,0.18714741,0.07715018,0.31539536,0.0058116727,0.08540646,0.055140667
1109,0.16978982,0.0658724,0.15019903,0.10812811,0.2581233,0.010530791,0.14096005,0.09639651
1110,0.1899433,0.082219906,0.18844646,0.078004524,0.3158061,0.00511882,0.07721226,0.063248664
1111,0.18882181,0.13298862,0.15058133,0.059069946,0.22590408,0.008586844,0.12423952,0.10980779
1112,0.20574027,0.2508423,0.11241702,0.051531684,0.24747811,0.0027738437,0.066979155,0.06223765
1113,0.19640565,0.1812053,0.14203846,0.07062743,0.26586536,0.003956161,0.067731276,0.07217044
1114,0.1901671,0.2862881,0.1082898,0.061167404,0.28558058,0.0016986975,0.03452515,0.032283176
1115,0.21980478,0.29878613,0.10537513,0.058096986,0.24822393,0.0016611809,0.04200247,0.026049333
1116,0.27267483,0.46846792,0.05393131,0.016474731,0.12062803,0.001745914,0.046804134,0.019273192
1117,0.26023188,0.39407033,0.07812914,0.029470092,0.16220212,0.0032716254,0.056664437,0.0159604
1118,0.21201539,0.53339434,0.04919432,0.016257828,0.14116617,0.00065939996,0.02922571,0.018086825
1119,0.285256,0.4456157,0.05027221,0.022266842,0.13909204,0.001819782,0.03961167,0.016065802
1120,0.34911835,0.55492383,0.021377768,0.0071526705,0.022290273,0.0048962897,0.037712373,0.0025284681
1121,0.19542994,0.6472323,0.032595236,0.040116757,0.01994779,0.022786599,0.04088981,0.0010015583
1122,0.23378511,0.3543022,0.044093966,0.11380649,0.19768266,0.0037503806,0.04212087,0.010458335
1123,0.17543745,0.6147082,0.025125304,0.09280938,0.053243093,0.0015523318,0.036880568,0.00024370462
1124,0.11204922,0.46914643,0.08699872,0.17647731,0.04503354,0.037517272,0.06852243,0.0042551197
1125,0.1197787,0.31196013,0.108403504,0.2753838,0.074481,0.06317899,0.039734185,0.0070797163
1126,0.05999019,0.63419443,0.04359081,0.22839783,0.018826496,0.0031524524,0.011539703,0.00030803584
1127,0.053176012,0.8740045,0.0014071001,0.0034857972,2.2919812e-05,0.002551006,0.06535247,2.7320374e-07
1128,0.042727873,0.95195514,0.00058890524,0.0008825008,0.00011979194,0.00017221547,0.0035533826,7.9895145e-08
1129,0.19538543,0.46861684,0.057534177,0.067833625,0.007046396,0.12751566,0.070444696,0.005623156
1130,0.12828796,0.6849754,0.032807916,0.09954447,0.043117914,0.0023234934,0.008685867,0.00025697492
1131,0.09070648,0.28391024,0.13000916,0.2892025,0.11144897,0.012661435,0.074583136,0.007478005
1132,0.12694718,0.44369632,0.07994885,0.20637088,0.07340899,0.02060577,0.046905413,0.0021165644
1133,0.138311,0.61981773,0.043273218,0.11909032,0.04112068,0.0045066127,0.033197876,0.00068253087
1134,0.1853544,0.38667288,0.0685002,0.119871795,0.044053096,0.11732413,0.06807949,0.010143964
1135,0.31838208,0.50201124,0.030311318,0.023420703,0.073393025,0.0045510842,0.03762274,0.010307799
1136,0.23640625,0.47082946,0.059999377,0.032072827,0.14882594,0.0009921229,0.034520954,0.01635312
1137,0.23000614,0.5465905,0.053298682,0.017468274,0.09346315,0.00091519696,0.040994152,0.017263863
1138,0.2516914,0.3910594,0.069334544,0.063192725,0.160883,0.0026812756,0.043592975,0.017564671
1139,0.21719238,0.5556966,0.05489669,0.022077397,0.10785197,0.00067878433,0.029469976,0.012136233
1140,0.23577946,0.44663057,0.0759845,0.025448762,0.14966752,0.0009040792,0.044851415,0.020733647
1141,0.24967855,0.39388338,0.071221314,0.03978991,0.19048984,0.00081072486,0.0343106,0.019815687
1142,0.29429987,0.5147997,0.03795359,0.010379559,0.08660949,0.0006339974,0.03215956,0.023164228
1143,0.21759775,0.2973936,0.11953928,0.077097796,0.21132119,0.0025246693,0.05626146,0.01826428
1144,0.21467344,0.47161797,0.072994895,0.027157499,0.16337584,0.0010250784,0.037440155,0.011715146
1145,0.20388767,0.24060956,0.13146716,0.07025044,0.2501189,0.0029986133,0.060742415,0.039925274
1146,0.19939837,0.32786158,0.1016839,0.07909988,0.22228526,0.0015496776,0.037411578,0.030709801
1147,0.24031092,0.559779,0.04469984,0.029277064,0.057877645,0.006084827,0.04466877,0.017301973
1148,0.24222654,0.4797412,0.05538401,0.054050006,0.11532807,0.0049039004,0.03594592,0.012420305
1149,0.23842181,0.43849254,0.071654774,0.02994457,0.14707763,0.0014342534,0.04658434,0.02639004
1150,0.17691979,0.51285946,0.08442168,0.02966124,0.08763309,0.0063132592,0.05342699,0.048764493
1151,0.23570214,0.33863267,0.09701695,0.047619272,0.19469722,0.003877346,0.06023943,0.022214968
1152,0.20679325,0.38861337,0.09378334,0.055180214,0.18367592,0.0015514491,0.052883174,0.01751926
1153,0.2018132,0.39698926,0.112805575,0.051284082,0.16729456,0.002090299,0.041648075,0.026074948
1154,0.24565801,0.378946,0.07569854,0.041194953,0.18983696,0.0016579889,0.038618926,0.028388666
1155,0.28088266,0.3906543,0.0803595,0.035746638,0.127514,0.0058039245,0.068069875,0.010969098
1156,0.3380412,0.5262017,0.03033295,0.008327732,0.04185303,0.003962428,0.04111721,0.01016373
1157,0.2264709,0.47739306,0.050323553,0.02613144,0.17816453,0.00039749334,0.024300247,0.016818795
1158,0.32547528,0.46470055,0.039001994,0.01741632,0.094863914,0.0018576614,0.0464285,0.010255806
1159,0.28170678,0.41573042,0.04743922,0.060835317,0.12654838,0.003956132,0.052436095,0.011347725
1160,0.15467185,0.32854638,0.08158676,0.1880494,0.072963536,0.117521636,0.039782695,0.016877713
1161,0.11841978,0.5797302,0.045877267,0.15591459,0.046447173,0.004348053,0.04874139,0.000521513
1162,0.13700129,0.5291596,0.07409299,0.13942266,0.09645973,0.0018588968,0.018272333,0.0037325707
1163,0.12233437,0.41283754,0.08409682,0.22996718,0.07361393,0.035482164,0.037408758,0.004259247
1164,0.09401632,0.62045884,0.06611225,0.15320832,0.023462338,0.0051425872,0.036827374,0.0007719296
1165,0.05942975,0.8049405,0.032576334,0.07721926,0.0037110238,0.0016293242,0.020482458,1.1302924e-05
1166,0.0033037222,0.9815015,1.8061042e-05,0.001411141,1.7108642e-06,0.0012002996,0.012563541,2.2342285e-10
1167,0.010103273,0.79321986,0.0077661993,0.16878825,0.013318393,0.0040535834,0.0027437285,6.658602e-06
1168,0.11280893,0.6864305,0.026644947,0.09883153,0.02535689,0.004675841,0.04517645,7.49433e-05
1169,0.12144171,0.4649389,0.075638905,0.14541616,0.043690506,0.11307759,0.019632522,0.016163737
1170,0.059063096,0.7013007,0.056381464,0.114092074,0.0070561394,0.01446883,0.047541667,9.6116724e-05
1171,0.12949689,0.32560906,0.08702889,0.24887875,0.06959884,0.07441039,0.056657918,0.008319306
1172,0.15514444,0.51117706,0.06267359,0.10730068,0.032177046,0.07563374,0.050909847,0.0049836403
1173,0.19195887,0.41187352,0.04305437,0.12664224,0.15402156,0.0067456244,0.051006585,0.014697228
1174,0.18805283,0.5053677,0.039732415,0.04270119,0.19846275,0.00039711365,0.01106966,0.01421636
1175,0.23398368,0.37398514,0.062062263,0.07313204,0.20352174,0.001984102,0.03910981,0.012221139
1176,0.26504984,0.4616283,0.055186953,0.037151303,0.117138766,0.0042577637,0.04562906,0.013957917
1177,0.21890353,0.4554338,0.06337778,0.05131143,0.16136111,0.0009366295,0.032933615,0.015742078
1178,0.21919048,0.3839719,0.09714926,0.04534234,0.19684467,0.0018322194,0.039926928,0.015742214
1179,0.2720113,0.480812,0.059231356,0.014004465,0.11145284,0.0012567877,0.04471318,0.016518015
1180,0.26428878,0.51639956,0.042053096,0.015759777,0.11726288,0.0005229778,0.027584659,0.016128246
1181,0.21881261,0.3042056,0.12030962,0.046467554,0.1759229,0.007381787,0.09654316,0.030356778
1182,0.25727227,0.4825275,0.06584253,0.02373727,0.10233706,0.001598323,0.054478016,0.012207077
1183,0.24172938,0.53905773,0.045312174,0.01791586,0.10888064,0.00072072237,0.029477686,0.016905824
1184,0.21775675,0.396576,0.0969512,0.03513546,0.1823357,0.002902353,0.04705794,0.021284599
1185,0.25074217,0.4932776,0.063078135,0.01571732,0.12979357,0.00075456576,0.03312185,0.013514805
1186,0.20744278,0.5511081,0.06154425,0.0227173,0.11378652,0.0011089755,0.026805753,0.015486332
1187,0.1969067,0.5733903,0.056284443,0.024309965,0.105326355,0.0010593866,0.029165365,0.013557467
1188,0.23224907,0.5136797,0.06861228,0.020378025,0.10733015,0.0014072193,0.043070693,0.013272901
1189,0.25340018,0.4991688,0.057679474,0.018938165,0.10195881,0.001670823,0.050866835,0.016316896
1190,0.2750882,0.47428706,0.050069172,0.017544728,0.120846264,0.0010731352,0.043225236,0.017866215
1191,0.19379131,0.3581338,0.09676293,0.059194963,0.22900143,0.0016289661,0.041045483,0.02044114
1192,0.23512319,0.46069363,0.06132004,0.029414194,0.15978326,0.0006685914,0.035608806,0.017388303
1193,0.23398785,0.4429698,0.05666188,0.028528998,0.19019116,0.00071370235,0.028570313,0.018376276
1194,0.27601466,0.573841,0.02343483,0.008780958,0.08093147,0.0002650871,0.023669766,0.0130622415
1195,0.20434718,0.65412074,0.027111346,0.043581102,0.026315227,0.0101307025,0.03209572,0.0022979442
1196,0.25302696,0.3808151,0.06303999,0.048656598,0.19754829,0.0026897297,0.038077455,0.01614587
1197,0.21809682,0.5299126,0.03834055,0.07922122,0.09649457,0.0022279064,0.03408763,0.0016186382
1198,0.17014417,0.68140775,0.02740762,0.051705364,0.015528788,0.011489748,0.04187472,0.0004419631
1199,0.08945455,0.33140406,0.10322513,0.36270446,0.05344309,0.029199598,0.027757565,0.0028115525
1200,0.0810762,0.63668686,0.0405564,0.19315137,0.02729701,0.002293003,0.01855717,0.00038199624
1201,0.1286564,0.6305197,0.028994698,0.13988529,0.038101353,0.0045607747,0.028883897,0.00039794724
1202,0.10265215,0.7130357,0.02178721,0.09825988,0.010042946,0.00888239,0.045276675,6.305474e-05
1203,0.1374755,0.72785395,0.0023856752,0.0009294007,1.3519875e-05,0.013036539,0.11830263,2.8270997e-06
1204,0.0023092236,0.9959659,5.198724e-06,0.0007760535,4.98727e-06,5.781044e-05,0.00088086235,2.0391194e-11
1205,0.09383475,0.74107033,0.037794102,0.0919685,0.013648541,0.005439566,0.016104458,0.00013979193
1206,0.1077818,0.25091478,0.16319546,0.2683084,0.08507192,0.0770228,0.034213886,0.013490981
1207,0.1329417,0.56135774,0.04480309,0.16276084,0.07034177,0.00420096,0.022624677,0.0009691993
1208,0.13453756,0.52765423,0.046612043,0.18047093,0.050338127,0.019140465,0.039804645,0.0014419456
1209,0.11889891,0.6306818,0.048461698,0.13364543,0.03976937,0.0043892646,0.023738695,0.0004148186
1210,0.27237523,0.42735088,0.032336798,0.0786878,0.15817039,0.00085647847,0.016778698,0.013443703
1211,0.2682227,0.45987013,0.036802646,0.028012527,0.15703845,0.00076970377,0.026757354,0.022526484
1212,0.16774318,0.34988895,0.097015314,0.11748559,0.055414386,0.15653741,0.040695384,0.015219794
1213,0.2505247,0.49140155,0.043551616,0.039229285,0.11016562,0.0059074187,0.039717678,0.01950213
1214,0.2426084,0.5422495,0.045056157,0.015536606,0.11759618,0.00025061693,0.024039818,0.012662761
1215,0.2081324,0.39861166,0.09505501,0.0415091,0.16993138,0.002627748,0.06501978,0.019112969
1216,0.2570046,0.51117903,0.045966584,0.017674942,0.120924026,0.00045545562,0.027965272,0.01883014
1217,0.24603535,0.44413543,0.062627934,0.02994631,0.14530282,0.0020261132,0.048042167,0.021883953
1218,0.24217127,0.4649366,0.059525162,0.033505127,0.09364955,0.0030336736,0.09030132,0.012877255
1219,0.25258207,0.49727228,0.045405872,0.023390073,0.13689278,0.00082250376,0.026289975,0.017344398
1220,0.22535208,0.47865295,0.061770923,0.036938496,0.14079055,0.0011317028,0.037093155,0.018270127
1221,0.26684162,0.49998572,0.051021837,0.016597858,0.094721876,0.0011875877,0.047905173,0.021738304
1222,0.21996173,0.5170662,0.06415221,0.020647556,0.12928627,0.0018035909,0.036160592,0.010921869
1223,0.27581784,0.51934385,0.045538027,0.012391001,0.07642571,0.0032279908,0.043987814,0.023267776
1224,0.23225138,0.52819693,0.041643776,0.026633987,0.13425408,0.00048771367,0.020596256,0.015935836
1225,0.19000307,0.4135309,0.0986452,0.039818738,0.20572095,0.00090996514,0.040680345,0.010690843
1226,0.25998285,0.4699525,0.053250305,0.02165629,0.1269131,0.0012580346,0.041831378,0.025155565
1227,0.25193682,0.482164,0.047867835,0.020878544,0.14985326,0.0005297417,0.031318262,0.015451525
1228,0.2219943,0.42366067,0.06660192,0.050201662,0.17532028,0.0016787745,0.044288818,0.01625358
1229,0.21692643,0.39453554,0.07844366,0.04288968,0.21218072,0.0010481904,0.033677205,0.020298658
1230,0.2200766,0.36405566,0.07604868,0.054142095,0.22727391,0.0014661879,0.032860756,0.024076162
1231,0.26498988,0.4802435,0.05016292,0.0200727,0.1182726,0.00090787857,0.053610448,0.011740058
1232,0.14289087,0.7601181,0.01948388,0.02099068,0.0026430918,0.0077617015,0.045815744,0.00029593572
1233,0.35467178,0.42415744,0.03202357,0.027598478,0.11940144,0.0027226117,0.031950258,0.007474439
1234,0.2898605,0.444534,0.038996216,0.061192784,0.05736458,0.05389523,0.04381532,0.010341331
1235,0.17618671,0.3850824,0.07037375,0.11939256,0.047125034,0.1346439,0.053396698,0.013799002
1236,0.13675787,0.6001393,0.034662917,0.13879007,0.052455977,0.0026837252,0.03379348,0.0007166592
1237,0.095145114,0.39578378,0.10017957,0.2962322,0.074599124,0.006970122,0.028305246,0.0027847646
1238,0.08713031,0.2975767,0.105505586,0.39960492,0.07683273,0.0034968,0.02727383,0.0025792096
1239,0.047511432,0.8914347,0.0007522432,0.0031723063,4.498886e-05,0.003128365,0.05395582,8.006291e-08
1240,0.00044029867,0.9650647,1.5687135e-07,5.3236177e-05,3.2677412e-09,0.0053349654,0.029106652,3.8213997e-15
1241,0.0017878944,0.98383075,2.4000148e-05,0.0048243008,6.283047e-06,0.0028459737,0.0066808327,9.003443e-12
1242,0.1333983,0.56271034,0.06333778,0.07264174,0.010561606,0.12140128,0.03169458,0.0042544077
1243,0.08827434,0.7605522,0.0045831525,0.10694985,0.035480656,0.0027148942,0.0013821002,6.2788335e-05
1244,0.11548173,0.420533,0.07087724,0.1844656,0.18912025,0.011538579,0.0078524845,0.0001310832
1245,0.12055528,0.658026,0.06492091,0.085303254,0.014687884,0.024264434,0.03055438,0.0016878318
1246,0.15805967,0.36728603,0.10940176,0.18185598,0.15433107,0.0053999666,0.01645987,0.0072056823
1247,0.14373344,0.40820184,0.07673435,0.16175036,0.08001109,0.04414775,0.07470519,0.010715965
1248,0.22215983,0.5152927,0.048536245,0.054178048,0.043455593,0.04794716,0.06065845,0.0077719516
1249,0.28289074,0.47405425,0.037044946,0.03726892,0.12458204,0.0012554168,0.027323134,0.01558062
1250,0.25461593,0.5413576,0.047836304,0.022071356,0.08394607,0.0009483611,0.037597254,0.011627161
1251,0.2468115,0.4861992,0.05352671,0.03575323,0.13047583,0.0011485382,0.032442864,0.013642086
1252,0.19337806,0.38238794,0.089549996,0.041731767,0.22316977,0.0019174698,0.038191505,0.02967349
1253,0.2848273,0.47430408,0.040155735,0.053199377,0.08000643,0.0056273164,0.052111324,0.009768454
1254,0.3195291,0.5551945,0.024658851,0.007246715,0.053419515,0.0004999213,0.02857143,0.010879982
1255,0.22140129,0.44888484,0.06428234,0.04127549,0.17366044,0.0010142664,0.02704263,0.0224387
1256,0.23202449,0.46003336,0.06886622,0.018184876,0.14015919,0.0007941241,0.044919573,0.035018194
1257,0.21851131,0.41963387,0.07860573,0.04479044,0.1790061,0.0017160781,0.03629295,0.021443557
1258,0.36251897,0.4602757,0.023779882,0.009823601,0.09979721,0.0025941003,0.029001273,0.012209256
1259,0.21924627,0.43738985,0.07480746,0.053298377,0.15029064,0.0034825746,0.050219398,0.011265408
1260,0.20828255,0.6534252,0.02952953,0.018400026,0.060076825,0.0014810251,0.01203299,0.01677185
1261,0.22806548,0.4858261,0.06339077,0.04760568,0.113105126,0.002550912,0.046810586,0.012645352
1262,0.29505262,0.4852287,0.047438357,0.013292304,0.08993799,0.0019087225,0.05030335,0.016837902
1263,0.20188314,0.4765007,0.07002654,0.018275235,0.1785993,0.0008619421,0.026195034,0.027658135
1264,0.25469294,0.51238173,0.0471333,0.02030339,0.10884811,0.0013659728,0.039228134,0.016046394
1265,0.24542575,0.4793318,0.0635784,0.021592323,0.13704205,0.0010929793,0.03462702,0.017309714
1266,0.2225748,0.39786947,0.06437003,0.038348682,0.22867317,0.0012396888,0.030084614,0.016839594
1267,0.27267697,0.35852265,0.07289482,0.062448736,0.16390413,0.0053811115,0.05027539,0.0138962595
1268,0.17752671,0.50172365,0.047496542,0.03157737,0.005062425,0.15385956,0.079482906,0.0032708305
1269,0.2454114,0.4830755,0.037836555,0.08616273,0.10949319,0.0026760376,0.033258997,0.0020855616
1270,0.22214052,0.43209854,0.07219671,0.090624236,0.08012751,0.0475089,0.04493893,0.010364691
1271,0.076742426,0.5042258,0.081512235,0.26499173,0.04278838,0.0050039007,0.02286504,0.001870428
1272,0.09992892,0.80851245,0.010695705,0.049826965,0.004260719,0.0016240111,0.025102383,4.8905637e-05
1273,0.10265688,0.6463575,0.0407122,0.12362517,0.011063257,0.038738105,0.03493125,0.0019156182
1274,0.05724128,0.6933241,0.07313396,0.12685463,0.0067260806,0.019667134,0.021699088,0.001353662
1275,0.025969097,0.88230187,0.00027234587,0.00081219495,4.6984765e-06,0.0048027914,0.08583691,1.2768807e-08
1276,0.034233343,0.81636393,0.0035971317,0.115136445,0.029404258,0.0006293794,0.0006315189,3.964163e-06
1277,0.14446083,0.6297086,0.053888477,0.08679126,0.06704029,0.004986411,0.012772348,0.00035179692
1278,0.07452782,0.5110638,0.06962889,0.21543531,0.12336408,0.0023793017,0.003466474,0.0001342851
1279,0.1210654,0.2301059,0.12996052,0.3102589,0.12450609,0.012971124,0.06390546,0.007226567
1280,0.11623038,0.47721663,0.08901257,0.19111572,0.0809899,0.0045021614,0.039235402,0.0016972484
1281,0.10732327,0.31025282,0.1152065,0.26941398,0.09435087,0.009286794,0.08950243,0.0046633417
1282,0.2325505,0.38520378,0.06622735,0.10612342,0.11264209,0.034927607,0.048061002,0.014264198
1283,0.32009432,0.47162786,0.02198365,0.047424138,0.11002342,0.0010068418,0.021059664,0.0067801094
1284,0.30567083,0.49783948,0.03403576,0.025245547,0.09127707,0.0009914815,0.034451805,0.0104879625
1285,0.28650948,0.46539855,0.050339606,0.030528273,0.078688055,0.0067198877,0.07257042,0.009245813
1286,0.23941767,0.35842088,0.07265705,0.063601136,0.188449,0.0057583675,0.049142607,0.022553336
1287,0.15117417,0.59538144,0.051382057,0.097790025,0.044406295,0.0032572136,0.05444516,0.0021636502
1288,0.30981258,0.5008896,0.033943728,0.032683805,0.077389576,0.0027441978,0.03722141,0.0053151282
1289,0.22698589,0.45266965,0.06197676,0.04496318,0.1665381,0.0014288997,0.032226775,0.013210736
1290,0.23867437,0.54452133,0.044738077,0.015325982,0.09690333,0.0010799589,0.038154405,0.020602578
1291,0.24023311,0.46579242,0.06391808,0.03320067,0.13269892,0.0023573132,0.04329921,0.018500263
1292,0.3393954,0.5144674,0.022171862,0.00815214,0.08498557,0.004352226,0.02417291,0.0023023987
1293,0.2242406,0.29763275,0.088148,0.1103528,0.12129601,0.0739024,0.06860856,0.015818946
1294,0.2835726,0.50371486,0.047158834,0.015341913,0.09267474,0.0010212718,0.040816903,0.015698882
1295,0.25708446,0.5189713,0.04498394,0.023409255,0.110318266,0.00076379493,0.033027362,0.011441593
1296,0.25524947,0.44429496,0.0541108,0.0330211,0.08398862,0.009454295,0.09839419,0.021486621
1297,0.22178786,0.3128478,0.076108605,0.0676633,0.24747784,0.0021915317,0.033769887,0.03815314
1298,0.33170936,0.5007979,0.030007321,0.017231219,0.07250697,0.0017388319,0.040714428,0.0052939206
1299,0.26297098,0.4126124,0.06751202,0.03797618,0.16379525,0.0022115263,0.0354453,0.017476402
1300,0.2403913,0.46224508,0.04206367,0.03274347,0.18089008,0.0005327135,0.022593353,0.018540302
1301,0.33486384,0.44693175,0.02288079,0.029682942,0.13177621,0.0009663386,0.023029517,0.009868615
1302,0.17706276,0.55451846,0.041300036,0.09146123,0.03130771,0.068273105,0.028502956,0.0075736935
1303,0.14423914,0.62958634,0.040379647,0.08850454,0.037019614,0.0046906364,0.05483047,0.0007495689
1304,0.17407693,0.6143722,0.050596923,0.061502848,0.060946718,0.001230355,0.036065865,0.0012082262
1305,0.108330965,0.47757426,0.06966596,0.21274832,0.07341336,0.010902485,0.042632192,0.004732391
1306,0.1139629,0.41561323,0.087353565,0.19986793,0.065051824,0.040625207,0.06952575,0.007999589
1307,0.058711406,0.80111,0.006815057,0.11761112,0.0061660483,0.0021600993,0.0074145547,1.1733064e-05
1308,0.020814179,0.94978076,0.00011702979,0.0010832819,2.211213e-06,0.0018633051,0.026339302,7.5638734e-10
1309,0.04391158,0.94877195,0.0005020143,0.0017003639,7.005579e-05,0.0006473316,0.0043964614,1.527156e-07
1310,0.15042298,0.62576133,0.034240264,0.080640465,0.015698899,0.07516636,0.015983697,0.0020859288
1311,0.10189421,0.5690422,0.076486126,0.096266374,0.010454737,0.11540049,0.02638839,0.0040675043
1312,0.1174508,0.11234035,0.18160596,0.34546342,0.13864625,0.015844066,0.07619757,0.012451594
1313,0.13247073,0.38486156,0.124420494,0.1765922,0.08156914,0.046418015,0.044457734,0.009210095
1314,0.13841154,0.71506834,0.024828337,0.07612259,0.023942739,0.0012213503,0.020048654,0.000356482
1315,0.17390776,0.36197338,0.090730086,0.13979161,0.0734661,0.08838989,0.05129975,0.020441456
1316,0.29444906,0.4548436,0.038168896,0.06236891,0.10722817,0.003182003,0.03630187,0.0034575043
1317,0.17207304,0.42313802,0.099191,0.09801709,0.048046365,0.10069843,0.048331693,0.010504343
1318,0.23679982,0.3918319,0.05039262,0.13689357,0.09448554,0.058045477,0.025200097,0.006350964
1319,0.12954688,0.6373525,0.051076382,0.03070566,0.0052279364,0.054777883,0.090504855,0.0008078543
1320,0.23032524,0.30403504,0.10451369,0.08963571,0.184811,0.008858433,0.061469164,0.01635179
1321,0.21033537,0.3985488,0.069944546,0.061587814,0.2087975,0.00077960914,0.027414965,0.022591399
1322,0.21403547,0.35610527,0.08383308,0.08076344,0.21173985,0.0021272162,0.034115665,0.017280012
1323,0.22962986,0.48055196,0.054064438,0.036787234,0.15820302,0.0012684593,0.0264457,0.013049362
1324,0.19111325,0.63472825,0.024417317,0.04933232,0.026153663,0.057030387,0.014793519,0.0024312574
1325,0.2008205,0.42245814,0.053017996,0.029925967,0.006944125,0.16423671,0.121167265,0.0014292096
1326,0.3051445,0.5056659,0.03491193,0.017826278,0.029488148,0.020862032,0.07746382,0.008637448
1327,0.2621919,0.57520765,0.030687166,0.009917273,0.08261461,0.00044699636,0.024716925,0.01421755
1328,0.22170763,0.43894258,0.06751219,0.05473749,0.08238018,0.014993606,0.11299818,0.006728127
1329,0.20341498,0.26324108,0.10878638,0.10628708,0.2502146,0.0027779338,0.038636412,0.026641442
1330,0.2766548,0.4122012,0.05782404,0.055423442,0.14148119,0.0018353546,0.046464063,0.008115849
1331,0.2645821,0.40908933,0.063632056,0.061437048,0.1309145,0.0026260165,0.055571996,0.012146918
1332,0.2800425,0.4279248,0.035358332,0.084300086,0.12444929,0.006623266,0.034225337,0.007076378
1333,0.2749235,0.4812991,0.03011985,0.06783785,0.10840607,0.003462834,0.024472743,0.009478087
1334,0.11710604,0.5373491,0.053072885,0.19195051,0.044133935,0.012268312,0.0424462,0.0016729853
1335,0.12062147,0.48349065,0.06461755,0.20099837,0.06629964,0.006032944,0.05406562,0.00387378
1336,0.1861748,0.5927366,0.033462923,0.082695186,0.07164596,0.003412414,0.029263701,0.00060840254
1337,0.106049985,0.5377714,0.0458338,0.235172,0.056041326,0.0036037825,0.014872071,0.0006555881
1338,0.07290312,0.55308545,0.043035563,0.273353,0.036820922,0.002954865,0.016880855,0.00096625905
1339,0.1486055,0.73515683,0.008752104,0.0121985525,0.0002999564,0.011210066,0.08372411,5.2921172e-05
1340,0.00953178,0.15157606,0.004120076,0.7955617,0.037860744,0.00039589783,0.00095196406,1.7508428e-06
1341,0.07715162,0.79846185,0.007069581,0.10546448,0.008277197,0.0008160491,0.0026833825,7.5859796e-05
1342,0.048317414,0.7552524,0.044336736,0.13143024,0.016911581,0.0015936405,0.0019642285,0.00019373123
1343,0.07272459,0.51027465,0.10699514,0.22217427,0.027583638,0.047691066,0.0065757935,0.0059807645
1344,0.10209654,0.33250713,0.11646807,0.27938548,0.0743573,0.03713923,0.053848125,0.004198116
1345,0.10314786,0.64386463,0.040888418,0.13929315,0.026917461,0.0065013,0.038842354,0.0005448319
1346,0.1387108,0.5702541,0.045520563,0.14608456,0.05992636,0.0029901708,0.035667114,0.0008463673
1347,0.19455087,0.49996874,0.04762246,0.1240229,0.091562614,0.0027528447,0.03757846,0.0019411619
1348,0.14797224,0.5477662,0.057983145,0.13890131,0.052898195,0.011236899,0.04047145,0.002770537
1349,0.16767876,0.6160525,0.045867722,0.08125457,0.048531793,0.005017241,0.035020724,0.00057668367
1350,0.13245977,0.36101136,0.099373974,0.1695233,0.066073194,0.059003543,0.106170416,0.006384449
1351,0.26242867,0.45364213,0.039796706,0.08740072,0.108006895,0.0027388071,0.03810754,0.007878466
1352,0.2956196,0.36865368,0.048634317,0.053407013,0.1876443,0.0018104063,0.032087658,0.012142992
1353,0.26973623,0.5860758,0.028612053,0.018272176,0.042582385,0.0021251778,0.051759515,0.0008366574
1354,0.26219454,0.53203565,0.03567247,0.023603536,0.11038028,0.0007441162,0.02647259,0.00889671
1355,0.2258087,0.44984338,0.02285642,0.06471168,0.12963368,0.0947068,0.012267773,0.00017163216
1356,0.13830185,0.23271592,0.11631973,0.20908056,0.09341262,0.08694154,0.11275653,0.010471243
1357,0.26141286,0.48626047,0.04223899,0.07100053,0.05844513,0.036188237,0.036567688,0.007886162
1358,0.2386191,0.5723072,0.030830905,0.025142534,0.094393104,0.0017602406,0.023466304,0.013480613
1359,0.21848544,0.51412034,0.04692685,0.03960095,0.02470447,0.046931554,0.106718116,0.002512213
1360,0.30061,0.44817683,0.041904856,0.03401516,0.13034162,0.0012824548,0.031026723,0.012642369
1361,0.31641346,0.4411382,0.030475324,0.051142856,0.11245719,0.0027410057,0.04032336,0.005308513
1362,0.16290778,0.5894488,0.0427974,0.096807815,0.055709187,0.0065830876,0.044616282,0.0011296691
1363,0.2253553,0.47449356,0.047463782,0.0807401,0.03558592,0.10087649,0.030152803,0.0053320066
1364,0.2077291,0.5417403,0.020743597,0.09091828,0.12533946,0.00074826716,0.010173129,0.0026078161
1365,0.112546995,0.3673565,0.10905433,0.20642379,0.06983061,0.01598574,0.1106448,0.008157255
1366,0.09187475,0.6086561,0.042910714,0.19419898,0.029807162,0.0039476734,0.027736746,0.0008677558
1367,0.093996055,0.27865243,0.13240871,0.37581876,0.08367029,0.005921561,0.026964217,0.002567965
1368,0.06975752,0.86929744,0.012729414,0.03456689,0.0022068378,0.0010561506,0.010360355,2.5427518e-05
1369,0.09585238,0.78437227,0.004980899,0.0038009426,9.6513984e-05,0.003738361,0.10715571,2.9733174e-06
1370,0.27434853,0.49754032,0.008811269,0.006008398,0.00024355375,0.013697567,0.19925995,9.036166e-05
1371,0.0104255825,0.721037,0.0018658151,0.067873456,2.6873893e-05,0.01005221,0.18871835,7.225258e-07
1372,0.038911887,0.9494939,0.00087451644,0.0075097824,0.00016744446,0.00033906626,0.0027023891,1.1187319e-06
1373,0.0553395,0.9314412,0.0006472039,0.0045023104,7.5562406e-05,0.0007279946,0.007265996,2.5382096e-07
1374,0.039198227,0.76983,0.009454827,0.06109325,0.0008889797,0.108428754,0.0109929945,0.00011307153
1375,0.097356886,0.25050917,0.1459728,0.3496766,0.06211564,0.050699133,0.03866475,0.0050050584
1376,0.10006361,0.6220498,0.04455061,0.1549883,0.027059477,0.039897583,0.008603609,0.0027870329
1377,0.18621916,0.4972406,0.048301045,0.12470737,0.11387602,0.002064975,0.023358474,0.004232353
1378,0.10502911,0.6407698,0.03670862,0.1594856,0.041435454,0.0027311628,0.01341335,0.0004269775
1379,0.10476602,0.62463284,0.04863094,0.15982561,0.029272858,0.0035329524,0.028548762,0.000789951
1380,0.11089188,0.759785,0.02265149,0.07237254,0.009974149,0.005212936,0.019025952,8.6071595e-05
1381,0.12762977,0.52017546,0.06862949,0.13263327,0.027459353,0.04391879,0.077413246,0.0021406114
1382,0.17110644,0.3256641,0.08827562,0.15217522,0.09217462,0.09070829,0.06631632,0.013579408
1383,0.23620924,0.45130312,0.045765307,0.10521894,0.12248135,0.0021382535,0.031956382,0.004927367
1384,0.15836106,0.63616943,0.050822157,0.054497387,0.016579084,0.029522642,0.051855084,0.002193146
1385,0.30014586,0.44677866,0.029856611,0.038892042,0.14921743,0.0011771335,0.019536572,0.014395702
1386,0.17699419,0.5732185,0.030760892,0.049398504,0.1519785,0.004870713,0.012750804,2.7798791e-05
1387,0.17978694,0.48795837,0.04704623,0.15538466,0.09047598,0.0024973743,0.03506262,0.0017878887
1388,0.17555921,0.579408,0.048372786,0.09338396,0.05780488,0.0020485176,0.041850403,0.0015722145
1389,0.23679747,0.43775278,0.06769648,0.04659603,0.16073027,0.00082773657,0.036323264,0.013275875
1390,0.21900375,0.59527147,0.025939045,0.07309341,0.05638425,0.004259612,0.02550372,0.00054462766
1391,0.2702572,0.40294048,0.06342382,0.063933946,0.13958183,0.0028277056,0.049879357,0.0071556154
1392,0.25192526,0.41540116,0.097229935,0.061009407,0.11396861,0.015690211,0.03531314,0.009462323
1393,0.124346994,0.51814324,0.060584042,0.117208295,0.014650419,0.11253662,0.047386296,0.0051441262
1394,0.14839207,0.6417241,0.03562679,0.05129013,0.0058607655,0.07418482,0.04177223,0.0011490646
1395,0.25442997,0.41199276,0.06109138,0.08143882,0.15089463,0.0027903402,0.030801946,0.006560191
1396,0.1619929,0.3439015,0.0998173,0.18598357,0.12460151,0.014260084,0.0590738,0.010369319
1397,0.089160375,0.6678213,0.036240865,0.1632622,0.018389022,0.014111921,0.010130933,0.0008834306
1398,0.13308732,0.4767284,0.08620638,0.11303552,0.025716985,0.08168514,0.07909531,0.004444943
1399,0.08504933,0.8654944,0.0033938717,0.005505549,0.00024366526,0.0016334731,0.038679633,1.5435138e-07
1400,0.19233628,0.4220047,0.01119038,0.011317384,0.00065784506,0.04655772,0.31580323,0.00013251675
1401,0.011305761,0.98569787,9.415362e-05,0.001455368,2.304513e-05,0.00023402317,0.0011897366,3.2779384e-09
1402,0.09460269,0.7092796,0.039302796,0.099312894,0.014313161,0.0029626,0.040172588,5.372098e-05
1403,0.098929495,0.54117364,0.0771327,0.1982877,0.064714275,0.004236795,0.0136835165,0.0018419521
1404,0.09885796,0.599628,0.102091335,0.122233644,0.0657091,0.0018900253,0.0034211683,0.006168851
1405,0.12468624,0.4414853,0.0912125,0.1905769,0.041240048,0.055320106,0.051317617,0.0041613085
1406,0.089903265,0.55853236,0.070813976,0.20604818,0.038843945,0.0064433995,0.028612064,0.0008028583
1407,0.09706507,0.55103385,0.043724224,0.2508687,0.033151425,0.0025049623,0.019903678,0.0017481578
1408,0.11174994,0.5027502,0.09339249,0.163265,0.050320167,0.00819377,0.06768949,0.002638895
1409,0.14974058,0.741498,0.024374258,0.034509126,0.007019145,0.0039668353,0.038750168,0.00014188014
1410,0.16439277,0.4221517,0.06460057,0.18482164,0.11130237,0.010632231,0.03399203,0.0081067365
1411,0.07756589,0.4764117,0.08026299,0.10150367,0.13261044,0.097093396,0.034544136,7.77193e-06
1412,0.17248408,0.5983761,0.04856921,0.09349016,0.058032844,0.0021906074,0.025288401,0.0015685883
1413,0.14437754,0.79087645,0.008926724,0.0047138785,0.00079578004,0.0026946447,0.0476083,6.739639e-06
1414,0.1668135,0.58611876,0.05483351,0.040691465,0.01206174,0.060685508,0.07571113,0.0030843772
1415,0.1668381,0.65865976,0.03803689,0.061560385,0.03556442,0.0040132273,0.035030715,0.0002964727
1416,0.28579944,0.4534148,0.036398456,0.06674752,0.113435976,0.00091675646,0.036447737,0.0068393466
1417,0.18422778,0.43048224,0.078328386,0.08726338,0.038622666,0.12267877,0.04811163,0.010285111
1418,0.21157488,0.3620873,0.07286765,0.13387395,0.1377375,0.0069158366,0.0676994,0.007243492
1419,0.20221524,0.4557584,0.0609013,0.12003337,0.10720116,0.012253275,0.03430892,0.007328347
1420,0.17607361,0.68835336,0.008122616,0.005181935,0.00027052828,0.055523075,0.06643116,4.377787e-05
1421,0.09045836,0.71959096,0.024617001,0.11590225,0.007824672,0.006528367,0.034872305,0.000206148
1422,0.15705518,0.55234486,0.029644057,0.16523373,0.073606625,0.0042210594,0.01752033,0.00037406496
1423,0.10752735,0.61452025,0.060162205,0.14266293,0.024488168,0.036766585,0.0110094445,0.0028630348
1424,0.06738885,0.25021547,0.12873599,0.4407308,0.05171264,0.04630182,0.0061549,0.008759536
1425,0.12769826,0.6556396,0.032893598,0.047152657,0.002741852,0.0118988,0.121354155,0.00062107795
1426,0.037932493,0.7300302,0.0002891978,0.0008657757,2.0160426e-06,0.0026636114,0.22821674,8.415866e-09
1427,0.025575586,0.9533315,0.00016082739,0.0018319786,6.804548e-06,0.012396684,0.0066966466,2.0594026e-08
1428,0.103001766,0.83141565,0.014069006,0.029661996,0.0026671316,0.0033905471,0.015785076,8.681095e-06
1429,0.10095036,0.72919184,0.03720139,0.083025,0.013151674,0.027729264,0.007833111,0.00091748836
1430,0.13380212,0.6012566,0.060164068,0.10957632,0.030177891,0.037481066,0.025141256,0.0024006255
1431,0.086014345,0.3407058,0.1438742,0.30185553,0.08665735,0.005147872,0.030694101,0.0050507574
1432,0.09376094,0.45899686,0.10097291,0.24755484,0.06002898,0.0068588653,0.028804246,0.0030222328
1433,0.117351755,0.21934322,0.15119077,0.32013693,0.119000226,0.013612326,0.052806806,0.006557933
1434,0.11227635,0.6701858,0.04338732,0.12436452,0.030038053,0.002316663,0.016828721,0.00060263596
1435,0.12355646,0.4006234,0.09359259,0.20953338,0.07639865,0.017647302,0.06922895,0.009419233
1436,0.108420976,0.3224978,0.10549111,0.20079975,0.11504241,0.07692906,0.06882641,0.001992492
1437,0.12227359,0.56028825,0.052105714,0.1450811,0.03789075,0.06152584,0.015145651,0.0056890557
1438,0.13899273,0.64753854,0.04071262,0.07997202,0.0134436535,0.039334845,0.038248528,0.0017570598
1439,0.13990854,0.7130433,0.023906294,0.07376324,0.012289404,0.016334353,0.020259455,0.0004953445
1440,0.13352162,0.5837425,0.060215507,0.115379505,0.039095804,0.017029136,0.049425516,0.0015903828
1441,0.28048375,0.59482265,0.02169509,0.024525896,0.043274738,0.0019494895,0.032813124,0.00043529566
1442,0.20125501,0.66746825,0.03179274,0.020554708,0.0047652363,0.042071056,0.030971514,0.0011215599
1443,0.110171445,0.73460954,0.021545893,0.09115357,0.009388777,0.0026679356,0.030246092,0.0002168344
1444,0.15322895,0.49093226,0.04698851,0.16256653,0.12727156,0.0018353745,0.016059399,0.0011174834
1445,0.13148342,0.64404887,0.03958571,0.06773035,0.007941141,0.05901131,0.047712456,0.0024868175
1446,0.09700117,0.53924155,0.06268765,0.20940165,0.042349674,0.018535422,0.027152367,0.00363046
1447,0.09543759,0.8253304,0.0046703583,0.054454416,0.016749222,0.001761786,0.0015672665,2.9052608e-05
1448,0.16018991,0.7731477,0.01348898,0.02843082,0.012383906,0.00067379756,0.011602303,8.253125e-05
1449,0.05265817,0.75041234,0.026735844,0.11146146,0.0017891048,0.002016234,0.05477434,0.00015251551
1450,0.03541065,0.8554245,0.00212894,0.005023947,2.0295332e-05,0.0032395674,0.098751836,1.876455e-07
1451,0.009055221,0.91550255,8.567765e-05,0.0012419678,1.2482529e-06,0.007210663,0.066902734,6.835571e-10
1452,0.08936022,0.7267024,0.042049278,0.092398204,0.008182144,0.004113933,0.03659684,0.0005970463
1453,0.07154206,0.88425994,0.0010195735,0.00089319004,2.8111508e-05,0.002690543,0.039566457,1.420057e-07
1454,0.08317382,0.6195984,0.07126853,0.17419998,0.025204718,0.0020196023,0.023631385,0.00090369047
1455,0.08155856,0.50152373,0.11551964,0.22467154,0.04809323,0.0034197618,0.022874339,0.0023391643
1456,0.06701596,0.46478906,0.15065974,0.25787434,0.041964043,0.0042157397,0.011767965,0.0017131887
1457,0.13001134,0.3970167,0.10180511,0.18360904,0.08402838,0.03916242,0.05586312,0.008503877
1458,0.0986561,0.44545454,0.12624258,0.19304879,0.048769403,0.053540647,0.027064135,0.0072238264
1459,0.12446852,0.26960707,0.12362497,0.20914344,0.08233812,0.08110912,0.087857075,0.021851672
1460,0.1119574,0.8415399,0.0046696686,0.010191752,0.00040283936,0.008196122,0.023036495,5.771292e-06
1461,0.137218,0.6736823,0.039116036,0.09082691,0.02976132,0.0011417263,0.027283788,0.0009699951
1462,0.10149252,0.35032338,0.10000114,0.3141683,0.089331,0.0049659465,0.03647979,0.0032378938
1463,0.12951201,0.52999926,0.05566044,0.1605418,0.04176203,0.033581603,0.04601449,0.002928386
1464,0.18487974,0.6861929,0.024861122,0.04538088,0.026805058,0.0026205266,0.028816268,0.00044348493
1465,0.119818896,0.64793354,0.040374096,0.12651615,0.041283716,0.0015879965,0.022156343,0.00032925807
1466,0.12414696,0.5482433,0.06555043,0.15205166,0.055223458,0.008999556,0.043996915,0.001787698
1467,0.14867046,0.81143206,0.004714105,0.006635103,0.0010252324,0.004011553,0.023506785,4.684119e-06
1468,0.12515074,0.56855786,0.060762238,0.15136266,0.0567708,0.0041254535,0.031415213,0.001854991
1469,0.080845565,0.3944054,0.16051947,0.24712913,0.06385554,0.012562528,0.03723562,0.0034468332
1470,0.07417607,0.7644012,0.054025292,0.08296748,0.005474727,0.0074071535,0.010937446,0.0006106083
1471,0.10376997,0.7915012,0.038585044,0.03537233,0.0051414366,0.0034765846,0.02196616,0.0001872372
1472,0.07182588,0.76156974,0.03859136,0.073965475,0.0035805197,0.0020757357,0.04831762,7.3595744e-05
1473,0.1797408,0.5995389,0.015069732,0.008178457,0.0004916914,0.008578677,0.18835437,4.7350764e-05
1474,0.18759786,0.72279835,0.002913905,0.0007534748,6.0441405e-05,0.0022406972,0.08363229,3.018021e-06
1475,0.0872479,0.8793516,0.0023716944,0.0039789584,0.00014061174,0.0013813815,0.025527151,7.2004383e-07
1476,0.023595959,0.9638587,0.00015390223,0.0011921007,6.870804e-06,0.001321523,0.009870924,9.145927e-09
1477,0.16020377,0.6114439,0.049531,0.06833741,0.024563085,0.034454502,0.050015464,0.0014508945
1478,0.0941209,0.5320811,0.09023658,0.20188561,0.043898094,0.0054361317,0.028429296,0.0039122375
1479,0.11005058,0.30179143,0.12924041,0.27236027,0.09532273,0.03205259,0.049153563,0.010028341
1480,0.116803415,0.35791367,0.11887654,0.21294431,0.05999554,0.10184373,0.01841877,0.013204043
1481,0.14009579,0.662419,0.037512843,0.09435202,0.043811396,0.004652028,0.01682661,0.00033029466
1482,0.09114817,0.5016379,0.10603843,0.21007699,0.05805957,0.005182174,0.025100017,0.002756778
1483,0.088509195,0.45241904,0.07143009,0.29511902,0.044760246,0.008680467,0.036962975,0.0021189798
1484,0.121167816,0.7705081,0.00987864,0.06698597,0.018931499,0.0016370346,0.010821657,6.922536e-05
1485,0.13341317,0.5500124,0.07953604,0.12743138,0.046231963,0.037164915,0.020362113,0.005848044
1486,0.13174286,0.28759995,0.14297874,0.2284616,0.107725486,0.036058564,0.054429233,0.011003565
1487,0.064604364,0.86796343,0.0053835274,0.05319172,0.0040107276,0.00074404536,0.0040897247,1.2485005e-05
1488,0.17649145,0.5801814,0.03903319,0.086889856,0.02382278,0.0518157,0.038853,0.0029125416
1489,0.04384267,0.7119171,0.059336975,0.1519173,0.0042725946,0.020483976,0.0077054594,0.0005239119
1490,0.089515254,0.8461299,0.009290318,0.012364838,0.00027114133,0.011916087,0.03050054,1.1905451e-05
1491,0.23331548,0.55494255,0.0036220236,0.0013897396,5.1948355e-05,0.008202886,0.19846061,1.4792608e-05
1492,0.07525417,0.8127723,0.005152968,0.004748785,1.929407e-05,0.013361007,0.08868965,1.7998535e-06
1493,0.16889255,0.59315646,0.04936924,0.058444094,0.00814325,0.0032077038,0.11822412,0.00056252955
1494,0.023987306,0.87025523,8.0811646e-05,0.0002871787,6.9632533e-06,0.0021582765,0.10322434,7.148121e-11
1495,0.10038946,0.7995285,0.038464863,0.02034247,0.002762926,0.00190258,0.036134794,0.00047443088
1496,0.08300134,0.6537207,0.05970576,0.1342507,0.022718962,0.0035086507,0.042686284,0.000407698
1497,0.108730994,0.7055289,0.044296578,0.10086352,0.021947317,0.0019756842,0.016555035,0.000101953316
1498,0.113155976,0.6466948,0.027741054,0.16174397,0.04111879,0.003239571,0.0060407873,0.00026505868
1499,0.038128402,0.95117,0.00083285145,0.0047060424,0.0001375683,0.0014097281,0.0036151537,1.4595456e-07
1500,0.08891774,0.47749072,0.07626536,0.27216223,0.06708409,0.0022706771,0.014729183,0.0010800284
1501,0.13268177,0.65677696,0.058287993,0.0848749,0.030308142,0.005656788,0.031090446,0.00032304117
1502,0.16190827,0.66181576,0.039603762,0.0634659,0.024833186,0.0106279515,0.037176315,0.00056887796
1503,0.07630359,0.37992197,0.122953296,0.3095991,0.06173674,0.0071706995,0.038620576,0.0036940074
1504,0.13730933,0.72329706,0.035030197,0.045556176,0.007960012,0.011602805,0.039057095,0.00018727049
1505,0.12592559,0.7957143,0.00646449,0.003890379,0.00020291039,0.008071459,0.059727322,3.5459586e-06
1506,0.07442901,0.7653482,0.047136106,0.036724746,0.0018945099,0.0043487386,0.07008287,3.577083e-05
1507,0.0046378737,0.9151367,0.0003503359,0.067440204,0.011964546,0.0001512616,0.00031900386,1.7312198e-08
1508,0.15950671,0.75830954,0.0006689096,0.0008376091,2.2671737e-05,0.013911695,0.06674238,4.573876e-07
1509,0.007838486,0.98840374,4.054343e-05,0.0007983714,0.00010153702,0.00018977858,0.0026274493,2.169739e-09
1510,0.05452423,0.84771967,0.0018893301,0.002257331,2.5307072e-05,0.003862202,0.08972166,2.2454283e-07
1511,0.07094724,0.81900567,0.0031709673,0.003170009,3.998545e-05,0.006005898,0.097659625,6.27937e-07
1512,0.06063076,0.8867736,0.0011353311,0.00077964435,1.8429817e-05,0.00074906106,0.04991318,3.4666225e-08
1513,0.09514502,0.780751,0.0036242567,0.0014554237,2.05091e-05,0.023616536,0.09538609,1.182855e-06
1514,0.07280712,0.86832875,0.0018528384,0.000834893,1.8363811e-05,0.0020156917,0.054142185,2.0235987e-07
1515,0.026817093,0.95108354,0.00021757753,0.0010456272,7.2402568e-06,0.00037198345,0.020456973,1.443799e-08
1516,0.0011772653,0.9965317,1.305833e-06,0.00030535433,8.8353244e-07,0.000521885,0.001461569,7.747068e-14
1517,0.0014678101,0.9961807,6.8780464e-06,0.0012660587,1.7463607e-06,0.0005793425,0.0004975018,6.104181e-11
1518,0.004789239,0.9927358,3.690819e-06,0.00040477762,6.6270427e-06,0.000556883,0.0015029439,1.5556062e-11
1519,0.79913014,0.0720296,0.0046273014,0.0032814092,0.00014323324,0.015310163,0.10513341,0.0003447112
