,endothelial cell,epithelial cell of proximal tubule,kidney collecting duct epithelial cell,kidney distal convoluted tubule epithelial cell,kidney loop of Henle epithelial cell,podocyte,immune cell,pericyte
0,0.012735528,0.9787446,0.0004001066,0.0012064968,0.0053313277,0.0002627328,0.001287979,3.1118932e-05
1,0.03597594,0.889189,0.003192889,0.0048468127,0.007846355,0.025189573,0.03366,9.949689e-05
2,0.070428245,0.83421564,0.0029976377,0.0018487491,0.034342904,0.052099712,0.0039290856,0.0001380587
3,0.13112499,0.61098737,0.02394203,0.049104977,0.0543271,0.10934134,0.018888146,0.0022839676
4,0.2254501,0.5579362,0.0047348198,0.00818474,0.011699981,0.14566617,0.04602663,0.00030139743
5,0.020116393,0.623907,0.12147023,0.08009668,0.15030898,0.0010676451,0.0019202452,0.0011127576
6,0.037931338,0.9433984,0.0013741328,0.002560536,0.0065830415,0.0018868748,0.006262174,3.490608e-06
7,0.08225795,0.43351445,0.057042807,0.26163778,0.07806103,0.054699235,0.03096573,0.0018209748
8,0.016903816,0.9552014,0.0013679536,0.0003960054,0.022771286,0.00044709715,0.0027844356,0.000128002
9,0.039733384,0.8390956,0.021648554,0.018308604,0.05640808,0.007641335,0.016709827,0.00045464555
10,0.06270841,0.64660627,0.0097222235,0.052253198,0.10769182,0.09187472,0.02430088,0.0048424075
11,0.09368733,0.68594885,0.013566476,0.004752399,0.1726923,0.008611045,0.01993819,0.00080341793
12,0.04826813,0.80629206,0.021042539,0.017690273,0.09619062,0.0026358606,0.0076190596,0.00026140362
13,0.03037606,0.9185886,0.001894302,0.005281453,0.036367696,0.0020430868,0.0054107634,3.8043712e-05
14,0.03257488,0.7353107,0.014241265,0.045519426,0.1634705,0.00069128704,0.007955448,0.00023656305
15,0.031670447,0.8788711,0.00202618,0.008813935,0.07372323,0.00060350297,0.0042113164,8.025652e-05
16,0.044744454,0.7990322,0.014369778,0.046131,0.06778405,0.007047206,0.020791251,0.00010008217
17,0.017751554,0.9712481,0.0009744033,0.0059829527,0.0023901977,0.00073600095,0.0009074966,9.3182325e-06
18,0.17709747,0.27110976,0.041306403,0.20343307,0.13628244,0.15210745,0.007344298,0.011319093
19,0.07376607,0.73540306,0.011411114,0.006354767,0.14850672,0.0062699565,0.01311587,0.0051725027
20,0.054809935,0.5994811,0.007895346,0.057607666,0.2223608,0.0055404184,0.051099777,0.0012049577
21,0.06764825,0.63468975,0.005411884,0.0070491442,0.27682728,0.0023546468,0.0048237476,0.001195308
22,0.04589317,0.64970726,0.010330725,0.09348082,0.1731137,0.0005652,0.026578428,0.0003307192
23,0.08006554,0.8037461,0.0027616462,0.007264777,0.077888094,0.002193176,0.025754625,0.00032601508
24,0.076048054,0.77886087,0.008376,0.0033955532,0.12250149,0.006926099,0.0036175868,0.00027438506
25,0.16471505,0.42876425,0.010206105,0.017713344,0.35499075,0.009251796,0.007136787,0.0072219586
26,0.042681944,0.6518838,0.0019338097,0.01428689,0.009749352,0.27533746,0.0034029614,0.0007238538
27,0.07697148,0.71607524,0.0013466092,0.012121386,0.0113092065,0.17947334,0.002527956,0.00017471373
28,0.01232733,0.9145375,0.0027723794,0.05983176,0.009068567,0.0003006788,0.0011376401,2.4105124e-05
29,0.070657134,0.91563594,0.00014917884,0.0004826819,0.010824382,0.0014453934,0.0007981159,7.1649274e-06
30,0.10551478,0.5763223,0.040430844,0.04341703,0.22030763,0.006525917,0.0066802944,0.00080119283
31,0.15036789,0.62579465,0.016673509,0.036613658,0.061139517,0.009654914,0.09860902,0.0011468101
32,0.05497405,0.5675215,0.00853488,0.017877948,0.30512986,0.0021458985,0.032995466,0.010820406
33,0.08170531,0.50391906,0.040965497,0.013106739,0.3166403,0.0035830075,0.020105049,0.01997507
34,0.100745134,0.45756316,0.045090966,0.013765978,0.33253825,0.002227724,0.031017514,0.017051276
35,0.10958019,0.54677665,0.035192825,0.015067571,0.26135188,0.0051515074,0.014342558,0.012536732
36,0.10774629,0.5211099,0.058757484,0.012986304,0.26183698,0.0044015963,0.018091481,0.015070046
37,0.10794838,0.47926986,0.11488263,0.018733423,0.23937085,0.0047334866,0.029037569,0.0060238554
38,0.03570248,0.7697376,0.0035940069,0.0073508793,0.14517322,0.0016284502,0.036506694,0.00030668534
39,0.18046674,0.6650792,0.0027937298,0.010115128,0.06599107,0.016331155,0.05841928,0.0008036786
40,0.17003725,0.761937,0.0021102868,0.0013905221,0.024891954,0.030973103,0.008366487,0.00029340203
41,0.067938656,0.73802,0.0034045016,0.005885787,0.15759031,0.0040586973,0.022753663,0.0003483697
42,0.087070145,0.6196906,0.026981575,0.018685129,0.22072925,0.013843384,0.011168278,0.0018316836
43,0.14318979,0.776273,0.0077068643,0.011186816,0.014549211,0.010257377,0.03657458,0.00026224513
44,0.12202638,0.7170772,0.0023130432,0.0011485775,0.15138553,0.0013985109,0.0042809616,0.00036976233
45,0.12051276,0.470232,0.056702007,0.03253394,0.2940756,0.0037019025,0.017344795,0.0048970436
46,0.060712833,0.70378125,0.010268786,0.048007637,0.14981405,0.0062523065,0.020879596,0.00028353996
47,0.09706039,0.60657215,0.034823313,0.008805726,0.22580722,0.0012634394,0.016201893,0.009465925
48,0.11198028,0.61733854,0.020550344,0.006538211,0.1945148,0.003545764,0.027416933,0.018115139
49,0.1084064,0.5156923,0.033936124,0.008576064,0.300114,0.003744421,0.013508034,0.016022718
50,0.13642152,0.4212076,0.07394604,0.012946602,0.29941413,0.0058210217,0.030340346,0.019902717
51,0.13138424,0.49915874,0.05028545,0.006608831,0.2514363,0.007789695,0.035867255,0.01746945
52,0.10691873,0.63231915,0.018284768,0.005190632,0.15832718,0.0041040834,0.05959067,0.015264747
53,0.10816632,0.59672856,0.012617584,0.005370603,0.19201577,0.0069739097,0.06449347,0.013633807
54,0.09521933,0.48251048,0.027379964,0.022149185,0.2517397,0.008111068,0.08804709,0.024843145
55,0.09902928,0.5696105,0.0395491,0.008238605,0.20013489,0.014017339,0.06383195,0.0055883527
56,0.09951428,0.5461828,0.036313884,0.0148133,0.2694854,0.008775709,0.020300427,0.0046141804
57,0.040996905,0.9178654,0.004996181,0.0064371624,0.0140846055,0.0009291243,0.01449778,0.00019279138
58,0.14046909,0.814366,0.000207065,7.530772e-05,0.03682188,0.0033943134,0.0045570903,0.00010918385
59,0.13192311,0.6206578,0.0045251455,0.0025980165,0.2109831,0.004372375,0.015108161,0.009832202
60,0.11854637,0.49518263,0.056494683,0.016622625,0.26693785,0.006430412,0.017022666,0.022762755
61,0.1010895,0.6133372,0.021317707,0.0071680546,0.225461,0.006512811,0.009551378,0.015562383
62,0.1409188,0.5144197,0.033109095,0.0111149615,0.2610312,0.006462177,0.022567173,0.010376934
63,0.12158433,0.521681,0.042600792,0.008605787,0.2647629,0.003014635,0.02000609,0.017744454
64,0.13443384,0.48306984,0.049099088,0.008524488,0.27891243,0.0074175983,0.018039536,0.020503188
65,0.12937164,0.53759974,0.025044233,0.006786393,0.24330133,0.0065303138,0.03451845,0.016847866
66,0.12208076,0.54749566,0.02427892,0.005694193,0.2480202,0.0047805067,0.029589191,0.01806057
67,0.14312951,0.4746506,0.041973066,0.009515544,0.24878259,0.0075161345,0.053628594,0.020803979
68,0.11450001,0.53586596,0.022014003,0.013175226,0.2723364,0.002159348,0.026119975,0.0138290655
69,0.11252598,0.43839574,0.058147263,0.008199854,0.3247676,0.005910656,0.03331734,0.018735645
70,0.073548965,0.4037765,0.07448915,0.03735827,0.37244377,0.0068992865,0.016427405,0.015056675
71,0.061034087,0.69825345,0.020083323,0.072470926,0.09559461,0.0032114275,0.04874441,0.0006077648
72,0.07825292,0.5702244,0.05186209,0.10622556,0.10724415,0.023016237,0.06083752,0.002337062
73,0.11384431,0.6997929,0.018755434,0.068903625,0.023648482,0.055813108,0.018846326,0.00039582193
74,0.14576349,0.82053494,0.0003921653,0.00020828495,0.02302874,0.001939129,0.008124072,9.178658e-06
75,0.09125347,0.5798082,0.011348426,0.010336355,0.28189886,0.011881378,0.005092477,0.008380841
76,0.10873657,0.64986265,0.014261865,0.006327415,0.19110939,0.0034373787,0.011282339,0.014982398
77,0.1067662,0.60001785,0.014359738,0.0074116127,0.22330199,0.0041225106,0.022212874,0.021807207
78,0.12509198,0.42968035,0.091026194,0.012464153,0.29292893,0.005728,0.018318523,0.024761876
79,0.17177881,0.41160432,0.08706423,0.01239796,0.25336948,0.014435137,0.03640653,0.012943549
80,0.16134413,0.1514218,0.16425,0.017441703,0.42566398,0.014205035,0.02905854,0.036614817
81,0.12907219,0.4035756,0.055171553,0.010218133,0.34417272,0.008527369,0.023300033,0.025962442
82,0.14033891,0.43761814,0.05803375,0.010162022,0.304557,0.0066093337,0.016785434,0.025895389
83,0.11946439,0.5335617,0.03848886,0.007529911,0.2497181,0.008643211,0.022418,0.020175876
84,0.1728844,0.37887964,0.0674887,0.018824147,0.28830704,0.008649606,0.046451062,0.018515348
85,0.104299955,0.49256927,0.03687424,0.0153505225,0.31924233,0.0030207455,0.0105098365,0.018133108
86,0.09664691,0.44066474,0.053090394,0.013451879,0.35936293,0.0050628968,0.011872096,0.019848147
87,0.08888197,0.57519543,0.06577504,0.010662825,0.20403565,0.0061507924,0.036768086,0.012530195
88,0.08957945,0.5636857,0.07345471,0.037165232,0.17441715,0.0033833452,0.057134945,0.0011794184
89,0.07288161,0.607274,0.05747441,0.12162798,0.07203595,0.011054867,0.056539845,0.001111339
90,0.15149948,0.5932622,0.03495122,0.102486566,0.06942843,0.017296787,0.029701171,0.0013741695
91,0.077450775,0.48000363,0.03944171,0.2059017,0.05276188,0.032924842,0.11124822,0.000267272
92,0.019546874,0.9609916,0.0012555994,0.0108346585,0.0044242283,0.0016458511,0.0012903024,1.0855537e-05
93,0.13207856,0.5316546,0.033108912,0.03727271,0.12739229,0.098242074,0.037488617,0.002762248
94,0.11334289,0.47768155,0.018105915,0.017361699,0.34071186,0.007998736,0.012294141,0.012503286
95,0.13351224,0.5596359,0.027749192,0.005676581,0.22245607,0.008719643,0.026865263,0.015385181
96,0.12250743,0.4742948,0.059513725,0.0093919365,0.27545127,0.007518272,0.017724585,0.03359797
97,0.18340534,0.09161355,0.14672351,0.0131764095,0.45726195,0.012784932,0.040810406,0.054223884
98,0.17470762,0.15644997,0.15501596,0.021610111,0.3544371,0.010145228,0.07626618,0.051367834
99,0.20219578,0.032940805,0.13538909,0.0059960596,0.5011605,0.010816478,0.06364163,0.047859676
100,0.18535109,0.03145909,0.16201274,0.012746443,0.47899953,0.012383547,0.058620553,0.058427017
101,0.15207405,0.16981044,0.14195172,0.01737091,0.388554,0.011658236,0.046474647,0.07210593
102,0.15848325,0.41335708,0.023765966,0.0081331525,0.34848288,0.0045457426,0.022875126,0.020356849
103,0.116506,0.4821906,0.033425715,0.008238913,0.32324132,0.005729701,0.011821837,0.01884587
104,0.11345059,0.4953779,0.040383827,0.012962174,0.29562178,0.004447672,0.015797501,0.021958522
105,0.11041632,0.5464066,0.027577236,0.008912494,0.27564788,0.0046774987,0.011256332,0.015105608
106,0.09942928,0.378914,0.09810981,0.023947334,0.32054535,0.01283877,0.047773257,0.018442204
107,0.079623565,0.49324057,0.06857768,0.14125675,0.15337889,0.007848796,0.055143733,0.00093005283
108,0.06948486,0.4585568,0.10636831,0.2087487,0.107671656,0.018519653,0.028128272,0.0025217372
109,0.15817323,0.3924013,0.072267555,0.21003306,0.049145017,0.057848457,0.059330277,0.00080105173
110,0.009026617,0.96567255,0.0007465618,0.018020835,0.004312209,0.0010464311,0.0011581586,1.6680475e-05
111,0.09067541,0.84091324,0.008026951,0.013609057,0.012042075,0.0028300602,0.03174246,0.00016067957
112,0.105240494,0.67414635,0.027870344,0.07502121,0.032736506,0.019249883,0.065327175,0.00040804365
113,0.19541366,0.21181841,0.122397274,0.13339017,0.16157806,0.08454031,0.08686732,0.0039947927
114,0.104766086,0.6168732,0.032752063,0.004708942,0.20216884,0.009115588,0.013819746,0.01579558
115,0.116581194,0.5535689,0.021383692,0.0067814304,0.25035962,0.0041788546,0.028959531,0.018186752
116,0.13676625,0.32491165,0.093382955,0.022633012,0.36389554,0.006867382,0.028079387,0.023463823
117,0.14589027,0.20693679,0.14183027,0.029142972,0.31748214,0.008359278,0.07755895,0.072799355
118,0.20558012,0.026628556,0.15626313,0.010586906,0.4610086,0.01617898,0.064768456,0.05898525
119,0.18978608,0.055085775,0.17857596,0.025880717,0.41146478,0.012585762,0.07312847,0.053492486
120,0.17524643,0.033424675,0.15454242,0.009823002,0.52186066,0.008907989,0.054400336,0.041794494
121,0.177941,0.032439943,0.1961983,0.024111673,0.457256,0.01155328,0.051979683,0.048520204
122,0.16747434,0.06433176,0.18961804,0.013845867,0.44212842,0.009911368,0.055557016,0.05713321
123,0.16757946,0.12737237,0.17187335,0.020416807,0.40568736,0.008782012,0.062084354,0.036204252
124,0.116899155,0.4132973,0.049699,0.016669437,0.35563362,0.00791324,0.015089473,0.024798876
125,0.10689701,0.44914165,0.068168975,0.015366791,0.30879605,0.004286416,0.026258135,0.021084974
126,0.100871064,0.6500098,0.01619186,0.0071900524,0.18520102,0.0039234594,0.018579923,0.018032799
127,0.08724013,0.39356977,0.048451412,0.04614983,0.37826282,0.0060027405,0.027117081,0.013206251
128,0.08840878,0.49703413,0.05264992,0.12509984,0.1971497,0.0057069506,0.03167991,0.002270763
129,0.08116008,0.39233342,0.0698514,0.24585861,0.13738501,0.008614648,0.060434867,0.0043619312
130,0.15157528,0.3612088,0.10893763,0.17134693,0.09262597,0.05170868,0.05423499,0.008361787
131,0.06908694,0.77527326,0.044103645,0.049213946,0.035313305,0.0059977192,0.020808863,0.00020230561
132,0.115428135,0.7148693,0.029535705,0.033254415,0.034342606,0.026917495,0.04514614,0.0005062258
133,0.25188914,0.70755535,0.00019668762,0.0008103058,0.037132565,0.0015941412,0.0007600643,6.1710576e-05
134,0.05066982,0.72714895,0.012603995,0.13965145,0.047272537,0.003104453,0.019192075,0.00035675557
135,0.12995754,0.6410801,0.029706387,0.028913831,0.03654176,0.07907154,0.05317176,0.0015570878
136,0.122952744,0.7113371,0.02384282,0.015261649,0.06874627,0.007672362,0.049826767,0.00036022102
137,0.10476211,0.38579977,0.09691684,0.017585743,0.34449664,0.009365579,0.028135538,0.012937761
138,0.13751088,0.36095637,0.07253846,0.022852417,0.34585875,0.006068902,0.026102746,0.028111536
139,0.14659029,0.11001763,0.18162504,0.03721872,0.43214473,0.011011739,0.043663204,0.037728664
140,0.1620735,0.030927328,0.14631405,0.028386679,0.4832859,0.010701801,0.062003564,0.07630724
141,0.18056047,0.015236808,0.13179068,0.013796561,0.5445088,0.011775763,0.034209065,0.06812188
142,0.19819547,0.042727,0.20035836,0.026047854,0.35708007,0.017449522,0.04639675,0.11174496
143,0.1798927,0.030793946,0.15640806,0.015689235,0.47858694,0.010827417,0.07649986,0.05130184
144,0.18914057,0.015441345,0.21219982,0.02261511,0.4612262,0.012579277,0.053601153,0.033196505
145,0.1859653,0.022690646,0.15432468,0.009043248,0.51083434,0.010933917,0.04846212,0.057745777
146,0.16909501,0.08554047,0.16355278,0.01935186,0.43101078,0.008914207,0.068931945,0.053602953
147,0.14691591,0.39115527,0.05092567,0.014848638,0.3484184,0.006898704,0.024675153,0.016162226
148,0.100831896,0.5311601,0.022838537,0.009658628,0.29225603,0.0040868977,0.016514447,0.022653388
149,0.12878771,0.6014758,0.025145505,0.008840897,0.1720495,0.006231698,0.039504804,0.017964073
150,0.094067246,0.53705084,0.016837379,0.008235906,0.3045469,0.0027227544,0.020126944,0.016412003
151,0.097236104,0.68591106,0.010572248,0.0023303877,0.1798928,0.0035483653,0.016380243,0.004128809
152,0.08288697,0.779491,0.01549104,0.007795272,0.07395958,0.0032515437,0.036598038,0.000526569
153,0.065165326,0.5713659,0.058168378,0.0679675,0.14513017,0.024163922,0.06683707,0.0012017792
154,0.05506841,0.8956749,0.0047173616,0.015235773,0.0058392966,0.007070371,0.01636863,2.5360749e-05
155,0.042536523,0.6091198,0.0041791024,0.0026294899,0.006142511,0.04304392,0.2921648,0.00018390371
156,0.023038715,0.9563725,0.00041908358,0.0020355477,0.016940929,0.0005131194,0.00064573454,3.4468107e-05
157,0.02520421,0.9652805,0.0010935997,0.0012543591,0.0052503897,6.67635e-05,0.0018375305,1.267076e-05
158,0.047512796,0.59586424,0.025921669,0.18517216,0.13291372,0.011029974,0.00057956803,0.0010058725
159,0.06883426,0.7697728,0.002850616,0.0782287,0.07633614,0.0007016873,0.0031620688,0.000113664115
160,0.074903466,0.69879436,0.032061934,0.09908228,0.036808085,0.020251708,0.032347713,0.0057503935
161,0.20213296,0.46328878,0.0068331393,0.00776239,0.28930736,0.0063049775,0.012358531,0.01201185
162,0.06558792,0.6657127,0.015486122,0.028851151,0.19766429,0.005080732,0.020624347,0.0009927481
163,0.069299646,0.7422133,0.016129648,0.023018159,0.08321373,0.03705469,0.02885129,0.00021950847
164,0.10837156,0.5905902,0.05871799,0.047790453,0.08786366,0.017830506,0.085023575,0.0038120942
165,0.05577882,0.6086222,0.035489984,0.021927273,0.22491567,0.006384743,0.03792505,0.008956253
166,0.12944719,0.23533134,0.15166937,0.04068966,0.36417085,0.00991428,0.015039261,0.053738035
167,0.15615551,0.02120264,0.24204111,0.027036184,0.45608228,0.010997314,0.04948642,0.036998555
168,0.1610187,0.019242646,0.18102045,0.02422386,0.51948583,0.011999866,0.033242762,0.04976589
169,0.15830393,0.020750916,0.15558948,0.023776326,0.5373606,0.011729743,0.027007857,0.06548113
170,0.18385828,0.024011936,0.17810614,0.022490531,0.41432858,0.016167529,0.064477526,0.09655952
171,0.15667176,0.0441848,0.1725937,0.021237724,0.4132435,0.012678229,0.05507673,0.12431361
172,0.1812485,0.01329554,0.19333187,0.015116672,0.479264,0.010949493,0.046958715,0.059835214
173,0.19601676,0.02040968,0.17443775,0.014755233,0.47730106,0.011581973,0.053481262,0.05201633
174,0.17878555,0.09051525,0.13925482,0.021253007,0.45744902,0.010492949,0.049737804,0.052511595
175,0.11929313,0.43779108,0.050827775,0.012277256,0.32442802,0.005516142,0.02748325,0.022383368
176,0.11804323,0.5583774,0.026190111,0.0091941785,0.24512193,0.004449211,0.02116586,0.017458146
177,0.1133153,0.5755854,0.028791936,0.0079824515,0.22718762,0.0045451727,0.02271053,0.019881586
178,0.08855128,0.61307347,0.009215675,0.008349584,0.260546,0.004249098,0.002636908,0.013377955
179,0.057086244,0.5543207,0.015408528,0.013008215,0.33529603,0.005801229,0.0062944647,0.012784643
180,0.0801762,0.7866925,0.01893377,0.010977474,0.059842385,0.0057512163,0.037161596,0.00046482735
181,0.06573986,0.67983043,0.07313582,0.051983815,0.064959094,0.03618506,0.027162567,0.0010033265
182,0.093444966,0.8587499,0.004523764,0.0019164516,0.008556465,0.0060988083,0.026614564,9.505008e-05
183,0.025868248,0.86872655,0.0033363462,0.05199494,0.0055847224,0.04227681,0.0021647366,4.7624922e-05
184,0.010816535,0.9701848,0.0020721667,0.011422592,0.0040488048,0.00030953577,0.0011144761,3.1210537e-05
185,0.011068885,0.9839885,0.0004457285,0.0012396055,0.002115583,0.0002943959,0.00083395984,1.3372024e-05
186,0.037207104,0.54223883,0.01037927,0.28197965,0.12428714,0.0016573156,0.0019764146,0.00027432086
187,0.020546563,0.8054667,0.022051636,0.11795126,0.027441924,0.0041259867,0.0022404832,0.00017529224
188,0.022884328,0.9371312,0.0014475621,0.019085659,0.015333029,0.0011532342,0.002940616,2.4296394e-05
189,0.08734392,0.5900242,0.051362958,0.20328102,0.037424296,0.021857051,0.0056517934,0.0030548263
190,0.10072795,0.54003143,0.05899178,0.2051325,0.08441376,0.008713459,0.0015551859,0.000433947
191,0.03206768,0.61577326,0.017181396,0.17752276,0.15342285,0.0011227431,0.0025478038,0.0003615169
192,0.045084953,0.58423233,0.043606345,0.14011584,0.17590319,0.0034591137,0.0059878244,0.001610411
193,0.098661944,0.50920385,0.07267101,0.038105074,0.26129073,0.004852272,0.014251311,0.0009638082
194,0.091316596,0.49918002,0.06452513,0.14088091,0.13678959,0.02670709,0.036694888,0.0039058148
195,0.11899572,0.5830618,0.008229365,0.013259849,0.25543955,0.006088344,0.0042263977,0.01069901
196,0.122053534,0.52648675,0.027767392,0.009034771,0.27993667,0.0011001223,0.021149928,0.012470762
197,0.08501742,0.6805445,0.012341339,0.0030000913,0.18116473,0.005102713,0.02333145,0.009497686
198,0.118192084,0.41044182,0.0697057,0.066581056,0.21682118,0.037090246,0.07446416,0.0067037717
199,0.13133854,0.16881305,0.17504856,0.08253851,0.23628812,0.02176778,0.16770391,0.01650149
200,0.15966918,0.097808704,0.18295889,0.020504097,0.44296446,0.009264601,0.038126227,0.048703834
201,0.15461668,0.030784722,0.24242571,0.026602445,0.39008427,0.011579403,0.04222525,0.10168156
202,0.17046906,0.021756168,0.2031807,0.016131079,0.44900945,0.011323667,0.035856545,0.09227329
203,0.16172838,0.036162313,0.20147157,0.023749463,0.43849963,0.011785735,0.031457916,0.095144995
204,0.16317488,0.031185174,0.19358717,0.019475572,0.4522092,0.012192587,0.046633437,0.081542
205,0.22631696,0.04574367,0.17650102,0.015246059,0.31215188,0.018027565,0.08114224,0.124870524
206,0.17161866,0.012207239,0.23459937,0.018305365,0.44807717,0.011987305,0.041438658,0.061766215
207,0.19745718,0.051930323,0.2027823,0.027155587,0.32726488,0.016557667,0.088297285,0.088554814
208,0.17668577,0.08729512,0.17623201,0.023407578,0.40619662,0.0124877365,0.07052214,0.047173038
209,0.1581045,0.36721486,0.078710206,0.01706572,0.3143493,0.009597241,0.036427747,0.01853043
210,0.14835106,0.4248347,0.05138388,0.01635748,0.3077838,0.005060483,0.029898848,0.016329728
211,0.08204374,0.50838554,0.06893672,0.018367339,0.27538502,0.0035291798,0.018844211,0.024508288
212,0.07848114,0.51778424,0.03633925,0.014459832,0.30808744,0.0037774662,0.024843358,0.016227309
213,0.09283116,0.5445436,0.02695457,0.009753091,0.29323557,0.0040126857,0.016102193,0.01256704
214,0.10392251,0.5509188,0.05269602,0.06196487,0.18961415,0.009678659,0.029251372,0.0019535194
215,0.08384856,0.5587766,0.049505264,0.1532814,0.11385501,0.0045477306,0.03574874,0.00043665897
216,0.011540237,0.96229386,0.005525955,0.010737097,0.005335396,0.00039623745,0.0041314797,3.97121e-05
217,0.026445746,0.96141833,0.0002877071,0.0038057521,0.0017407773,0.0005733659,0.005714055,1.4377272e-05
218,0.02639529,0.9561728,0.00025007525,0.001346762,0.0029698338,0.0043579647,0.008481447,2.5795105e-05
219,0.026631815,0.9530396,0.000469497,0.0004552663,0.0048538935,0.0041627856,0.010366724,2.0562687e-05
220,0.009146758,0.9776361,0.0011866237,0.0014566879,0.008820136,0.00039455708,0.0013455476,1.3642797e-05
221,0.046755,0.5209765,0.08903566,0.15770495,0.06427593,0.10187351,0.014296819,0.00508171
222,0.06876675,0.6350083,0.004900035,0.05124136,0.23806588,0.00048412028,0.0012741749,0.00025940238
223,0.01652388,0.81302834,0.012841926,0.109606996,0.04433886,0.0010612969,0.002482312,0.00011641815
224,0.02788462,0.8485149,0.0014451955,0.04669568,0.059453856,0.014096822,0.0017041814,0.0002047713
225,0.04599721,0.5454168,0.097752385,0.18432388,0.090534374,0.011164982,0.024247227,0.00056320603
226,0.07387987,0.6619562,0.07702538,0.08303408,0.03375908,0.01329795,0.056639988,0.00040741998
227,0.03239461,0.8018033,0.003101329,0.07005589,0.08243632,0.0037544754,0.0062135737,0.00024046596
228,0.08899337,0.4727866,0.043096226,0.16755158,0.19334505,0.007897582,0.022179943,0.004149674
229,0.108402304,0.331776,0.07060962,0.046124928,0.36031902,0.008109076,0.05374458,0.020914475
230,0.116321824,0.49506125,0.05062529,0.008665735,0.28196225,0.009942468,0.024795217,0.012625903
231,0.14302906,0.44904912,0.08751928,0.015652455,0.26634195,0.005368909,0.017875606,0.015163622
232,0.1612816,0.45220584,0.05153597,0.01309834,0.28558552,0.0038301204,0.018211259,0.014251397
233,0.12122824,0.6007842,0.027840627,0.0063966066,0.18990304,0.0064281574,0.026316404,0.021102734
234,0.1260251,0.4985823,0.046174515,0.00798428,0.2322996,0.013367686,0.05578416,0.01978235
235,0.1335839,0.091396496,0.16513495,0.09887687,0.18090795,0.030748248,0.2776747,0.021676911
236,0.15628491,0.076318316,0.18901233,0.032555167,0.42757338,0.011495446,0.059238166,0.047522288
237,0.14979638,0.023934823,0.22304992,0.01682326,0.37966302,0.010856079,0.07442979,0.121446736
238,0.16517662,0.01552511,0.15850137,0.023147825,0.42779204,0.01233678,0.05790785,0.13961232
239,0.17560293,0.02933926,0.19317947,0.0151105365,0.40716344,0.013361783,0.05765904,0.10858356
240,0.14935565,0.010696942,0.21960805,0.022093626,0.44414362,0.013066817,0.045980033,0.09505517
241,0.14246646,0.016510053,0.2524729,0.017650893,0.40945092,0.011588431,0.053974647,0.095885806
242,0.21599282,0.022196835,0.17510863,0.034377348,0.34292814,0.019639242,0.07253636,0.11722059
243,0.17651278,0.020696733,0.16314045,0.027992532,0.4584947,0.015342086,0.07603768,0.061783064
244,0.17189132,0.17909469,0.14613919,0.015355891,0.33619,0.011945415,0.07498195,0.06440155
245,0.13089614,0.579952,0.026747052,0.0052957474,0.17804693,0.011011988,0.04988571,0.018164385
246,0.12872985,0.5977601,0.02211857,0.008566974,0.17004476,0.008070642,0.048043773,0.016665332
247,0.12499863,0.55326927,0.029680109,0.009030275,0.15911081,0.01631998,0.08504795,0.022543076
248,0.058955237,0.82994205,0.009326116,0.00224625,0.06303041,0.0026830984,0.03285768,0.0009592075
249,0.06645838,0.59626126,0.094627455,0.03719589,0.18389098,0.006294843,0.0112739615,0.003997238
250,0.07931509,0.5853269,0.08326023,0.023296049,0.18490463,0.006079347,0.03578259,0.002035134
251,0.09555192,0.7637657,0.01096008,0.00258855,0.08611038,0.0031931056,0.03746607,0.0003642074
252,0.04701901,0.9383508,0.0027876464,0.0033408385,0.0026221818,0.00018585594,0.0056697046,2.3962273e-05
253,0.024032371,0.9093102,0.007305921,0.012473147,0.0082433345,0.00069009856,0.037871182,7.376022e-05
254,0.03122587,0.85976905,0.021961497,0.05256746,0.023809392,0.003950052,0.0063588032,0.00035792778
255,0.13084643,0.3054656,0.008671013,0.06550328,0.042452365,0.43880406,0.0074499976,0.0008072876
256,0.025760971,0.7485371,0.008248009,0.0797404,0.12767206,0.008238116,0.0014621315,0.00034120938
257,0.019000053,0.8506035,0.007900152,0.04552269,0.06718147,0.0033201047,0.0059872507,0.0004846767
258,0.049436033,0.6363222,0.0040436075,0.13514699,0.15218651,0.021938432,0.00041600343,0.0005102466
259,0.07858974,0.6138271,0.026130948,0.1396356,0.087459736,0.03709563,0.0154321,0.0018291309
260,0.026383191,0.7271953,0.007809059,0.098682374,0.13226965,0.0010973684,0.006383479,0.00017951013
261,0.070949286,0.5478605,0.050042488,0.08841208,0.15167598,0.062284507,0.025113698,0.003661375
262,0.054606922,0.6124225,0.024334017,0.21811114,0.048767436,0.029119238,0.011516563,0.0011221344
263,0.053603962,0.8243301,0.009624383,0.03686778,0.046386447,0.0047696163,0.024305347,0.000112309026
264,0.12446037,0.4289482,0.068687424,0.09771876,0.15037306,0.02715221,0.0991472,0.003512773
265,0.16997787,0.47085676,0.0069051683,0.0067958045,0.3325714,0.002803173,0.0026181028,0.0074717184
266,0.1272913,0.44834748,0.06462154,0.016880322,0.3132952,0.007280185,0.0075733545,0.014710617
267,0.12160702,0.5076892,0.06853876,0.011468323,0.25859335,0.004560093,0.011557297,0.01598599
268,0.1253429,0.42970252,0.09166349,0.017356342,0.30443898,0.0058752582,0.00994943,0.015671091
269,0.13194871,0.5006968,0.072398186,0.013838005,0.23058058,0.0063337996,0.026242116,0.017961878
270,0.10677108,0.6479086,0.039069213,0.004148553,0.15292998,0.0031434433,0.027679829,0.018349329
271,0.12334883,0.102970324,0.17928064,0.116263025,0.22949345,0.019718125,0.19546765,0.033457957
272,0.15827177,0.049364354,0.24845251,0.046199724,0.34156793,0.013210927,0.08254022,0.060392562
273,0.18471844,0.036629956,0.20376225,0.034061782,0.37268928,0.016332012,0.08205606,0.06975024
274,0.1641571,0.018172141,0.20646182,0.023651056,0.43254787,0.01405604,0.051303364,0.08965057
275,0.19888355,0.03346775,0.16880865,0.03087235,0.3692298,0.018042,0.05980914,0.120886736
276,0.1529095,0.008458473,0.21233664,0.025949225,0.4405922,0.016233383,0.04363419,0.09988638
277,0.16390753,0.03205854,0.21030137,0.016719889,0.45026705,0.0131971715,0.038166843,0.075381674
278,0.21819341,0.054385275,0.19535702,0.026461452,0.31523234,0.019101996,0.0617084,0.10956007
279,0.1697096,0.034591194,0.14567623,0.019618671,0.5033635,0.012704243,0.0398495,0.07448709
280,0.19317591,0.25618157,0.12812023,0.019457998,0.28492218,0.0127525125,0.06940639,0.035983216
281,0.14774968,0.52771056,0.037430983,0.0065145623,0.20728754,0.010205298,0.04602878,0.017072553
282,0.10328285,0.52129054,0.03912457,0.013896893,0.27259856,0.010537135,0.028262256,0.01100717
283,0.20948386,0.2715438,0.08303011,0.0697926,0.10377749,0.16178465,0.0890808,0.011506708
284,0.24118721,0.18504642,0.09654473,0.106101565,0.062009685,0.14289078,0.15240484,0.013814811
285,0.0788197,0.48986182,0.114320196,0.14958185,0.09237117,0.008824757,0.063320145,0.0029004305
286,0.102205835,0.491476,0.06877522,0.12862332,0.10014897,0.071031444,0.029960288,0.007778876
287,0.12845187,0.38413882,0.10766564,0.1195717,0.17958102,0.02902436,0.04683896,0.0047276616
288,0.06944244,0.752882,0.02853686,0.036633648,0.042263485,0.011590456,0.058447346,0.00020379189
289,0.03993166,0.84339774,0.007535868,0.01325837,0.0032290453,0.012100476,0.08021475,0.00033213737
290,0.019377202,0.96174675,0.0012102593,0.006837367,0.0044896924,0.0024270457,0.003897038,1.46286775e-05
291,0.028749257,0.7804235,0.043802384,0.03911242,0.08461052,0.007577507,0.015608443,0.000115993505
292,0.021450646,0.88233227,0.0012910189,0.01430773,0.029637644,0.048682302,0.0018273664,0.00047107512
293,0.02682419,0.6280019,0.060792975,0.119447745,0.14555836,0.0030324338,0.015733961,0.0006083965
294,0.033530135,0.836918,0.018029975,0.040175293,0.041628543,0.0022219871,0.027332718,0.00016345973
295,0.062067013,0.6804549,0.004069727,0.08364985,0.11885612,0.049058612,0.0015867212,0.00025696645
296,0.03229277,0.8375518,0.0048319115,0.008488622,0.02256377,0.08510776,0.008949671,0.00021371468
297,0.042539734,0.6195671,0.005666243,0.065450534,0.21958074,0.04446478,0.0019078739,0.000823023
298,0.030097794,0.6322866,0.0030533453,0.009150858,0.30674824,0.0024236178,0.002561288,0.013678329
299,0.10077976,0.6085793,0.03259934,0.13758963,0.049597297,0.018650949,0.051253904,0.00094985863
300,0.08549156,0.7484553,0.017082792,0.030479543,0.09610599,0.009884656,0.011857333,0.0006427416
301,0.08309646,0.39952475,0.061401684,0.30415687,0.08240351,0.010599961,0.05652802,0.002288783
302,0.09619734,0.62590677,0.014811582,0.0075279106,0.22581628,0.002906431,0.009980709,0.016853023
303,0.11370647,0.4627945,0.0732274,0.014202791,0.2982462,0.0034062082,0.017885838,0.01653064
304,0.15909342,0.62006503,0.026736174,0.0024038907,0.1354591,0.007501936,0.03544947,0.013290929
305,0.14494799,0.34719133,0.12901329,0.018721998,0.29609373,0.008175707,0.035990424,0.019865561
306,0.14397502,0.3208609,0.11767015,0.01690273,0.34938097,0.0065060584,0.026054036,0.018650176
307,0.13623285,0.47024637,0.08905308,0.010648041,0.2345782,0.005215565,0.031202884,0.022822995
308,0.1355891,0.13482325,0.17340712,0.0824712,0.32451886,0.010086081,0.10836708,0.030737355
309,0.1554748,0.016944127,0.20337553,0.036326587,0.41945824,0.015974196,0.07350313,0.078943424
310,0.16181676,0.0072113173,0.18052979,0.04892996,0.4778108,0.016878545,0.035591308,0.07123151
311,0.17326169,0.0070991553,0.151259,0.030372426,0.47108224,0.016930953,0.057675384,0.0923191
312,0.16713598,0.014756143,0.19765462,0.029597627,0.44062015,0.014784595,0.05678341,0.07866749
313,0.15044375,0.02488764,0.23573464,0.023707764,0.3699557,0.013396805,0.0773958,0.10447788
314,0.15432897,0.019359386,0.19063556,0.017045176,0.47295013,0.0106579345,0.034920532,0.100102335
315,0.1693407,0.02770723,0.21751666,0.019390479,0.45058402,0.012037454,0.04011387,0.06330956
316,0.1857684,0.045845892,0.15018329,0.011312875,0.4551809,0.012570413,0.081948236,0.057189975
317,0.15670514,0.21229902,0.15673265,0.020466128,0.36607507,0.008659631,0.049999677,0.029062709
318,0.16132198,0.33106175,0.1071904,0.015932277,0.31931344,0.0055643613,0.038353626,0.021262161
319,0.11953292,0.5708631,0.02398895,0.008645999,0.21845312,0.0068264063,0.034812335,0.016877169
320,0.13509685,0.48398703,0.0586337,0.01504239,0.23330888,0.020780964,0.038430728,0.014719444
321,0.059068166,0.41585514,0.122658454,0.082493976,0.26927352,0.0076562916,0.035233226,0.007761191
322,0.07912732,0.55747646,0.0915455,0.044521574,0.19247913,0.006497309,0.026432851,0.0019199128
323,0.10557359,0.62326753,0.036482435,0.056014244,0.04737981,0.07465098,0.055330295,0.0013011417
324,0.102915116,0.70642346,0.035885867,0.027503926,0.02376227,0.049429484,0.053276256,0.00080364663
325,0.04039437,0.93168455,0.0020980157,0.000709954,0.003809125,0.0065596937,0.014714419,2.9902954e-05
326,0.06447609,0.81065696,0.010363422,0.0082661295,0.004274529,0.005121196,0.09662953,0.00021220872
327,0.010973611,0.9796833,0.0010588842,0.0032137183,0.00304619,0.001377615,0.0006184806,2.8215956e-05
328,0.105309926,0.5713108,0.045575757,0.10335326,0.057081167,0.055923082,0.05884194,0.0026040408
329,0.019829212,0.7266455,0.026185794,0.09488345,0.1243707,0.0013628692,0.006485601,0.00023691524
330,0.023399347,0.6838235,0.015006503,0.15983717,0.10775727,0.0034568866,0.0065729795,0.00014636379
331,0.055247497,0.71828866,0.011679197,0.05694924,0.045281056,0.061926946,0.05031632,0.00031112254
332,0.0744356,0.6576367,0.022185385,0.05635785,0.111780494,0.04871663,0.02824036,0.0006469469
333,0.065216884,0.7158445,0.0017764703,0.038027454,0.13810816,0.03855435,0.0024002597,7.187357e-05
334,0.021008294,0.81143534,0.010830619,0.12573013,0.023954924,0.0042661317,0.002742149,3.2457687e-05
335,0.10756125,0.4790771,0.010132659,0.08460017,0.06601018,0.22704393,0.019696014,0.005878645
336,0.03347402,0.5671393,0.02867722,0.08931989,0.25659004,0.002688442,0.019993844,0.0021172022
337,0.10214467,0.67091817,0.025401933,0.063305296,0.036174513,0.03128103,0.06850579,0.0022685789
338,0.04950816,0.6021697,0.012934315,0.13664211,0.17620085,0.0054680165,0.016767828,0.00030898576
339,0.047520995,0.52950644,0.017548019,0.040280968,0.33030337,0.0035793148,0.027692055,0.003568845
340,0.11183785,0.54824126,0.02650382,0.011258364,0.25245008,0.0041005225,0.024733635,0.020874491
341,0.14530568,0.49989834,0.06627344,0.011364344,0.21562319,0.006918164,0.033254813,0.021361984
342,0.1643472,0.45822316,0.054333843,0.009328692,0.25228518,0.011506444,0.036011454,0.013964042
343,0.16793218,0.16422874,0.14423135,0.020096185,0.4109627,0.011467225,0.041145116,0.039936557
344,0.16202404,0.1802681,0.16777898,0.020250263,0.37898722,0.0100175915,0.034254987,0.046418846
345,0.17156415,0.09439528,0.16664094,0.026229389,0.41947487,0.010924214,0.05931777,0.051453367
346,0.1570506,0.10309981,0.20815603,0.051159937,0.3821261,0.012509311,0.046287928,0.039610337
347,0.17043275,0.027229762,0.17453513,0.030500263,0.46067426,0.014973781,0.046854373,0.07479971
348,0.18177895,0.017080897,0.18198712,0.030639535,0.42362988,0.019616695,0.06094221,0.08432468
349,0.15199271,0.011342157,0.21980602,0.02948731,0.4711831,0.012384044,0.05228637,0.05151824
350,0.17218448,0.018950101,0.15812212,0.029232612,0.4278774,0.016009213,0.073090464,0.10453357
351,0.15889017,0.016590754,0.19861327,0.02342026,0.4223935,0.014757882,0.060903512,0.10443068
352,0.18795475,0.03284363,0.18161707,0.021906821,0.40304616,0.017432379,0.058951158,0.09624801
353,0.18075529,0.041794263,0.18921785,0.01840033,0.44225207,0.0130431475,0.053703357,0.060833745
354,0.1712504,0.12446391,0.13349798,0.020366648,0.3950572,0.011819509,0.062487524,0.08105679
355,0.112383075,0.42722723,0.0532901,0.01046545,0.3362219,0.004876354,0.036535125,0.019000696
356,0.11285876,0.51855224,0.055040393,0.014732389,0.2400335,0.0059469314,0.03258985,0.020245925
357,0.11936696,0.44724798,0.057132863,0.017247772,0.30071834,0.0037327555,0.033952538,0.020600775
358,0.090274975,0.5409271,0.03353717,0.013596438,0.26954016,0.0032779332,0.030619144,0.018227056
359,0.074831605,0.53524554,0.03146306,0.017105179,0.29715294,0.004143598,0.027770393,0.012287644
360,0.06406385,0.46387777,0.04850679,0.10217213,0.28555834,0.0034797862,0.028871814,0.0034695214
361,0.082488984,0.64100635,0.047212236,0.03927885,0.1530424,0.006548014,0.029720401,0.00070272776
362,0.11561379,0.69629437,0.035563674,0.046989188,0.03731609,0.005267422,0.06282228,0.00013321523
363,0.10066726,0.8311325,0.006450721,0.001288192,0.011409326,0.009886226,0.039037008,0.00012883684
364,0.009244702,0.93989784,0.0039012546,0.025215145,0.016818406,0.00032823658,0.004466397,0.00012793703
365,0.021026948,0.9339061,0.0013383507,0.00097401853,0.0156245325,0.0024062728,0.024543134,0.0001806619
366,0.019835297,0.7386348,0.012859733,0.09962301,0.10113328,0.020049738,0.007359533,0.00050461333
367,0.076367974,0.530109,0.01391544,0.16382542,0.027856564,0.18291906,0.0037645905,0.0012419858
368,0.033655938,0.8038989,0.012623705,0.050312035,0.07712717,0.005004801,0.017182332,0.00019517205
369,0.04847879,0.6936463,0.027834842,0.082971066,0.11289878,0.006078993,0.027624156,0.00046696805
370,0.063523866,0.57713014,0.02293753,0.14727342,0.13964106,0.0036431933,0.045210887,0.00063986727
371,0.07296819,0.5783164,0.022150474,0.07929249,0.18773985,0.018189568,0.040300414,0.0010426393
372,0.038966343,0.68530065,0.0011222356,0.018595098,0.23192641,0.02039053,0.0030635146,0.00063529465
373,0.115475506,0.522022,0.028712232,0.06735722,0.11670209,0.10306001,0.04384771,0.0028232594
374,0.09554822,0.5173086,0.007080763,0.033982232,0.26481053,0.06644147,0.0054574967,0.009370717
375,0.104075484,0.348421,0.115738355,0.06541577,0.33090726,0.0100638755,0.0131736,0.012204603
376,0.064463,0.7397421,0.057483893,0.04851674,0.045201026,0.004514308,0.038819302,0.0012596116
377,0.12506436,0.45048025,0.07509141,0.0865705,0.050992716,0.08126298,0.1249221,0.0056157177
378,0.12143005,0.47038275,0.027808392,0.05785384,0.25111848,0.018454252,0.030313052,0.022639202
379,0.08962434,0.62786436,0.017387118,0.004573968,0.21066684,0.003827853,0.025255088,0.0208004
380,0.19044149,0.28277612,0.111932784,0.022377381,0.31052604,0.011630847,0.04607955,0.024235843
381,0.17274007,0.2536041,0.095063455,0.041848183,0.3722057,0.011627001,0.03038535,0.022526091
382,0.18644229,0.074682884,0.15000008,0.020064414,0.42065844,0.012652069,0.080301456,0.055198394
383,0.20955943,0.07560609,0.19077736,0.014093351,0.3849903,0.015665153,0.05820884,0.05109956
384,0.15856415,0.0752073,0.20368157,0.04217465,0.43761483,0.013669047,0.032193195,0.036895208
385,0.13706878,0.11542029,0.23271832,0.073149614,0.3675616,0.011618557,0.023873454,0.038589455
386,0.16427843,0.017825868,0.1944381,0.03002149,0.46901155,0.013488998,0.046825178,0.06411039
387,0.14691211,0.03361607,0.22656181,0.056479935,0.42400885,0.012993943,0.05233403,0.04709329
388,0.17217876,0.007859574,0.19403821,0.034122568,0.44016424,0.019341284,0.06294132,0.06935411
389,0.1658288,0.018394995,0.19967552,0.030124469,0.39866963,0.015707122,0.06406609,0.1075334
390,0.16163401,0.020651322,0.21676257,0.025400318,0.41799834,0.014549258,0.049988214,0.09301598
391,0.17190878,0.030012675,0.18710193,0.02258566,0.46441436,0.014436939,0.055634085,0.05390558
392,0.20219004,0.040069945,0.14617866,0.027816214,0.40719908,0.019116055,0.088220924,0.06920912
393,0.22794558,0.30243692,0.12800168,0.015662728,0.2038114,0.019699898,0.07494625,0.02749562
394,0.1567704,0.48448017,0.057055734,0.0066500437,0.21426614,0.011671538,0.051335532,0.01777045
395,0.068778135,0.7202304,0.026048934,0.0076972223,0.14323261,0.0050661955,0.0145613365,0.014385157
396,0.06947898,0.6570056,0.028700003,0.017720709,0.1883415,0.006228082,0.025681613,0.006843477
397,0.0634302,0.6551175,0.020354427,0.0163121,0.21639323,0.003429142,0.022256743,0.002706739
398,0.09093295,0.59882706,0.026704445,0.047707353,0.15138125,0.03876737,0.044047125,0.0016324248
399,0.0912312,0.5723376,0.030485736,0.10824366,0.13966575,0.023492599,0.03291449,0.0016289258
400,0.060194515,0.7399057,0.023737581,0.0609394,0.07112747,0.004307821,0.03930418,0.0004833929
401,0.068599515,0.77121776,0.015585529,0.040660754,0.061103735,0.0036834143,0.038996346,0.00015291834
402,0.05561966,0.83896786,0.003704115,0.004268381,0.002539951,0.0038763718,0.09090186,0.000121671255
403,0.06394923,0.86318904,0.00526194,0.004060406,0.0030069433,0.0037915895,0.056623746,0.00011711172
404,0.025348017,0.69504386,0.02697958,0.107894294,0.081371926,0.049054265,0.0074094557,0.0068985107
405,0.052704982,0.66774994,0.030722793,0.07067377,0.09707887,0.055309303,0.024941523,0.0008187666
406,0.03265832,0.7596081,0.0031697652,0.09130445,0.07810645,0.03435406,0.0006304413,0.00016840166
407,0.066965155,0.51407176,0.077437595,0.20871241,0.05512657,0.043258157,0.032852978,0.0015753907
408,0.049015496,0.82683206,0.004178191,0.0183778,0.074383184,0.00288178,0.024283692,4.784342e-05
409,0.041817162,0.6007986,0.07139082,0.07673596,0.15278332,0.008110055,0.04771136,0.00065267284
410,0.05438945,0.5024725,0.08219417,0.04752035,0.24117944,0.0115330545,0.059087284,0.0016237436
411,0.07390246,0.6543826,0.025839407,0.009471834,0.18274155,0.01845256,0.008392935,0.026816597
412,0.06470864,0.7175559,0.0064210584,0.0064174337,0.15877366,0.00931288,0.029608883,0.0072015286
413,0.09961477,0.57309324,0.010216252,0.009243897,0.2715378,0.01454524,0.0022528325,0.019495917
414,0.09110545,0.54311216,0.09051505,0.027861994,0.2113666,0.0050778086,0.02170221,0.009258671
415,0.09613538,0.42156985,0.043523073,0.06912119,0.25231943,0.0800419,0.030350337,0.0069388193
416,0.19986196,0.19533075,0.061845653,0.049568515,0.05843421,0.16104665,0.24661838,0.027293874
417,0.15627159,0.40015054,0.029965103,0.026640443,0.34218287,0.013048909,0.016454546,0.015286023
418,0.1259027,0.40134886,0.04177185,0.012073481,0.37273073,0.008868574,0.013547153,0.023756627
419,0.16868411,0.17094426,0.116785675,0.023841755,0.40536562,0.008520894,0.07164038,0.034217294
420,0.19600274,0.055238787,0.12090682,0.039257728,0.4319408,0.0165999,0.07503506,0.06501818
421,0.17762004,0.064439155,0.17318703,0.032535955,0.43402642,0.012464118,0.06324791,0.04247938
422,0.18540184,0.05298117,0.18680884,0.031569082,0.43462414,0.013372975,0.056371093,0.038870893
423,0.14176318,0.076865464,0.24528629,0.037639648,0.3344546,0.012047661,0.053141642,0.098801516
424,0.14947127,0.092832804,0.21693335,0.06548122,0.3515522,0.014344663,0.04962901,0.05975554
425,0.20509087,0.026330851,0.19711418,0.022664046,0.39424053,0.018514171,0.051759373,0.084286034
426,0.18023916,0.008894326,0.18537639,0.030169534,0.4420548,0.0190909,0.057472296,0.07670262
427,0.16416626,0.009704065,0.18286717,0.031499423,0.46254689,0.017268049,0.04878964,0.08315847
428,0.19899033,0.018803995,0.2088594,0.027527533,0.32428175,0.019683031,0.0737996,0.12805435
429,0.16484624,0.017382238,0.19906391,0.031132668,0.44653964,0.014779486,0.06342383,0.06283209
430,0.17564528,0.04235499,0.16883473,0.019338492,0.44886813,0.014322366,0.06755249,0.06308353
431,0.16791189,0.05157303,0.16427812,0.022074249,0.4215691,0.013765607,0.09272968,0.06609826
432,0.13823313,0.34521985,0.04675691,0.013893361,0.37963516,0.0047117746,0.03820078,0.033349086
433,0.10476689,0.4046844,0.050209586,0.011198174,0.36739504,0.0055432636,0.027839009,0.028363677
434,0.11993976,0.63345087,0.0242961,0.0066110683,0.16476741,0.007026278,0.030449655,0.013458863
435,0.061616406,0.8110016,0.009323474,0.004761282,0.07657174,0.002953287,0.032651644,0.0011206471
436,0.18743965,0.3592232,0.08638177,0.10044548,0.07808213,0.027293455,0.1481447,0.012989628
437,0.12818986,0.62928766,0.031273305,0.03667089,0.036387745,0.07845904,0.058217436,0.0015141217
438,0.06190018,0.49780953,0.07702781,0.24213608,0.085633,0.012042626,0.019534053,0.003916793
439,0.062304664,0.48154175,0.117515445,0.21498173,0.073618,0.010535087,0.036230136,0.003273143
440,0.068381034,0.8750363,0.0073123337,0.0091178855,0.006665639,0.004715169,0.028727598,4.4029523e-05
441,0.02444487,0.96532947,0.00027964212,0.00078264036,0.0015123931,0.001258499,0.0063700667,2.2503003e-05
442,0.06236184,0.74911547,0.04639191,0.069658354,0.022078926,0.020163676,0.029763086,0.00046675798
443,0.024874577,0.64439344,0.095048025,0.16648547,0.05599305,0.006131301,0.0068063308,0.00026779552
444,0.040972438,0.692987,0.008500203,0.09865101,0.058284115,0.08868621,0.01143024,0.00048876426
445,0.04530357,0.8507321,0.004111151,0.008285957,0.035434783,0.029230274,0.026779635,0.00012249054
446,0.04249061,0.7690048,0.0032549186,0.060485076,0.10252594,0.015194128,0.006913055,0.0001314873
447,0.065945335,0.79957515,0.010036676,0.026571164,0.049876094,0.008804059,0.039049022,0.00014249687
448,0.063782215,0.5665518,0.0370333,0.14816235,0.11805757,0.014817019,0.050656833,0.0009389288
449,0.092426375,0.5312738,0.017712737,0.025274267,0.30878603,0.0063482807,0.009895343,0.008283165
450,0.10827097,0.4432712,0.084810354,0.029647503,0.27119598,0.010202891,0.040830415,0.011770746
451,0.11443529,0.563134,0.031130647,0.011052637,0.22887844,0.0036745192,0.020298282,0.027396198
452,0.1144694,0.4871835,0.06838195,0.011617711,0.27793857,0.0051926677,0.018422734,0.016793419
453,0.09633423,0.57860273,0.053614844,0.009208848,0.22390735,0.0067976424,0.0075583328,0.023976061
454,0.11754668,0.547977,0.06995396,0.012280416,0.1841159,0.0063672974,0.04323255,0.018526183
455,0.13443986,0.49016276,0.05401219,0.008671228,0.23249733,0.01333094,0.04843112,0.018454628
456,0.18742958,0.5574826,0.01969406,0.022833956,0.11495618,0.042277746,0.051839005,0.0034868394
457,0.14581631,0.19002193,0.10869904,0.12084497,0.1930385,0.10979032,0.086623356,0.045165583
458,0.19989647,0.13085634,0.15008695,0.027376534,0.37217614,0.014181782,0.06184636,0.04357941
459,0.18130438,0.049750537,0.16598634,0.028269134,0.44145605,0.013912027,0.059054546,0.060266953
460,0.18585102,0.01480078,0.12700593,0.040361192,0.4217192,0.018788848,0.08602064,0.10545239
461,0.19874404,0.033855464,0.18176058,0.02675068,0.37752014,0.015586823,0.087562956,0.07821928
462,0.15722378,0.010143538,0.19673395,0.025692414,0.47440556,0.011660512,0.043203145,0.080937095
463,0.1526816,0.05704875,0.23911448,0.032472827,0.31010106,0.015338551,0.071125135,0.12211764
464,0.18203916,0.035846524,0.16858515,0.030688811,0.40433067,0.018008903,0.0758553,0.08464547
465,0.16856067,0.01899576,0.2130659,0.02551841,0.4253374,0.012932156,0.05701865,0.07857102
466,0.1559121,0.013655176,0.2257243,0.038356863,0.43695915,0.014192295,0.048039813,0.06716032
467,0.17413971,0.011384582,0.18936127,0.029791346,0.45950186,0.014757711,0.05202355,0.06903991
468,0.14526114,0.008977663,0.2305919,0.024529047,0.4688996,0.01109521,0.044211622,0.06643379
469,0.16098148,0.020130495,0.2257333,0.026365241,0.47511294,0.01228538,0.03250196,0.04688922
470,0.1715879,0.04353261,0.17832352,0.018072026,0.4333513,0.012217286,0.07430709,0.06860824
471,0.15790989,0.08106973,0.15834394,0.018636398,0.4343045,0.00915192,0.07806634,0.06251718
472,0.15525745,0.27408034,0.08139663,0.0132704675,0.3828358,0.0084899245,0.04916831,0.035501063
473,0.13220645,0.36734205,0.0791119,0.016945766,0.35688958,0.007000978,0.019390512,0.021112809
474,0.111318566,0.46375862,0.0521681,0.019007215,0.29953733,0.005369172,0.029564118,0.019276926
475,0.08294142,0.54950047,0.017099457,0.011186368,0.3088271,0.0037933565,0.01261434,0.0140374685
476,0.09392907,0.5396588,0.037651703,0.076105066,0.13374865,0.08619973,0.027195316,0.0055116722
477,0.10212083,0.59438145,0.026685838,0.13749738,0.088406764,0.014890927,0.035145313,0.00087151956
478,0.11837633,0.6016849,0.04756235,0.07371328,0.042751275,0.06355178,0.050039068,0.0023209427
479,0.07607589,0.69161457,0.067345686,0.10872905,0.023455543,0.009367192,0.022965314,0.00044674356
480,0.024596892,0.9521378,0.0035377147,0.0042551737,0.00341044,0.0008324203,0.011217127,1.2367965e-05
481,0.030349553,0.9313219,0.00129494,0.0053945254,0.010663865,0.01771494,0.0032011685,5.9135953e-05
482,0.108965375,0.47062126,0.030110931,0.1105792,0.055824704,0.17942572,0.035909947,0.008562861
483,0.04864174,0.71650743,0.020131132,0.043916583,0.05830109,0.09355152,0.016685542,0.0022649274
484,0.019668162,0.8161875,0.0061616153,0.07796821,0.07033699,0.007740128,0.0017956605,0.0001417461
485,0.02849418,0.6807889,0.01590877,0.10998422,0.12536225,0.03183775,0.0066665043,0.0009574435
486,0.03867119,0.755676,0.0030326918,0.077843465,0.11659528,0.0073621087,0.00073527003,8.400099e-05
487,0.039377615,0.8309295,0.0017831486,0.015067943,0.09781349,0.0013045621,0.013406813,0.00031694796
488,0.13885008,0.41893306,0.051868442,0.08247211,0.11440867,0.018495938,0.16976634,0.0052053086
489,0.04810217,0.49808413,0.004949895,0.014356166,0.40381634,0.0026567818,0.017969843,0.01006473
490,0.12502328,0.426627,0.058441278,0.030102607,0.3085675,0.007728538,0.021544851,0.02196505
491,0.13615802,0.42285743,0.10520943,0.02010895,0.26247245,0.0086490745,0.022620294,0.021924352
492,0.08478742,0.65854156,0.03492467,0.009960419,0.15857944,0.003402101,0.036805943,0.012998402
493,0.12925243,0.37610573,0.09417665,0.013585111,0.32393888,0.0077856914,0.033471428,0.021684071
494,0.117446706,0.5491843,0.035985727,0.010435661,0.23622914,0.0073843542,0.010570842,0.03276329
495,0.16275291,0.51384574,0.04740998,0.007843797,0.20870146,0.012011357,0.032410715,0.0150239905
496,0.13013141,0.22454688,0.09360109,0.10726677,0.31174335,0.012175977,0.09841079,0.022123719
497,0.14137661,0.18185413,0.14156754,0.1368279,0.22081675,0.016764412,0.10597918,0.054813508
498,0.20830667,0.042326972,0.15610848,0.017682042,0.46747813,0.012445618,0.038673215,0.056978893
499,0.2015843,0.0087906355,0.15766972,0.027587151,0.49284378,0.009809407,0.06402409,0.037690863
500,0.25499424,0.052031558,0.16156045,0.025167843,0.29455027,0.022934198,0.11551417,0.0732473
501,0.19515362,0.017586973,0.1752673,0.022182044,0.3555685,0.018552266,0.050895467,0.16479383
502,0.15204544,0.026940627,0.22154056,0.020080125,0.40902612,0.013779347,0.041404426,0.115183346
503,0.17047805,0.026735993,0.14540291,0.030398073,0.44292498,0.012927834,0.06839735,0.1027348
504,0.15662912,0.010923702,0.18514116,0.036859393,0.48500404,0.013061786,0.037803695,0.074577056
505,0.15650631,0.008969458,0.18310457,0.029960344,0.45981893,0.0145624215,0.044535752,0.10254227
506,0.19482186,0.013094163,0.21847114,0.024044411,0.3696446,0.019439315,0.07106711,0.08941735
507,0.22061008,0.036780328,0.18126628,0.02693042,0.30708045,0.019262753,0.08993419,0.11813547
508,0.21751362,0.02599547,0.19287373,0.01882185,0.29756323,0.017942432,0.106631555,0.12265806
509,0.16909355,0.017017815,0.20865388,0.022080407,0.46487948,0.012886628,0.049613383,0.055774823
510,0.19979428,0.02566773,0.18800895,0.010152637,0.44182977,0.013612981,0.07529914,0.045634538
511,0.15644069,0.24083127,0.13033764,0.021895034,0.30434245,0.010018031,0.086691596,0.049443193
512,0.11266294,0.6030349,0.027143119,0.0069797216,0.18586715,0.005980655,0.034570422,0.023761088
513,0.11263074,0.59896827,0.06970744,0.0100846635,0.1563126,0.0061450996,0.02468536,0.021465799
514,0.13736297,0.48666286,0.09620159,0.012873252,0.2088795,0.004172322,0.03939685,0.014450629
515,0.1095276,0.41820365,0.09088057,0.021139119,0.31924707,0.004153265,0.02825378,0.008594966
516,0.0668514,0.632539,0.024802528,0.12817049,0.10905771,0.0041115447,0.03388365,0.00058372604
517,0.13307492,0.42951134,0.10463577,0.14802751,0.07479223,0.044644777,0.058525357,0.0067880633
518,0.06419282,0.7813929,0.034635555,0.043130215,0.016604496,0.030524941,0.028887635,0.0006315051
519,0.032003805,0.48512065,0.107132904,0.26868567,0.03820813,0.0067807166,0.06164343,0.00042463627
520,0.014427696,0.97246075,0.00137698,0.0038430789,0.0014597628,0.00027902535,0.0061461814,6.5729423e-06
521,0.029129546,0.9122586,0.0020343973,0.0038675324,0.004392691,0.029049292,0.019221881,4.6039993e-05
522,0.103587426,0.67377496,0.04124695,0.093895435,0.011843953,0.020695483,0.05230888,0.0026469047
523,0.026483495,0.8291059,0.02208535,0.07663414,0.03218325,0.009072581,0.004142367,0.00029295095
524,0.033144888,0.5099792,0.08427716,0.08145754,0.26267597,0.009179503,0.014967642,0.0043180753
525,0.04545678,0.74658936,0.010626911,0.07119724,0.09736088,0.007919349,0.020561485,0.00028808843
526,0.09178321,0.58243304,0.029957365,0.12877803,0.067796916,0.053645696,0.043565225,0.002040527
527,0.13360965,0.60563344,0.0025931816,0.13017614,0.090409905,0.03368827,0.0035530585,0.00033638696
528,0.05894185,0.5665883,0.031963874,0.029564658,0.27949187,0.009805408,0.017123174,0.0065209595
529,0.12181143,0.5073106,0.030312108,0.043443963,0.18806016,0.0087971045,0.095372595,0.0048920107
530,0.11180876,0.41196394,0.03616887,0.08341284,0.25233757,0.014226371,0.085161224,0.0049203536
531,0.110367455,0.4029008,0.119642586,0.041540377,0.27288434,0.0074277455,0.016361084,0.028875634
532,0.09643511,0.49391332,0.061524134,0.0187188,0.27533296,0.004573698,0.020768415,0.028733559
533,0.14652465,0.5467727,0.058032803,0.006794896,0.16664997,0.008953843,0.04925395,0.017017173
534,0.18982746,0.39856297,0.095926605,0.0143208215,0.21511722,0.013327156,0.054183826,0.018733904
535,0.17399918,0.24234752,0.1108925,0.023322914,0.3659774,0.011914165,0.036194146,0.03535216
536,0.16103038,0.23774123,0.13841598,0.021398405,0.2963634,0.013854995,0.08211657,0.049078986
537,0.19077453,0.07216499,0.15727974,0.07855842,0.22922745,0.022847144,0.07877852,0.17036921
538,0.14864056,0.11280911,0.16611792,0.08164903,0.32288766,0.013692068,0.03770129,0.116502345
539,0.1632757,0.017781807,0.15906604,0.035389524,0.5080479,0.010930527,0.044924796,0.060583744
540,0.16823554,0.014727316,0.24688864,0.041228335,0.4183984,0.010856724,0.048665505,0.050999593
541,0.20363171,0.028862197,0.149475,0.023289928,0.42509547,0.019405784,0.07851805,0.07172193
542,0.21010685,0.04739762,0.16954528,0.028660197,0.34244528,0.021003595,0.040380348,0.14046086
543,0.15847714,0.016960362,0.2120664,0.0367192,0.4606388,0.0138340155,0.041099455,0.06020468
544,0.15485284,0.014054672,0.18222107,0.040380295,0.48185346,0.013595331,0.0400723,0.07297004
545,0.16199295,0.02336363,0.18248539,0.049586315,0.4460953,0.017068207,0.05107907,0.0683291
546,0.18809804,0.015261004,0.18312488,0.031503774,0.41683418,0.01727043,0.05340379,0.09450393
547,0.1547311,0.007679677,0.17137437,0.028798837,0.48260403,0.012640828,0.052435238,0.08973593
548,0.14643618,0.02073587,0.21074569,0.024500953,0.37456623,0.012697711,0.0649426,0.14537479
549,0.15685661,0.026034616,0.20907018,0.022522997,0.38117805,0.013460563,0.04837205,0.14250496
550,0.14987162,0.028907126,0.25784683,0.021151073,0.41477385,0.011538558,0.06902151,0.046889424
551,0.18620719,0.042476032,0.18086202,0.015436002,0.4489507,0.012678956,0.06794726,0.045441784
552,0.15338857,0.33018085,0.093373,0.016587066,0.3450749,0.008989571,0.030713182,0.021692844
553,0.1205139,0.2875893,0.09882692,0.017848762,0.40832946,0.009489804,0.03460982,0.022792064
554,0.13063997,0.46934915,0.05950445,0.015116197,0.25235718,0.0062525007,0.05202481,0.014755764
555,0.09906501,0.4160734,0.07539923,0.038932845,0.31987312,0.0037738334,0.03432917,0.0125534
556,0.08271816,0.5746503,0.031003837,0.07962143,0.16945742,0.018150399,0.04184367,0.0025547952
557,0.10777231,0.4953591,0.056858085,0.17251521,0.080244616,0.03520325,0.04985153,0.0021959052
558,0.06133468,0.6558545,0.047429934,0.113568865,0.081237696,0.013211411,0.026606612,0.00075625227
559,0.10748677,0.4064249,0.12516867,0.19678839,0.08119032,0.04550726,0.03470938,0.0027242682
560,0.048327234,0.8700275,0.0065978398,0.0076800752,0.004722364,0.0028540003,0.059728965,6.204796e-05
561,0.0956086,0.6741866,0.023988128,0.027793394,0.0197967,0.017234331,0.14064911,0.00074312894
562,0.041745733,0.769844,0.018426506,0.045458112,0.06615076,0.032426763,0.025297042,0.00065108226
563,0.08079731,0.40118656,0.12937716,0.15519412,0.14950405,0.058047164,0.021700805,0.0041927714
564,0.018599061,0.82854277,0.019372115,0.06594535,0.044558704,0.007935567,0.014775432,0.00027106598
565,0.08071492,0.4453336,0.040308222,0.111002624,0.24606074,0.0037169945,0.06775081,0.00511211
566,0.10198806,0.5437934,0.026560526,0.14628045,0.06691364,0.03188058,0.08114515,0.0014382165
567,0.27831522,0.33482528,0.051259797,0.12778251,0.03234275,0.07487143,0.09797352,0.002629463
568,0.22720344,0.053045,0.041629504,0.08315566,0.122372255,0.32508773,0.13711978,0.010386678
569,0.09284113,0.5272511,0.025934896,0.04446094,0.25367254,0.023378836,0.012707726,0.019752854
570,0.07675756,0.4959206,0.03234224,0.04356651,0.32018134,0.0019012307,0.016942319,0.01238821
571,0.09555211,0.6047193,0.015885286,0.013848807,0.22473581,0.0024899712,0.024078913,0.018689848
572,0.14921042,0.5041511,0.09568225,0.01151752,0.1703375,0.011678636,0.041220743,0.016201824
573,0.14112738,0.55401623,0.05834063,0.011284433,0.17303222,0.010612004,0.036667068,0.014919993
574,0.12791486,0.37212104,0.101080775,0.023235599,0.2934963,0.010252558,0.047092706,0.02480616
575,0.17266586,0.23929814,0.13843381,0.027267193,0.25207603,0.014439467,0.13857429,0.017245179
576,0.1670162,0.035228066,0.1649593,0.044568863,0.41736782,0.008956806,0.12731348,0.034589477
577,0.18839169,0.040675364,0.19186021,0.040918965,0.43695435,0.015032307,0.046205748,0.03996139
578,0.17193152,0.061029747,0.18138073,0.06493819,0.28224647,0.02339488,0.056720838,0.15835766
579,0.17343175,0.06882094,0.19932914,0.055087246,0.25172517,0.020117234,0.08664621,0.14484239
580,0.16476578,0.066623405,0.18444975,0.032000855,0.39575383,0.011362695,0.059045885,0.08599787
581,0.16329077,0.012956677,0.18388437,0.027026454,0.44558707,0.014019837,0.06600917,0.087225586
582,0.15784582,0.006173471,0.16423583,0.025417205,0.48669854,0.014053766,0.049292155,0.09628321
583,0.17801994,0.02046415,0.11528857,0.047645748,0.5083205,0.018732408,0.03464478,0.076883905
584,0.1694532,0.013842511,0.13935757,0.062494677,0.4800664,0.018236315,0.03623586,0.08031345
585,0.16127314,0.020150563,0.16784324,0.07478855,0.4536289,0.015986323,0.054099094,0.052230187
586,0.15367654,0.016794097,0.21292852,0.055084445,0.43823212,0.020180406,0.040006533,0.06309737
587,0.17096974,0.012513273,0.21286328,0.03268123,0.42460212,0.017082512,0.06071099,0.06857679
588,0.14714079,0.016080342,0.24369591,0.022591459,0.390639,0.012368572,0.07492349,0.09256042
589,0.14976455,0.008262108,0.22213273,0.023205567,0.460106,0.012878021,0.04509103,0.07855997
590,0.17627977,0.015655708,0.24619545,0.019208342,0.43744028,0.0161165,0.044743005,0.04436092
591,0.18899353,0.02418673,0.19142418,0.013838185,0.4559202,0.015094162,0.05733901,0.05320406
592,0.17117676,0.05880191,0.23706408,0.018899387,0.4220907,0.010753892,0.042524446,0.03868879
593,0.13470721,0.47285488,0.055048734,0.013340076,0.25680187,0.008594256,0.041384663,0.017268267
594,0.10969651,0.53790116,0.06644357,0.013848409,0.21384248,0.0089321695,0.031189026,0.01814668
595,0.10257218,0.45184928,0.050397687,0.014287677,0.32171804,0.0056358883,0.0278616,0.025677634
596,0.07230261,0.49587023,0.064593576,0.022715937,0.28119788,0.00719475,0.039911944,0.016213013
597,0.1077896,0.44639057,0.051392265,0.13496108,0.17489746,0.021583982,0.05484088,0.008144148
598,0.0704424,0.48178765,0.107267395,0.20434533,0.07190642,0.011679126,0.04983142,0.002740231
599,0.04438327,0.70102024,0.071271725,0.10633509,0.04265048,0.006705402,0.02529413,0.0023396616
600,0.04539349,0.8598701,0.023692809,0.014957373,0.015151452,0.014155494,0.026576037,0.00020318334
601,0.1387048,0.8073627,0.0019086521,0.007386351,0.002063787,0.020235132,0.022310257,2.8356086e-05
602,0.03172454,0.8978923,0.001971997,0.0072904606,0.011105395,0.012015991,0.03794683,5.2558233e-05
603,0.029208941,0.5453456,0.11868127,0.115480155,0.17785937,0.0055046594,0.0053907917,0.0025291666
604,0.05054492,0.66821027,0.06621872,0.04983588,0.12958923,0.01774857,0.016872127,0.0009803524
605,0.029205572,0.7842704,0.0075877323,0.038755503,0.12634341,0.0034691256,0.010076598,0.0002916032
606,0.052951213,0.5934438,0.029423995,0.02422693,0.2705077,0.0023763897,0.016331175,0.010738706
607,0.06791054,0.5151676,0.043918576,0.0569911,0.19782156,0.05604374,0.029220058,0.032926925
608,0.40950975,0.38302577,0.0039386386,0.005422073,0.013902353,0.07546449,0.108363695,0.00037315558
609,0.2622302,0.16363886,0.062763,0.07904781,0.05647003,0.20180045,0.16711031,0.006939441
610,0.076390184,0.48997366,0.023140572,0.020737417,0.3606863,0.0034899393,0.016758736,0.008823288
611,0.06487093,0.55768526,0.063457504,0.030483296,0.24306129,0.0024397727,0.017069602,0.020932367
612,0.11268236,0.45225954,0.032476276,0.022476314,0.34734175,0.0023932937,0.008919563,0.021450948
613,0.11767498,0.54081774,0.06664092,0.012313676,0.19919229,0.0080227535,0.02801569,0.027321916
614,0.17961451,0.406346,0.07761832,0.016138118,0.24068409,0.0078023244,0.05160484,0.020191785
615,0.17245635,0.18799573,0.15134019,0.029406851,0.35297227,0.010868759,0.05898696,0.03597285
616,0.17323251,0.06500919,0.17886448,0.06504696,0.32936814,0.012938419,0.123022996,0.052517306
617,0.2011509,0.038693313,0.14690328,0.043691494,0.33901873,0.015829898,0.12227854,0.09243385
618,0.15152079,0.00965951,0.17075838,0.05082211,0.5047832,0.010646769,0.06363537,0.038173813
619,0.23802242,0.04552066,0.16328238,0.050435387,0.26997894,0.025095232,0.06554677,0.14211826
620,0.24143189,0.05718938,0.12445533,0.04561732,0.2903395,0.02818344,0.0733347,0.1394484
621,0.1620509,0.083481826,0.2009515,0.038530752,0.36743733,0.0115463855,0.048991773,0.08700949
622,0.17734836,0.009643912,0.12523977,0.030724268,0.4690727,0.016261045,0.07907548,0.09263448
623,0.15087628,0.0109627815,0.17454603,0.04289032,0.5064906,0.011827522,0.036878478,0.06552797
624,0.15790062,0.011597525,0.14722882,0.046426944,0.5134512,0.017150242,0.035261992,0.07098264
625,0.17922097,0.014356607,0.13704813,0.055346068,0.47425717,0.018562216,0.06389174,0.05731715
626,0.17146184,0.02995256,0.13961151,0.057281286,0.44004664,0.019159952,0.06205412,0.08043208
627,0.1641264,0.01281828,0.16320974,0.032492593,0.47442776,0.016332248,0.057373486,0.07921948
628,0.14463775,0.007437231,0.23238046,0.026072431,0.4354539,0.014767567,0.06151707,0.07773368
629,0.14757416,0.012120498,0.22321458,0.018451348,0.4619797,0.012472267,0.044675604,0.079511836
630,0.14663012,0.016031368,0.22858943,0.02506556,0.37761593,0.016439456,0.03967892,0.14994922
631,0.20654453,0.042823233,0.19823536,0.03067993,0.34278348,0.018206922,0.098451,0.062275533
632,0.19142096,0.16407195,0.13487598,0.020413605,0.3571232,0.016625311,0.059602197,0.055866797
633,0.1660468,0.26190865,0.109734476,0.013878486,0.35286573,0.011862739,0.048795972,0.03490711
634,0.11684268,0.46631175,0.040953957,0.009882252,0.29789376,0.008847009,0.0392761,0.019992454
635,0.13962941,0.59479177,0.037684597,0.0062111295,0.12944679,0.0065914714,0.06770666,0.017938163
636,0.053836297,0.5946818,0.026253117,0.020648483,0.27307636,0.0033434993,0.019601619,0.008558768
637,0.12518299,0.48479146,0.017833421,0.06272663,0.25156826,0.009591008,0.044758122,0.0035481104
638,0.07673083,0.66358405,0.02303156,0.09195354,0.099726945,0.0048989956,0.039303172,0.0007708745
639,0.058775865,0.67335355,0.06166288,0.10114698,0.059363034,0.008227504,0.03516948,0.0023007412
640,0.05429897,0.48431394,0.14969002,0.21502864,0.071799025,0.0077674296,0.014729422,0.0023725699
641,0.04674756,0.9293567,0.0026205273,0.003225469,0.0062742946,0.001435534,0.010322809,1.7121278e-05
642,0.27212882,0.3428015,0.0048849303,0.0019224721,0.010021782,0.059309065,0.30847424,0.00045719912
643,0.014390666,0.94841444,0.0037245417,0.026182378,0.0017183442,0.0025033855,0.0030317514,3.4376393e-05
644,0.06843069,0.5702111,0.030858079,0.12570183,0.036806855,0.13354486,0.029523276,0.004923395
645,0.047180466,0.6348929,0.05745776,0.11960659,0.0924941,0.033037353,0.01254519,0.0027857246
646,0.035261877,0.533753,0.07677105,0.07708901,0.23654737,0.0129313655,0.0243011,0.0033453351
647,0.0346825,0.721217,0.0013840907,0.0049554226,0.23007935,0.0010637615,0.0027896552,0.0038281744
648,0.049157687,0.4732056,0.089433275,0.050783765,0.29317626,0.006463384,0.009164776,0.028615283
649,0.082874306,0.42372364,0.08292808,0.048221666,0.31819233,0.004693876,0.02590512,0.013460951
650,0.18244201,0.27261695,0.037133973,0.03427491,0.20420337,0.052431736,0.21096618,0.0059308587
651,0.2555432,0.09013945,0.02617152,0.018831778,0.0947817,0.12166814,0.38158396,0.011280266
652,0.12003227,0.4411066,0.036966305,0.024345215,0.25182498,0.013363316,0.08859136,0.023769982
653,0.098877676,0.5667185,0.039938644,0.011526581,0.22367972,0.0041797096,0.02746269,0.027616493
654,0.1424581,0.4279871,0.07957314,0.015983816,0.2627528,0.005928107,0.036975555,0.028341372
655,0.15929906,0.23157988,0.14956991,0.021200933,0.35116363,0.007363973,0.047351643,0.03247087
656,0.16330078,0.13565758,0.16641684,0.03250924,0.4054055,0.0071847974,0.055209715,0.034315553
657,0.16607778,0.028100057,0.14020552,0.031816542,0.49064782,0.009615938,0.07488361,0.058652736
658,0.17143263,0.025878726,0.19354118,0.033267725,0.48580196,0.010413197,0.027806524,0.051858082
659,0.16936167,0.008290769,0.15919943,0.029715376,0.40566018,0.014212331,0.08399922,0.12956105
660,0.1649468,0.027821248,0.1533519,0.034208246,0.39616102,0.014954331,0.07578379,0.13277262
661,0.11675637,0.04777694,0.22682272,0.08284559,0.3786799,0.013783839,0.028672703,0.104661934
662,0.17646497,0.17544712,0.118699476,0.050591096,0.2809329,0.04926967,0.08988945,0.058705352
663,0.20140268,0.034307446,0.1042775,0.033526484,0.49378553,0.014229305,0.03504482,0.083426215
664,0.16703041,0.011180177,0.1788021,0.039721943,0.4761688,0.012767209,0.042178717,0.07215071
665,0.20825234,0.009670239,0.1251828,0.05218449,0.4656282,0.019398395,0.054465853,0.0652177
666,0.1585108,0.008924541,0.14766838,0.055750363,0.49482545,0.018153539,0.03928054,0.07688638
667,0.15376893,0.007329454,0.16280101,0.045761015,0.5079238,0.017198443,0.037126325,0.068090975
668,0.15427123,0.0061299535,0.16248776,0.034978725,0.5049457,0.015852626,0.04133475,0.079999216
669,0.1601222,0.030684754,0.16161966,0.029278869,0.44046482,0.014813509,0.039363977,0.12365216
670,0.20159726,0.042086013,0.15723258,0.031221285,0.3378302,0.019229084,0.0827046,0.12809895
671,0.17299186,0.026116934,0.22895142,0.022436507,0.3564557,0.017623954,0.050023407,0.12540013
672,0.17623879,0.016527908,0.23644903,0.019835472,0.40612748,0.015050242,0.07748069,0.052290373
673,0.20735356,0.098396294,0.19691211,0.03376935,0.22846222,0.021058902,0.11288229,0.10116524
674,0.2207754,0.26448387,0.11931466,0.02618006,0.253557,0.022661686,0.071596675,0.021430677
675,0.13867106,0.56397307,0.029297229,0.015187045,0.20594299,0.0060864384,0.021883236,0.018958973
676,0.1325879,0.524674,0.028515937,0.010432005,0.24736147,0.0070683295,0.029983047,0.019377299
677,0.13237649,0.53981537,0.040999133,0.014003922,0.17063119,0.0071895495,0.0750418,0.01994259
678,0.07598998,0.72794914,0.030533044,0.052668314,0.061076224,0.010320658,0.041076634,0.0003859391
679,0.08241885,0.46351784,0.04156104,0.17548196,0.18412344,0.01217091,0.03605833,0.0046676174
680,0.068170145,0.65933526,0.05146002,0.12792782,0.04006848,0.008148844,0.044334497,0.0005548702
681,0.06871661,0.34283543,0.105848335,0.3472245,0.108258784,0.009251571,0.014526697,0.0033380373
682,0.07945665,0.7413548,0.014189988,0.029992232,0.012596616,0.085473105,0.036123257,0.00081339973
683,0.059702113,0.8232654,0.0048990976,0.0072309705,0.00466303,0.02051617,0.07959145,0.00013176572
684,0.013463334,0.978084,0.0005684533,0.0033814963,0.00184852,0.0014982041,0.0011344578,2.1538546e-05
685,0.024274727,0.6037341,0.023462472,0.27719468,0.056828834,0.0057511874,0.0075103566,0.0012437212
686,0.035255335,0.6136655,0.047324754,0.22368532,0.06588075,0.0053107683,0.006701138,0.002176405
687,0.037957635,0.41679472,0.05595187,0.3790925,0.08844802,0.008887413,0.011198211,0.0016695815
688,0.038674932,0.713459,0.0009899738,0.0057367072,0.23505165,0.0016337902,0.0019147742,0.0025392266
689,0.043336403,0.7133742,0.006669504,0.015798867,0.2082519,0.0020800813,0.0041577006,0.0063313586
690,0.13428783,0.4168082,0.025728904,0.05837689,0.28377584,0.012579787,0.051557556,0.016885052
691,0.21009597,0.31475312,0.047018863,0.053238418,0.1832136,0.10210522,0.06984619,0.019728621
692,0.18275864,0.20431972,0.08138054,0.020063628,0.16362846,0.054253858,0.28556478,0.008030302
693,0.1482439,0.23951016,0.06417076,0.06673165,0.21708265,0.019628381,0.22928949,0.015343005
694,0.111439526,0.5694522,0.025834182,0.010890515,0.21984105,0.006313708,0.034473695,0.0217551
695,0.1432688,0.4815841,0.043443732,0.014526308,0.23960839,0.0057032104,0.04552227,0.026343226
696,0.17611106,0.11951301,0.1540576,0.023597134,0.40935886,0.011847913,0.05568192,0.04983245
697,0.17902936,0.016615348,0.18672465,0.026022386,0.4786592,0.009516257,0.043444194,0.059988614
698,0.19898765,0.01185104,0.17670566,0.027229734,0.42804316,0.013834038,0.08587455,0.05747423
699,0.1976551,0.015080527,0.16287778,0.03948698,0.36445746,0.02029363,0.049839947,0.15030856
700,0.15553509,0.017421797,0.14876805,0.038765892,0.54935914,0.010982105,0.020377371,0.05879055
701,0.16053389,0.02123817,0.16760795,0.024111178,0.39182743,0.012595915,0.063709125,0.15837634
702,0.2036392,0.02849128,0.10835754,0.04483536,0.38592148,0.022350648,0.045996077,0.16040848
703,0.16405891,0.008517759,0.13921358,0.038655806,0.56021535,0.01196584,0.034748375,0.042624403
704,0.16901012,0.008128416,0.15433851,0.04365427,0.504465,0.01195988,0.0431322,0.06531165
705,0.21379162,0.010213418,0.18607567,0.045696158,0.37098473,0.021618461,0.08505868,0.06656123
706,0.18636775,0.006674865,0.13308388,0.049284007,0.466574,0.019892186,0.04724986,0.09087338
707,0.16910307,0.009453911,0.13017188,0.045283165,0.5107347,0.020417087,0.039310556,0.07552564
708,0.16590634,0.006003844,0.12717421,0.04612171,0.504464,0.018430477,0.046042483,0.0858569
709,0.15530266,0.009427757,0.15728319,0.03879648,0.5227106,0.016269904,0.033267867,0.06694152
710,0.19520135,0.041056413,0.13946137,0.0274488,0.34375852,0.020314576,0.045298915,0.18746006
711,0.30061728,0.047521308,0.13987276,0.04239402,0.30181557,0.02648928,0.08898869,0.052301068
712,0.24001136,0.04657543,0.15498921,0.02201175,0.3432717,0.01967803,0.11145324,0.06200931
713,0.19680797,0.01606493,0.20341565,0.014757633,0.42166534,0.013718202,0.09272892,0.040841375
714,0.16841103,0.1639405,0.18277049,0.015178984,0.36198443,0.010789221,0.06344868,0.033476643
715,0.14231172,0.6082888,0.020106995,0.0022743007,0.16454934,0.0042401254,0.04148695,0.016741788
716,0.17704237,0.33695954,0.08880837,0.014058369,0.2926588,0.013225895,0.059904944,0.017341707
717,0.09696344,0.48935264,0.014978776,0.01222463,0.3304441,0.0027175453,0.029403776,0.023915077
718,0.13955118,0.5851566,0.019433541,0.007734865,0.20289978,0.004483142,0.022631882,0.018108893
719,0.10603912,0.60142857,0.017417816,0.014848172,0.20302401,0.010539775,0.033852506,0.012849984
720,0.08214588,0.56062555,0.04008251,0.17074212,0.09851154,0.012032205,0.0347989,0.0010612946
721,0.08785187,0.42599785,0.10039276,0.25880933,0.0775073,0.012815911,0.032588754,0.0040362077
722,0.068337634,0.17987527,0.16479735,0.390373,0.1699054,0.00969183,0.014690584,0.0023288643
723,0.018859234,0.8725858,0.04214424,0.031956773,0.016862476,0.000902255,0.016300013,0.0003893079
724,0.40569463,0.41433278,0.0013895752,0.0018780964,0.0067709046,0.07109069,0.09866681,0.0001765994
725,0.018439902,0.89708346,0.015916418,0.044232063,0.013413451,0.0011000724,0.009442435,0.000372147
726,0.021860186,0.69689775,0.06895421,0.087256745,0.064109035,0.036806744,0.019412905,0.0047023688
727,0.057512507,0.62577575,0.027476385,0.20640546,0.061821032,0.011487183,0.007968083,0.001553624
728,0.028019967,0.8795812,0.0026840155,0.013850755,0.045026537,0.0040079122,0.02676264,6.693632e-05
729,0.13887939,0.67064434,0.005820888,0.0023537874,0.01199937,0.017692473,0.1518619,0.00074787
730,0.13681033,0.6789711,0.0009765186,0.0021288162,0.16925259,0.005579654,0.0052110753,0.0010699425
731,0.116217695,0.42252314,0.028754547,0.040121067,0.27765155,0.019155363,0.08912057,0.0064560142
732,0.13780405,0.6069582,0.021652954,0.0050276145,0.14776573,0.00700499,0.05776111,0.016025335
733,0.12648205,0.49463773,0.041115306,0.010233474,0.1851184,0.010208044,0.11637853,0.015826445
734,0.09633659,0.32665503,0.052232884,0.06365374,0.15458868,0.026408162,0.2727097,0.0074151773
735,0.10387389,0.43817332,0.03029594,0.036030915,0.28919375,0.004633516,0.064949475,0.032849178
736,0.15643492,0.4119845,0.06799721,0.014502621,0.23160805,0.00773796,0.06878735,0.040947363
737,0.16080166,0.04931272,0.19152981,0.03208425,0.3707877,0.010441805,0.100205995,0.08483604
738,0.18325663,0.017805068,0.16856909,0.019972209,0.4545076,0.013367882,0.076704405,0.06581709
739,0.16987614,0.049234238,0.22489725,0.023991937,0.39269614,0.00964927,0.062378462,0.0672766
740,0.17838126,0.0341466,0.17077854,0.051747665,0.2884566,0.017592136,0.0855162,0.17338099
741,0.15049307,0.046234157,0.18520391,0.048116982,0.39492458,0.0071814554,0.07450857,0.09333723
742,0.2092871,0.046413712,0.1731251,0.026434999,0.3302262,0.01661935,0.07372407,0.1241695
743,0.21909189,0.04425571,0.18300128,0.043164108,0.36751038,0.025484081,0.05357513,0.06391742
744,0.16238818,0.014220351,0.18501101,0.040036462,0.4545246,0.020905582,0.049678903,0.073234886
745,0.21186328,0.0122708725,0.1352051,0.04183749,0.40312934,0.022036584,0.07810856,0.09554875
746,0.25294217,0.014721927,0.13163237,0.04460085,0.37035888,0.024588656,0.09403805,0.0671171
747,0.22916277,0.024974966,0.12498817,0.0344321,0.3983991,0.023086363,0.08103243,0.08392409
748,0.18148823,0.026749542,0.12743457,0.034865748,0.45488164,0.017243035,0.07214052,0.08519668
749,0.1762193,0.030233286,0.13177922,0.021451147,0.42141923,0.016460404,0.085416,0.11702147
750,0.15880243,0.024964752,0.17491442,0.024928465,0.46837443,0.0154027855,0.03804722,0.09456539
751,0.17421992,0.022247383,0.14797184,0.019099263,0.4443766,0.015141948,0.06681653,0.11012649
752,0.16278927,0.04095318,0.1693661,0.02646657,0.41891718,0.0127119925,0.0818221,0.08697364
753,0.21867451,0.07710978,0.15476014,0.04488493,0.35043234,0.020033369,0.09781197,0.03629299
754,0.16165157,0.21207549,0.117261596,0.017249841,0.38604695,0.009396175,0.048415802,0.04790254
755,0.17508103,0.25980145,0.12527844,0.017099239,0.3474552,0.009987253,0.042077273,0.02322015
756,0.11628859,0.63623077,0.02276886,0.0046077673,0.1726173,0.00773664,0.020657916,0.019092178
757,0.118562676,0.47278994,0.041493367,0.01549258,0.28969577,0.0051095285,0.0393601,0.017496102
758,0.118162125,0.5879966,0.01406995,0.0065572495,0.21263592,0.004386029,0.03659824,0.019593818
759,0.09742473,0.46986374,0.024318194,0.016848573,0.3477842,0.0048874123,0.022193115,0.016680066
760,0.08928705,0.60769963,0.008718109,0.008573896,0.24609846,0.0061768484,0.027599353,0.005846613
761,0.084837265,0.67257106,0.06696615,0.027846945,0.09657182,0.009006142,0.04118386,0.0010167367
762,0.0958355,0.54843694,0.07959659,0.088190086,0.074139856,0.06805103,0.039185897,0.0065641417
763,0.02737498,0.6541112,0.04925366,0.20045021,0.057818647,0.0028184683,0.007696107,0.00047683233
764,0.048767485,0.9108215,0.003935696,0.010125431,0.004486214,0.0012170846,0.020619728,2.683289e-05
765,0.01085637,0.9752941,0.0016600117,0.0038284778,0.0036617867,0.0003331928,0.004341907,2.4046913e-05
766,0.05016938,0.30596995,0.13506442,0.30760142,0.1442853,0.017932631,0.036262315,0.0027145662
767,0.07739389,0.46543685,0.06339911,0.22287352,0.06357557,0.055850644,0.048879664,0.0025907592
768,0.07617712,0.53997153,0.029446675,0.1797428,0.1124029,0.008111378,0.053546067,0.000601584
769,0.037439037,0.75911576,0.03407383,0.05847073,0.06405067,0.008302706,0.038383935,0.00016335421
770,0.032548018,0.60587764,0.030887583,0.050106563,0.24048612,0.0014816488,0.03483541,0.0037769869
771,0.0978261,0.71791065,0.0063639916,0.0024454182,0.14133756,0.0023381258,0.022686016,0.009092191
772,0.108318254,0.63912934,0.013129476,0.0047136205,0.20214945,0.006673527,0.012215467,0.013670844
773,0.1487797,0.50375736,0.07063442,0.009371992,0.20530309,0.009744517,0.039586823,0.012822062
774,0.15740854,0.39786875,0.075424396,0.019685332,0.27008647,0.013415151,0.04127959,0.024831753
775,0.16438974,0.20874141,0.101459846,0.0865629,0.24894778,0.017760593,0.13227354,0.03986412
776,0.16631518,0.08774602,0.15433171,0.08045942,0.30395085,0.015475649,0.10127907,0.0904421
777,0.26055723,0.11545114,0.14602637,0.08071422,0.22059928,0.026398348,0.09779431,0.0524591
778,0.20263289,0.051216036,0.14810348,0.03631865,0.24996097,0.021280386,0.11770356,0.17278402
779,0.15632682,0.016015185,0.17238477,0.0341474,0.47819233,0.00947747,0.07003711,0.06341898
780,0.15374836,0.02380425,0.18375021,0.020822816,0.43441978,0.00843463,0.07237945,0.102640495
781,0.21822007,0.037020154,0.13004304,0.036193836,0.26727825,0.021918219,0.09053671,0.19878972
782,0.17657429,0.014073449,0.16406284,0.035405528,0.37432122,0.014877645,0.063631766,0.15705332
783,0.15433182,0.0183863,0.22016367,0.032948818,0.39868405,0.012777666,0.063695475,0.09901228
784,0.16310953,0.008681528,0.18800922,0.043502588,0.46878222,0.017390296,0.045462266,0.065062426
785,0.18257391,0.011080931,0.16687138,0.035417747,0.4495977,0.01884881,0.0733052,0.062304325
786,0.16236046,0.026617551,0.2118338,0.042390645,0.32203096,0.017054595,0.09473709,0.122974865
787,0.20565076,0.021044377,0.16148749,0.035340473,0.4061603,0.02183238,0.084200986,0.064283215
788,0.16745394,0.01359792,0.122243114,0.039380617,0.4908239,0.0155077055,0.056002446,0.09499038
789,0.15837993,0.009114717,0.16157085,0.025091514,0.49264407,0.012741628,0.05457192,0.08588535
790,0.15914908,0.010169831,0.18655917,0.02721222,0.48344395,0.017218847,0.03720843,0.07903847
791,0.15785623,0.021739598,0.17421867,0.022923607,0.4792898,0.016368153,0.057862733,0.069741234
792,0.16018765,0.022381784,0.18271583,0.027534535,0.47804365,0.013746179,0.05349101,0.061899383
793,0.16295631,0.031301104,0.15081105,0.03083813,0.48701227,0.013737686,0.05615483,0.06718867
794,0.17449951,0.07084717,0.13657184,0.026156198,0.45741382,0.012118925,0.064780444,0.057612043
795,0.21422152,0.30742863,0.08209682,0.029905725,0.2701851,0.0175067,0.062251955,0.016403578
796,0.14563172,0.532962,0.036764346,0.008261918,0.2070635,0.010836589,0.041184984,0.0172949
797,0.11730514,0.38163805,0.059293296,0.013344702,0.3595967,0.007202999,0.040339287,0.02127985
798,0.12919638,0.493862,0.070168056,0.008536038,0.23735808,0.0050530834,0.036274314,0.019552054
799,0.11951152,0.5126622,0.043927625,0.029000485,0.23878239,0.0028303491,0.04577385,0.0075115277
800,0.053621694,0.716266,0.020289661,0.0050324956,0.16787013,0.004558004,0.029801112,0.0025609918
801,0.0654962,0.46428034,0.049582817,0.04114128,0.32643378,0.005293349,0.03948953,0.008282718
802,0.06768339,0.6510065,0.024164401,0.053510934,0.16056524,0.0064024213,0.036005467,0.00066161685
803,0.09469518,0.64468044,0.043769,0.03239639,0.1500595,0.005415361,0.028498847,0.00048524168
804,0.057981078,0.77058184,0.016419563,0.019367805,0.09703831,0.015260285,0.023155553,0.00019554407
805,0.013856182,0.9754579,0.00033900444,0.0059249518,0.0034340324,0.00031964193,0.00066366757,4.621175e-06
806,0.010614404,0.97812855,0.0019539264,0.0022084175,0.005178371,0.00039680974,0.0014924451,2.7141736e-05
807,0.08328063,0.6779574,0.01064945,0.11777356,0.08816482,0.010535552,0.010225928,0.0014126173
808,0.04292057,0.6214134,0.076049335,0.1525637,0.07033683,0.008321486,0.027826726,0.000567904
809,0.08936369,0.59947276,0.026951559,0.12587404,0.07537327,0.013896299,0.068599775,0.0004685642
810,0.045697566,0.55565816,0.020444503,0.09573461,0.18329456,0.029654821,0.06602232,0.0034935155
811,0.038920287,0.6354136,0.06345956,0.039087497,0.20089436,0.007364824,0.004453642,0.010406202
812,0.10744052,0.4029422,0.09600055,0.024178935,0.3319286,0.006626863,0.011229856,0.01965245
813,0.1003885,0.51418066,0.05096751,0.009783912,0.28350025,0.008279832,0.009353137,0.023546217
814,0.1603811,0.29877502,0.11334889,0.018558238,0.33044684,0.010131418,0.040829957,0.027528454
815,0.15197994,0.27096584,0.14460585,0.023744795,0.28754655,0.012863093,0.049032103,0.05926184
816,0.16281886,0.0282811,0.124221094,0.028895171,0.5152839,0.012563348,0.057318393,0.070618115
817,0.16804871,0.0124049205,0.14819552,0.03721771,0.40928423,0.013888613,0.096306846,0.11465349
818,0.19107625,0.01637509,0.1646874,0.04514243,0.36201748,0.01584961,0.11538694,0.08946475
819,0.17214985,0.008622452,0.15769343,0.03250733,0.42826235,0.0119413575,0.088241555,0.10058164
820,0.17079233,0.01933584,0.17297293,0.029935768,0.479431,0.01368469,0.045578517,0.06826902
821,0.15203065,0.023911357,0.21443172,0.023767928,0.44660023,0.008853096,0.055752352,0.074652724
822,0.16811061,0.011122128,0.1560445,0.046306204,0.45184425,0.010166135,0.050091695,0.10631448
823,0.15299779,0.026581353,0.24274616,0.03737911,0.3517344,0.009498235,0.047319926,0.13174297
824,0.2098864,0.021962296,0.15388693,0.029636933,0.34309697,0.018311404,0.06883328,0.15438573
825,0.24408242,0.045776397,0.15809318,0.061433848,0.28688267,0.025946075,0.109891355,0.06789409
826,0.17869814,0.011809668,0.17033255,0.028173601,0.44050935,0.018192943,0.073257364,0.07902637
827,0.18194912,0.024097735,0.17394878,0.024581704,0.42301598,0.014329119,0.062201977,0.09587556
828,0.19008195,0.029966421,0.19260426,0.040301215,0.34849018,0.018419465,0.07379992,0.10633661
829,0.19090797,0.03747939,0.13391212,0.03355134,0.37729076,0.019177595,0.074966505,0.13271435
830,0.1641711,0.050260056,0.13445632,0.01679039,0.3897757,0.0142818745,0.05556928,0.17469527
831,0.16542053,0.009933309,0.16471516,0.01452401,0.46602556,0.013721356,0.049535733,0.11612438
832,0.17941363,0.028327538,0.16317363,0.014981795,0.49176282,0.014421983,0.05770854,0.050210085
833,0.18064855,0.02107752,0.13153224,0.013069302,0.53383434,0.0130026685,0.05336912,0.053466294
834,0.19999094,0.029467026,0.11610125,0.007035966,0.50769377,0.013279297,0.057812136,0.06861967
835,0.18412185,0.19084775,0.08494476,0.02406253,0.39873922,0.015831674,0.059498355,0.041953832
836,0.15681197,0.42794323,0.04292631,0.02333917,0.2267897,0.013698196,0.09320902,0.015282457
837,0.12177952,0.6311505,0.016873244,0.0027334602,0.14502789,0.0052796677,0.06271177,0.014444053
838,0.084503226,0.5381415,0.09668998,0.014296314,0.21480092,0.0050475486,0.023622002,0.022898484
839,0.109715775,0.5529401,0.00874471,0.0064766086,0.26714617,0.0036178753,0.031273924,0.020084882
840,0.13917442,0.42256385,0.061524555,0.015786259,0.30661193,0.012322923,0.02823571,0.013780306
841,0.0790881,0.52639794,0.09681258,0.041588776,0.18071012,0.0266464,0.036063574,0.012692457
842,0.05704123,0.65937006,0.037833128,0.1376344,0.07447057,0.0064323833,0.026049472,0.0011687422
843,0.083459884,0.6094953,0.015942669,0.0837002,0.075573914,0.10106743,0.02850844,0.0022522148
844,0.06157117,0.6164422,0.013215208,0.1813011,0.05690864,0.042608637,0.027480394,0.00047264114
845,0.02887191,0.94745374,0.002095148,0.00065771735,0.008474126,0.00035112293,0.012088766,7.406285e-06
846,0.01619904,0.9744844,0.00040644017,0.0014555999,0.0012892608,0.0029768106,0.0031760277,1.2465971e-05
847,0.05106173,0.80397266,0.04560481,0.026743326,0.042185646,0.0065162294,0.023737235,0.00017835571
848,0.03537364,0.7806327,0.020873489,0.018970057,0.11093004,0.014898847,0.017859168,0.0004621271
849,0.08139381,0.3637389,0.1114638,0.27335277,0.11025045,0.015213364,0.043300703,0.0012861898
850,0.058389824,0.6980389,0.023714628,0.06732319,0.10513258,0.0040597823,0.043129683,0.00021139695
851,0.08398615,0.3642833,0.016406445,0.07641492,0.4330331,0.002714511,0.019114228,0.0040473347
852,0.09438573,0.6122903,0.01871602,0.013031114,0.19048452,0.01254831,0.04421739,0.014326554
853,0.11595837,0.59856385,0.034695823,0.0076707727,0.1919181,0.006825455,0.027398797,0.016968813
854,0.12744598,0.40938511,0.10212054,0.016932301,0.29918614,0.009708185,0.017154349,0.01806741
855,0.14218968,0.15824237,0.16129425,0.02825625,0.44327474,0.013543902,0.019626662,0.033572145
856,0.30533898,0.05363566,0.18386616,0.008960114,0.4015705,0.01430209,0.019799527,0.012526967
857,0.17121011,0.0397011,0.20061174,0.0189058,0.45585337,0.012284008,0.051258247,0.05017561
858,0.17221944,0.011271164,0.19638918,0.026031334,0.48173505,0.01081356,0.049060464,0.0524798
859,0.14969824,0.009098332,0.15923452,0.027784726,0.51841563,0.01125893,0.03361864,0.09089103
860,0.1846856,0.029771807,0.18972918,0.02712617,0.35998932,0.017408794,0.041036896,0.15025227
861,0.17161076,0.05944248,0.17947331,0.028852113,0.46691227,0.011899811,0.03975109,0.042058174
862,0.17614682,0.050967943,0.17052361,0.023712039,0.40640485,0.012049352,0.04357835,0.116617024
863,0.17559242,0.016663369,0.16160747,0.030209117,0.37164193,0.01649344,0.049767267,0.17802502
864,0.17659466,0.020673824,0.19425052,0.029538708,0.3535357,0.016941827,0.04680773,0.16165704
865,0.16147467,0.046404246,0.19241902,0.034236547,0.40510258,0.012560114,0.055757366,0.09204549
866,0.18230036,0.036879648,0.12745462,0.026538283,0.36352864,0.014502037,0.0770719,0.17172454
867,0.18144484,0.020840645,0.18388517,0.042436495,0.34017763,0.01940849,0.07600026,0.1358065
868,0.16870384,0.020653859,0.20040824,0.027625166,0.36730346,0.0142199285,0.068014614,0.13307092
869,0.21157241,0.034654405,0.18304628,0.02964716,0.3464758,0.020554114,0.07050539,0.10354441
870,0.15993556,0.013699829,0.18127176,0.025257587,0.47692373,0.013100609,0.058692746,0.071118094
871,0.1995027,0.03651065,0.13166471,0.019965596,0.37799576,0.016524808,0.07182323,0.14601251
872,0.16939262,0.042118106,0.14915884,0.015907044,0.4357494,0.013560012,0.0834452,0.09066884
873,0.17642401,0.02990876,0.14361718,0.01366091,0.50288045,0.015044979,0.054898225,0.06356543
874,0.17689717,0.04753472,0.11833702,0.025444085,0.4861235,0.017573748,0.0512041,0.076885685
875,0.16156705,0.13716629,0.09422493,0.022938633,0.4733594,0.011337553,0.027362023,0.072044104
876,0.13474075,0.2747682,0.09216554,0.028940499,0.40261808,0.007908157,0.022465847,0.036392935
877,0.11427217,0.37796652,0.047372606,0.0074240714,0.3575315,0.006371531,0.05312918,0.03593242
878,0.08953972,0.67273474,0.0070044636,0.0147742,0.14327194,0.014673242,0.05761065,0.00039104305
879,0.11713655,0.39453524,0.053087194,0.044860944,0.25712675,0.085029274,0.034359425,0.013864642
880,0.07551209,0.5096743,0.054271508,0.023842702,0.30156943,0.005376105,0.016910356,0.012843516
881,0.11163951,0.53016263,0.02317246,0.014538648,0.2882371,0.00226994,0.02342381,0.006555874
882,0.0870179,0.53170204,0.08704711,0.04918214,0.21776831,0.0065341345,0.018834958,0.0019133923
883,0.09210529,0.38441864,0.12124242,0.1676806,0.16045511,0.044920623,0.025481984,0.003695347
884,0.06478352,0.86606437,0.0047583217,0.005786385,0.009417175,0.009176967,0.039929945,8.331535e-05
885,0.12221614,0.67638487,0.015353474,0.026973037,0.014404855,0.08646676,0.05749443,0.00070641097
886,0.02650499,0.9377697,0.007338369,0.003346337,0.00432567,0.0062058116,0.014470283,3.890544e-05
887,0.08013392,0.7437467,0.0053748065,0.006798827,0.0026908645,0.010397692,0.15066895,0.00018823186
888,0.043136403,0.6922409,0.0596288,0.09758117,0.0700399,0.0037562046,0.033312317,0.00030433797
889,0.058769062,0.57258254,0.07129974,0.15766026,0.093418054,0.01083857,0.03501775,0.00041407254
890,0.08065379,0.46939877,0.055424817,0.18916626,0.092839696,0.046166558,0.06509566,0.0012543742
891,0.04317608,0.6675437,0.0031239283,0.017152745,0.22371641,0.008748781,0.0360983,0.00044002914
892,0.049139988,0.67076313,0.0031600455,0.014661674,0.2540285,0.0024713592,0.0019481325,0.0038271076
893,0.13554306,0.6288681,0.016163899,0.0024469295,0.16778101,0.008076655,0.033232924,0.007887451
894,0.14233556,0.5045567,0.06227954,0.0071209185,0.21323484,0.013385754,0.043301612,0.013785123
895,0.18062481,0.44140977,0.039440818,0.028243601,0.2587687,0.0060935225,0.033211064,0.012207759
896,0.13567986,0.35062417,0.078522466,0.04287751,0.35375378,0.009462377,0.00776677,0.02131307
897,0.24529839,0.04249921,0.1392517,0.01145331,0.4623781,0.014852688,0.058654524,0.025612058
898,0.14674854,0.033494893,0.24284458,0.02639032,0.46047884,0.010080618,0.04255989,0.037402276
899,0.16012551,0.007793838,0.1691343,0.025675075,0.5141202,0.011067798,0.058408275,0.05367495
900,0.1790549,0.01680385,0.18344606,0.023017498,0.48822716,0.01022852,0.055491503,0.04373053
901,0.15594861,0.0133020645,0.20439348,0.02713076,0.4842739,0.01077654,0.053942885,0.050231766
902,0.17007151,0.049094427,0.18412666,0.02042583,0.4555026,0.010476618,0.041140705,0.069161676
903,0.16847134,0.021132048,0.16645116,0.027248466,0.46187767,0.010629814,0.07520396,0.06898559
904,0.14710529,0.013042042,0.18881781,0.02772067,0.45077303,0.010169762,0.050079983,0.112291425
905,0.18820634,0.010694464,0.1739984,0.031645343,0.40281874,0.016815739,0.035174184,0.14064677
906,0.22353674,0.04413677,0.111877784,0.022804093,0.3346223,0.018425945,0.054484975,0.19011138
907,0.16831905,0.041145213,0.16279072,0.020509388,0.3713863,0.013854997,0.06633779,0.15565655
908,0.15395427,0.015577108,0.1714328,0.025945952,0.46367383,0.011252463,0.046219215,0.11194431
909,0.16004442,0.018245641,0.20101939,0.020929687,0.4356529,0.011572916,0.074906714,0.07762839
910,0.19606428,0.029411215,0.20663206,0.048073523,0.26568693,0.024548717,0.114474356,0.115108855
911,0.18247682,0.014983297,0.17953663,0.021499796,0.47725445,0.01628339,0.043641537,0.06432415
912,0.167828,0.01615505,0.19111365,0.021680484,0.44777128,0.01570622,0.064977214,0.07476808
913,0.16209087,0.023755573,0.15116167,0.021249928,0.4595117,0.014562964,0.053483285,0.11418404
914,0.17940195,0.028413853,0.13069947,0.009133229,0.48640928,0.0136939995,0.076212406,0.0760358
915,0.1571246,0.1602739,0.083468996,0.017185627,0.47630996,0.012480071,0.033950534,0.059206318
916,0.07658791,0.44910747,0.03588473,0.013276782,0.3570755,0.005974021,0.005065319,0.05702823
917,0.09757035,0.41444573,0.062013645,0.014860458,0.3592274,0.0074097617,0.010136733,0.034335952
918,0.12762098,0.46521476,0.030988926,0.006474744,0.30262104,0.007959055,0.03114401,0.027976483
919,0.078144684,0.6274184,0.040945757,0.011608296,0.20962256,0.0051358105,0.012865891,0.014258538
920,0.1685297,0.3400552,0.0912764,0.035026353,0.22833927,0.019401614,0.10702378,0.01034764
921,0.13869773,0.2299994,0.11919681,0.061124902,0.27861217,0.012821845,0.14284725,0.016699908
922,0.0795372,0.6075317,0.022876348,0.08248257,0.15163226,0.005683407,0.049523164,0.00073329586
923,0.063912,0.7784571,0.040031318,0.015950527,0.05985835,0.01576452,0.025570858,0.00045535812
924,0.09895485,0.592022,0.03674172,0.060635768,0.079953834,0.08926776,0.040340364,0.0020837195
925,0.09265011,0.75405955,0.0062647066,0.046130337,0.04015615,0.0075241188,0.053056933,0.0001581044
926,0.063522816,0.8562352,0.0055957558,0.013281185,0.00797663,0.0154383555,0.037855893,9.416471e-05
927,0.07640113,0.89826125,0.00057073234,0.0028326216,0.001145067,0.017367883,0.0034146698,6.622283e-06
928,0.012287397,0.96714056,0.0020470747,0.01134117,0.005923793,0.0002542242,0.0009660743,3.977487e-05
929,0.021049667,0.8651592,0.015153515,0.078739,0.009976612,0.0029917909,0.006893031,3.7174344e-05
930,0.056299258,0.89500964,0.0023947943,0.007792415,0.0044273864,0.0015815486,0.032479562,1.5397034e-05
931,0.054935474,0.43726826,0.06683865,0.33851662,0.07336922,0.0074541555,0.02112358,0.0004940223
932,0.04605744,0.5413747,0.014591592,0.12658378,0.2208599,0.020310696,0.027305828,0.0029160616
933,0.056003954,0.611796,0.0063733156,0.010250834,0.29589733,0.007958672,0.0016239512,0.010095967
934,0.098583505,0.64091516,0.015655516,0.009852409,0.20216855,0.0017574764,0.020729594,0.010337878
935,0.11178554,0.59017384,0.048698064,0.008516616,0.1928156,0.003569947,0.028030781,0.01640964
936,0.140169,0.37035084,0.09414987,0.026792409,0.3178736,0.009458357,0.020292971,0.020912975
937,0.18012965,0.48463827,0.018487403,0.0131166,0.2747447,0.007497414,0.015120757,0.006265179
938,0.17029993,0.33943936,0.11591625,0.02156204,0.2639715,0.014877396,0.05498606,0.018947473
939,0.16359258,0.175007,0.14751431,0.02246961,0.33101487,0.012249394,0.10738047,0.040771723
940,0.1647647,0.022009354,0.15949015,0.028007485,0.47997472,0.011554939,0.05850253,0.07569607
941,0.16903447,0.01891343,0.14542635,0.026187437,0.50540304,0.01227081,0.05500914,0.067755245
942,0.17541203,0.009526904,0.16310804,0.030663239,0.46374485,0.012865483,0.0777535,0.06692596
943,0.18493497,0.016809711,0.18389428,0.029004801,0.48653185,0.011306352,0.039724853,0.047793202
944,0.15746807,0.021334855,0.1644784,0.034345172,0.3809123,0.01538786,0.060171075,0.16590224
945,0.17940994,0.014332565,0.17920215,0.033885498,0.38647416,0.016359821,0.06875139,0.121584475
946,0.17384508,0.01707793,0.16488402,0.026609397,0.4551135,0.012708591,0.06964833,0.08011316
947,0.17197993,0.027410371,0.18227684,0.029267563,0.48545638,0.011692536,0.025124483,0.066791885
948,0.21472006,0.030135036,0.1641137,0.032296225,0.3779493,0.017755887,0.06449911,0.09853066
949,0.15894839,0.06274092,0.15364663,0.021040408,0.5128448,0.007185269,0.025383174,0.058210462
950,0.15833034,0.046761874,0.18792869,0.040776655,0.29744494,0.01593556,0.09202432,0.16079772
951,0.16639555,0.028820252,0.21027477,0.026932975,0.45491275,0.012108021,0.043065052,0.05749062
952,0.16548821,0.017020343,0.1945659,0.01965944,0.429742,0.01154856,0.086372465,0.07560306
953,0.19256397,0.031740718,0.1675519,0.016291108,0.470985,0.013980605,0.041863926,0.06502281
954,0.17482372,0.027828667,0.20129187,0.011756392,0.4500203,0.012355652,0.06899538,0.052927993
955,0.17133252,0.079992115,0.18203759,0.03215852,0.36976135,0.017060554,0.09028911,0.05736829
956,0.17902611,0.1038567,0.13241906,0.020280136,0.44181702,0.014788429,0.046175934,0.061636657
957,0.16538978,0.24482107,0.055882268,0.022901546,0.43207064,0.013137612,0.022868799,0.04292828
958,0.115241654,0.42161658,0.05692942,0.01390333,0.35170928,0.0038895074,0.012349961,0.024360202
959,0.09973359,0.53720206,0.019516341,0.005190338,0.29428768,0.0038229409,0.014818216,0.025428828
960,0.1084688,0.55517805,0.014957472,0.0055920407,0.27624363,0.008288401,0.010435168,0.020836433
961,0.08624547,0.5051948,0.083840504,0.019409735,0.24833578,0.0040709507,0.039194714,0.013708028
962,0.122553885,0.3859651,0.09213793,0.016640047,0.29661947,0.008923097,0.06215262,0.01500783
963,0.110223435,0.40771315,0.076899424,0.17375547,0.13690238,0.017396273,0.07119121,0.00591866
964,0.050353553,0.7608626,0.018515175,0.06824818,0.07130506,0.0064217756,0.024113271,0.00018041945
965,0.06873646,0.5728098,0.012402051,0.16199525,0.116237246,0.03468042,0.03228901,0.00084970554
966,0.09584859,0.5248625,0.03284837,0.13459674,0.11632285,0.04843285,0.042701717,0.004386358
967,0.08525682,0.65592724,0.046035893,0.08828184,0.070340686,0.009282443,0.0440153,0.0008596762
968,0.02457764,0.94797146,0.0008869827,0.0033604102,0.012789688,0.0055065574,0.0048905886,1.6601496e-05
969,0.011787528,0.95610815,0.0025098068,0.022594094,0.0035604618,0.000963577,0.0024552597,2.1140371e-05
970,0.009381288,0.9264892,0.0037610608,0.04467843,0.011237232,0.0037385416,0.00065077737,6.338267e-05
971,0.016952807,0.79474175,0.011830026,0.08537501,0.06299295,0.024265256,0.0032491044,0.00059306674
972,0.032013614,0.5898284,0.0525295,0.08716409,0.22927667,0.0016101721,0.003967461,0.0036101385
973,0.057178434,0.6208475,0.0031172864,0.015199787,0.3010346,0.0004671794,0.0015231334,0.0006320697
974,0.07541634,0.5662862,0.08880331,0.021753838,0.20614943,0.009133651,0.026526172,0.005931073
975,0.113033086,0.63598984,0.008467807,0.0054165823,0.20001733,0.0016488913,0.023150053,0.012276403
976,0.101373725,0.6147385,0.044243652,0.011167843,0.17970568,0.0059405416,0.025157612,0.017672392
977,0.13233285,0.5384768,0.06514205,0.0119347535,0.20789403,0.0073222485,0.022331953,0.0145652285
978,0.14112431,0.47988564,0.077557705,0.021928601,0.24864717,0.006735156,0.018740969,0.0053804927
979,0.13778818,0.35052595,0.116373375,0.024587287,0.30081955,0.008797511,0.04455555,0.01655261
980,0.16668288,0.36147523,0.075541735,0.017216517,0.3050527,0.009798992,0.04080447,0.02342743
981,0.17849256,0.09573629,0.15113522,0.02438829,0.42427284,0.011195073,0.06153263,0.05324707
982,0.16885258,0.009377329,0.1556833,0.028384622,0.4673278,0.013848253,0.08494745,0.07157868
983,0.19183387,0.014964512,0.17266974,0.034806326,0.35886943,0.017037448,0.082096465,0.12772219
984,0.17572942,0.012760828,0.2040548,0.035067737,0.4705174,0.013913783,0.050429575,0.03752646
985,0.22913681,0.044975925,0.13521206,0.031722445,0.385678,0.019661114,0.07737601,0.076237716
986,0.23103829,0.0325452,0.17219554,0.03193929,0.34175202,0.021445788,0.079445176,0.089638695
987,0.19363202,0.012134248,0.17358573,0.028051555,0.4406108,0.015814466,0.06135042,0.07482078
988,0.17684002,0.020600257,0.17590101,0.035323404,0.3525156,0.015867012,0.060992055,0.16196059
989,0.21990573,0.026434785,0.16003793,0.03032345,0.35268807,0.018904097,0.06630867,0.12539725
990,0.17123672,0.016224155,0.13944869,0.03016747,0.44748154,0.013134231,0.090120554,0.0921866
991,0.23096862,0.04074269,0.16276507,0.043487232,0.30143273,0.020685995,0.11130145,0.08861621
992,0.18837142,0.017990174,0.20654991,0.01199461,0.4514796,0.012306606,0.06840265,0.042905044
993,0.19306265,0.03087256,0.16021755,0.021594949,0.46903282,0.013582164,0.061489724,0.050147567
994,0.20185046,0.049978115,0.14083087,0.012908869,0.46232766,0.012975889,0.059633687,0.059494425
995,0.19861977,0.032762382,0.17655407,0.012193499,0.42730948,0.0146256825,0.08770172,0.050233357
996,0.14333223,0.14569958,0.14419384,0.020244889,0.4015966,0.011401523,0.08426172,0.049269695
997,0.10927747,0.47749227,0.03357335,0.007584838,0.31559655,0.011415902,0.012775903,0.03228369
998,0.15157016,0.2856084,0.0834082,0.017764475,0.3905779,0.014549366,0.027136799,0.029384667
999,0.06673192,0.63512933,0.056900833,0.008403942,0.16986358,0.0047430517,0.03755221,0.020675175
1000,0.12629512,0.5130753,0.030524272,0.0050294083,0.27076578,0.009133079,0.021498935,0.023678089
1001,0.10988403,0.5713472,0.013263307,0.006123337,0.24151058,0.0067240004,0.0327821,0.01836548
1002,0.11360452,0.5448693,0.011737911,0.01590807,0.2614295,0.0063680187,0.027180823,0.018901866
1003,0.11333084,0.49352846,0.032909703,0.03358146,0.27208424,0.0054838383,0.032919537,0.016161885
1004,0.05729457,0.7667224,0.049112465,0.011832653,0.08061772,0.0048325644,0.027479554,0.0021081008
1005,0.047046814,0.60098654,0.05594293,0.20054077,0.058639597,0.018902192,0.015122706,0.0028185083
1006,0.090768814,0.56557465,0.02495658,0.16713077,0.06118359,0.038875043,0.049826663,0.0016838522
1007,0.06856779,0.6929314,0.03302583,0.10630131,0.035967764,0.021838583,0.040553607,0.0008136612
1008,0.13172804,0.46726573,0.04277057,0.103389755,0.035967283,0.16290046,0.05305198,0.0029262356
1009,0.08474849,0.72895616,0.005472198,0.052985575,0.016434034,0.022026297,0.0891532,0.00022410387
1010,0.02796429,0.6982742,0.015181783,0.14166659,0.05786713,0.0074260035,0.05152861,9.1352e-05
1011,0.016201822,0.82286626,0.008269365,0.04857389,0.09952782,0.0029442252,0.0013788622,0.00023779711
1012,0.037374668,0.5289648,0.0733831,0.05197286,0.2956817,0.0041643563,0.0032446256,0.0052139023
1013,0.046428632,0.6198241,0.036371354,0.04362733,0.24880847,0.0016558766,0.001668418,0.001615752
1014,0.04651581,0.73986924,0.014924522,0.016341334,0.1497651,0.007404368,0.023892302,0.0012872769
1015,0.07571334,0.5880038,0.049813017,0.013909762,0.23822138,0.00654651,0.019289425,0.008502742
1016,0.114878885,0.41315272,0.06328722,0.029293202,0.32009295,0.0055989944,0.031146495,0.022549514
1017,0.11360681,0.5289262,0.04270591,0.023975777,0.25035316,0.0077283755,0.016543828,0.016160015
1018,0.14337067,0.49205616,0.035715397,0.018894888,0.27779627,0.0038501055,0.018793773,0.00952273
1019,0.16741303,0.4404639,0.08276203,0.013500757,0.21734865,0.012479202,0.052270137,0.013762261
1020,0.14932661,0.30150846,0.10710813,0.019750776,0.3372747,0.010466641,0.046212878,0.028351812
1021,0.18826634,0.13734956,0.14878531,0.02758522,0.36352986,0.016034264,0.06281109,0.055638332
1022,0.25328842,0.11875809,0.15521386,0.04030181,0.22286366,0.023487316,0.12004876,0.06603811
1023,0.21686716,0.07223431,0.18131527,0.040203854,0.26279074,0.02005417,0.12075214,0.08578234
1024,0.17375767,0.025227169,0.17646164,0.028217051,0.48600918,0.012211342,0.050761916,0.047354095
1025,0.22996132,0.07819134,0.122616045,0.037251186,0.41163614,0.01952038,0.027214913,0.07360869
1026,0.18263721,0.010177657,0.16497906,0.043105006,0.41598254,0.015202547,0.083916076,0.083999835
1027,0.1768711,0.014548058,0.1779221,0.030474283,0.4803847,0.013285023,0.051853824,0.05466085
1028,0.17440857,0.037583254,0.15195417,0.027989507,0.48634222,0.009550113,0.05696448,0.055207662
1029,0.16582069,0.024163406,0.14122874,0.038768154,0.40279585,0.01455906,0.0742419,0.13842216
1030,0.16795443,0.021428145,0.1758928,0.030445686,0.43521687,0.0118109,0.09368673,0.063564435
1031,0.17985985,0.017518872,0.18811755,0.03810751,0.34928736,0.01610418,0.11074299,0.100261666
1032,0.18052867,0.032517575,0.2016444,0.0117990635,0.43219736,0.012280214,0.081161335,0.047871362
1033,0.19878149,0.049373493,0.14631782,0.024487527,0.4797453,0.012220969,0.034869313,0.054204073
1034,0.20603472,0.02600256,0.15961842,0.013916827,0.4090165,0.014979319,0.10155204,0.068879604
1035,0.17197815,0.16454248,0.14625382,0.030046713,0.29910317,0.013104019,0.115850344,0.059121236
1036,0.1621271,0.33897287,0.09643938,0.018969722,0.3168823,0.0064458023,0.034241915,0.025920885
1037,0.17427202,0.43601218,0.08880457,0.011259814,0.21254629,0.014116919,0.050321084,0.012667154
1038,0.12116525,0.3902738,0.06922372,0.015401039,0.34413695,0.009353869,0.020126179,0.030319171
1039,0.090545215,0.4705991,0.069327235,0.014659435,0.30545074,0.008422799,0.016721236,0.024274202
1040,0.07543936,0.65045696,0.014470561,0.0023780519,0.20300631,0.00317501,0.035075467,0.015998254
1041,0.08843279,0.49737078,0.00924449,0.008465716,0.35467908,0.0067451354,0.012104958,0.022957055
1042,0.084504575,0.6723185,0.0037105158,0.003958763,0.20564273,0.008157406,0.02011596,0.0015915172
1043,0.077873096,0.4793056,0.029432481,0.14110473,0.22847798,0.011055781,0.029291794,0.0034584806
1044,0.08164272,0.8179797,0.008579271,0.0031635738,0.06373543,0.005101487,0.019219803,0.00057805335
1045,0.061591823,0.6006734,0.034900144,0.18523566,0.08200242,0.0076161283,0.027294684,0.00068575796
1046,0.062951155,0.5042077,0.040825717,0.2645785,0.08522948,0.024093179,0.01692527,0.001188984
1047,0.11504793,0.53935874,0.036948215,0.13371085,0.047458302,0.09014696,0.03358163,0.003747422
1048,0.106912516,0.57575923,0.08140425,0.10161763,0.038903702,0.014049787,0.08031088,0.0010420191
1049,0.012151266,0.87519103,0.023370897,0.053501483,0.018834213,0.0012389946,0.015529454,0.00018254333
1050,0.024002468,0.69578457,0.059348956,0.15281819,0.05686544,0.0017335052,0.008677473,0.0007693656
1051,0.0617633,0.4921689,0.13774231,0.1649577,0.10136525,0.013950178,0.026705718,0.0013466337
1052,0.09413674,0.5736803,0.07134556,0.060051333,0.08132383,0.03745302,0.07868925,0.0033199412
1053,0.06289013,0.51846486,0.07751034,0.047585268,0.2649883,0.008939516,0.009881039,0.009740625
1054,0.08607243,0.5807193,0.047753103,0.0170746,0.21832636,0.008819111,0.021010805,0.020224353
1055,0.092910014,0.5142381,0.032067604,0.012064396,0.28507483,0.008098743,0.036162447,0.019383833
1056,0.14223666,0.42430508,0.07704735,0.015206998,0.2539334,0.015860738,0.055356883,0.016052889
1057,0.14098278,0.41632834,0.0615983,0.01669021,0.22315076,0.013160326,0.11418748,0.01390184
1058,0.10775543,0.6026372,0.031483356,0.009752084,0.1785322,0.0075160647,0.04856044,0.0137632135
1059,0.1316852,0.37928954,0.14099377,0.023379687,0.25037473,0.013373227,0.032687858,0.028216029
1060,0.13009784,0.43421745,0.08707748,0.015524301,0.24967013,0.011537347,0.042021416,0.029853977
1061,0.18485044,0.35024217,0.09302302,0.019423204,0.25038716,0.012547425,0.060308803,0.029217776
1062,0.15991022,0.16588421,0.18763365,0.03348811,0.2968651,0.011562243,0.093800016,0.050856467
1063,0.16308634,0.06966895,0.17996895,0.035426408,0.38713616,0.0108911125,0.11151788,0.042304207
1064,0.20707989,0.06912119,0.16316123,0.061447993,0.30017355,0.019752469,0.12653601,0.052727636
1065,0.17704198,0.041573487,0.2136109,0.052264087,0.32229957,0.014199388,0.12174412,0.05726649
1066,0.17622319,0.038390078,0.17584708,0.035473578,0.452626,0.009750453,0.06411542,0.047574185
1067,0.16877083,0.02670132,0.19364643,0.03289168,0.48003328,0.01092699,0.04585363,0.041175824
1068,0.16511881,0.056649625,0.21452005,0.044842258,0.29860833,0.014032699,0.11446183,0.09176636
1069,0.20418966,0.07807703,0.19362481,0.033764098,0.3233329,0.014599176,0.107239224,0.045173053
1070,0.19126713,0.060606293,0.1883704,0.044894885,0.2754901,0.017091038,0.12587035,0.09640981
1071,0.18868004,0.08662619,0.16922224,0.021166535,0.3799223,0.012851475,0.091008775,0.05052242
1072,0.20022516,0.0673901,0.16824193,0.026089365,0.382935,0.013732769,0.09352839,0.047857355
1073,0.18534616,0.099665545,0.16067955,0.027282946,0.38086995,0.011379423,0.08377979,0.050996624
1074,0.14400983,0.35439366,0.10449735,0.02287631,0.3104215,0.0068883216,0.03758202,0.019330965
1075,0.14465521,0.45239764,0.11322844,0.019075913,0.21399662,0.009026981,0.033131905,0.014487287
1076,0.15820572,0.43830752,0.09223143,0.02123753,0.2363637,0.012806719,0.027968245,0.012879141
1077,0.12869912,0.48859495,0.035734028,0.008189903,0.27998167,0.008075836,0.028731743,0.021992749
1078,0.117897525,0.46883038,0.078878306,0.010682107,0.27895516,0.00836712,0.0179531,0.018436339
1079,0.07072852,0.68319535,0.006158477,0.003754617,0.21748711,0.008497657,0.0063943835,0.0037838626
1080,0.06991887,0.6279357,0.006122671,0.009798165,0.24125955,0.008137318,0.032972813,0.0038549013
1081,0.089955,0.43380815,0.007933575,0.04458533,0.38815194,0.010674731,0.015267821,0.009623458
1082,0.044022307,0.50614035,0.02348707,0.2634515,0.14082897,0.0054696,0.015377827,0.0012224786
1083,0.12228439,0.41371518,0.079546385,0.14774051,0.1436806,0.04782593,0.038819604,0.0063874265
1084,0.06317584,0.78498036,0.019659355,0.06374412,0.021288874,0.008670611,0.03836113,0.00011970634
1085,0.04172364,0.7396778,0.034980115,0.11156717,0.026329648,0.009657464,0.033743232,0.0023208456
1086,0.08723706,0.8117784,0.014658955,0.01793003,0.0065037394,0.008941987,0.052434303,0.000515523
1087,0.14765078,0.79928297,0.00032697912,0.0070570502,0.0038023258,0.026614461,0.015255419,1.0059425e-05
1088,0.6139279,0.15717022,0.016798167,0.0030399458,0.04419635,0.028496537,0.13394313,0.0024277556
1089,0.021280445,0.9606973,0.0012397631,0.0076167653,0.0013425635,0.0012300004,0.006552941,4.0199986e-05
1090,0.016609631,0.81398726,0.041325323,0.09536306,0.023027709,0.0019147703,0.00730925,0.00046293953
1091,0.06379799,0.29112276,0.20092435,0.2991131,0.112882376,0.015980866,0.009042719,0.0071358006
1092,0.059057765,0.6031525,0.0669477,0.16855475,0.058491733,0.005217808,0.038134012,0.00044367535
1093,0.033100124,0.8398397,0.01147878,0.013359932,0.069054745,0.00674384,0.026337134,8.577371e-05
1094,0.09084686,0.5444447,0.02912301,0.12618744,0.14715381,0.012676418,0.04825858,0.0013092239
1095,0.074620955,0.6350673,0.010275509,0.03515951,0.14536388,0.05301982,0.043570615,0.0029224048
1096,0.049583286,0.80375826,0.0039212634,0.0010245402,0.11359995,0.005832827,0.021583907,0.000695999
1097,0.094922,0.63810617,0.013476793,0.00586935,0.12549686,0.011434155,0.104691744,0.006002955
1098,0.087924406,0.5941118,0.015849689,0.014090804,0.16459076,0.006394778,0.10986826,0.007169556
1099,0.113939516,0.53240716,0.0479958,0.015310753,0.231481,0.0058332672,0.031101115,0.021931443
1100,0.12699218,0.35762805,0.13611245,0.02602346,0.2897675,0.006977365,0.022294696,0.03420433
1101,0.1570955,0.3855705,0.066229865,0.035700157,0.26689923,0.010186689,0.056052543,0.022265514
1102,0.10053057,0.49873036,0.0513752,0.016235871,0.273441,0.007097437,0.03134277,0.02124684
1103,0.15030035,0.29435858,0.12638804,0.016666625,0.29021576,0.008212658,0.096888304,0.01696964
1104,0.18679756,0.36749983,0.08318142,0.021086963,0.23212369,0.013303972,0.07571564,0.02029089
1105,0.15874493,0.39218637,0.07591702,0.015419785,0.25486818,0.010983473,0.064821795,0.02705848
1106,0.15311918,0.13513938,0.19761474,0.053420816,0.32785785,0.009684013,0.089929484,0.0332346
1107,0.15839353,0.088912785,0.18704455,0.030228494,0.4178172,0.0067686783,0.078272045,0.03256267
1108,0.1801797,0.13683526,0.15431899,0.040064108,0.35627478,0.010189725,0.079759225,0.042378154
1109,0.14848085,0.10250985,0.16934632,0.071665436,0.25993586,0.013872212,0.16590491,0.06828455
1110,0.18346228,0.15618578,0.17934845,0.038302872,0.3286385,0.0140337385,0.053822685,0.04620573
1111,0.20790769,0.18353377,0.12896027,0.038492154,0.26011533,0.017957449,0.093067996,0.06996533
1112,0.14421834,0.30241832,0.08851705,0.020036757,0.322274,0.007589471,0.06334152,0.051604573
1113,0.15079619,0.21414262,0.16655457,0.020633955,0.32945907,0.0076321578,0.067515045,0.043266464
1114,0.14642659,0.32445192,0.09890137,0.016378215,0.35353595,0.009263849,0.024898963,0.02614314
1115,0.14780444,0.35174334,0.14485118,0.018966366,0.27516735,0.005590187,0.032964855,0.02291232
1116,0.11602239,0.605086,0.049464934,0.007220364,0.15691023,0.0064897523,0.044102427,0.014703908
1117,0.13436808,0.47770765,0.06896869,0.013156764,0.22797967,0.012893777,0.05447282,0.010452576
1118,0.11040444,0.60004944,0.026415495,0.006911975,0.20801245,0.0049054823,0.024094013,0.019206705
1119,0.10578931,0.56180644,0.069964066,0.008586447,0.20433818,0.0073938845,0.026048906,0.01607275
1120,0.08341568,0.7765008,0.009570227,0.0025427046,0.081084564,0.008042326,0.03806118,0.00078246155
1121,0.0924482,0.73697877,0.013187068,0.038762093,0.06208009,0.018697185,0.037618935,0.00022763532
1122,0.073706284,0.4509474,0.015240175,0.05202544,0.35454795,0.0037331164,0.043488298,0.006311377
1123,0.066201985,0.67587626,0.01677508,0.07987785,0.12677981,0.00549763,0.028554926,0.00043635294
1124,0.09843599,0.50445527,0.09399434,0.17324191,0.057210043,0.02203816,0.047394753,0.003229476
1125,0.10685703,0.34831178,0.09593746,0.28030816,0.09248487,0.041306406,0.028161649,0.00663264
1126,0.058516968,0.5954715,0.03433176,0.25702533,0.038001567,0.008627725,0.006781264,0.0012438309
1127,0.044094488,0.8855799,0.0039510233,0.0136462925,0.004101876,0.0037866738,0.0447574,8.2375904e-05
1128,0.024367994,0.9659816,0.0018971119,0.0007060371,0.002781968,0.0012991077,0.0029494811,1.6762922e-05
1129,0.15581195,0.5358605,0.03601713,0.073438026,0.037816547,0.108075164,0.050866585,0.0021140845
1130,0.030358378,0.703797,0.040643606,0.09343115,0.11961699,0.0038472724,0.007680289,0.0006253563
1131,0.06731506,0.29181293,0.14907561,0.30759624,0.09622057,0.01406718,0.07213017,0.0017822791
1132,0.077818096,0.43515933,0.07518667,0.28184202,0.06321504,0.021135451,0.04360348,0.0020399364
1133,0.049672864,0.69905794,0.02027884,0.12622783,0.06553016,0.011894479,0.027163954,0.00017392894
1134,0.13102672,0.50385046,0.051938795,0.09002496,0.09067366,0.07644556,0.04679832,0.009241608
1135,0.06509455,0.6676528,0.015359723,0.007262493,0.1897096,0.011819304,0.03414431,0.008957217
1136,0.0949166,0.5147853,0.055137847,0.022733357,0.23256172,0.0071694707,0.0440125,0.028683212
1137,0.10618869,0.655735,0.02174222,0.0065717883,0.13893299,0.004912917,0.0450822,0.020834208
1138,0.12845235,0.47186726,0.064051,0.039679732,0.23177378,0.010316945,0.033225115,0.020633869
1139,0.10632822,0.620692,0.037970454,0.014647266,0.18223079,0.008523053,0.016582495,0.013025712
1140,0.13739243,0.4678309,0.081249036,0.014943983,0.2237842,0.006746912,0.0436534,0.024399122
1141,0.13457493,0.44422373,0.06826497,0.022579415,0.26493877,0.0067618876,0.03458256,0.024073802
1142,0.10599432,0.6684624,0.024942478,0.008100914,0.14058645,0.004925951,0.02664677,0.020340703
1143,0.18715535,0.35226956,0.088852555,0.028286494,0.25950405,0.012838838,0.058425996,0.012667149
1144,0.14429525,0.5129011,0.043119635,0.02411388,0.20471905,0.00822115,0.054573227,0.008056672
1145,0.13438076,0.35596973,0.15328096,0.03458983,0.23305762,0.008983692,0.06544562,0.014291765
1146,0.14103878,0.39154604,0.08714588,0.032328553,0.2823255,0.009347193,0.031157635,0.025110401
1147,0.168451,0.51767826,0.04799711,0.010385897,0.2154529,0.013074737,0.014797008,0.012163157
1148,0.14501022,0.40037403,0.07285144,0.03515688,0.30701336,0.013151679,0.008411412,0.018030917
1149,0.14498153,0.47299534,0.104551,0.028470213,0.19513339,0.012216732,0.0250011,0.01665072
1150,0.1773118,0.49207643,0.11043897,0.017616108,0.11825247,0.017365208,0.033772953,0.03316602
1151,0.13521098,0.4549255,0.09461824,0.012927413,0.22376157,0.011722372,0.05293229,0.013901627
1152,0.14893937,0.4383226,0.09570494,0.03544958,0.18993247,0.0059700357,0.0703096,0.015371439
1153,0.1207227,0.4368536,0.13041204,0.02947938,0.22438702,0.0074357195,0.029745536,0.02096408
1154,0.14175197,0.43502736,0.086349666,0.018656306,0.2579326,0.0056444835,0.02910032,0.025537215
1155,0.15699747,0.46695957,0.060616527,0.016924405,0.20606203,0.021268489,0.05556264,0.015608856
1156,0.09514516,0.7162467,0.026004933,0.005451655,0.109784655,0.010384218,0.02949664,0.0074859983
1157,0.07808877,0.58929646,0.06531558,0.012283893,0.21643431,0.0016624207,0.02321625,0.013702289
1158,0.093393765,0.6460189,0.059164073,0.012393878,0.14354599,0.0038733394,0.035110828,0.0064991512
1159,0.08832839,0.4748675,0.058764752,0.063679196,0.24082197,0.010254767,0.057259023,0.006024478
1160,0.119554594,0.38138434,0.04306129,0.20254816,0.12373062,0.08822686,0.0346386,0.006855469
1161,0.072878994,0.6083149,0.02257704,0.16771004,0.07171215,0.008138867,0.048291083,0.00037697935
1162,0.039616194,0.581978,0.065549664,0.099342465,0.19710323,0.0036779712,0.011392388,0.0013399739
1163,0.08334082,0.4460168,0.10705248,0.21720622,0.09723394,0.027748369,0.019967267,0.0014340889
1164,0.059660677,0.63506925,0.0764591,0.15336522,0.03503642,0.01067272,0.028800957,0.0009356382
1165,0.041898057,0.81444645,0.027184125,0.08170996,0.016154716,0.0016764353,0.016907059,2.3185945e-05
1166,0.015736926,0.96773934,0.00077441795,0.005078263,0.0015101165,0.0004041884,0.008727009,2.9662224e-05
1167,0.0111833755,0.8142971,0.013199684,0.13663663,0.015263249,0.003658558,0.00548244,0.0002789894
1168,0.049209643,0.7298101,0.013053615,0.076834716,0.06720409,0.012335367,0.051376805,0.00017560761
1169,0.039069053,0.5625741,0.08248852,0.12613012,0.07444906,0.08762571,0.019211348,0.0084520895
1170,0.042395897,0.6984515,0.0677614,0.079067886,0.054615684,0.028996082,0.02855109,0.00016043172
1171,0.10986182,0.3901072,0.088854104,0.2046763,0.09320438,0.05969708,0.046427842,0.007171296
1172,0.10375984,0.5525387,0.039352767,0.08382462,0.08253911,0.08295633,0.05204863,0.0029799382
1173,0.05835432,0.5735247,0.011270206,0.12946571,0.17327599,0.013684588,0.036832523,0.003591936
1174,0.047459416,0.5673404,0.04202028,0.023397312,0.2945806,0.0026790856,0.006191663,0.016331255
1175,0.09202424,0.4355046,0.0399481,0.03930116,0.32292897,0.00851556,0.042534463,0.019242957
1176,0.121757574,0.5049479,0.03542412,0.021678405,0.24386731,0.013872821,0.03797581,0.020476049
1177,0.10008007,0.5394956,0.049264513,0.03554189,0.2199352,0.008152298,0.028001297,0.019529236
1178,0.15399463,0.43932983,0.06060107,0.028042538,0.25031215,0.010755312,0.03495559,0.022008909
1179,0.14891839,0.5719871,0.032562576,0.0073117525,0.17447658,0.0069750794,0.039285265,0.018483272
1180,0.11111628,0.62941045,0.021655498,0.011330265,0.18110766,0.006842745,0.021654228,0.01688295
1181,0.18100493,0.3253321,0.093001105,0.018440146,0.2412816,0.016556617,0.103907175,0.020476354
1182,0.16058114,0.5465765,0.044640977,0.011270495,0.16206141,0.011475739,0.05241229,0.010981399
1183,0.123334296,0.6265302,0.012960626,0.0107260505,0.17474395,0.0059456923,0.02658782,0.019171469
1184,0.1592911,0.42961633,0.074181534,0.019407565,0.23361899,0.012520738,0.046767574,0.024596233
1185,0.16078584,0.5195879,0.03950181,0.005738689,0.22513399,0.009167011,0.021446468,0.01863828
1186,0.15864937,0.5125102,0.05812281,0.012505844,0.22104874,0.008332969,0.0077790804,0.021050971
1187,0.148985,0.49037355,0.0898056,0.020040167,0.21566078,0.012096121,0.008630056,0.014408707
1188,0.16639364,0.542997,0.047857888,0.021833975,0.17572176,0.009075107,0.02794418,0.008176458
1189,0.13965906,0.5718902,0.03279431,0.007156205,0.1735451,0.007281834,0.05121169,0.016461566
1190,0.118268535,0.5977195,0.033671293,0.010042165,0.17890862,0.006750669,0.03485241,0.01978683
1191,0.14823759,0.38835853,0.11364506,0.018326381,0.2617957,0.0049020816,0.042155813,0.022578854
1192,0.12136184,0.4920154,0.07155653,0.025714561,0.23080908,0.005457868,0.032039367,0.021045465
1193,0.11264076,0.5065373,0.04373615,0.011511116,0.27519462,0.006009802,0.024168996,0.020201266
1194,0.06946929,0.7092279,0.008105326,0.0033569871,0.17272143,0.0013198392,0.025544364,0.010254885
1195,0.04083966,0.72865933,0.038989797,0.033493754,0.10525516,0.011716282,0.040222783,0.00082316704
1196,0.085608095,0.45166188,0.098826475,0.015379835,0.30629766,0.008142145,0.029382506,0.004701434
1197,0.070859045,0.6359192,0.04691378,0.038724188,0.16040587,0.010405702,0.036283016,0.00048927154
1198,0.07612669,0.7492568,0.026604675,0.052316733,0.043148503,0.011653505,0.040632267,0.0002608815
1199,0.079619385,0.3116575,0.07577359,0.40211743,0.08986444,0.024338026,0.014427024,0.0022026298
1200,0.040780608,0.60465497,0.026671125,0.24775079,0.056923635,0.00451449,0.018057132,0.00064732926
1201,0.06724132,0.6797044,0.01289079,0.13109452,0.07079014,0.012668285,0.02544013,0.00017042426
1202,0.061374135,0.7543496,0.010757148,0.08518527,0.044010185,0.01093671,0.033272043,0.00011490633
1203,0.14180918,0.7645932,0.007607804,0.002704523,0.0053213006,0.011759667,0.06603055,0.00017372622
1204,0.013861927,0.9771393,0.00086221506,0.004081431,0.0030554554,0.00023207454,0.0007512943,1.6355903e-05
1205,0.051836994,0.760408,0.0075523267,0.09749945,0.05052263,0.020561907,0.01144354,0.0001750966
1206,0.10131431,0.2730099,0.1691928,0.25866908,0.0993775,0.056531563,0.03216648,0.009738288
1207,0.03287351,0.6099229,0.04863958,0.18329452,0.09227552,0.009100135,0.021978348,0.001915489
1208,0.050708063,0.5885844,0.03801258,0.18894763,0.07468023,0.023014762,0.034529366,0.0015229812
1209,0.059421044,0.6363682,0.026951661,0.15747638,0.08025172,0.009211521,0.02985475,0.0004647426
1210,0.03229953,0.5174436,0.03266369,0.041430257,0.3521523,0.001102181,0.011291953,0.011616488
1211,0.0547269,0.5627224,0.043548364,0.016215444,0.26641354,0.007628111,0.02488686,0.023858378
1212,0.10117665,0.45192978,0.07061729,0.0639182,0.10617345,0.1429708,0.04982921,0.013384532
1213,0.09384744,0.5818077,0.021066831,0.023456765,0.2084116,0.01531985,0.034499478,0.021590345
1214,0.09242862,0.668304,0.020016618,0.018476376,0.1610378,0.003272901,0.020658799,0.015804827
1215,0.16296788,0.3959718,0.08970184,0.024993792,0.222931,0.011443054,0.065900326,0.026090259
1216,0.10759832,0.60413724,0.03433413,0.010091078,0.19356413,0.004048245,0.025688734,0.020538162
1217,0.12826078,0.47951356,0.054577883,0.017758073,0.23059992,0.0095803775,0.05261459,0.027094847
1218,0.111982994,0.5068479,0.030995633,0.021822104,0.18638694,0.008394663,0.12081606,0.012753692
1219,0.1005816,0.6216746,0.02628413,0.01719272,0.18826394,0.006633408,0.019270513,0.020099113
1220,0.12980485,0.56851476,0.019803388,0.0129408445,0.20849809,0.0029473046,0.036732975,0.020757766
1221,0.114568524,0.62579274,0.027052788,0.0093295425,0.15407455,0.00609961,0.042407107,0.020675136
1222,0.13820376,0.55602694,0.024578143,0.0042354544,0.22159934,0.010306026,0.024596287,0.020454114
1223,0.2094113,0.55775225,0.020583332,0.009225612,0.14904371,0.007718643,0.019861728,0.026403515
1224,0.15726615,0.4685451,0.043824993,0.01403092,0.28268144,0.0062762946,0.0072619626,0.020113114
1225,0.15385391,0.44397905,0.06812509,0.020040244,0.24966322,0.009058337,0.045348555,0.009931575
1226,0.11554128,0.56676394,0.019503744,0.008667127,0.22247504,0.0058458042,0.038545303,0.022657705
1227,0.104444884,0.5821953,0.025578119,0.009980963,0.2208645,0.0038550242,0.032500573,0.020580633
1228,0.1338499,0.4838973,0.033279672,0.030886553,0.23997642,0.005463134,0.049088888,0.023558099
1229,0.13685326,0.44086495,0.05450848,0.025924878,0.27765507,0.006809579,0.0335118,0.023871977
1230,0.123351805,0.4201857,0.0655385,0.019590406,0.31529027,0.005540505,0.028896851,0.021605955
1231,0.08134436,0.602388,0.08810798,0.00997602,0.15026163,0.0042018695,0.05835033,0.0053697764
1232,0.04883178,0.83446985,0.026465727,0.016781103,0.033348106,0.005876302,0.034009945,0.00021718016
1233,0.080694504,0.6010789,0.030916808,0.01378764,0.23505498,0.0064580077,0.024914892,0.0070942193
1234,0.08329301,0.5683719,0.034939557,0.042196214,0.16729403,0.056806196,0.041717265,0.0053818338
1235,0.12161855,0.48138034,0.046839267,0.090798326,0.09210589,0.112659715,0.049312487,0.005285477
1236,0.05147108,0.6651186,0.0127588445,0.16267791,0.06817643,0.0046555153,0.034818772,0.00032283858
1237,0.054877777,0.39180177,0.09032122,0.33692396,0.09466963,0.012200432,0.016920678,0.0022845182
1238,0.04818859,0.3414625,0.091377795,0.39892998,0.09789204,0.005847362,0.014924519,0.0013772295
1239,0.031741224,0.90573174,0.0038531704,0.01026936,0.011066718,0.0012550532,0.036032718,5.0006453e-05
1240,0.026535574,0.9203472,0.007960231,0.015518135,0.002954558,0.0037483494,0.022881044,5.491185e-05
1241,0.01576882,0.9711703,0.0014122587,0.005978907,0.0016889545,0.0002953553,0.003668022,1.7396298e-05
1242,0.08236591,0.6274933,0.036257066,0.06629293,0.038204215,0.10578728,0.036646646,0.0069525605
1243,0.022091368,0.7615755,0.007779402,0.0902898,0.11031318,0.0045895576,0.0027921079,0.0005691253
1244,0.055358317,0.44347373,0.11022816,0.18824184,0.16871433,0.016173923,0.01631208,0.0014976588
1245,0.054812904,0.7139287,0.04041386,0.074454546,0.05428309,0.029106319,0.032628212,0.00037238802
1246,0.052215192,0.47286087,0.11568156,0.123699,0.2147805,0.009246802,0.008978421,0.0025375797
1247,0.069360085,0.54292345,0.04039143,0.13832578,0.1065044,0.037974257,0.06317991,0.001340688
1248,0.09170009,0.58312094,0.023294592,0.031609215,0.15316129,0.062095612,0.05004678,0.0049714223
1249,0.10445576,0.55810064,0.016300268,0.021381186,0.25660884,0.008219265,0.014242872,0.020691259
1250,0.10143615,0.6460555,0.0428581,0.017169261,0.14447035,0.00654678,0.026842074,0.014621819
1251,0.10677614,0.52944314,0.027847895,0.019405069,0.25586146,0.009908609,0.029882634,0.020875098
1252,0.122381106,0.40135485,0.10271354,0.026828397,0.2826303,0.010323069,0.03296777,0.020800987
1253,0.08447626,0.57709986,0.024588695,0.056296185,0.17925595,0.011964864,0.059187755,0.007130348
1254,0.06373833,0.7143936,0.004074198,0.002731534,0.19142686,0.0015797849,0.015853157,0.0062025045
1255,0.09831802,0.5354555,0.069827095,0.020816548,0.2314923,0.009122127,0.012158582,0.022809803
1256,0.14977242,0.49991134,0.05471996,0.010283488,0.20617035,0.0063827024,0.04162894,0.031130828
1257,0.1445967,0.46588635,0.0735067,0.017881623,0.23104355,0.00862559,0.037902843,0.02055662
1258,0.18873464,0.46648657,0.0034723524,0.0041040312,0.29916182,0.0038466074,0.015156093,0.019037887
1259,0.18015087,0.41579962,0.02659565,0.024699235,0.29108435,0.008718122,0.036994588,0.015957609
1260,0.07876096,0.7108299,0.01608897,0.014231903,0.15277712,0.008747523,0.0040080464,0.0145555865
1261,0.14089635,0.5471188,0.036608092,0.026926747,0.1919523,0.01210682,0.032945387,0.011445472
1262,0.107332215,0.6213864,0.03522755,0.005027986,0.15275475,0.005363015,0.04901187,0.02389618
1263,0.09171042,0.59073275,0.094714254,0.0098387115,0.17054881,0.00686142,0.015130889,0.020462727
1264,0.11945546,0.587767,0.029709227,0.0115309125,0.18835294,0.006176256,0.03703086,0.019977318
1265,0.12804131,0.54883844,0.056555625,0.018576307,0.19377469,0.006899142,0.032780927,0.014533591
1266,0.12614788,0.43182597,0.06739051,0.020198869,0.30240607,0.0072924183,0.027596792,0.017141517
1267,0.09374835,0.4910833,0.09124647,0.023047587,0.24935046,0.012717709,0.035363484,0.0034426264
1268,0.10213217,0.60432184,0.027954727,0.020761097,0.04383404,0.13357894,0.0646129,0.002804301
1269,0.086181164,0.60967344,0.01721889,0.056018576,0.183336,0.010922166,0.03582496,0.0008248059
1270,0.10043399,0.5366274,0.067872375,0.06438834,0.13067426,0.05570628,0.039811354,0.0044859904
1271,0.041573934,0.50475603,0.06988329,0.2626353,0.08608428,0.008830417,0.023225216,0.0030115112
1272,0.039997652,0.8482847,0.012380547,0.0417265,0.024294052,0.0029707917,0.030074578,0.00027126033
1273,0.055656675,0.71531016,0.03366085,0.102223545,0.022434514,0.03770434,0.031800788,0.0012092091
1274,0.033639345,0.78055125,0.049271353,0.07298831,0.012447034,0.025435261,0.024072925,0.0015944832
1275,0.029670728,0.8882738,0.003323595,0.0012244283,0.009219258,0.0019442709,0.06621053,0.0001334457
1276,0.018879846,0.8003902,0.004298726,0.14380568,0.029478846,0.0025210497,0.0005741802,5.1469957e-05
1277,0.03904689,0.678836,0.061494164,0.07765555,0.12275209,0.011147809,0.008452015,0.0006155985
1278,0.032322545,0.47708815,0.07677349,0.2705865,0.13108559,0.006598048,0.003429872,0.0021157905
1279,0.061613522,0.275442,0.15562284,0.32659295,0.106221765,0.012917235,0.05918961,0.0024000886
1280,0.063889295,0.5100724,0.08583756,0.18233645,0.11531075,0.0061328523,0.035199806,0.0012208602
1281,0.11162109,0.35758522,0.117717385,0.21992481,0.10025228,0.013142302,0.074896246,0.004860613
1282,0.08349379,0.45469624,0.034554582,0.0621996,0.25489902,0.06060996,0.040186886,0.00935993
1283,0.042674266,0.60476494,0.015604296,0.044968143,0.26571295,0.0028570164,0.018980065,0.0044383546
1284,0.103399925,0.63460654,0.01751759,0.013789135,0.19255553,0.006347592,0.023628598,0.008155037
1285,0.11674224,0.49639088,0.044687252,0.018619223,0.23765592,0.015359638,0.059371658,0.01117316
1286,0.07335954,0.39248818,0.08160918,0.031180177,0.31836474,0.015881222,0.060282998,0.026833946
1287,0.06485995,0.6816398,0.024875147,0.08392858,0.0827281,0.0089033805,0.052455507,0.0006095701
1288,0.07577688,0.6898356,0.010258215,0.019991731,0.16712376,0.008910067,0.02609743,0.0020062744
1289,0.11124589,0.5270721,0.04774537,0.022367725,0.24679445,0.008254585,0.019334834,0.017185038
1290,0.100668855,0.63033956,0.03240643,0.011091135,0.16292724,0.0071981074,0.033864103,0.021504557
1291,0.14007677,0.5425658,0.040716782,0.011112645,0.20792767,0.010646791,0.028186584,0.018766887
1292,0.14823417,0.55790085,0.0032349639,0.003208028,0.24882413,0.007975502,0.015664676,0.0149576655
1293,0.15091747,0.32485297,0.06895237,0.07180575,0.26859215,0.053351488,0.05044289,0.011084852
1294,0.1271148,0.64082664,0.030926395,0.015859816,0.13067652,0.006433492,0.032857176,0.015305112
1295,0.1139151,0.6459945,0.01743414,0.013751922,0.15991768,0.0034285036,0.030870043,0.014688079
1296,0.0874371,0.61731464,0.048199527,0.032758586,0.101731695,0.016031636,0.0821559,0.014370937
1297,0.08202531,0.43806314,0.080039,0.020249674,0.32571465,0.0061041573,0.012938564,0.034865513
1298,0.07604847,0.64274544,0.01110068,0.005283342,0.22605589,0.004010701,0.029060025,0.00569547
1299,0.087586075,0.46403536,0.087224565,0.025640514,0.28742957,0.0100220395,0.028430004,0.009631853
1300,0.07106296,0.51615334,0.0248879,0.014573555,0.33575833,0.0020432232,0.021117851,0.014402895
1301,0.06352768,0.57937145,0.009467167,0.012569232,0.30261204,0.0046356283,0.020961361,0.0068553737
1302,0.07315426,0.6304591,0.017845653,0.06750622,0.10764041,0.069218375,0.032629576,0.0015464284
1303,0.060870882,0.709666,0.021905696,0.07517947,0.06989335,0.008264268,0.053984594,0.00023573847
1304,0.054268986,0.6860012,0.06870976,0.03450226,0.124261804,0.002130241,0.029299723,0.0008260959
1305,0.060276262,0.5399987,0.057156768,0.1751947,0.11394469,0.010677568,0.039716028,0.003035274
1306,0.08921371,0.43590704,0.090211146,0.21789312,0.0846964,0.034882627,0.043881617,0.0033143742
1307,0.02718731,0.7991798,0.0098782,0.116528444,0.029986225,0.0034426346,0.013702027,9.5388066e-05
1308,0.024052566,0.9531278,0.0021899766,0.0060428074,0.0044174376,0.0031015838,0.0070478986,1.995394e-05
1309,0.02174307,0.96064657,0.0016352584,0.0046878983,0.0052120797,0.0013538525,0.004687941,3.3373384e-05
1310,0.05527269,0.7144882,0.020405082,0.07068609,0.03826484,0.076269865,0.022463374,0.0021497791
1311,0.0563075,0.6287109,0.05560386,0.09026076,0.04313589,0.10167089,0.021427875,0.002882417
1312,0.084686995,0.17585441,0.21981741,0.32501543,0.1160099,0.017136544,0.054872073,0.006607236
1313,0.073374525,0.44550732,0.11354244,0.16781992,0.11789627,0.041761808,0.030799957,0.009297754
1314,0.033006806,0.76298547,0.020410612,0.07120823,0.090218924,0.0019984723,0.019689778,0.00048173015
1315,0.1099235,0.39061752,0.074769065,0.08303873,0.20560688,0.078589045,0.04409589,0.013359359
1316,0.08024012,0.5011402,0.022937521,0.038236544,0.31159225,0.00726697,0.035695583,0.00289083
1317,0.13141674,0.42592934,0.074006595,0.07584029,0.161409,0.08247009,0.040863007,0.008064909
1318,0.081045315,0.5187317,0.029222969,0.08857326,0.2013659,0.06203255,0.016269859,0.0027584953
1319,0.09121432,0.70933455,0.021453865,0.028947651,0.044886347,0.037824012,0.064655244,0.0016839897
1320,0.15917839,0.32814232,0.070907146,0.056917686,0.30251962,0.013100086,0.05500028,0.014234578
1321,0.10364669,0.4435744,0.09172501,0.029955521,0.29100946,0.0029801875,0.012696549,0.024412166
1322,0.08331365,0.42816228,0.0984622,0.03865308,0.2929092,0.0074367616,0.039224084,0.011838778
1323,0.08999262,0.6094222,0.051158536,0.025437264,0.18927717,0.009806233,0.012321111,0.012584962
1324,0.09734604,0.5662702,0.017078375,0.022076694,0.23625405,0.04826661,0.004603179,0.008104958
1325,0.15510394,0.47235847,0.041620053,0.032410927,0.08173245,0.1361404,0.07871395,0.0019198315
1326,0.09461328,0.68785673,0.015355953,0.00992386,0.09833255,0.029603517,0.056206226,0.008107836
1327,0.08058023,0.7397716,0.009521668,0.0054516345,0.12678172,0.0076186205,0.020651227,0.009623323
1328,0.14258584,0.46955556,0.040890966,0.036632996,0.17826706,0.024325004,0.1020623,0.0056803455
1329,0.10073258,0.402784,0.10748347,0.06291161,0.28803152,0.0056564664,0.018085964,0.014314319
1330,0.11950164,0.4124905,0.03639642,0.040572863,0.32442793,0.0067665824,0.046172053,0.013672008
1331,0.09501401,0.41887307,0.09203899,0.0664532,0.26445585,0.0086634755,0.04958335,0.004918071
1332,0.06562769,0.47736937,0.058553245,0.06909212,0.28568235,0.0074248854,0.03066716,0.00558317
1333,0.04123006,0.57720244,0.04712172,0.028827194,0.2784352,0.0070198122,0.013702393,0.0064611635
1334,0.066725075,0.5344181,0.04062553,0.21881887,0.08382884,0.014009932,0.040333193,0.0012404171
1335,0.07225594,0.52533907,0.039742943,0.19557011,0.10168981,0.009280465,0.0541181,0.0020036062
1336,0.071433656,0.6590971,0.025747128,0.09455298,0.10790447,0.009343854,0.0315853,0.00033555864
1337,0.048029553,0.57907206,0.026388125,0.16223495,0.1647128,0.009057357,0.009280228,0.0012249241
1338,0.028475737,0.55124825,0.04281372,0.30421448,0.054616265,0.002486033,0.015406054,0.0007394886
1339,0.12927717,0.76342,0.010822429,0.021016201,0.0069114245,0.009585058,0.05804933,0.0009183842
1340,0.03241533,0.40777186,0.03550318,0.42893988,0.08991169,0.0013006178,0.003714606,0.00044281813
1341,0.031573392,0.82013905,0.0033670831,0.113429695,0.027461788,0.0007487522,0.0031589642,0.000121231795
1342,0.018327195,0.76139414,0.0694939,0.099942826,0.044509385,0.0036341932,0.0020739457,0.00062446157
1343,0.047054194,0.5268721,0.11795933,0.18776608,0.07185109,0.037064765,0.005373783,0.006058695
1344,0.07920504,0.38570672,0.116288625,0.25430244,0.069090046,0.05106768,0.04011943,0.0042199926
1345,0.039536487,0.6907841,0.031591482,0.12229329,0.057875626,0.011149048,0.045821488,0.0009484372
1346,0.05113905,0.5679462,0.044117436,0.17410783,0.12294092,0.0028376824,0.035415556,0.0014953237
1347,0.0764158,0.54332596,0.03252044,0.14830185,0.15525271,0.008941756,0.033532187,0.0017092439
1348,0.06417486,0.57506746,0.048328385,0.14776914,0.1124172,0.018913625,0.03220458,0.0011247472
1349,0.070965074,0.6601016,0.029387005,0.08916021,0.10942703,0.0142476,0.026398564,0.0003129857
1350,0.14452352,0.42252725,0.075966895,0.1383585,0.07890498,0.03858517,0.094625,0.0065086903
1351,0.06301719,0.48373595,0.03813937,0.13276523,0.21432087,0.0056648594,0.054781787,0.007574749
1352,0.09820781,0.4417749,0.04482398,0.030662116,0.3413645,0.0039165616,0.02437445,0.014875682
1353,0.083358675,0.7090003,0.007253448,0.008589274,0.1487658,0.0082217045,0.033842225,0.00096858665
1354,0.07932448,0.68070656,0.018392643,0.02702796,0.17311281,0.0054381303,0.009092552,0.0069048726
1355,0.08856281,0.52041674,0.02710695,0.114424005,0.2164736,0.026154809,0.0041851634,0.00267597
1356,0.13197008,0.30659074,0.12893042,0.15600571,0.12080028,0.04596281,0.10203396,0.007706025
1357,0.11431753,0.50954205,0.021542866,0.086944684,0.20524423,0.032496057,0.026687069,0.003225481
1358,0.102867246,0.6539163,0.008129938,0.029036056,0.1680967,0.011354762,0.018250644,0.008348305
1359,0.11986581,0.5902039,0.04017002,0.041119445,0.073958166,0.037526604,0.09352603,0.003630001
1360,0.065290004,0.5517715,0.049755905,0.025715137,0.27638745,0.0052352995,0.019514205,0.0063304557
1361,0.079130255,0.51568097,0.019767772,0.038523424,0.29396498,0.008433966,0.038386103,0.006112536
1362,0.080211885,0.6427007,0.022565054,0.08060729,0.11747558,0.014916675,0.041153867,0.00036901888
1363,0.105903774,0.57155716,0.030300923,0.06802825,0.10821835,0.08117992,0.033056904,0.0017547363
1364,0.03207786,0.6522245,0.016683703,0.05247459,0.23516317,0.0010306346,0.009504218,0.0008412882
1365,0.123929344,0.40078583,0.10856256,0.17201847,0.081726745,0.011844077,0.093270816,0.00786218
1366,0.045593157,0.5872083,0.042200387,0.23608617,0.05762891,0.004658316,0.025783543,0.0008412399
1367,0.06740291,0.27561033,0.10438637,0.41090757,0.11712323,0.008971846,0.01345673,0.002141084
1368,0.017957658,0.8945353,0.0167285,0.032330003,0.026891354,0.0014023683,0.010078274,7.651649e-05
1369,0.095377445,0.79318595,0.0058385488,0.004783048,0.008756393,0.005022666,0.08679104,0.0002449235
1370,0.28107163,0.51358855,0.0026454176,0.0038333724,0.0042751106,0.047234673,0.14727916,7.209418e-05
1371,0.03702861,0.76827824,0.008752557,0.019561617,0.0027029791,0.019947952,0.1435271,0.00020098485
1372,0.020156175,0.97164017,0.00050611363,0.0007909478,0.0032463183,0.0005981818,0.0030208726,4.120816e-05
1373,0.028307931,0.95748746,0.0003305506,0.00032942076,0.0022210025,0.007222086,0.0040961336,5.323895e-06
1374,0.030703565,0.77212256,0.023015374,0.056171127,0.012287926,0.086546294,0.018158099,0.0009950389
1375,0.07286396,0.2879341,0.14802453,0.34025878,0.082847275,0.03423592,0.030143382,0.0036921257
1376,0.03908802,0.59921855,0.0660408,0.16993947,0.079639845,0.03457045,0.006582935,0.004919876
1377,0.044526696,0.51570064,0.08538653,0.09053722,0.24287164,0.0032490767,0.015173304,0.0025548672
1378,0.041489393,0.6599288,0.029085808,0.16226155,0.090756126,0.004987804,0.010737418,0.0007530754
1379,0.033344794,0.6710643,0.05236097,0.14174592,0.063584074,0.007376094,0.029932411,0.00059145835
1380,0.06300856,0.79323524,0.010546824,0.06953661,0.03668767,0.0064030783,0.02043326,0.00014879242
1381,0.09961624,0.5912431,0.05558566,0.108753815,0.04221258,0.03460976,0.066690005,0.0012889071
1382,0.1128883,0.40408477,0.05870061,0.124371216,0.18555455,0.06706487,0.03810244,0.009233234
1383,0.059652653,0.59274876,0.019961746,0.085845664,0.21220957,0.002180287,0.025027955,0.002373371
1384,0.080822304,0.6880738,0.040450994,0.040331643,0.06836199,0.030871868,0.050001718,0.0010856234
1385,0.04457507,0.5840112,0.024903506,0.016822802,0.30641642,0.0034143962,0.00829842,0.011558133
1386,0.08434989,0.6708518,0.017105186,0.06645199,0.14240602,0.0035935494,0.014778992,0.00046251016
1387,0.09546681,0.5295568,0.029545866,0.19876605,0.10480541,0.006584328,0.03353833,0.0017363833
1388,0.056243915,0.62511444,0.027616777,0.11927393,0.124384575,0.004267629,0.042675376,0.00042332007
1389,0.11425549,0.46796805,0.09650551,0.04737978,0.23116998,0.0038235951,0.023048475,0.015849149
1390,0.062303383,0.64242476,0.01187719,0.0979019,0.16471349,0.0042538806,0.016147772,0.00037758626
1391,0.106799856,0.41148174,0.0726339,0.070755206,0.28146288,0.006393909,0.0456296,0.004842946
1392,0.091994554,0.44658908,0.10693989,0.049917355,0.27088246,0.014269207,0.015573717,0.003833673
1393,0.104623795,0.5620842,0.04072477,0.08166444,0.069637835,0.09595391,0.04278571,0.0025253878
1394,0.0706323,0.70333743,0.008355051,0.027400402,0.06886718,0.08616629,0.034883965,0.0003574433
1395,0.083277486,0.53430545,0.079614036,0.043187443,0.23441146,0.009406008,0.014523527,0.0012745367
1396,0.10741184,0.34467575,0.1119938,0.2499735,0.11748238,0.016269831,0.04537195,0.0068209246
1397,0.03532328,0.67076194,0.04011584,0.17144054,0.05336379,0.01926254,0.007898364,0.0018336533
1398,0.12663758,0.5521148,0.049398087,0.111545995,0.028142136,0.07215159,0.05832646,0.0016834552
1399,0.0286787,0.89964694,0.009440295,0.01379548,0.018037593,0.0007039645,0.029663457,3.3598826e-05
1400,0.16081445,0.55765533,0.01599747,0.014168295,0.018633561,0.03457726,0.19737545,0.00077809073
1401,0.011767032,0.9821242,0.0003272975,0.0008296883,0.0024766182,0.00027111906,0.002188823,1.5161402e-05
1402,0.038418178,0.80834985,0.0122813815,0.07135337,0.037934206,0.004287327,0.027314276,6.1414685e-05
1403,0.03999584,0.59557647,0.06452588,0.17556626,0.11008811,0.0073970435,0.004525857,0.002324478
1404,0.027282778,0.6039357,0.12066642,0.10376103,0.13039769,0.0054286714,0.002637146,0.0058905287
1405,0.095068626,0.4841646,0.07396686,0.18502982,0.06858425,0.046703752,0.04208367,0.004398457
1406,0.04498673,0.6084746,0.06034209,0.18613642,0.0763203,0.010380494,0.012394903,0.0009644683
1407,0.040390093,0.56486803,0.038116958,0.2504706,0.07980305,0.005608318,0.019788098,0.00095488946
1408,0.07611262,0.5115333,0.10893268,0.16480882,0.070703715,0.012601503,0.05341919,0.0018882062
1409,0.050068174,0.829856,0.010591109,0.032090575,0.03789543,0.0059720413,0.033324093,0.00020266131
1410,0.07188535,0.45122376,0.055036686,0.20064196,0.16799888,0.015287972,0.031875942,0.0060494286
1411,0.1423183,0.47078982,0.033417914,0.10832967,0.1846414,0.035617635,0.023887306,0.0009979095
1412,0.048939638,0.6523054,0.050797768,0.08418947,0.13636781,0.0052430304,0.021437205,0.00071955175
1413,0.07322997,0.8655294,0.0040564644,0.003354911,0.023512365,0.0035447571,0.026703166,6.884267e-05
1414,0.10761335,0.686133,0.0296796,0.021685664,0.04009727,0.053781375,0.0591295,0.001880249
1415,0.04880101,0.7677412,0.017339481,0.05599417,0.079638556,0.003464661,0.026867418,0.00015353854
1416,0.062305775,0.5420375,0.021533702,0.073605075,0.268693,0.0013243023,0.026892735,0.0036079553
1417,0.11263981,0.5057654,0.055981062,0.07278674,0.10254451,0.09813252,0.047200736,0.004949273
1418,0.11290528,0.39557588,0.048643798,0.18533243,0.17074905,0.008419015,0.07191809,0.0064563793
1419,0.07456425,0.58962685,0.0847645,0.06653822,0.1409458,0.016403206,0.022587836,0.00456932
1420,0.10730527,0.74995667,0.0061847726,0.010856263,0.024927676,0.05381,0.046731047,0.00022837387
1421,0.04454587,0.7694104,0.015685085,0.08511255,0.037600443,0.0070913634,0.04041154,0.00014280847
1422,0.055317495,0.6018309,0.019686768,0.14690681,0.15200974,0.009810423,0.014104983,0.00033299663
1423,0.051012542,0.6493236,0.06613219,0.12358462,0.06858137,0.032640923,0.006828684,0.001896073
1424,0.026263827,0.2681838,0.13162728,0.3861449,0.13890466,0.03871095,0.0017990193,0.008365581
1425,0.071039535,0.6973164,0.037967715,0.06893461,0.0066768173,0.03285033,0.083827764,0.0013868586
1426,0.0459794,0.78578305,0.0049076662,0.0023977077,0.004237155,0.0032239414,0.15328734,0.00018379261
1427,0.031135196,0.9402722,0.0009411712,0.003543157,0.004191844,0.012163732,0.007739307,1.3385683e-05
1428,0.043501634,0.900372,0.0016735803,0.0035712207,0.023494832,0.0089935055,0.018378105,1.5074788e-05
1429,0.03641459,0.7658517,0.027671542,0.077386424,0.054217093,0.02959908,0.008463999,0.00039570182
1430,0.06810506,0.6668977,0.03902777,0.09644132,0.055247273,0.04289601,0.029845724,0.0015391752
1431,0.058004964,0.37582627,0.10710203,0.3254121,0.097767346,0.00914517,0.023711774,0.0030303942
1432,0.055379927,0.46537942,0.10765771,0.24624163,0.08823981,0.010611437,0.023531882,0.0029581934
1433,0.10833159,0.24899009,0.16314226,0.29817656,0.109831214,0.021836005,0.042844642,0.006847639
1434,0.03491834,0.70197535,0.05621726,0.119784184,0.06545164,0.006824468,0.013110999,0.0017177309
1435,0.098694555,0.44251618,0.10359388,0.18254767,0.086088836,0.017588634,0.06169743,0.007272831
1436,0.1180755,0.43701106,0.119895615,0.12527159,0.13553213,0.02591094,0.033221032,0.0050820997
1437,0.048078265,0.6279374,0.035812262,0.10280578,0.1127297,0.055034228,0.011951808,0.0056506246
1438,0.069066554,0.7042178,0.018544523,0.07244825,0.051415905,0.05579116,0.027746731,0.00076913583
1439,0.061120197,0.757881,0.01577695,0.07034158,0.05795528,0.020266777,0.016501814,0.00015650029
1440,0.06906294,0.62478703,0.037027366,0.107648835,0.07999628,0.03703123,0.043360118,0.0010861832
1441,0.04020274,0.76448894,0.012491529,0.012732081,0.1513534,0.0011011065,0.017306745,0.00032350817
1442,0.060080133,0.7447805,0.034262367,0.028317746,0.060347497,0.037623342,0.03400242,0.0005860092
1443,0.045188274,0.7832201,0.016596053,0.081069216,0.03742904,0.0031067804,0.033200234,0.00019025814
1444,0.0324973,0.5457835,0.058321137,0.10351061,0.24211612,0.0011426214,0.015057527,0.0015712142
1445,0.08362173,0.69557184,0.034080304,0.051565778,0.026127117,0.05749875,0.049168743,0.002365724
1446,0.039676167,0.6249883,0.06207776,0.1768487,0.048821334,0.017920159,0.028592082,0.0010754555
1447,0.015298459,0.87233114,0.009576425,0.035435036,0.060333252,0.0032204168,0.0035755832,0.00022966965
1448,0.02593045,0.83562076,0.016098486,0.027328154,0.078556746,0.0015274159,0.01457616,0.00036193515
1449,0.02198711,0.7816014,0.04273196,0.085299514,0.013767874,0.0025850309,0.051859494,0.0001676138
1450,0.04063947,0.85713506,0.013779132,0.0078050606,0.0048774113,0.0029022272,0.07248259,0.00037916828
1451,0.026684713,0.91138583,0.0011908222,0.0011735572,0.0026144106,0.006639772,0.050257437,5.3419826e-05
1452,0.045873832,0.76162595,0.035735197,0.09339179,0.017810198,0.0035471495,0.040652953,0.0013629808
1453,0.037148125,0.91616654,0.002507032,0.0012121696,0.013959691,0.002850893,0.026087003,6.850432e-05
1454,0.027134268,0.68310124,0.07834941,0.13691507,0.05031859,0.0032314507,0.020032817,0.00091708166
1455,0.044306975,0.50219625,0.123873815,0.23232995,0.073593944,0.005078086,0.016498553,0.0021223787
1456,0.046567284,0.46788046,0.14185293,0.24177231,0.08171276,0.008574351,0.008920043,0.0027198333
1457,0.08072002,0.45508635,0.10762921,0.17682742,0.09338287,0.032178048,0.04419653,0.009979637
1458,0.07477206,0.42900166,0.12580976,0.21646087,0.084854804,0.03225628,0.024349423,0.012495175
1459,0.13488029,0.33954743,0.13239144,0.18093193,0.08334124,0.05103957,0.06462507,0.013243061
1460,0.044858605,0.9024078,0.0031524054,0.0065554115,0.009555479,0.010100038,0.023265181,0.000105025036
1461,0.044589184,0.72835815,0.025485018,0.10334512,0.07204821,0.0022861713,0.023443965,0.00044423385
1462,0.050861873,0.37018043,0.096113324,0.3388906,0.112036854,0.0067360946,0.020794434,0.0043863654
1463,0.07836503,0.5396751,0.035551094,0.18724576,0.068097815,0.03957893,0.049728315,0.0017579398
1464,0.0358099,0.75590175,0.02385979,0.045847967,0.10875664,0.0048664217,0.024684949,0.00027259582
1465,0.05337724,0.6639224,0.045506638,0.103898205,0.11327346,0.0052812207,0.014392613,0.00034820993
1466,0.070910774,0.6068003,0.06433059,0.13842596,0.06264972,0.008928041,0.04634055,0.0016140253
1467,0.04611195,0.88920164,0.001747263,0.0065885186,0.033022564,0.005252067,0.018043606,3.23766e-05
1468,0.049008846,0.656033,0.065695375,0.13044709,0.0629182,0.008241,0.02643085,0.0012257319
1469,0.048211314,0.45859292,0.1733938,0.2258619,0.06333349,0.010874202,0.01740948,0.002322925
1470,0.027276473,0.80899787,0.09321756,0.03926419,0.014352642,0.00964458,0.006515366,0.0007313064
1471,0.0392422,0.81779015,0.071567945,0.017391153,0.03275201,0.0049871407,0.01587503,0.0003943309
1472,0.039943475,0.8024319,0.07056552,0.03610321,0.018980162,0.0020597917,0.029422779,0.0004931972
1473,0.12839356,0.69180435,0.013128083,0.0035348968,0.0074892137,0.019335054,0.1359732,0.00034159856
1474,0.13249117,0.7913124,0.002946981,0.0011745704,0.008372362,0.0054012137,0.058253597,4.7692538e-05
1475,0.035554897,0.93087804,0.0027047659,0.0017947933,0.009865801,0.0016814701,0.01738464,0.00013560655
1476,0.02503744,0.95423514,0.0015740441,0.0026798076,0.007703517,0.0016430679,0.0070890477,3.7915877e-05
1477,0.06289907,0.6805577,0.040700536,0.07172436,0.056947317,0.042486012,0.043588504,0.0010965284
1478,0.050422244,0.5821394,0.10495311,0.17608975,0.05094211,0.00906676,0.02169509,0.0046915873
1479,0.08153256,0.34807554,0.1363372,0.2663357,0.09321011,0.022654118,0.0386475,0.013207246
1480,0.05796217,0.43362746,0.14496653,0.1939539,0.07892498,0.06515313,0.0138224065,0.011589434
1481,0.053855173,0.65516895,0.038284957,0.09375705,0.13321593,0.005927235,0.019250099,0.0005405568
1482,0.045245733,0.5048488,0.1102934,0.22066756,0.09618087,0.009028718,0.011401812,0.002333151
1483,0.047028784,0.47356114,0.056302924,0.3046055,0.06838987,0.011873544,0.03666848,0.0015696841
1484,0.03158089,0.7997785,0.010629008,0.046800442,0.09678385,0.0025504942,0.011647941,0.00022891119
1485,0.049368147,0.650079,0.069548406,0.11994295,0.06952214,0.030703247,0.007973245,0.0028627883
1486,0.124619335,0.33318886,0.13206261,0.24015436,0.10071319,0.028615022,0.034054324,0.006592232
1487,0.016274972,0.8908843,0.006615624,0.040312428,0.038216103,0.0017359008,0.005826039,0.00013462531
1488,0.047563244,0.65887755,0.02407332,0.08123618,0.10110265,0.046617884,0.039750732,0.0007784255
1489,0.022129701,0.731959,0.08051157,0.12014445,0.020758513,0.020912074,0.0023981414,0.0011865183
1490,0.060068026,0.8539468,0.0143683655,0.020438006,0.016288854,0.013730921,0.021091584,6.7464935e-05
1491,0.20914534,0.63646907,0.004677177,0.001184607,0.0071499147,0.018438071,0.122564316,0.00037159678
1492,0.061880928,0.87142706,0.0058699357,0.0035636516,0.002333331,0.0024114638,0.0524699,4.369771e-05
1493,0.10073978,0.65569794,0.050519608,0.06818631,0.017218454,0.011482347,0.095053226,0.001102297
1494,0.05100697,0.8246677,0.0024414295,0.00046280524,0.007903881,0.0008821832,0.11256864,6.642481e-05
1495,0.031921923,0.86009693,0.0395004,0.017063819,0.026723145,0.003679739,0.019949075,0.0010649264
1496,0.028471218,0.71762115,0.07131027,0.10422448,0.041147176,0.0044940207,0.02991702,0.0028146864
1497,0.0458503,0.7333468,0.03781542,0.10339567,0.062495187,0.0031838266,0.013542356,0.0003703654
1498,0.033620734,0.6637371,0.013271675,0.1818709,0.10036442,0.0034697072,0.003366355,0.00029907378
1499,0.018319042,0.9540834,0.001590121,0.0039035296,0.00958772,0.0020386311,0.010430448,4.714833e-05
1500,0.048773978,0.5472103,0.041271996,0.28650382,0.066185385,0.00509749,0.004225967,0.00073107297
1501,0.0640621,0.6939119,0.04612484,0.08277859,0.081116326,0.012209963,0.019435788,0.0003604786
1502,0.05841415,0.72433275,0.060422968,0.06381014,0.06613902,0.010522696,0.01599659,0.0003616969
1503,0.05388607,0.4378032,0.1039233,0.28717723,0.08796622,0.0064060083,0.020602467,0.002235485
1504,0.09386949,0.7682283,0.02824752,0.047175013,0.02530236,0.009037011,0.027805714,0.0003345641
1505,0.06945296,0.8400096,0.00546758,0.0060986294,0.011319781,0.012475109,0.055026367,0.00014996498
1506,0.050978586,0.8633005,0.007342176,0.0045118015,0.011565198,0.0047851857,0.057478026,3.854346e-05
1507,0.009628181,0.88955486,0.0015582889,0.055182196,0.04176734,0.0005871949,0.0016864869,3.5530815e-05
1508,0.14817695,0.7937346,0.00019327494,0.0005911679,0.0017102952,0.013140404,0.042359073,9.413563e-05
1509,0.013381018,0.9690672,0.0014370133,0.0017024487,0.011412727,0.000100567086,0.0028155113,8.348205e-05
1510,0.042710535,0.87002164,0.0022014552,0.0010919488,0.0054918914,0.004219846,0.074187584,7.502326e-05
1511,0.06327387,0.8454056,0.0017433289,0.0020245025,0.00793648,0.008783536,0.07076926,6.3451815e-05
1512,0.0419781,0.9202531,0.0024886576,0.00074190256,0.008130166,0.0007098992,0.02559226,0.000105896106
1513,0.05659746,0.8369392,0.0014050199,0.000554428,0.0030262033,0.019912738,0.08150254,6.233388e-05
1514,0.050778035,0.8984825,0.0020171336,0.00087201997,0.0066447905,0.0020500186,0.039085057,7.053053e-05
1515,0.0173656,0.9545511,0.0011023326,0.0032264295,0.014039884,0.00045847034,0.009193262,6.303971e-05
1516,0.013817214,0.9767281,0.00098025,0.005365504,0.0018862815,0.00020985164,0.0010026089,1.0215197e-05
1517,0.012694011,0.97929925,0.00044104917,0.0026170912,0.002421693,0.001661551,0.00085380604,1.1615603e-05
1518,0.019618439,0.97075593,0.0009431836,0.0017545874,0.004499875,0.0007952438,0.0016057515,2.6950253e-05
1519,0.47063938,0.35868505,0.0016298405,0.0012316508,0.00983166,0.05107393,0.10656153,0.00034692237
