,endothelial cell,epithelial cell of proximal tubule,kidney collecting duct epithelial cell,kidney distal convoluted tubule epithelial cell,kidney loop of Henle epithelial cell,podocyte,immune cell,pericyte
0,0.0736931,0.9096316,0.00025323336,0.0025055702,0.0036417677,0.0010275615,0.009240976,6.273331e-06
1,0.12482373,0.6080373,0.09618199,0.036785107,0.010614347,0.06299424,0.059114605,0.0014486883
2,0.15144773,0.6937344,0.049617205,0.045603037,0.014046556,0.019200997,0.025214264,0.0011357564
3,0.12452286,0.6069689,0.0966972,0.036115285,0.010368458,0.06379181,0.060089618,0.0014458847
4,0.23610605,0.44722807,0.15735102,0.0161535,0.003008875,0.11260536,0.026824472,0.0007226484
5,0.053005233,0.66487426,0.08920138,0.17750457,0.004623314,0.005807434,0.0045819245,0.0004019063
6,0.11221346,0.8233703,0.00805777,0.014897165,0.0021086042,0.012486308,0.026743522,0.00012277234
7,0.13856666,0.7576744,0.011126922,0.014971035,0.0031527271,0.018456109,0.055804085,0.00024806315
8,0.1713455,0.7697495,0.012357783,0.010924327,0.003470194,0.011162832,0.020871932,0.000117889744
9,0.17105478,0.7701576,0.012309538,0.010900362,0.0034626385,0.011143473,0.020854242,0.00011735267
10,0.12531656,0.60974574,0.09532733,0.03744018,0.010836102,0.06189772,0.057989452,0.0014469643
11,0.15611629,0.6927434,0.047373578,0.04626252,0.015684323,0.016589705,0.024096612,0.0011336078
12,0.15666953,0.6922282,0.047185615,0.046585243,0.015962077,0.016319552,0.0239147,0.0011350813
13,0.15669517,0.7968401,0.00643676,0.0073629282,0.0018869117,0.0020240091,0.028654657,9.959701e-05
14,0.12013288,0.75309515,0.052945353,0.042962242,0.0043213074,0.010664438,0.015557241,0.00032139735
15,0.11221346,0.8233703,0.008057824,0.014897253,0.002108613,0.012486318,0.02674343,0.00012277273
16,0.13890289,0.7563777,0.011197719,0.014901802,0.0031526256,0.018768704,0.056449156,0.00024947576
17,0.13853024,0.75750387,0.0109725995,0.014819133,0.003173138,0.018198427,0.05655493,0.00024766085
18,0.22146186,0.6611593,0.02975231,0.029638596,0.008486082,0.018994397,0.030046608,0.0004609281
19,0.22055666,0.6616487,0.029875513,0.029775731,0.008463689,0.019188736,0.030030195,0.00046087703
20,0.21532305,0.5772039,0.032747667,0.046526447,0.06647342,0.0024933065,0.055785906,0.0034463415
21,0.20285356,0.6760805,0.023870395,0.035388365,0.020543175,0.006624109,0.033822186,0.0008177083
22,0.16710389,0.69211924,0.04268954,0.043725584,0.017481282,0.012166648,0.02363125,0.001082566
23,0.25216794,0.6831951,0.008759905,0.0109631205,0.009564819,0.00065716595,0.034381635,0.00031038618
24,0.2765027,0.6367748,0.01961958,0.011352409,0.010392146,0.0007122957,0.04415146,0.00049460493
25,0.22375362,0.42773733,0.1334573,0.10205622,0.05946385,0.005362942,0.04461584,0.0035528727
26,0.12643984,0.7880038,0.009696042,0.015081394,0.002635291,0.01668746,0.041270737,0.00018553081
27,0.13857314,0.7576753,0.01112539,0.014968366,0.0031525448,0.018450899,0.055806376,0.00024804892
28,0.16341016,0.7640368,0.0066745114,0.0056809564,0.0061479416,0.0002446415,0.053645846,0.0001591533
29,0.23224588,0.70555025,0.0020178808,0.013611695,0.007827127,0.0017078073,0.03690224,0.0001370666
30,0.22476126,0.51139814,0.06691089,0.05287592,0.0691086,0.0019234756,0.063055106,0.009966586
31,0.13567196,0.597192,0.08897662,0.03349906,0.06070596,0.0006901777,0.068362884,0.014901437
32,0.13070211,0.6021554,0.09138528,0.03276645,0.059781156,0.000645336,0.06739701,0.015167315
33,0.13365647,0.59769905,0.09058048,0.03318949,0.061534643,0.00065893395,0.06744064,0.015240396
34,0.1805558,0.51135415,0.083219565,0.04315329,0.105488874,0.0009949154,0.058932602,0.016300809
35,0.190308,0.57932603,0.06878068,0.03384345,0.050764807,0.0015516245,0.060885817,0.014539583
36,0.19031052,0.5795052,0.06874099,0.03381758,0.050640967,0.0015531019,0.06089376,0.014537731
37,0.2019311,0.53002864,0.08955941,0.03122657,0.054040715,0.001723108,0.076211736,0.015278811
38,0.19565836,0.69526196,0.0024534592,0.005065636,0.014523461,0.00017016691,0.08655172,0.00031526384
39,0.206187,0.60106474,0.015565895,0.0129967015,0.0056928284,0.013131974,0.14486505,0.0004958403
40,0.24170429,0.620137,0.038738385,0.02243012,0.009421763,0.010076118,0.05665794,0.0008344986
41,0.16317911,0.76418287,0.0066412548,0.0056774076,0.0061496785,0.00024421536,0.053766582,0.00015894105
42,0.1609735,0.7656563,0.0063596456,0.0056455648,0.005990029,0.00025429294,0.054966036,0.00015467416
43,0.23897386,0.6166478,0.012031162,0.034279473,0.048687182,0.00089454104,0.04691895,0.0015670286
44,0.23177914,0.70597965,0.0019613479,0.013206056,0.007787906,0.0016084277,0.037540313,0.00013713607
45,0.21339262,0.5335739,0.06547847,0.04795684,0.06467464,0.0018283082,0.061457403,0.011637768
46,0.14544798,0.58521503,0.08666502,0.034080148,0.06383748,0.0007651597,0.068765394,0.015223806
47,0.1545311,0.57256913,0.084185734,0.035405464,0.0688501,0.0008559399,0.068567775,0.015034757
48,0.13360445,0.59775066,0.09063846,0.0331669,0.061510794,0.0006605528,0.06745652,0.015211553
49,0.1902869,0.5794125,0.06876265,0.033833712,0.050721735,0.0015511496,0.060891364,0.014539911
50,0.18967432,0.5738721,0.07027666,0.034780856,0.055163324,0.0015058144,0.059800364,0.014926563
51,0.1899662,0.5766758,0.069509804,0.034295052,0.05294353,0.0015294991,0.060352795,0.014727325
52,0.15195975,0.64697546,0.059540153,0.015982052,0.03994051,0.0010322195,0.0681126,0.016457248
53,0.19387074,0.619691,0.054527197,0.007922474,0.018518096,0.0015686804,0.09257991,0.01132194
54,0.2642532,0.5662684,0.053104095,0.02822552,0.01509486,0.0121402815,0.05961013,0.0013035359
55,0.2626197,0.5673619,0.05384306,0.028529499,0.015034206,0.012230931,0.059087314,0.0012933752
56,0.2587419,0.5787157,0.051708654,0.026775062,0.0142347105,0.010820016,0.05782945,0.0011745185
57,0.15915212,0.76566863,0.0062502874,0.005694472,0.0058654193,0.00027254125,0.056941908,0.0001545173
58,0.22791229,0.71136427,0.0018018308,0.01251598,0.0073767668,0.0014854473,0.037416596,0.00012684603
59,0.23440503,0.7022636,0.0018012982,0.013507536,0.008266721,0.0015936362,0.038022403,0.00013977793
60,0.19402762,0.5677171,0.064946175,0.041835397,0.056735624,0.0017298016,0.05831664,0.014691692
61,0.2068966,0.5035535,0.077867396,0.0407526,0.100287184,0.00204481,0.052984048,0.015613858
62,0.14097981,0.59119385,0.08759619,0.033728212,0.062006,0.00072838395,0.06862065,0.015146931
63,0.14508167,0.5841002,0.08726943,0.034153197,0.064802565,0.00074940483,0.0685573,0.01528622
64,0.18529893,0.5291684,0.08174829,0.045028068,0.08892476,0.0011677546,0.047023546,0.021640193
65,0.19008698,0.57811254,0.06912711,0.034042012,0.051822778,0.0015403163,0.060632944,0.014635282
66,0.19001089,0.5765897,0.06950978,0.03431639,0.05297402,0.0015294419,0.060341794,0.014728017
67,0.17438246,0.594353,0.06426193,0.025414588,0.06507123,0.0011006091,0.05977196,0.015644211
68,0.18534866,0.55439955,0.08199553,0.03746195,0.07646914,0.0011912396,0.047024984,0.016108878
69,0.18468705,0.5588366,0.08112548,0.037105862,0.07433871,0.001169024,0.046614118,0.016123159
70,0.22823161,0.5805862,0.05630672,0.02052817,0.023789998,0.0052746804,0.0809982,0.004284432
71,0.16208571,0.55423516,0.07680613,0.05810001,0.039047815,0.008103053,0.095785975,0.005836126
72,0.11606398,0.53056705,0.096257634,0.094716154,0.044893242,0.008088499,0.10162224,0.007791181
73,0.13868529,0.6421489,0.07426592,0.04306608,0.0074443,0.02389616,0.06895301,0.0015404136
74,0.23659125,0.6888884,0.0023683894,0.01580183,0.011238441,0.0022423835,0.042686,0.00018331705
75,0.22023712,0.60517246,0.04177834,0.039069954,0.038303167,0.0020806736,0.04637156,0.006986689
76,0.21998699,0.60499656,0.041873913,0.0391562,0.038434908,0.0020727827,0.046431318,0.007047304
77,0.16785944,0.6142228,0.06428061,0.03484837,0.039910134,0.0015569336,0.056588393,0.02073332
78,0.20630495,0.5090785,0.0773125,0.039371897,0.09561249,0.0019951963,0.052955877,0.017368622
79,0.21633026,0.4819342,0.08163998,0.038820602,0.10802047,0.0022900542,0.05254979,0.018414684
80,0.21767677,0.31012672,0.17384785,0.04207272,0.13428907,0.0012366949,0.08333881,0.037411373
81,0.18563457,0.5296593,0.08165657,0.04515048,0.08822096,0.0011831333,0.046589237,0.02190578
82,0.18525502,0.5318636,0.08107977,0.04453494,0.08764754,0.0011771555,0.046756662,0.021685349
83,0.17085966,0.600389,0.06442934,0.02359088,0.06029771,0.0011372118,0.06317774,0.016118396
84,0.20457742,0.43579414,0.10478773,0.043321732,0.12953828,0.0020705988,0.061289456,0.018620616
85,0.18474017,0.55854136,0.08118122,0.03713964,0.07448652,0.0011685316,0.04661726,0.016125355
86,0.18651775,0.54625523,0.08369336,0.038145006,0.08030663,0.001231382,0.047733795,0.016116874
87,0.18396294,0.5635135,0.08019065,0.036705352,0.07207062,0.0011475204,0.04626109,0.01614837
88,0.1574062,0.53663564,0.08476287,0.058209106,0.051797036,0.0058768378,0.09598666,0.009325682
89,0.12428636,0.5132429,0.097839005,0.09754757,0.049030397,0.008968893,0.100681014,0.008403844
90,0.14069209,0.47313285,0.10443579,0.1350356,0.020232063,0.03610023,0.084658064,0.0057133795
91,0.14251162,0.61008704,0.029118437,0.02051183,0.011816242,0.0015770912,0.18268552,0.0016921477
92,0.08422261,0.84815145,0.008938518,0.02350226,0.009072897,0.003217909,0.022534586,0.0003597782
93,0.13398601,0.49722636,0.0650724,0.033855546,0.020439379,0.07751628,0.17095543,0.00094855047
94,0.21702032,0.554309,0.049631577,0.050281473,0.05799383,0.0018094722,0.053888537,0.01506579
95,0.22285154,0.5155717,0.052500263,0.058703166,0.06647782,0.0018074639,0.05862449,0.023463542
96,0.22291106,0.5120551,0.053072497,0.059295975,0.06753816,0.0018021824,0.059022684,0.024302417
97,0.17557311,0.058349848,0.275594,0.04461625,0.30374676,0.0013686359,0.08332542,0.057425983
98,0.2159504,0.22794786,0.20678045,0.04672728,0.16699293,0.0014171277,0.090531014,0.04365289
99,0.20175298,0.11815903,0.252167,0.051014375,0.2244509,0.001468832,0.09767845,0.05330846
100,0.18581001,0.066859014,0.29699466,0.071643926,0.20142928,0.0012798809,0.11600353,0.05997972
101,0.20958914,0.387801,0.06250219,0.060748074,0.091835186,0.0028057199,0.07760991,0.10710872
102,0.20676298,0.5385607,0.061851233,0.04147183,0.088548034,0.001053503,0.04453674,0.017214987
103,0.20263533,0.5229764,0.07707376,0.041059688,0.09558205,0.0010671173,0.04445791,0.015147753
104,0.18537611,0.55419767,0.08204816,0.03750199,0.07657225,0.001190925,0.046999868,0.016113041
105,0.18534338,0.5542911,0.08205314,0.037504714,0.076500766,0.0011907356,0.047000214,0.01611601
106,0.15551801,0.48718056,0.1030479,0.08082214,0.08306449,0.00363877,0.07459279,0.012135395
107,0.13531642,0.49830967,0.10702333,0.09408381,0.07170926,0.005382736,0.078117594,0.010057209
108,0.1124209,0.4751958,0.12304975,0.13102098,0.062383436,0.008437581,0.07835867,0.009132902
109,0.14164539,0.46162805,0.1072809,0.14045455,0.021491027,0.036020488,0.08534774,0.006131869
110,0.081968985,0.8792216,0.005242053,0.012750415,0.0069196457,0.0032237656,0.010570163,0.00010333837
111,0.19088982,0.47404474,0.103696,0.11715634,0.058786433,0.0067324233,0.045524787,0.0031693997
112,0.20674025,0.38344556,0.17962387,0.06062423,0.01965609,0.03619475,0.10303041,0.010684874
113,0.19954617,0.31379154,0.21714155,0.07002569,0.023978932,0.03530896,0.12398046,0.01622669
114,0.15978143,0.57294244,0.0812257,0.047889415,0.053065285,0.005895964,0.06492381,0.014275966
115,0.19555275,0.5497277,0.05682658,0.053658836,0.06157034,0.00224199,0.061712254,0.018709531
116,0.22283733,0.51278305,0.052762114,0.05959712,0.067232706,0.0018160241,0.058803175,0.0241685
117,0.20698455,0.29314375,0.11357018,0.059900865,0.10601239,0.001949163,0.11196446,0.106474675
118,0.16825017,0.049542848,0.28829294,0.0427436,0.31124586,0.0013133386,0.08148442,0.057126828
119,0.1704015,0.048260316,0.28629407,0.04385019,0.30888647,0.0013987034,0.08253387,0.05837485
120,0.16967528,0.04875643,0.29374927,0.046741925,0.2957564,0.0014198535,0.087111734,0.056789167
121,0.18364531,0.061575197,0.30212882,0.07119141,0.20067275,0.0012204216,0.11787316,0.061692905
122,0.18951392,0.071173534,0.28896815,0.07377625,0.19380306,0.0012057119,0.11973479,0.06182451
123,0.21397315,0.24149486,0.168319,0.07561111,0.16489983,0.0012890127,0.090727836,0.04368519
124,0.1687777,0.4525112,0.12158639,0.0454052,0.13378398,0.000910307,0.05976967,0.017255615
125,0.16764024,0.46792936,0.114822775,0.044430397,0.12817618,0.0008525492,0.05907499,0.01707355
126,0.14598773,0.624827,0.06435823,0.031011337,0.054468673,0.0005066777,0.056858867,0.02198146
127,0.17462142,0.5439127,0.07590288,0.058747474,0.07659633,0.0014328791,0.055806313,0.012979987
128,0.16063507,0.49918094,0.09696017,0.07394514,0.07950809,0.0032015515,0.07500124,0.011567728
129,0.11038148,0.46778125,0.12535414,0.14021482,0.061446957,0.008993025,0.0766928,0.00913549
130,0.14749064,0.35071814,0.17844965,0.13987456,0.03644533,0.028124813,0.1079295,0.010967357
131,0.113596156,0.8357952,0.010635006,0.01422467,0.0071974387,0.004346882,0.014084556,0.0001201297
132,0.10461246,0.8602556,6.092375e-05,0.0051440494,0.011796242,0.0009463407,0.017168123,1.6321665e-05
133,0.23898469,0.6173764,0.011932555,0.034115333,0.04840945,0.00088468264,0.04675348,0.0015435291
134,0.23894933,0.6165484,0.012061816,0.03431213,0.048672814,0.0008985008,0.046986036,0.0015709312
135,0.1721097,0.5873857,0.09864629,0.027183484,0.014790886,0.02445101,0.069810584,0.0056223697
136,0.1766473,0.55443466,0.11134995,0.031104757,0.01592988,0.026343865,0.07755895,0.0066306237
137,0.16190636,0.56421083,0.087667346,0.04513033,0.049292848,0.0059257858,0.072052486,0.013814056
138,0.1562088,0.57037497,0.08353347,0.04994678,0.05206296,0.005067193,0.06613746,0.01666833
139,0.15586512,0.1724115,0.23053573,0.1029876,0.15558268,0.0021257172,0.113913454,0.06657822
140,0.15445833,0.042643145,0.21892299,0.062985614,0.29638144,0.0031475076,0.09666287,0.12479815
141,0.101974525,0.032721534,0.34391654,0.054882072,0.34679335,0.0010698914,0.06900049,0.049641643
142,0.17647904,0.036173575,0.2740884,0.065457284,0.26499498,0.0029156609,0.09426108,0.08562996
143,0.17345354,0.03562193,0.27718398,0.064508565,0.27582914,0.002700774,0.09353924,0.077162825
144,0.17598581,0.044243533,0.31056497,0.06690253,0.22718467,0.0017992703,0.10757924,0.06574
145,0.19900858,0.08418707,0.22611469,0.06479792,0.24535862,0.0015092696,0.11406873,0.06495512
146,0.20207891,0.15520982,0.19624338,0.06914834,0.21675788,0.0019410433,0.09934778,0.059272908
147,0.17261936,0.43811628,0.12266184,0.046407796,0.14276278,0.0010769175,0.05874114,0.0176139
148,0.1571605,0.5788043,0.07300701,0.03629671,0.08453194,0.00072827627,0.052558865,0.016912363
149,0.1836201,0.6009455,0.06598557,0.03606188,0.058409136,0.00083312346,0.0415006,0.012644123
150,0.18556961,0.6024877,0.06525013,0.03607518,0.056615263,0.00084362953,0.04076391,0.012394547
151,0.18760404,0.60089487,0.06538164,0.03637924,0.05636339,0.0008584219,0.040297154,0.012221359
152,0.17130779,0.6361872,0.07520003,0.028359728,0.021731567,0.0024676982,0.06011259,0.0046334127
153,0.16014165,0.5313378,0.11331373,0.063206054,0.04128732,0.009903844,0.07628181,0.0045277365
154,0.124841794,0.7971624,0.0076384232,0.009917792,0.0028065762,0.0025902458,0.054905076,0.00013765536
155,0.1001126,0.83348423,0.0052391663,0.014022248,0.0036964938,0.020979553,0.022417504,4.8249472e-05
156,0.14590903,0.7500116,0.0062460913,0.07706034,0.009346763,0.0053708153,0.005905099,0.00015030528
157,0.14583565,0.74977195,0.0061837975,0.07732655,0.0094650565,0.005355027,0.0059105223,0.00015149744
158,0.20332722,0.51777875,0.054152764,0.09047777,0.10035235,0.0026800435,0.025331097,0.0059000175
159,0.21886235,0.57874274,0.048471443,0.057626534,0.05669647,0.003485949,0.033855617,0.0022589285
160,0.23898993,0.6166208,0.01203152,0.034281757,0.048695114,0.0008944657,0.046919256,0.0015671931
161,0.23898052,0.6159839,0.012125647,0.034427833,0.048933517,0.0009037868,0.047056843,0.0015879901
162,0.23897411,0.61656904,0.012088999,0.034304596,0.048660226,0.00090256473,0.046926945,0.0015735773
163,0.18600489,0.57000184,0.08952158,0.031722598,0.023126973,0.017231394,0.07525345,0.007137244
164,0.18962447,0.5208667,0.10234435,0.040023364,0.028995128,0.019665185,0.08871445,0.0097664045
165,0.16874997,0.6178181,0.07993755,0.025650635,0.017776694,0.019655872,0.0645486,0.005862516
166,0.15574582,0.50825053,0.100186855,0.060292337,0.07000636,0.0049584266,0.07917107,0.02138856
167,0.14988211,0.04439281,0.27094972,0.062408604,0.28015026,0.0020957626,0.11384428,0.07627643
168,0.108426765,0.029567663,0.31830138,0.05458931,0.35131618,0.0016281009,0.07536029,0.060810287
169,0.09268996,0.031421605,0.36670652,0.050398946,0.3476438,0.0011241945,0.06666351,0.043351483
170,0.16659394,0.03670481,0.286743,0.058959376,0.26900932,0.0032657336,0.095943004,0.08278086
171,0.17416362,0.03566439,0.27649987,0.06482699,0.26951593,0.0028467427,0.09548334,0.08099912
172,0.12806079,0.032771986,0.3206727,0.0595849,0.30885318,0.0017357265,0.097609125,0.050711583
173,0.19254273,0.06599583,0.22808078,0.061108083,0.27789128,0.0018559532,0.10777623,0.06474909
174,0.19800913,0.15908629,0.19865362,0.06864887,0.22118554,0.0020517693,0.09633981,0.056024976
175,0.17261949,0.43811524,0.12266221,0.04640785,0.14276293,0.0010769223,0.05874139,0.017613932
176,0.1532917,0.5993552,0.06965285,0.033631995,0.07233633,0.00071210065,0.05359668,0.017423173
177,0.1864812,0.6002933,0.06568882,0.03633286,0.0572888,0.00085225276,0.040701203,0.012361574
178,0.18377377,0.6038728,0.06512898,0.03582254,0.056833517,0.0008321323,0.04118691,0.012549339
179,0.187605,0.60090435,0.06537851,0.036377374,0.05636136,0.00085819094,0.040293757,0.012221626
180,0.19277607,0.6324038,0.08018776,0.018034374,0.01136231,0.0038676742,0.058258347,0.0031096775
181,0.14779131,0.62107444,0.09973476,0.03894511,0.021587687,0.006217537,0.060929127,0.0037199901
182,0.12623495,0.7932239,0.007958162,0.007900487,0.0021990647,0.0018949024,0.06047394,0.000114615286
183,0.10659185,0.8424628,0.00085059024,0.0059272447,0.003789513,0.005264006,0.03507428,3.9674036e-05
184,0.10426604,0.8605973,5.9196234e-05,0.0050990367,0.011707335,0.0009228745,0.017331928,1.6280024e-05
185,0.09843335,0.84822196,0.00432293,0.013608397,0.0033697735,0.013970935,0.018029632,4.3121385e-05
186,0.14569385,0.74990714,0.0062004924,0.077388264,0.009399308,0.0053727636,0.0058877384,0.00015056069
187,0.14641291,0.74980694,0.006261465,0.07663881,0.00942338,0.005336781,0.0059677972,0.00015193812
188,0.1458458,0.749813,0.0062107057,0.07728169,0.009422906,0.005366088,0.0059085977,0.00015114083
189,0.1800236,0.47260547,0.1350488,0.09696498,0.043279637,0.010541115,0.058474753,0.003061639
190,0.19258791,0.4699218,0.11126987,0.113597,0.05225046,0.008754679,0.04853198,0.0030862147
191,0.19468747,0.57015747,0.026790863,0.08724056,0.0790576,0.0043133,0.03567989,0.0020728935
192,0.19963321,0.51477164,0.05845536,0.09565771,0.09491088,0.0031553314,0.027843986,0.0055718217
193,0.21338084,0.5501795,0.04764926,0.07352892,0.082053035,0.0027168617,0.026280016,0.0042116134
194,0.20719047,0.46632373,0.07880513,0.10810942,0.0567193,0.017465826,0.05645854,0.008927595
195,0.23914446,0.6168812,0.012014954,0.03414682,0.04855017,0.00089406467,0.04681055,0.0015578853
196,0.23854047,0.59931564,0.016620329,0.03444021,0.05709605,0.0013898353,0.04994847,0.0026490379
197,0.18871832,0.53957975,0.070087045,0.03921542,0.08678201,0.0020695582,0.057483077,0.016064916
198,0.18714331,0.55066705,0.06640936,0.0385872,0.07987053,0.0021169442,0.058032546,0.017173149
199,0.17078894,0.34184012,0.11452128,0.090651214,0.08590744,0.028256165,0.14057557,0.02745918
200,0.15918246,0.050864488,0.25411445,0.06915529,0.27262595,0.0024141776,0.114773944,0.07686922
201,0.15021232,0.04153586,0.26726228,0.070879415,0.2834225,0.0023483036,0.10845612,0.07588321
202,0.17102905,0.03484899,0.24902484,0.060179684,0.28981453,0.0031984625,0.09989665,0.09200781
203,0.18350774,0.03632869,0.25513345,0.059135363,0.27196577,0.0041002296,0.09502603,0.09480272
204,0.16483814,0.036575455,0.28952533,0.059102133,0.26652735,0.0036031867,0.09550671,0.08432173
205,0.1621552,0.037247527,0.29270166,0.058252174,0.265012,0.003506699,0.09624364,0.08488112
206,0.12751572,0.036451526,0.31297222,0.061285272,0.3094389,0.0017987093,0.09814611,0.05239153
207,0.19579533,0.063973635,0.21896957,0.061624024,0.27979025,0.0020768405,0.10648549,0.07128487
208,0.22120853,0.18593383,0.1973658,0.06441246,0.17538045,0.0021598262,0.105125785,0.048413318
209,0.17816146,0.46643662,0.10720632,0.042920254,0.12724262,0.0014621478,0.060012966,0.016557602
210,0.17948249,0.46105573,0.10669553,0.043398328,0.13173781,0.0014753389,0.059661265,0.016493453
211,0.14713505,0.63359916,0.060869675,0.030144729,0.05697387,0.0006907715,0.05241357,0.018173205
212,0.1876146,0.60093606,0.0653621,0.036362726,0.056338985,0.00085841934,0.040307693,0.012219453
213,0.18761306,0.60091627,0.06537542,0.036370665,0.056346912,0.000858406,0.040299527,0.01221974
214,0.17372029,0.5690544,0.08854469,0.05259835,0.04973542,0.0018838937,0.05657557,0.007887392
215,0.14754492,0.6162845,0.10069975,0.040892344,0.023000423,0.0063219997,0.061400507,0.0038555686
216,0.09747238,0.81668204,0.0047178213,0.005057128,0.0017533727,0.0010141796,0.07319724,0.00010589393
217,0.09681783,0.8172431,0.0046414025,0.005021325,0.0017538028,0.0010060044,0.07341051,0.00010603606
218,0.11045301,0.83785415,0.0009182862,0.0057841977,0.0037928636,0.005214787,0.03594131,4.1337746e-05
219,0.11039799,0.8377976,0.00091799715,0.0057700635,0.0037974264,0.0052244943,0.036053065,4.1445765e-05
220,0.104284406,0.8607239,6.087318e-05,0.0051755826,0.011575192,0.0009639434,0.017199727,1.6248256e-05
221,0.17448907,0.43757382,0.057872586,0.19912376,0.003260383,0.10066624,0.026596922,0.0004171905
222,0.1456902,0.74992,0.0061999806,0.07737992,0.009398841,0.005372578,0.005887831,0.00015054154
223,0.14584243,0.7497531,0.00618508,0.07733612,0.009465351,0.0053556776,0.005910673,0.00015152697
224,0.1457528,0.7496677,0.0061672074,0.0774978,0.009497074,0.005358448,0.005907159,0.00015181076
225,0.12821585,0.46184158,0.18411389,0.0702202,0.031088091,0.015039805,0.10505646,0.0044241985
226,0.18184453,0.46737522,0.13301733,0.10212689,0.041331764,0.01253427,0.058681935,0.003087983
227,0.2050778,0.64089656,0.02583415,0.047467846,0.020558082,0.011294698,0.047747288,0.0011235498
228,0.24334598,0.37039706,0.081284076,0.09053171,0.11348955,0.0041244174,0.08361484,0.013212364
229,0.24270765,0.339494,0.093229614,0.09557588,0.12587409,0.003941459,0.08341543,0.015761944
230,0.24937432,0.46906993,0.06541681,0.046590712,0.078241676,0.0031164724,0.07156943,0.016620623
231,0.1936449,0.49712887,0.08543984,0.042083178,0.10721767,0.0020818796,0.05823883,0.014164874
232,0.18891539,0.539062,0.070203,0.039196413,0.08710488,0.0020528855,0.057406418,0.016058957
233,0.19079095,0.5230857,0.075388186,0.040501077,0.09619324,0.0020495772,0.057100847,0.014890411
234,0.18699409,0.5504384,0.06651258,0.03853252,0.080414265,0.0020817982,0.057785545,0.017240921
235,0.1978741,0.08627624,0.17035939,0.113537334,0.14934987,0.016156193,0.18282853,0.08361832
236,0.13717018,0.03163702,0.28137285,0.065458186,0.3022742,0.002279247,0.10116221,0.07864607
237,0.1870093,0.034381744,0.23015638,0.06160549,0.2831718,0.00390041,0.0985727,0.10120223
238,0.21567433,0.030568594,0.20763077,0.06529263,0.27771688,0.005352958,0.0923063,0.10545753
239,0.212223,0.033706807,0.2170038,0.061394654,0.27089137,0.0052075298,0.09367207,0.10590082
240,0.16305837,0.036452454,0.26371625,0.059557084,0.27945545,0.0039275377,0.09852857,0.095304325
241,0.16128741,0.038965408,0.25327498,0.059512716,0.28813806,0.0038211655,0.10074728,0.09425301
242,0.17211732,0.038050417,0.28264198,0.065909885,0.2513418,0.0040175673,0.098194726,0.08772632
243,0.15474725,0.046735216,0.26790798,0.0630551,0.29851058,0.0018136222,0.10689825,0.060332056
244,0.21138749,0.50096774,0.08329892,0.03257681,0.08087241,0.0022494686,0.070231885,0.018415198
245,0.16617629,0.56606597,0.08838464,0.02570102,0.051044688,0.0017812357,0.08204872,0.01879744
246,0.17173053,0.5707492,0.08161178,0.024605943,0.050190974,0.0018925444,0.08159953,0.017619388
247,0.1616077,0.58939487,0.08083283,0.02268138,0.042609196,0.0018115153,0.083105445,0.01795699
248,0.18366392,0.6528846,0.036443394,0.014199683,0.025281923,0.001791864,0.07827557,0.007459024
249,0.17534265,0.5781003,0.079108715,0.049868844,0.05252103,0.0016631823,0.053215533,0.010179752
250,0.17142513,0.57538956,0.08880843,0.051197946,0.046829224,0.0020453518,0.05681884,0.007485506
251,0.14677083,0.61824274,0.10079001,0.040549196,0.022392781,0.0062911743,0.061087154,0.0038760446
252,0.09703245,0.817246,0.0046279863,0.0051408866,0.0017974098,0.0010477797,0.0730011,0.00010637422
253,0.1461751,0.79150814,0.0018649705,0.0051370207,0.003816239,0.0050389,0.046398252,6.140172e-05
254,0.16197145,0.6905164,0.03760906,0.044733144,0.022823732,0.011121887,0.026304867,0.0049193227
255,0.17516072,0.64951247,0.03879173,0.04601948,0.024913378,0.025158392,0.037299726,0.0031441336
256,0.1756214,0.6497661,0.03841576,0.045810636,0.024824843,0.024927177,0.037518255,0.0031158475
257,0.17554766,0.64998347,0.038232043,0.045806613,0.024735127,0.024843998,0.03775044,0.0031006897
258,0.093263276,0.50782394,0.0021944628,0.0850597,0.0047971555,0.0011643525,0.30544275,0.0002543619
259,0.25533396,0.48287067,0.10713506,0.08987889,0.0070596286,0.04446453,0.012525188,0.00073206244
260,0.27407134,0.59837997,0.0144588165,0.049164474,0.03863244,0.0016461614,0.022891948,0.0007548993
261,0.2494371,0.49402604,0.05985844,0.09327119,0.04336558,0.034021776,0.021590954,0.0044289944
262,0.15997376,0.57205707,0.034064878,0.14286612,0.038299248,0.024474697,0.026211932,0.002052295
263,0.1733679,0.60784656,0.030801557,0.06166034,0.062396664,0.004279159,0.055603787,0.004044018
264,0.15156244,0.50646573,0.08311703,0.095102616,0.08149091,0.0026280275,0.068005376,0.011627792
265,0.1502295,0.5089932,0.08285905,0.09524112,0.080711156,0.0026182032,0.067767754,0.011580036
266,0.1909172,0.5169963,0.06530853,0.06699487,0.07838703,0.0017661772,0.06454892,0.015081049
267,0.19968599,0.5388791,0.071860045,0.035219472,0.07564113,0.0018070977,0.062108684,0.014798467
268,0.19368555,0.49708167,0.085485265,0.041998662,0.10720031,0.0020749276,0.058290783,0.0141828535
269,0.18683292,0.55070573,0.06651946,0.038398594,0.08058307,0.002056732,0.057630282,0.017273147
270,0.18681951,0.5507077,0.06651951,0.03840102,0.080589645,0.0020564236,0.05763125,0.01727492
271,0.20272239,0.1677487,0.13443738,0.112354994,0.13627501,0.011540777,0.13182037,0.10310038
272,0.15250434,0.02572043,0.24159952,0.087838314,0.2970674,0.0035632865,0.094633445,0.0970733
273,0.21742152,0.030787738,0.2024714,0.066678226,0.27430993,0.00549482,0.09293298,0.10990342
274,0.21688326,0.031653523,0.20544486,0.06464885,0.27551186,0.0053873067,0.09225513,0.10821518
275,0.19337572,0.033626165,0.21248099,0.06579882,0.2907983,0.005630388,0.094855644,0.103433914
276,0.16448644,0.038528726,0.23761348,0.060149007,0.2964617,0.0041008964,0.10210249,0.09655729
277,0.16398613,0.037756365,0.23766857,0.060312286,0.2950125,0.0041824053,0.10200543,0.09907633
278,0.16059041,0.04295115,0.23913954,0.060065962,0.29746735,0.0037384997,0.103726804,0.09232027
279,0.1656971,0.079237625,0.2129852,0.068422586,0.30578232,0.0013760364,0.10410481,0.062394347
280,0.17603828,0.33687925,0.16400947,0.052976158,0.13560039,0.00094154995,0.090933524,0.04262132
281,0.21138729,0.5009661,0.08329928,0.03257725,0.080873005,0.0022495172,0.07023226,0.018415261
282,0.2113718,0.50085557,0.08330531,0.03263093,0.08089957,0.0022585443,0.07026555,0.018412765
283,0.14261155,0.28251812,0.20976889,0.08657442,0.04010355,0.09247941,0.11987371,0.026070366
284,0.14561442,0.30530965,0.19556944,0.09167572,0.043078322,0.0763706,0.11889366,0.023488222
285,0.15061879,0.4803036,0.11845827,0.08956789,0.052146886,0.010276865,0.08712997,0.011497787
286,0.14441611,0.38930172,0.18618774,0.11569894,0.060923647,0.022767285,0.066777125,0.013927496
287,0.14317822,0.37512743,0.19624355,0.12081742,0.06294229,0.021588823,0.065401725,0.0147005245
288,0.095810704,0.81786567,0.0045443494,0.004976097,0.0017541572,0.0009900718,0.0739527,0.000106203195
289,0.12181601,0.7356195,0.0037880794,0.004366103,0.0022286784,0.011153284,0.12089451,0.00013385352
290,0.13922866,0.8079292,0.001673741,0.023196608,0.004460022,0.0032459295,0.020238237,2.7638076e-05
291,0.16704437,0.6778998,0.035529632,0.04967013,0.025565764,0.008916977,0.03048772,0.00488566
292,0.1751644,0.64950675,0.038786996,0.046028562,0.024917008,0.025145976,0.037305728,0.0031444556
293,0.21470784,0.5604122,0.047034346,0.0659136,0.040044706,0.020212214,0.04690346,0.0047716587
294,0.1992696,0.59103215,0.045701772,0.05967365,0.033814285,0.023523083,0.042786002,0.004199568
295,0.22879657,0.61857975,0.0026176537,0.03322666,0.018660646,0.0022728583,0.09546029,0.00038556496
296,0.109995775,0.74722874,0.03559649,0.00653208,0.0014712843,0.078162216,0.020879027,0.00013435725
297,0.31338647,0.54029053,0.007560815,0.051168006,0.027191965,0.011782316,0.047768764,0.00085107476
298,0.2187715,0.5055492,0.04626959,0.08827684,0.08175597,0.0068242033,0.044189632,0.00836298
299,0.18876003,0.5291512,0.06034376,0.060776066,0.029259063,0.012230975,0.110201575,0.009277415
300,0.17921412,0.5978264,0.03684485,0.055096403,0.051495492,0.004666583,0.06967115,0.005184994
301,0.14983074,0.5006885,0.08504073,0.09959765,0.08321317,0.002635932,0.06681471,0.012178527
302,0.19237168,0.5277444,0.060388125,0.06583605,0.07854293,0.0021474513,0.060475618,0.012493781
303,0.15797912,0.5055718,0.080755614,0.08990089,0.08275605,0.0020878576,0.06702572,0.013922973
304,0.23925306,0.5862636,0.041369997,0.01248014,0.015989134,0.0014312472,0.08734252,0.015870258
305,0.22539718,0.42133865,0.09453906,0.0443713,0.11321539,0.0024898895,0.073585056,0.025063567
306,0.17322688,0.42784008,0.10753426,0.05098731,0.13915923,0.0013111667,0.07504359,0.024897523
307,0.17293324,0.4282928,0.10745219,0.05087163,0.13927428,0.0013107898,0.07506331,0.024801776
308,0.18898691,0.14850716,0.13920417,0.10414029,0.22824411,0.0041720276,0.08731888,0.09942646
309,0.117729776,0.028926324,0.21871373,0.06801854,0.38490805,0.0019776989,0.07327135,0.106454544
310,0.13638428,0.030106792,0.23009285,0.07767435,0.36966124,0.003161064,0.07005763,0.08286181
311,0.20606208,0.03217095,0.20041235,0.07076323,0.2923795,0.0066932933,0.092503816,0.099014744
312,0.17202587,0.036914617,0.22197194,0.06799274,0.3052769,0.0048390124,0.09818329,0.09279567
313,0.1644193,0.039025523,0.22827864,0.06546435,0.30539596,0.0042596613,0.09992922,0.09322735
314,0.16002436,0.040689904,0.23303095,0.063407496,0.30328444,0.0038616708,0.10202577,0.0936754
315,0.1589844,0.042863842,0.23083965,0.06418927,0.30868632,0.0036181223,0.1019729,0.088845566
316,0.16712302,0.075793624,0.22353677,0.062147524,0.3017061,0.0016726633,0.10855838,0.059461866
317,0.18103024,0.35077584,0.15522131,0.048190963,0.1369005,0.0009598979,0.0869309,0.039990444
318,0.2038558,0.47518533,0.089089625,0.043719675,0.103897005,0.002318503,0.06730558,0.014628485
319,0.20407517,0.47421727,0.08885636,0.044673905,0.10314447,0.0025339322,0.06793436,0.014564584
320,0.2027285,0.4762408,0.08814058,0.045146275,0.10352623,0.0025063436,0.06727452,0.014436718
321,0.14990863,0.5291735,0.10094342,0.07100471,0.07409622,0.0073405984,0.059225187,0.00830777
322,0.14953886,0.5293713,0.10125746,0.07125775,0.07358131,0.0075182817,0.05923856,0.008236505
323,0.14935404,0.5298672,0.10127199,0.0712782,0.073171124,0.0076229996,0.059250526,0.008183943
324,0.18008423,0.5781031,0.048702564,0.062868915,0.035213463,0.017995346,0.07348713,0.0035451776
325,0.095963314,0.81762403,0.0045504565,0.0049267765,0.0017444693,0.0009837892,0.07410109,0.00010605005
326,0.18112485,0.69095516,0.0090735005,0.02124306,0.0052658687,0.0044052075,0.08745618,0.0004761877
327,0.10888439,0.8214218,0.0029944014,0.008576947,0.0030506246,0.0046597226,0.050324157,8.8055946e-05
328,0.16413136,0.4227969,0.1386568,0.13026571,0.021945164,0.034770828,0.08232696,0.0051062736
329,0.16703145,0.6774973,0.035691157,0.049829274,0.025578482,0.008977349,0.030497922,0.0048970124
330,0.2670253,0.44756013,0.051423367,0.08681044,0.06626622,0.006010141,0.0685528,0.006351649
331,0.18976025,0.6145422,0.043180123,0.05395807,0.029725764,0.024835896,0.04025247,0.0037452616
332,0.20002536,0.59091914,0.045377973,0.059389148,0.03374178,0.023423132,0.042941935,0.004181542
333,0.27601242,0.54874617,0.0072646774,0.03362269,0.017755223,0.0033507135,0.112236775,0.0010113607
334,0.120317765,0.5289196,0.004155089,0.083261505,0.0058746263,0.0024259412,0.2546588,0.00038666185
335,0.27336103,0.3476791,0.0760343,0.08664151,0.028977495,0.104535244,0.07258984,0.010181438
336,0.22676323,0.46547326,0.058963813,0.084050365,0.094243646,0.006150831,0.05585737,0.008497514
337,0.19029124,0.524451,0.06172349,0.05666522,0.02767091,0.011849123,0.1176611,0.009687866
338,0.18064098,0.5261408,0.058063272,0.095886864,0.07479569,0.006741611,0.04907944,0.00865132
339,0.15125659,0.51423997,0.080239676,0.09410574,0.07874354,0.002795166,0.06745586,0.011163477
340,0.14932649,0.5124948,0.08157066,0.09619638,0.08074998,0.00269088,0.06549329,0.0114774825
341,0.23908502,0.5866414,0.04128836,0.012434776,0.01589617,0.0014275543,0.08736536,0.015861489
342,0.23921299,0.5864565,0.04130388,0.012437212,0.015919395,0.0014281465,0.08737855,0.01586333
343,0.20459871,0.2354595,0.16349353,0.060336053,0.19337352,0.0024425047,0.08967453,0.050621733
344,0.20302598,0.18111488,0.18013595,0.059778508,0.22537172,0.002588152,0.09488594,0.053098805
345,0.20405206,0.20036606,0.17300157,0.057461217,0.21427825,0.0027342236,0.09338934,0.054717284
346,0.18377072,0.051209405,0.20795654,0.08443063,0.31383306,0.0029709518,0.09515615,0.060672525
347,0.15734798,0.034239274,0.22394876,0.08017619,0.3564048,0.0029808453,0.07768092,0.067221254
348,0.2138337,0.037878707,0.18967049,0.08486965,0.28575295,0.00878272,0.08563362,0.09357811
349,0.19244829,0.03339333,0.20335244,0.077072844,0.3031793,0.0070946575,0.0911989,0.092260264
350,0.1822953,0.03612119,0.21008897,0.074414656,0.3037558,0.005959546,0.095134735,0.09222981
351,0.16998504,0.0390559,0.22236104,0.06788529,0.3072664,0.004458243,0.09904795,0.08994012
352,0.16172889,0.0422537,0.22947584,0.065017246,0.30881,0.0035857484,0.10182171,0.08730682
353,0.16344397,0.059856556,0.20551428,0.07217295,0.31122637,0.003097658,0.10323283,0.08145542
354,0.20554566,0.25166887,0.108833104,0.08314642,0.20042716,0.0014247065,0.087698095,0.061256036
355,0.258612,0.46109715,0.085463345,0.022580178,0.060991816,0.004918489,0.07260452,0.033732425
356,0.20437156,0.47759303,0.088088535,0.043168597,0.102849975,0.0022967989,0.06714984,0.014481612
357,0.20404898,0.48213446,0.086475395,0.04277231,0.10130171,0.002242531,0.06665701,0.014367632
358,0.18674679,0.54722613,0.0637668,0.046120804,0.08283606,0.0019693587,0.056981605,0.0143525135
359,0.18225782,0.5560914,0.065705076,0.051822983,0.06780577,0.003701576,0.06049743,0.012117871
360,0.1518913,0.5245801,0.08333096,0.09249518,0.075199515,0.007809055,0.055567402,0.009126432
361,0.149282,0.5299796,0.10129887,0.07127293,0.07310749,0.007615528,0.059258975,0.008184563
362,0.18391526,0.5853908,0.040997155,0.06287162,0.037638627,0.016075114,0.06981482,0.003296533
363,0.21793325,0.66860104,0.014380229,0.0038240103,0.0021025594,0.002282137,0.09064125,0.00023560626
364,0.18826607,0.67265356,0.010374824,0.023216462,0.0056086355,0.004496835,0.09480634,0.0005772536
365,0.13808747,0.7639748,0.005045457,0.016657725,0.004829127,0.005193411,0.06595927,0.00025281633
366,0.1608584,0.7020442,0.02373305,0.029535417,0.0060737086,0.013706395,0.06333227,0.00071656343
367,0.20847146,0.3913845,0.098872066,0.07233375,0.011544574,0.13959762,0.07461604,0.0031800158
368,0.1995606,0.6183932,0.034073953,0.061275125,0.035438437,0.0029032002,0.044548605,0.0038068953
369,0.26836714,0.58895993,0.026129836,0.028813506,0.025036851,0.0041961297,0.0561878,0.0023088115
370,0.26832566,0.44884613,0.050670024,0.08566824,0.06537109,0.006017498,0.06881003,0.00629135
371,0.267815,0.448567,0.050899882,0.08596257,0.065669805,0.0060047014,0.06877786,0.0063031944
372,0.3359118,0.5086607,0.021470375,0.028396988,0.018964458,0.0063878796,0.07795442,0.0022534383
373,0.2738964,0.39194363,0.06689089,0.08392409,0.03692604,0.0582079,0.07837853,0.0098325
374,0.277932,0.44555828,0.048737653,0.08034143,0.058922447,0.00420106,0.07401632,0.0102909
375,0.277967,0.44397005,0.04767308,0.083477974,0.056777924,0.0052205464,0.074742414,0.010171021
376,0.19668841,0.51263183,0.06411675,0.05437475,0.030409398,0.010369349,0.121146075,0.01026339
377,0.18890181,0.52934957,0.062371705,0.07295569,0.048287388,0.008615338,0.07986714,0.009651411
378,0.18177475,0.5133847,0.05918011,0.109375656,0.085467465,0.005202373,0.036258552,0.009356383
379,0.17495131,0.6000521,0.049707,0.061894055,0.04564979,0.0016935427,0.04652651,0.01952568
380,0.27140597,0.3396114,0.08009707,0.058150414,0.15686698,0.00402775,0.06087345,0.028966978
381,0.27053887,0.33765084,0.08083718,0.058508843,0.15757263,0.0040389295,0.061566174,0.029286504
382,0.20099758,0.07718156,0.22400565,0.06507073,0.28384325,0.0020701454,0.099294394,0.047536656
383,0.19658178,0.0537532,0.23411207,0.06212475,0.29990366,0.0023498992,0.09796306,0.05321158
384,0.18718351,0.048473135,0.23561065,0.06479391,0.31306103,0.0022623155,0.0956973,0.05291819
385,0.17867456,0.041516818,0.2264794,0.0737897,0.3237531,0.0025031252,0.09366249,0.05962085
386,0.15389046,0.034148734,0.24447444,0.07978151,0.34497142,0.002478489,0.08497468,0.055280328
387,0.17175531,0.036023915,0.22772647,0.08753144,0.33014646,0.003745326,0.08565726,0.05741378
388,0.22318731,0.038334306,0.1896313,0.0877939,0.2877869,0.00844934,0.085766226,0.07905071
389,0.1935686,0.03990084,0.20113535,0.07792049,0.29077172,0.006593977,0.095796615,0.09431239
390,0.16800138,0.045357134,0.222208,0.06952521,0.30646655,0.0036800737,0.102142096,0.08261957
391,0.13606562,0.045032736,0.2508338,0.06675418,0.33678523,0.0023623598,0.09554817,0.06661797
392,0.1545642,0.06183682,0.22009955,0.06828007,0.3278447,0.0021899103,0.09965964,0.06552514
393,0.25594935,0.45631415,0.084800616,0.025519101,0.06708053,0.004638162,0.071067356,0.034630727
394,0.2014598,0.5471986,0.074832596,0.026220582,0.04771401,0.0024251544,0.07803527,0.022113957
395,0.16689293,0.6587471,0.03874487,0.020697149,0.02188255,0.0018323121,0.0768297,0.014373433
396,0.17590468,0.61632556,0.049835265,0.030820405,0.042092316,0.0020791166,0.06801591,0.014926762
397,0.18388774,0.5672756,0.05633668,0.053700082,0.05385275,0.0037969968,0.06564916,0.015501006
398,0.1652209,0.52353907,0.07256762,0.08276998,0.069521286,0.007397831,0.066897675,0.012085603
399,0.1526977,0.52660006,0.08462597,0.079614684,0.06502494,0.008216245,0.072450384,0.010770021
400,0.13447036,0.51665944,0.10155983,0.09645569,0.06845473,0.009658094,0.06395614,0.008785726
401,0.077587485,0.86973935,0.005224248,0.0060008354,0.0056564324,0.0015377057,0.034067184,0.00018674308
402,0.12930533,0.6704614,0.04794022,0.07040938,0.003098749,0.010221964,0.06779464,0.0007682559
403,0.18950838,0.6699028,0.010577959,0.023687264,0.005686947,0.004502284,0.09554178,0.0005925518
404,0.16129076,0.5789979,0.064610615,0.0743758,0.022892006,0.056822907,0.038081825,0.002928151
405,0.18377057,0.60880584,0.043344907,0.053878926,0.028944219,0.02536145,0.05239712,0.0034971002
406,0.19188072,0.6151557,0.04096146,0.04662655,0.029037645,0.019452585,0.05316415,0.0037211243
407,0.15571511,0.36759534,0.13717091,0.21233924,0.03226761,0.041131712,0.046541903,0.0072382255
408,0.27286476,0.5879803,0.026072405,0.025576754,0.023552045,0.0040591015,0.057683423,0.0022112988
409,0.26804954,0.460381,0.048754603,0.07386707,0.080885656,0.007370928,0.052370127,0.008321057
410,0.28954932,0.4875165,0.0376954,0.058182657,0.054982986,0.00740222,0.058704786,0.005966137
411,0.33193517,0.5091246,0.023136308,0.028878696,0.02068715,0.006435513,0.07730772,0.0024948667
412,0.27328315,0.4549018,0.048423123,0.07851348,0.057798848,0.0051602693,0.071864285,0.010055009
413,0.2739134,0.44525594,0.047782525,0.08393854,0.057427764,0.0075543583,0.07433017,0.009797284
414,0.27813512,0.44502103,0.048541464,0.08102338,0.058923274,0.004091639,0.07387945,0.010384737
415,0.24554437,0.43155122,0.07037157,0.06905263,0.08065943,0.008716288,0.08371415,0.0103903385
416,0.17663074,0.24515004,0.17489606,0.046094876,0.029950585,0.14267957,0.16108482,0.023513347
417,0.2637223,0.38973755,0.07455695,0.07175248,0.111955956,0.015785946,0.059065275,0.013423589
418,0.2849589,0.34123713,0.07629816,0.05970403,0.1715114,0.003988694,0.040734902,0.021566842
419,0.24047935,0.17692901,0.13563107,0.072163954,0.24047847,0.0031970677,0.08813146,0.04298961
420,0.18976471,0.045159746,0.25270316,0.06034158,0.3047126,0.001994185,0.09613421,0.049189795
421,0.17727081,0.039270323,0.2696402,0.058460813,0.3126094,0.0019373291,0.092113994,0.048697066
422,0.18660922,0.041485213,0.2536875,0.06076756,0.31074104,0.002255819,0.09322767,0.051225908
423,0.22096951,0.03918594,0.19509453,0.093120426,0.27512133,0.009937448,0.091007024,0.07556382
424,0.22074176,0.03907513,0.19488046,0.093318544,0.2752852,0.00998479,0.09092271,0.07579136
425,0.21963555,0.03876625,0.1953692,0.092891276,0.27733967,0.009749352,0.09061402,0.07563469
426,0.18117389,0.03855161,0.22382613,0.088569365,0.3173668,0.0044387216,0.08695224,0.059121255
427,0.20027499,0.041870136,0.20841597,0.08968875,0.29935727,0.0064541735,0.08581377,0.06812495
428,0.25413123,0.037031703,0.19746378,0.06406394,0.1727927,0.015685854,0.12544477,0.13338603
429,0.11079813,0.04145506,0.28613302,0.062100656,0.3572827,0.0017586545,0.08487931,0.05559248
430,0.18963432,0.05370246,0.22858077,0.05516014,0.2864711,0.002787609,0.11586948,0.06779415
431,0.18845786,0.054296535,0.22858886,0.055475425,0.28787965,0.0027458738,0.115473956,0.06708183
432,0.19192123,0.4436439,0.08964391,0.048628256,0.13649485,0.0014929243,0.061595306,0.026579628
433,0.18445864,0.44257948,0.09115843,0.048969302,0.1472377,0.0011554678,0.060777582,0.023663355
434,0.16702975,0.6563813,0.03957107,0.021283137,0.022968175,0.0018288115,0.07639528,0.014542454
435,0.16764982,0.6597033,0.037917823,0.020474372,0.02140921,0.0018074904,0.07694379,0.014094182
436,0.15746835,0.4312809,0.108180635,0.0955469,0.059141196,0.025041409,0.10313739,0.020203207
437,0.1182533,0.55445,0.14328447,0.086690985,0.022350376,0.018605065,0.050698023,0.0056677703
438,0.11535895,0.55926037,0.15145119,0.088189445,0.020239027,0.017116625,0.043520033,0.0048643854
439,0.112149976,0.4644853,0.14081314,0.13444054,0.05741409,0.016178487,0.06634924,0.008169243
440,0.06540551,0.89617157,0.0037712264,0.0037311546,0.003826047,0.00089838944,0.02608636,0.000109775654
441,0.1984585,0.57569057,0.06109129,0.044743236,0.0060246075,0.017915545,0.09472589,0.0013503259
442,0.12890565,0.6484944,0.055376176,0.07839785,0.002993749,0.012325215,0.07263958,0.00086735736
443,0.14313823,0.6336273,0.06907396,0.065725654,0.020796802,0.036613937,0.02821001,0.0028141043
444,0.16513526,0.5639018,0.06526064,0.07526972,0.022638176,0.06409305,0.04063597,0.0030654036
445,0.18722965,0.6174806,0.04226588,0.048517857,0.02857476,0.020691607,0.051547352,0.0036923413
446,0.17557962,0.60106367,0.04662667,0.061162937,0.028015535,0.0325107,0.051773436,0.0032674014
447,0.20828569,0.6361914,0.027973313,0.029284265,0.02777274,0.0068029044,0.06043627,0.0032533554
448,0.25038713,0.4363908,0.058806777,0.08660662,0.10298952,0.0070051444,0.04756427,0.010249756
449,0.21977125,0.41643143,0.08777799,0.07439554,0.1134929,0.005589821,0.06900155,0.013539563
450,0.2269385,0.42166933,0.07898333,0.07774506,0.1121837,0.0060052993,0.06371415,0.01276064
451,0.22559066,0.5042472,0.0687157,0.04799439,0.070714876,0.0035045606,0.06661535,0.012617194
452,0.25139526,0.49981067,0.05545756,0.049329426,0.07058287,0.005403411,0.058514595,0.009506196
453,0.27250916,0.45798665,0.050471544,0.073245496,0.06150834,0.0031795353,0.070580244,0.010519002
454,0.27681988,0.44798973,0.0495387,0.07746774,0.062488314,0.0030645523,0.07198423,0.010646822
455,0.24992491,0.4275404,0.06740356,0.06658118,0.07463703,0.008430296,0.09528471,0.010197846
456,0.2616671,0.4429076,0.063101575,0.032046568,0.037065193,0.026520299,0.13108216,0.0056094956
457,0.22032633,0.17787471,0.1479274,0.14401299,0.084790364,0.12072825,0.036248833,0.06809112
458,0.25672328,0.15258956,0.10727447,0.120537736,0.2131153,0.008588669,0.08501098,0.056159988
459,0.26703253,0.2406446,0.11412181,0.10224875,0.17630541,0.0050489902,0.06388531,0.030712657
460,0.19665256,0.0381639,0.23240545,0.0687331,0.29904872,0.004026378,0.088665105,0.072304785
461,0.1964135,0.038614463,0.23065422,0.069343366,0.29947755,0.0040906984,0.08800964,0.07339658
462,0.1346758,0.034565724,0.27551776,0.059601802,0.36270225,0.0013605054,0.07518814,0.056388017
463,0.22118878,0.03917873,0.19465162,0.0934957,0.27441835,0.010095902,0.091044314,0.07592669
464,0.21956621,0.038692355,0.19529273,0.09284678,0.27743918,0.009737521,0.09061867,0.07580653
465,0.22001927,0.038716715,0.1951955,0.09289981,0.27689263,0.0097723445,0.09067492,0.0758288
466,0.14995907,0.029833648,0.23438159,0.07669268,0.3553534,0.003416811,0.07750833,0.0728545
467,0.19671766,0.04278261,0.21411851,0.09004924,0.29872775,0.006044474,0.08695942,0.0646003
468,0.14619794,0.034394547,0.28301752,0.07115817,0.3115834,0.00323125,0.09166405,0.05875312
469,0.09944015,0.0402773,0.29474682,0.05918602,0.36941984,0.0013870659,0.08210602,0.05343677
470,0.1909713,0.05839259,0.22456001,0.056072026,0.28402883,0.0027154733,0.116908185,0.06635162
471,0.20028968,0.14346837,0.16067123,0.06181666,0.2625505,0.0023112814,0.10568817,0.06320409
472,0.17108195,0.40623906,0.1023797,0.052857175,0.17757869,0.0013027176,0.0649011,0.023659628
473,0.17076463,0.41353256,0.1003781,0.05237223,0.17534871,0.0012821881,0.06321155,0.023110058
474,0.22586238,0.51502794,0.045882903,0.067441046,0.07210132,0.008787705,0.055211067,0.00968554
475,0.22592069,0.5128672,0.046108548,0.06802851,0.072914176,0.009254908,0.055319034,0.009586906
476,0.2126913,0.4805724,0.058950983,0.07458963,0.082257,0.01458744,0.06498651,0.011364749
477,0.1169012,0.55717736,0.14704786,0.08717844,0.021140687,0.018108932,0.047188904,0.0052565583
478,0.119849525,0.54592353,0.13971771,0.08696397,0.024500478,0.020200381,0.056508705,0.0063357325
479,0.11428929,0.55845624,0.15384121,0.08854055,0.01985556,0.017291717,0.04295456,0.0047709104
480,0.063439876,0.90432686,0.0034889744,0.0029654035,0.0036755477,0.00070995773,0.021311034,8.238109e-05
481,0.13398702,0.8214404,0.0016865097,0.0087250965,0.009942835,0.012025668,0.012164626,2.780233e-05
482,0.21390067,0.3834266,0.1315301,0.077174075,0.038061645,0.114916414,0.03217476,0.008815734
483,0.14343373,0.6330116,0.06861828,0.066129126,0.02126105,0.035927907,0.028751211,0.0028671664
484,0.14343561,0.6330096,0.06859104,0.06613214,0.021235622,0.035945952,0.028784694,0.0028653236
485,0.18217346,0.60998225,0.04382044,0.05442502,0.028683526,0.025653502,0.051782947,0.0034788752
486,0.18762612,0.6124527,0.041537836,0.05088066,0.027804937,0.023419611,0.052877817,0.0034003512
487,0.22722809,0.66424954,0.015731134,0.022526115,0.016532287,0.0024528296,0.049744323,0.0015356839
488,0.20931724,0.40808204,0.1084766,0.06878395,0.10773037,0.0048226737,0.078091934,0.014695165
489,0.23445418,0.42662975,0.07145659,0.08097732,0.10993671,0.0063429317,0.058243666,0.011958843
490,0.2268377,0.42187515,0.078937165,0.07771142,0.11225432,0.005997724,0.063637406,0.012749182
491,0.22206795,0.44821066,0.08093126,0.06376239,0.09211611,0.003070953,0.07309347,0.016747225
492,0.22445694,0.57268476,0.05942649,0.026057107,0.03934063,0.0043870937,0.064614035,0.009032931
493,0.24680233,0.45636627,0.04631172,0.06954194,0.116945334,0.0056063603,0.044621,0.0138050355
494,0.2468786,0.456021,0.04640279,0.06968931,0.116952725,0.0056313714,0.044653647,0.013770609
495,0.28125882,0.3868539,0.07944371,0.047683578,0.13545558,0.0048657344,0.045045435,0.019393262
496,0.27893293,0.18990889,0.08404186,0.13172723,0.14622463,0.013167661,0.11668539,0.03931136
497,0.22574958,0.08081821,0.14119476,0.12304912,0.24326065,0.006235501,0.10128067,0.07841151
498,0.21120894,0.058604192,0.15323412,0.10507574,0.3013487,0.0034902631,0.0933034,0.073734626
499,0.11762814,0.02304266,0.2461368,0.08171785,0.3915894,0.0017442298,0.07336473,0.06477619
500,0.19189256,0.038652603,0.20991296,0.079573624,0.2811481,0.0059516192,0.086504556,0.10636401
501,0.1915864,0.03903267,0.20116146,0.0780781,0.29056028,0.0057744742,0.08585586,0.107950725
502,0.19254433,0.039567143,0.20395343,0.07820156,0.28979594,0.0056490907,0.08538321,0.10490534
503,0.16536236,0.031329863,0.19545896,0.06787642,0.35046157,0.0030684036,0.08310878,0.10333361
504,0.21997772,0.038647145,0.19513328,0.09288805,0.27695006,0.00978365,0.090660796,0.0759593
505,0.16583985,0.02772008,0.21935204,0.075489596,0.3444555,0.0038278657,0.080537364,0.08277764
506,0.18649429,0.02917068,0.2124038,0.07940791,0.32436943,0.004626967,0.08389977,0.07962714
507,0.20209467,0.03410994,0.1940432,0.083635636,0.30114377,0.0058486355,0.08928452,0.08983965
508,0.21081294,0.028325547,0.22542018,0.071677506,0.2572185,0.004816634,0.08746083,0.114267856
509,0.13540809,0.040829398,0.3118114,0.06287838,0.28659692,0.0010019146,0.0973797,0.06409418
510,0.19347708,0.062857844,0.22052433,0.05709786,0.2798252,0.0026225706,0.11813574,0.06545933
511,0.18920788,0.3460798,0.12327694,0.052222565,0.17758283,0.0023258117,0.079872176,0.029431956
512,0.15458885,0.6155392,0.06907127,0.02919613,0.05491923,0.00065081875,0.05827274,0.017761841
513,0.15469785,0.6198139,0.06846782,0.027475774,0.048071325,0.00070444617,0.062141903,0.01862696
514,0.2203681,0.42044055,0.06557777,0.0940981,0.08997711,0.011277374,0.08505468,0.013206361
515,0.21828733,0.39953727,0.07012974,0.10043198,0.09317109,0.012949413,0.09222014,0.013272953
516,0.21419577,0.49846122,0.053243153,0.071174696,0.07880606,0.012688692,0.060926735,0.010503604
517,0.14221759,0.42986774,0.11498946,0.105600655,0.054516762,0.029136771,0.10471324,0.018957797
518,0.114453174,0.55887353,0.1538637,0.08835398,0.019738829,0.017279636,0.04268646,0.004750631
519,0.11445317,0.55887413,0.1538635,0.08835374,0.019738792,0.017279644,0.042686373,0.004750619
520,0.0634786,0.9043048,0.0035287917,0.0029859256,0.0037467666,0.0007165731,0.021154564,8.403365e-05
521,0.0937124,0.8268168,0.0022541056,0.0032205433,0.0027034665,0.0071443277,0.064044975,0.00010331291
522,0.107116126,0.58428985,0.10110908,0.07213446,0.007056555,0.019875253,0.101262,0.0071566505
523,0.13085501,0.69394064,0.02731643,0.08264468,0.029224098,0.0033251424,0.028874652,0.0038193855
524,0.15819426,0.5500018,0.058206573,0.091563694,0.06506368,0.014809304,0.054024354,0.008136326
525,0.15374143,0.6083051,0.050731078,0.080206566,0.045358427,0.010282981,0.044746745,0.006627613
526,0.1644169,0.51177603,0.066736296,0.09932682,0.062321387,0.021823594,0.06524264,0.008356268
527,0.18620795,0.52939314,0.012879354,0.07739195,0.012482435,0.013737148,0.16592515,0.0019829085
528,0.22884579,0.5062671,0.05104462,0.06151235,0.09097908,0.0019847,0.04766622,0.011700163
529,0.22844198,0.50621986,0.05128655,0.06141971,0.091329396,0.0019703854,0.04759567,0.011736519
530,0.2132057,0.41964784,0.09868387,0.0662526,0.108537555,0.004609365,0.07436276,0.014700352
531,0.21315968,0.41897145,0.09903687,0.06632263,0.10880125,0.0046036597,0.07435313,0.01475138
532,0.19733848,0.4908199,0.051217318,0.060521908,0.1327608,0.0018438974,0.047774374,0.017723363
533,0.2938161,0.49679247,0.04786258,0.032698803,0.049936477,0.002311908,0.06367498,0.012906737
534,0.2544212,0.47261667,0.077497944,0.02951346,0.09903954,0.0014665722,0.05092067,0.014523885
535,0.2436905,0.2683725,0.11220822,0.06988589,0.19597292,0.0049570943,0.068081796,0.036831036
536,0.24522777,0.26934436,0.11078482,0.07282052,0.191071,0.0057686134,0.06921581,0.03576715
537,0.20985334,0.041819286,0.1412599,0.16421174,0.22296059,0.016303964,0.08846324,0.11512797
538,0.20349388,0.039980963,0.14723991,0.14084165,0.26443225,0.009061212,0.084880255,0.110069856
539,0.19492397,0.04000053,0.16876237,0.10777114,0.30430126,0.0039523286,0.09480311,0.08548529
540,0.13192333,0.027548643,0.23652297,0.08351181,0.37103063,0.0017153452,0.08199339,0.0657539
541,0.19149068,0.03849866,0.20981584,0.07960914,0.28216872,0.0059079193,0.0863681,0.106140986
542,0.1935585,0.039949577,0.20562215,0.0781961,0.288903,0.0055721607,0.085016616,0.103181854
543,0.19237888,0.03933689,0.20606558,0.07869892,0.28697225,0.0057529197,0.08577184,0.10502274
544,0.19563445,0.045197602,0.17426337,0.072522774,0.34745649,0.0036498792,0.06967751,0.09159792
545,0.18087816,0.028266665,0.21560338,0.07741949,0.3313082,0.004246508,0.082718275,0.079559304
546,0.18449105,0.028107516,0.21013673,0.077769205,0.32707784,0.0044213324,0.08403181,0.083964534
547,0.18554601,0.028071336,0.21191002,0.078410655,0.3265703,0.004493342,0.083685055,0.081313305
548,0.20575242,0.026873931,0.17230526,0.07927279,0.29521427,0.0053702486,0.09378854,0.12142262
549,0.19087495,0.03471423,0.19064467,0.076667815,0.27510884,0.005114616,0.09733032,0.12954454
550,0.13510334,0.04081856,0.31294897,0.06286502,0.28568724,0.0009889482,0.09730282,0.064285114
551,0.20189404,0.1553012,0.18153135,0.07538934,0.2181279,0.0015424513,0.11512027,0.051093515
552,0.19133621,0.3960083,0.11036529,0.048584707,0.15576744,0.0023516328,0.07066993,0.024916522
553,0.1573781,0.597321,0.07199476,0.032293867,0.063949764,0.000730699,0.05868142,0.017650463
554,0.18236281,0.51240176,0.06434022,0.055384394,0.11152869,0.0027649913,0.058935475,0.012281738
555,0.2154088,0.4287243,0.06556713,0.09101423,0.09374002,0.010093865,0.08243,0.013021577
556,0.21571565,0.45734438,0.060328227,0.083205156,0.085685745,0.009062018,0.07591725,0.012741653
557,0.21420673,0.3275127,0.0906791,0.127278,0.09507191,0.025662221,0.10614084,0.013448465
558,0.11981167,0.5890047,0.07550543,0.0810696,0.032038637,0.013861922,0.07736642,0.011341543
559,0.115947664,0.3333089,0.21128687,0.18453632,0.04607183,0.043063615,0.05579464,0.009990156
560,0.14052376,0.78363854,0.008114943,0.00822752,0.009945022,0.0016669717,0.047679797,0.00020341754
561,0.109372854,0.7405541,0.032325745,0.014784548,0.006162336,0.019599382,0.07614762,0.0010533936
562,0.10980758,0.73777324,0.032817803,0.01494721,0.0062558614,0.020164872,0.07714947,0.0010840485
563,0.18711673,0.4178614,0.13772154,0.12733543,0.045826975,0.0400369,0.037706103,0.0063949665
564,0.09824074,0.7434797,0.014956782,0.07622161,0.023706773,0.02180568,0.02082229,0.00076641445
565,0.15103717,0.43047974,0.12216417,0.11597489,0.068829246,0.006360794,0.08534613,0.019807879
566,0.15127005,0.4307234,0.12137782,0.115938194,0.06911777,0.006453317,0.08532848,0.019790998
567,0.29244944,0.27402413,0.073405325,0.07632415,0.017656645,0.06818999,0.1863559,0.011594289
568,0.29978374,0.17027384,0.0710227,0.06460881,0.007558964,0.12875417,0.24791743,0.010080394
569,0.22749504,0.5004315,0.053827718,0.06283012,0.09400663,0.0019101404,0.047108956,0.012389906
570,0.22652996,0.5007126,0.053803314,0.06265831,0.09461683,0.001920213,0.047409315,0.012349496
571,0.22986352,0.49759808,0.054127287,0.06072527,0.09563291,0.0021837698,0.04791244,0.011956732
572,0.27300832,0.47604194,0.05594679,0.04108448,0.088122666,0.004132097,0.050921317,0.010742358
573,0.28901243,0.4734199,0.052898802,0.037965998,0.08010873,0.004813611,0.051374447,0.01040614
574,0.2198297,0.335541,0.11131699,0.07434606,0.15914512,0.0021438967,0.072980836,0.02469636
575,0.21793306,0.08739886,0.18061307,0.09509942,0.24838997,0.0032709872,0.12365876,0.043635897
576,0.18348649,0.039333288,0.22151598,0.09162787,0.30184656,0.0047587347,0.108463995,0.048966985
577,0.18526521,0.03920895,0.21918404,0.092934765,0.3005142,0.005083245,0.107881606,0.049928013
578,0.17964937,0.02967598,0.17819074,0.15022527,0.2506186,0.014646866,0.08201385,0.11497926
579,0.19346708,0.030289175,0.15344152,0.15998344,0.23074749,0.014715435,0.08465275,0.1327031
580,0.18113182,0.03215549,0.17397442,0.1344653,0.2814293,0.007989489,0.082923636,0.10593054
581,0.11411918,0.024322197,0.23351376,0.07819225,0.4006324,0.0022176488,0.06808141,0.07892116
582,0.124216594,0.0329169,0.20593907,0.07593301,0.3878858,0.002636233,0.07102268,0.09944974
583,0.17867038,0.03339793,0.20196143,0.0794304,0.2793931,0.00687486,0.090459585,0.12981224
584,0.19325617,0.04671993,0.17214018,0.069420844,0.35541236,0.0031213283,0.0666084,0.09332084
585,0.1924419,0.04667138,0.17106794,0.06942076,0.35721496,0.0031039529,0.06647169,0.09360736
586,0.20399512,0.03918662,0.2126269,0.09561346,0.28498927,0.007943693,0.07987114,0.07577376
587,0.19890313,0.038085178,0.21823299,0.09439309,0.28432605,0.007624783,0.08129854,0.07713618
588,0.19548227,0.028059514,0.19442394,0.07783463,0.30529612,0.0050839237,0.09382516,0.09999443
589,0.12431278,0.0319069,0.3149433,0.06777326,0.32544464,0.003146555,0.082004815,0.050467733
590,0.12411388,0.03190777,0.31419125,0.06767049,0.32662526,0.0031283286,0.08188448,0.050478496
591,0.17887914,0.067112535,0.23110116,0.06872543,0.30165347,0.0018347369,0.10081749,0.049876053
592,0.17009595,0.058745433,0.27010724,0.072384834,0.25650087,0.0012013315,0.11251043,0.0584539
593,0.16648895,0.47355884,0.0935615,0.052562013,0.1326481,0.0015645057,0.06246929,0.017146802
594,0.1755529,0.4927097,0.068026185,0.058454208,0.13028198,0.0035733955,0.05615524,0.015246412
595,0.17447981,0.49163845,0.06883573,0.05844405,0.13197736,0.0035483309,0.055263333,0.015812969
596,0.18571895,0.4920829,0.06586901,0.06267729,0.1133324,0.0038710367,0.06418575,0.012262671
597,0.20662487,0.3613551,0.082727656,0.11369583,0.102129,0.017982243,0.10239016,0.0130952485
598,0.10936673,0.5956246,0.07986173,0.08195814,0.02773264,0.014629397,0.08004217,0.010784507
599,0.10919294,0.59629935,0.08014074,0.082063906,0.027734,0.015270315,0.078630894,0.010667914
600,0.099650115,0.7958,0.017485743,0.010292248,0.0041861576,0.009638138,0.0625896,0.00035810116
601,0.12488094,0.7447044,0.018377177,0.017491868,0.008332418,0.0056419224,0.079727076,0.0008442451
602,0.108137816,0.7491267,0.030450271,0.01413186,0.0058518667,0.017934624,0.07341183,0.00095505273
603,0.15714344,0.5811311,0.061349753,0.102114566,0.038938936,0.013332759,0.039761707,0.0062277517
604,0.157152,0.58109564,0.061352555,0.102136664,0.03894473,0.013328254,0.039760776,0.006229367
605,0.15717888,0.58101803,0.06136225,0.102135986,0.03896786,0.013324186,0.039778996,0.0062338547
606,0.18803014,0.49493665,0.07301108,0.09352007,0.06343658,0.0020946437,0.06528336,0.019687528
607,0.18399437,0.48569292,0.07759407,0.09604398,0.06520923,0.0024306725,0.06893657,0.020098193
608,0.3034358,0.35379195,0.10460335,0.039211366,0.007338027,0.061092578,0.12484005,0.005686903
609,0.2996618,0.16515106,0.07171304,0.063744724,0.0072883423,0.13124537,0.25096232,0.010233313
610,0.22758749,0.50003976,0.053883355,0.06292377,0.09407888,0.0019156182,0.04716242,0.012408643
611,0.22743556,0.5002991,0.053930033,0.06285096,0.0941141,0.0019044727,0.04705147,0.012414261
612,0.19094652,0.4749141,0.07145879,0.057854462,0.14526059,0.0016757563,0.04560167,0.01228814
613,0.28460753,0.47389865,0.053769037,0.038931273,0.08260459,0.004600435,0.051113576,0.010474959
614,0.2890141,0.47342077,0.052898124,0.0379656,0.08010763,0.0048136357,0.0513742,0.010405943
615,0.21812095,0.24687997,0.14303422,0.08811155,0.17994961,0.0025159204,0.09061861,0.030769218
616,0.2150231,0.07114817,0.18836913,0.09397905,0.26046175,0.0036567599,0.12326153,0.044100545
617,0.15988263,0.033918016,0.23344281,0.09147206,0.3281552,0.00440181,0.097066954,0.05166053
618,0.16848153,0.035096366,0.23391326,0.093083136,0.31239787,0.0055858544,0.09792958,0.053512458
619,0.12419281,0.026151218,0.2772631,0.104155965,0.30445397,0.0077344687,0.08360968,0.07243881
620,0.19692618,0.02448969,0.15031238,0.16610563,0.23543604,0.015270885,0.076218285,0.13524099
621,0.18996368,0.042913206,0.16499984,0.15483756,0.26926836,0.011820897,0.077719614,0.088476844
622,0.13109222,0.031952437,0.193238,0.07777896,0.3903237,0.0028912362,0.07190526,0.10081815
623,0.13543004,0.032289334,0.21717824,0.073719986,0.398479,0.002175872,0.06564839,0.07507915
624,0.13544151,0.032307778,0.21684176,0.07375057,0.3982692,0.0021886588,0.065747105,0.075453356
625,0.19075242,0.045230683,0.20843011,0.078362666,0.32617962,0.0037053504,0.076453015,0.07088616
626,0.19267637,0.05005336,0.21322827,0.08024926,0.30971876,0.003752369,0.08039658,0.069925115
627,0.16929883,0.04562543,0.22822149,0.07443122,0.31505838,0.0038680246,0.08630541,0.077191204
628,0.1609547,0.04388486,0.24373326,0.07255714,0.30947372,0.0035891337,0.08886378,0.076943435
629,0.123072304,0.030953206,0.31364113,0.067841105,0.3277375,0.0031465357,0.08146543,0.052142795
630,0.17890875,0.039901383,0.24725643,0.07677318,0.2573857,0.0061130202,0.110356234,0.0833053
631,0.17673302,0.03938438,0.25130028,0.076310776,0.26211506,0.0058272574,0.10926866,0.07906061
632,0.2374515,0.217741,0.1406866,0.068770744,0.18127972,0.0062062033,0.08531668,0.062547624
633,0.2595991,0.3125809,0.1000139,0.07433778,0.136814,0.006878333,0.078482635,0.03129329
634,0.17282592,0.48608914,0.07039712,0.059112906,0.13691705,0.0037012529,0.053477198,0.017479375
635,0.19756602,0.51137316,0.07132298,0.049677197,0.08692891,0.003866976,0.065102816,0.014161894
636,0.17591351,0.49157664,0.068207055,0.058978047,0.13001394,0.0036724592,0.056563478,0.01507489
637,0.18299526,0.50205785,0.06518187,0.059207685,0.115013726,0.0034991107,0.060337443,0.011707018
638,0.18447872,0.4934908,0.070643194,0.06422748,0.11111424,0.003438833,0.062046874,0.010559929
639,0.107557714,0.50605416,0.11120875,0.13630971,0.047298502,0.0069999737,0.07744635,0.0071249204
640,0.09733758,0.40117946,0.20857912,0.18751441,0.045759656,0.023594711,0.03082008,0.005215064
641,0.11204004,0.717938,0.03967528,0.010611886,0.0040825885,0.02065347,0.09440297,0.0005957182
642,0.12694098,0.6830216,0.042302944,0.013584418,0.005440722,0.017711086,0.11008061,0.0009176948
643,0.108951345,0.74312633,0.031913087,0.014646943,0.0060778945,0.019091465,0.07516696,0.0010260154
644,0.1440582,0.48616144,0.12663549,0.0842483,0.009497878,0.09192516,0.054756258,0.0027172607
645,0.1570965,0.5811591,0.06137555,0.102109484,0.03890222,0.013353542,0.039783422,0.0062201135
646,0.15814058,0.5849488,0.059621327,0.09954983,0.038315624,0.012792645,0.040390614,0.0062406715
647,0.15836288,0.5845578,0.059602257,0.09956941,0.03844741,0.012772617,0.04042427,0.0062634065
648,0.17942844,0.47801563,0.08236693,0.097423814,0.06606615,0.0029360433,0.07389917,0.019863836
649,0.20509881,0.465561,0.0662147,0.09571578,0.06061739,0.0043490296,0.08402578,0.018417502
650,0.15975644,0.2994196,0.09424881,0.08372633,0.05616884,0.026382647,0.25134474,0.028952617
651,0.16208746,0.29872087,0.09296154,0.083690435,0.054071963,0.02690277,0.25367564,0.027889285
652,0.21422997,0.5124405,0.05585961,0.057336915,0.0677567,0.0035242538,0.06675459,0.022097446
653,0.20746352,0.5322384,0.057244886,0.055411708,0.070243515,0.0023517215,0.05277126,0.022274999
654,0.22417341,0.43287522,0.081526496,0.05886754,0.1334577,0.0009921402,0.04988691,0.018220589
655,0.21911296,0.2547634,0.13648692,0.08653868,0.18220365,0.0025106557,0.0871928,0.031190926
656,0.21569397,0.24907288,0.14299402,0.08738441,0.18100643,0.0025286383,0.090714686,0.030604938
657,0.18479921,0.04819289,0.18616107,0.097101144,0.3108201,0.0017747395,0.120821536,0.050329342
658,0.15817642,0.03551587,0.20738822,0.09407948,0.352446,0.0024041007,0.10028527,0.049704645
659,0.18668692,0.03881996,0.21621914,0.08917704,0.30742013,0.0044096312,0.1084616,0.04880557
660,0.16375732,0.034078594,0.2383587,0.092228495,0.31533548,0.005411135,0.09685437,0.053975947
661,0.14970283,0.036540147,0.2182119,0.12832774,0.31383196,0.00797326,0.08613502,0.05927714
662,0.18810235,0.07419615,0.18615419,0.20104219,0.20761308,0.021739118,0.061175797,0.059977155
663,0.19274351,0.032146886,0.15685482,0.091970645,0.36925775,0.0039504985,0.078664646,0.074411206
664,0.16641836,0.033631116,0.18460137,0.08111953,0.38214058,0.0027934837,0.07620553,0.073090084
665,0.16285785,0.033613686,0.19552235,0.07895168,0.37783417,0.0029268754,0.07109148,0.07720187
666,0.17445496,0.03429108,0.18616723,0.08150733,0.36722627,0.00335851,0.07390972,0.07908495
667,0.13746907,0.03247575,0.2176781,0.07361814,0.3979583,0.002162791,0.065457486,0.07318033
668,0.15715632,0.038679175,0.20668116,0.07065689,0.3439034,0.0036065604,0.082626656,0.096689805
669,0.1609135,0.034495212,0.18649974,0.07486341,0.30591065,0.0057335,0.094967574,0.13661641
670,0.1615972,0.032690115,0.18240967,0.074899964,0.3015264,0.006185379,0.0959779,0.14471342
671,0.17954414,0.039686065,0.22942926,0.07717795,0.2547835,0.006824415,0.109940246,0.102614485
672,0.17002183,0.039082605,0.26237032,0.07473016,0.27442104,0.005126614,0.105593435,0.06865399
673,0.21848726,0.10546548,0.18284608,0.078683585,0.2210725,0.006702691,0.10499999,0.08174242
674,0.26120356,0.31577033,0.09770938,0.07216616,0.13612922,0.007062706,0.077790804,0.03216787
675,0.19192713,0.49400353,0.08711649,0.04599699,0.083587445,0.0009783073,0.07615109,0.020239027
676,0.19769622,0.5114343,0.071357474,0.049634617,0.086712815,0.0038649652,0.06511974,0.0141798
677,0.1972137,0.51088005,0.07142126,0.049837343,0.08762571,0.0038758575,0.06495052,0.014195532
678,0.19748424,0.51121104,0.07137383,0.049754776,0.087043904,0.003871473,0.065075785,0.014184946
679,0.14095105,0.49362347,0.078966975,0.11973366,0.07278698,0.0072073964,0.07690424,0.009826249
680,0.11689958,0.4919989,0.103581585,0.12399545,0.044578295,0.007895208,0.101420045,0.00963093
681,0.11910127,0.38721293,0.13930246,0.20916903,0.060503025,0.017748464,0.059576824,0.0073860544
682,0.14155503,0.6237001,0.0996331,0.01715737,0.0032337874,0.07511393,0.038679097,0.00092755165
683,0.1294343,0.69774014,0.03505001,0.014469546,0.0057174442,0.014272231,0.1024274,0.0008888827
684,0.09769198,0.840986,0.014652749,0.010950461,0.0041902834,0.003508253,0.027812075,0.00020825381
685,0.14965717,0.4234727,0.14905713,0.114911295,0.01024255,0.09932621,0.050275225,0.0030577735
686,0.13078289,0.6166073,0.070025645,0.09879394,0.018912535,0.012402966,0.047809742,0.004665038
687,0.1581934,0.5847254,0.05964507,0.09958688,0.03837034,0.012826782,0.04040905,0.006243103
688,0.15811796,0.5849774,0.05962686,0.09954912,0.03830657,0.012791581,0.040390953,0.006239625
689,0.1604124,0.6900043,0.007878389,0.023855401,0.028891284,0.00024643753,0.084766574,0.0039452394
690,0.22626194,0.42322016,0.06774824,0.10737385,0.06429452,0.024817294,0.07451361,0.011770463
691,0.21628183,0.39518276,0.08861797,0.111503646,0.054121047,0.044940997,0.07705396,0.012297786
692,0.21618441,0.39431122,0.08771152,0.11067966,0.054462913,0.044301476,0.079872176,0.012476616
693,0.1609273,0.30491278,0.09411507,0.08494913,0.05712013,0.025516216,0.24408522,0.02837415
694,0.20486057,0.5334584,0.05692657,0.056433238,0.06579262,0.0027522375,0.055703633,0.024072694
695,0.20455226,0.5438267,0.05635567,0.052802965,0.0742522,0.0016839807,0.044091344,0.022434931
696,0.19433229,0.1381233,0.17693222,0.097322345,0.2359749,0.001823567,0.11002679,0.04546456
697,0.15941012,0.03853624,0.23724365,0.074686006,0.3315882,0.0022034007,0.10843663,0.047895733
698,0.15046267,0.034947123,0.24385816,0.07790722,0.33917075,0.0024898956,0.10158577,0.049578417
699,0.14858037,0.029371986,0.22586049,0.10025836,0.33169487,0.0036535491,0.088576406,0.07200395
700,0.13844392,0.02578337,0.21292505,0.089663304,0.39019665,0.003370335,0.07918187,0.060435563
701,0.1320124,0.02622672,0.2507198,0.09943595,0.34017342,0.0059670033,0.07935618,0.06610856
702,0.189637,0.033873755,0.17419852,0.13328044,0.30156535,0.010325309,0.06697957,0.09014003
703,0.18946117,0.03348937,0.17446245,0.13160056,0.3025913,0.010195971,0.06678516,0.091414
704,0.17977464,0.031453658,0.1695378,0.08577494,0.3785595,0.0034765839,0.078074455,0.073348425
705,0.21428038,0.036501583,0.19277638,0.07588317,0.30836037,0.0053266315,0.08226049,0.08461093
706,0.16951422,0.034214344,0.19546941,0.07917771,0.37025294,0.003158581,0.0722452,0.07596763
707,0.1639355,0.034087837,0.20188741,0.078421235,0.3728068,0.003023836,0.07114791,0.074689455
708,0.18098615,0.034559622,0.18475436,0.08304262,0.3605321,0.0036496024,0.07460358,0.077872
709,0.10376058,0.04252533,0.22835839,0.079651915,0.38382164,0.0021811305,0.07421869,0.085482314
710,0.15953082,0.031085825,0.18641071,0.075445294,0.301572,0.006375318,0.09478204,0.14479795
711,0.22181003,0.03466003,0.19094715,0.061708935,0.29715607,0.004195567,0.108704954,0.08081729
712,0.22206225,0.03804292,0.18680166,0.06213137,0.30153844,0.0039739977,0.10863203,0.07681735
713,0.22130609,0.041308433,0.18510361,0.06259772,0.30325413,0.0038860608,0.108590364,0.073953584
714,0.21321501,0.103467554,0.16710107,0.061870437,0.29602346,0.0022086126,0.09978642,0.05632742
715,0.25890192,0.3132121,0.09872495,0.070456676,0.14001468,0.006704575,0.07816658,0.033818606
716,0.21831304,0.4012932,0.08620452,0.04924661,0.13811994,0.0020034858,0.07395287,0.03086637
717,0.19782819,0.5115943,0.07133525,0.049590725,0.08642544,0.00386189,0.06518919,0.014174964
718,0.19776657,0.5115406,0.071327016,0.049660318,0.0864533,0.0038655612,0.06521133,0.014175312
719,0.19464873,0.510956,0.071682364,0.051258538,0.0886203,0.0037520695,0.06510403,0.013977985
720,0.15974918,0.50495625,0.07627792,0.08075264,0.10073764,0.0025189815,0.0627066,0.012300787
721,0.12836981,0.40984803,0.10173777,0.17111805,0.06918606,0.010191947,0.098454945,0.011093464
722,0.097591296,0.22453623,0.26028106,0.29123354,0.047843598,0.029017312,0.04258798,0.0069089634
723,0.12319221,0.652495,0.05881328,0.012497247,0.0049279546,0.02739665,0.11972178,0.000955866
724,0.12387365,0.6516446,0.058875863,0.012554241,0.0048913723,0.027657416,0.11954134,0.00096149766
725,0.09712215,0.81196296,0.033599034,0.022020075,0.005603934,0.0035072025,0.025872726,0.00031189353
726,0.08064914,0.7014056,0.091186106,0.0524614,0.004733677,0.03795528,0.03087158,0.0007372391
727,0.13550253,0.5721263,0.083718844,0.11233364,0.017774006,0.023499297,0.050638694,0.0044066706
728,0.16058463,0.6924082,0.009295185,0.025404664,0.025802078,0.00041522156,0.08207055,0.00401951
729,0.15864596,0.69574016,0.008660167,0.024708789,0.026348045,0.00033644895,0.08161384,0.0039466294
730,0.22026972,0.65343285,0.0034886394,0.011091443,0.023862073,0.0010028952,0.085990325,0.0008620708
731,0.22264735,0.45007217,0.05592004,0.10493681,0.068269074,0.017643362,0.0705951,0.009916095
732,0.2343675,0.4615979,0.047292575,0.08628912,0.078026295,0.008602705,0.072049595,0.01177432
733,0.24936974,0.38097018,0.05646574,0.09103952,0.103822485,0.012417053,0.08879819,0.01711714
734,0.1746809,0.30692846,0.079043075,0.08733435,0.04559442,0.0272048,0.2549928,0.024221195
735,0.20430337,0.53425753,0.05723592,0.05593543,0.06901682,0.002450279,0.052945204,0.023855492
736,0.20389563,0.54149675,0.0568416,0.053219702,0.07520327,0.0017140218,0.04490653,0.02272249
737,0.19272628,0.13344412,0.18090475,0.09853313,0.23634142,0.0018534012,0.111715876,0.044481017
738,0.15234648,0.03724154,0.24704026,0.07548931,0.3348491,0.002236511,0.10481091,0.045985896
739,0.15605433,0.03632879,0.24313068,0.07681949,0.32864738,0.0026101812,0.10539103,0.051018123
740,0.18694009,0.031064602,0.1554192,0.10012301,0.25755876,0.006333006,0.113608606,0.14895274
741,0.20960887,0.033310123,0.17773558,0.102848485,0.26923877,0.007353646,0.09370014,0.10620433
742,0.19017375,0.034113184,0.17374586,0.12963097,0.30132467,0.009763346,0.0709522,0.09029604
743,0.1914766,0.032958485,0.192515,0.11498846,0.29848015,0.009473192,0.08869031,0.07141775
744,0.18952642,0.032743417,0.19426055,0.115181684,0.298805,0.009431498,0.08796499,0.07208638
745,0.17687693,0.031055834,0.21000075,0.11342429,0.29793802,0.008974524,0.08706991,0.07465978
746,0.17506202,0.030855179,0.21914384,0.10871876,0.29551458,0.008603546,0.09024146,0.07186061
747,0.22513318,0.035707552,0.16593368,0.0870421,0.30792692,0.0063373274,0.08563685,0.08628233
748,0.17251661,0.037312966,0.19011573,0.07297607,0.3342592,0.004191457,0.086539544,0.10208841
749,0.2604858,0.034874707,0.15782112,0.09886814,0.24684903,0.011181654,0.089552596,0.10036697
750,0.09144166,0.039789114,0.26170096,0.07829008,0.38059634,0.0019730106,0.07500947,0.07119934
751,0.15207563,0.039057184,0.20863168,0.07421522,0.33380783,0.0039334795,0.092225805,0.09605312
752,0.22144188,0.034756184,0.19099055,0.06182373,0.29743,0.004210637,0.10852465,0.080822356
753,0.21482015,0.28235772,0.13298327,0.06210747,0.1713402,0.005681366,0.091119036,0.03959071
754,0.21446177,0.27793565,0.13377224,0.06259122,0.17220327,0.005885855,0.09254875,0.040601153
755,0.24026343,0.2967712,0.13102035,0.056396585,0.1838534,0.0048908945,0.061084677,0.02571951
756,0.2200794,0.50351745,0.039937377,0.09828243,0.07531492,0.003862119,0.043696433,0.015309843
757,0.2002748,0.4523806,0.07804729,0.05538179,0.12831853,0.0011345063,0.07076952,0.013692964
758,0.2133587,0.56694925,0.036473516,0.03592315,0.05316736,0.0015596012,0.086529925,0.00603847
759,0.15979971,0.5067593,0.07638261,0.07907109,0.10151253,0.0023448372,0.061786532,0.012343387
760,0.1599955,0.5044013,0.07546066,0.08251375,0.09908817,0.0027786894,0.063691586,0.012070258
761,0.15997979,0.5054766,0.075815566,0.08076788,0.10053634,0.0025282998,0.062660076,0.012235432
762,0.11549395,0.48338413,0.1483006,0.107614756,0.04963187,0.03190083,0.055291813,0.008382032
763,0.13661264,0.57719755,0.08961454,0.11055455,0.030527156,0.014484772,0.038632613,0.0023761615
764,0.12746976,0.8023889,0.0065901033,0.0063470392,0.0012842305,0.0064582154,0.049371418,9.0311034e-05
765,0.04164853,0.93989617,0.000262608,0.006227525,0.0027511031,0.0010883429,0.008118355,7.38215e-06
766,0.12842259,0.32604137,0.17562366,0.25754997,0.0327989,0.022149662,0.05277887,0.004634945
767,0.15248838,0.37833664,0.14903702,0.16866864,0.037558127,0.025512094,0.082925685,0.005473399
768,0.18539931,0.42479277,0.088982634,0.131262,0.060148563,0.009140964,0.09334868,0.0069251214
769,0.12904395,0.6015793,0.07209612,0.10751065,0.02866099,0.0088286735,0.046682067,0.0055982885
770,0.22060102,0.4840742,0.056336086,0.08319747,0.072214976,0.0034858033,0.073203094,0.006887348
771,0.21597968,0.6602416,0.0031281717,0.009089118,0.027301544,0.0005942098,0.08284216,0.00082359073
772,0.19833167,0.5384428,0.030284517,0.06445222,0.10963877,0.0019490359,0.04414394,0.012757065
773,0.2492684,0.39967784,0.05361502,0.08650956,0.10458421,0.010187451,0.079622805,0.016534692
774,0.24436642,0.4364546,0.050837208,0.06386421,0.11402026,0.004323699,0.06565747,0.02047613
775,0.27944505,0.3214182,0.062169492,0.07272336,0.1343804,0.006690485,0.08879238,0.034380667
776,0.20570946,0.07682194,0.16002841,0.08958324,0.2403534,0.004923598,0.118250504,0.10432941
777,0.21590714,0.06421837,0.16041179,0.09533295,0.25204772,0.004702939,0.11078076,0.09659828
778,0.17631154,0.034975424,0.19716662,0.09197574,0.22054353,0.005944683,0.1228588,0.15022364
779,0.12247816,0.04611512,0.22545545,0.09387952,0.37414068,0.0022207315,0.0893361,0.046374254
780,0.115412004,0.047993828,0.22491767,0.09367343,0.3818463,0.0022447184,0.084673464,0.04923855
781,0.19163103,0.030580085,0.17608559,0.089773625,0.22395675,0.0059050033,0.12200542,0.16006249
782,0.21239214,0.034773182,0.17778988,0.10371405,0.25279072,0.007987832,0.09537515,0.11517705
783,0.19081992,0.032234095,0.20250207,0.10868694,0.2929718,0.009071742,0.09562188,0.0680915
784,0.19166394,0.033204347,0.18473816,0.11985196,0.30175295,0.009698268,0.0823198,0.07677058
785,0.18947506,0.032458633,0.19690566,0.11335679,0.29616106,0.0094500985,0.089557804,0.072634965
786,0.18787898,0.03276898,0.1878136,0.119496725,0.2960206,0.009992635,0.08290578,0.08312272
787,0.17930003,0.031135311,0.21369632,0.109576695,0.2915964,0.009072935,0.091407605,0.074214704
788,0.12768245,0.03766924,0.23112491,0.06649596,0.3477275,0.0031326846,0.08367749,0.10248969
789,0.12271052,0.03753279,0.23258075,0.06714357,0.3490681,0.0030886268,0.08402008,0.10385558
790,0.11200193,0.03738717,0.23814802,0.06513995,0.3550888,0.002691877,0.0825289,0.107013375
791,0.14419672,0.048962552,0.2217079,0.07068879,0.34960216,0.002371664,0.0954004,0.067069754
792,0.15959178,0.052883502,0.2183603,0.07115616,0.3303118,0.002787042,0.09836963,0.06653975
793,0.20542037,0.058383167,0.19046645,0.06227995,0.3038444,0.002413587,0.11554814,0.061643943
794,0.21394332,0.28769812,0.12717412,0.064113826,0.17113109,0.0055769496,0.092560336,0.037802245
795,0.23251218,0.3056233,0.122596465,0.05887067,0.18035783,0.005049835,0.06953289,0.025456881
796,0.2265521,0.33207178,0.10917802,0.0603638,0.16800663,0.0051283347,0.07513106,0.023568282
797,0.19992693,0.3994246,0.08978393,0.06546078,0.15429512,0.0024170335,0.07091725,0.017774355
798,0.20837341,0.5360994,0.04182053,0.05092076,0.0778081,0.0018264811,0.07538068,0.007770689
799,0.20899768,0.52912855,0.044369347,0.050999105,0.0819425,0.00168981,0.0749493,0.007923754
800,0.18933433,0.62448794,0.012087543,0.036634494,0.034518614,0.0024066058,0.098175704,0.0023546703
801,0.16004266,0.506934,0.076018825,0.07931853,0.1011679,0.0023917612,0.061860297,0.0122660585
802,0.15999988,0.5062647,0.07637754,0.07952098,0.101040035,0.0024418829,0.062076047,0.012278923
803,0.121554226,0.52411276,0.108309284,0.10470686,0.04234408,0.034889538,0.057965636,0.006117621
804,0.14020085,0.76848674,0.009913656,0.019348344,0.0048204125,0.009220287,0.047752157,0.0002575406
805,0.061924633,0.8858328,0.0049234885,0.012581615,0.0014371106,0.0060679005,0.02717351,5.9057747e-05
806,0.041723687,0.9398233,0.0002645427,0.0062128194,0.0027420237,0.0010913482,0.008134834,7.397572e-06
807,0.13292235,0.57726,0.085017405,0.11864944,0.025268221,0.013061868,0.044877827,0.002942786
808,0.14687487,0.50395703,0.10356898,0.117575906,0.034079075,0.019006325,0.0710654,0.0038723983
809,0.1952544,0.43267334,0.08116266,0.12128726,0.06590643,0.007457624,0.08898679,0.0072715166
810,0.19791311,0.523557,0.044718187,0.08073793,0.08882678,0.011152757,0.04730583,0.0057884282
811,0.20198832,0.5201488,0.044191413,0.0789519,0.09179564,0.009875183,0.047132045,0.005916722
812,0.23908049,0.36548772,0.09090928,0.08394305,0.15175295,0.0021754925,0.04729384,0.019357197
813,0.1982369,0.53800184,0.030418059,0.0646236,0.10985597,0.0019485622,0.044072807,0.012842319
814,0.25682637,0.40023255,0.05467647,0.06503994,0.1225743,0.0048182597,0.071187586,0.024644542
815,0.28042564,0.319249,0.06246942,0.071868114,0.13620755,0.0064861556,0.088276975,0.035017207
816,0.28042564,0.31925,0.06246961,0.071867704,0.13620695,0.006486133,0.08827688,0.035017133
817,0.20613302,0.06608292,0.16525193,0.08924764,0.25278682,0.00458497,0.11574583,0.1001669
818,0.21355951,0.05828961,0.1622031,0.09503422,0.25111824,0.004956037,0.111909926,0.102929346
819,0.17612036,0.034961257,0.1968488,0.09192209,0.21924768,0.005976746,0.12300362,0.15191947
820,0.121071085,0.04805307,0.22265756,0.0960511,0.37380737,0.0022070585,0.08876209,0.047390673
821,0.11785971,0.049373806,0.21677963,0.09595828,0.3818022,0.002223858,0.085077114,0.050925422
822,0.15592165,0.05122893,0.15685603,0.115401044,0.33415398,0.0034781292,0.086908475,0.09605172
823,0.21211077,0.03485414,0.17847829,0.103503615,0.25311112,0.00793778,0.095392555,0.1146117
824,0.21247168,0.035046525,0.17783909,0.10350862,0.2545237,0.007955955,0.09529588,0.11335858
825,0.19123673,0.032585613,0.19745922,0.11143841,0.29596254,0.009225773,0.09215769,0.06993402
826,0.1891205,0.032229047,0.20053019,0.11105912,0.29449335,0.00930086,0.091833614,0.07143332
827,0.1816446,0.031809352,0.20157416,0.11510304,0.2965595,0.00934704,0.08642209,0.07754017
828,0.20196871,0.035269175,0.18718952,0.084528625,0.25267437,0.0108146425,0.10686853,0.12068647
829,0.18426411,0.04306139,0.17946179,0.06765167,0.29474026,0.0052057616,0.09970104,0.125914
830,0.18390629,0.045131836,0.17164272,0.06617846,0.30445448,0.0043549584,0.09705294,0.12727828
831,0.10957077,0.037385024,0.240003,0.06459824,0.35676777,0.002610896,0.082105175,0.10695911
832,0.14765921,0.066405006,0.19443637,0.063183926,0.37021086,0.0014105492,0.099614345,0.057079744
833,0.15116802,0.06845772,0.18485159,0.063711025,0.37071624,0.0014436875,0.10010275,0.059548974
834,0.17753059,0.101904765,0.19637445,0.06319104,0.28926963,0.00094386475,0.1216188,0.049166802
835,0.21602818,0.3119838,0.11873869,0.06302095,0.16400206,0.005292447,0.087808795,0.033125114
836,0.17192912,0.4455182,0.093164496,0.057503365,0.13846503,0.0014880579,0.07311678,0.018814933
837,0.17165314,0.4472491,0.092884585,0.05737951,0.13779695,0.0014659513,0.072768115,0.018802598
838,0.18668541,0.42922047,0.07816524,0.07343337,0.14214656,0.0019404732,0.07134385,0.017064594
839,0.20680954,0.525217,0.045542255,0.05292562,0.08498759,0.0016689146,0.07447939,0.008369621
840,0.21809945,0.40987295,0.07154202,0.0852006,0.08535757,0.012484499,0.10564044,0.011802494
841,0.22165328,0.40972182,0.08133547,0.08715175,0.061629932,0.02678791,0.101277925,0.010441935
842,0.1470324,0.5775927,0.031169495,0.11215299,0.02722304,0.033507522,0.06890453,0.0024173565
843,0.1445371,0.56530094,0.034068745,0.120505504,0.026546367,0.038268436,0.06830317,0.0024697667
844,0.14355738,0.5485784,0.038983766,0.12965563,0.025041323,0.04538038,0.06623626,0.0025668591
845,0.11722777,0.8153864,0.0011043071,0.005498598,0.0018503031,0.0034253795,0.055462915,4.4299642e-05
846,0.14584114,0.6534072,0.089799084,0.04139491,0.009578445,0.006972953,0.051547326,0.0014589073
847,0.15349315,0.68469626,0.07291471,0.02859398,0.0065658824,0.004981222,0.04794271,0.0008121441
848,0.1460634,0.6682145,0.0635819,0.054513205,0.014086541,0.0124931615,0.038830314,0.002216923
849,0.1285012,0.42232808,0.13302682,0.17455849,0.045741502,0.019165704,0.06897294,0.0077052815
850,0.17306091,0.49973643,0.06764402,0.10137358,0.076347835,0.010471046,0.064550616,0.0068155546
851,0.19318919,0.5099147,0.02764853,0.07724561,0.13781309,0.0042783823,0.045059714,0.0048507466
852,0.23054048,0.51286846,0.048463803,0.061672613,0.09399744,0.0030595735,0.036930833,0.012466753
853,0.19335495,0.50557667,0.054556105,0.061676793,0.12506294,0.001938459,0.040063918,0.017770128
854,0.19298999,0.5050998,0.054811966,0.06175934,0.12539111,0.00193817,0.04013087,0.017878793
855,0.19270633,0.15199934,0.14707875,0.1162231,0.27928662,0.0030353842,0.071354575,0.0383159
856,0.116159916,0.045900792,0.070259206,0.14983194,0.4325948,0.005502792,0.0943767,0.08537384
857,0.15650685,0.039548177,0.24178907,0.078762,0.33153358,0.00271214,0.097586796,0.051561426
858,0.15224537,0.03671083,0.24302235,0.082106635,0.3377551,0.0023969787,0.094032764,0.051729962
859,0.10571404,0.028706972,0.25198385,0.07716351,0.38568717,0.0016638238,0.09070202,0.058378644
860,0.16201235,0.04020972,0.208467,0.06651323,0.29302648,0.0017366087,0.11067456,0.11736011
861,0.11675189,0.048959576,0.22020034,0.09443219,0.3823908,0.0021639583,0.08520685,0.04989442
862,0.1549681,0.050732654,0.15910082,0.11306938,0.33380577,0.003323158,0.08710642,0.09789376
863,0.18900527,0.039193258,0.15252703,0.097757295,0.29933712,0.005269189,0.090804234,0.12610663
864,0.18913731,0.039146032,0.15263052,0.09769026,0.29908368,0.005275763,0.09083914,0.12619728
865,0.13739634,0.042167183,0.24806383,0.079808734,0.32395375,0.0025722336,0.083787635,0.08225032
866,0.18489718,0.039738335,0.18074945,0.09026941,0.32013366,0.0047018044,0.08819005,0.09132016
867,0.2145431,0.0324204,0.16666426,0.10270514,0.25929737,0.010793696,0.09880853,0.11476756
868,0.20548603,0.03326068,0.17985989,0.08925832,0.22970007,0.012920033,0.11013763,0.13937736
869,0.18129541,0.038028125,0.2245979,0.07279292,0.25508294,0.008674495,0.111071534,0.10845665
870,0.16066076,0.04574848,0.21327728,0.06724575,0.33103958,0.0032327725,0.09572197,0.083073415
871,0.14948067,0.046116047,0.22652102,0.066777706,0.34141788,0.0027559302,0.09322909,0.073701635
872,0.18207665,0.047596026,0.17324029,0.06556171,0.31266707,0.004012199,0.09715186,0.117694214
873,0.15210034,0.0692571,0.1863951,0.06389426,0.36636713,0.0015347645,0.099836774,0.060614534
874,0.1686388,0.11044894,0.15846016,0.0689653,0.33287412,0.0015150224,0.09786265,0.061235014
875,0.19664876,0.20981485,0.116893925,0.0813027,0.25086382,0.0014155189,0.0781986,0.064861864
876,0.16830763,0.45662948,0.09204546,0.056914613,0.13241932,0.0013450162,0.07321233,0.019126127
877,0.16934133,0.4533146,0.09095838,0.058100495,0.13370962,0.0013972725,0.07429094,0.018887354
878,0.16883169,0.45512903,0.0914386,0.057520885,0.13295454,0.001372746,0.07375116,0.01900139
879,0.17561375,0.433949,0.07869235,0.077722676,0.13600169,0.0019780241,0.078109995,0.017932601
880,0.16754268,0.460622,0.07460713,0.08068224,0.13063204,0.0016155337,0.067254685,0.017043695
881,0.19109686,0.5269651,0.06399857,0.064288475,0.070623964,0.0096736895,0.06658783,0.0067655356
882,0.19069293,0.52911574,0.06384362,0.06390959,0.06994175,0.009706273,0.06610237,0.0066877618
883,0.22997051,0.3079325,0.138911,0.108578704,0.07348689,0.05311617,0.07158886,0.016415391
884,0.14500378,0.70901453,0.010445737,0.017450228,0.004703863,0.01991797,0.093008436,0.00045543263
885,0.14482546,0.7097875,0.010195635,0.017327921,0.004679779,0.019735795,0.09299971,0.00044813709
886,0.11579795,0.816536,0.0011411262,0.005628835,0.0018562195,0.003539689,0.05545529,4.4798762e-05
887,0.1385041,0.642732,0.09314228,0.04897388,0.010291333,0.009165644,0.05536053,0.0018302293
888,0.15071909,0.65564793,0.07804335,0.042543117,0.009833148,0.007830623,0.053976893,0.0014057597
889,0.12839304,0.42240614,0.13302359,0.17433201,0.04583403,0.019137962,0.06911351,0.007759807
890,0.12844399,0.42930093,0.13022043,0.17143764,0.045196034,0.018853817,0.06900562,0.0075414227
891,0.18828504,0.59434044,0.027693408,0.06679301,0.07763536,0.0041142013,0.03787603,0.0032625424
892,0.17902282,0.6305131,0.008309686,0.048324645,0.10155648,0.0012230314,0.02941583,0.0016344163
893,0.24017718,0.52543926,0.04651078,0.056315213,0.07032203,0.0022484702,0.0458438,0.013143269
894,0.2106827,0.4217355,0.060767803,0.07666901,0.14742695,0.00407674,0.059333112,0.019308222
895,0.21458252,0.41804203,0.06057956,0.0774497,0.14542398,0.0043769465,0.0603622,0.01918304
896,0.20207614,0.3793434,0.067527846,0.085728675,0.1706499,0.0046639997,0.0669038,0.023106312
897,0.16262516,0.040013283,0.23569384,0.079830505,0.32924804,0.003015948,0.097116366,0.05245684
898,0.14728498,0.03713489,0.24260163,0.07821454,0.34391713,0.0025991173,0.09706966,0.05117803
899,0.13552153,0.033269577,0.24992204,0.07933879,0.35501927,0.0023905504,0.09309409,0.051444206
900,0.12871367,0.039166726,0.26776657,0.06975699,0.33676702,0.0022103202,0.09734483,0.058273878
901,0.12881705,0.039208446,0.26773924,0.06974959,0.3366003,0.002213092,0.097373456,0.058298886
902,0.13311633,0.038949825,0.26110378,0.07173859,0.3364628,0.0023677365,0.09738,0.058881003
903,0.1638474,0.037781566,0.22228432,0.0874489,0.32125482,0.0036995027,0.09781093,0.06587253
904,0.18915862,0.039195806,0.15254053,0.09765759,0.2990214,0.0052825147,0.09086819,0.12627544
905,0.18824898,0.03923265,0.15313706,0.097897395,0.29987323,0.0052174767,0.09066093,0.1257323
906,0.18955894,0.03903716,0.15258841,0.09729032,0.29866287,0.005308226,0.09099738,0.12655672
907,0.12204075,0.04021826,0.21036698,0.07638431,0.39530584,0.0020357026,0.07688548,0.076762676
908,0.12123253,0.040280823,0.21065357,0.07652983,0.3957744,0.0020265428,0.07680188,0.07670046
909,0.13939857,0.03496221,0.21606088,0.09215065,0.23509218,0.0074058375,0.11395348,0.16097619
910,0.16790949,0.034414973,0.22842951,0.06944941,0.16886733,0.014360395,0.13611463,0.18045427
911,0.14233539,0.04650408,0.24935067,0.064374864,0.3386388,0.002559755,0.095703,0.06053345
912,0.14572038,0.046702057,0.24538787,0.064511076,0.33657697,0.002655063,0.09669181,0.06175481
913,0.14275213,0.046743315,0.24611858,0.06479108,0.34007534,0.0025551922,0.095216736,0.061747603
914,0.15316926,0.07665961,0.18013787,0.06242412,0.36804926,0.0012399828,0.10167296,0.05664687
915,0.18668191,0.20190969,0.1458635,0.08019133,0.2425729,0.0012862731,0.090698935,0.05079547
916,0.16836013,0.5246863,0.04383386,0.070038304,0.13670756,0.002145886,0.028230548,0.025997426
917,0.18260087,0.47139612,0.07026384,0.06736088,0.1350255,0.001439281,0.053803604,0.01810986
918,0.18471155,0.45982406,0.076036885,0.066703424,0.13343851,0.0012809761,0.061290916,0.016713772
919,0.2136921,0.45557737,0.06183434,0.078395516,0.12377815,0.0012256583,0.051583413,0.013913495
920,0.18309675,0.42917508,0.09193389,0.06827727,0.11766645,0.0027887332,0.09026735,0.016794499
921,0.1906023,0.5308238,0.06359826,0.06338517,0.06980688,0.009501405,0.06562929,0.006652888
922,0.1910049,0.52345914,0.064784266,0.065265164,0.07079123,0.010131021,0.06771357,0.0068506226
923,0.19080772,0.52743894,0.06412124,0.064257056,0.070225276,0.009801314,0.06661078,0.0067376345
924,0.19085592,0.43616748,0.12838602,0.08621445,0.052301254,0.04932429,0.048760902,0.007989658
925,0.14948711,0.624123,0.09831036,0.036017764,0.010644721,0.015608772,0.06454419,0.0012640823
926,0.083029546,0.82754403,0.006517671,0.018466773,0.002253281,0.012672799,0.04940201,0.000113937065
927,0.115378745,0.8170794,0.0011437252,0.005649504,0.001853836,0.0035487704,0.055301256,4.4702047e-05
928,0.034954388,0.9124294,0.008185915,0.03003246,0.0043243454,0.0046224985,0.0053891344,6.185763e-05
929,0.046394035,0.8826093,0.01475766,0.035142325,0.005492679,0.005547054,0.009903173,0.00015371072
930,0.1703581,0.73290277,0.0063567734,0.030019404,0.027709505,0.0064856466,0.02560209,0.00056571147
931,0.14820617,0.44807962,0.109852076,0.15097357,0.05762903,0.015666561,0.06220115,0.0073918253
932,0.16860783,0.50853163,0.07537555,0.10992861,0.055677485,0.013698308,0.061549075,0.0066315304
933,0.18342952,0.6294677,0.007945471,0.046470195,0.097127855,0.0015710107,0.0322211,0.0017671187
934,0.21543404,0.5930431,0.010159694,0.043392632,0.086650275,0.0013880857,0.046659816,0.0032724084
935,0.24101831,0.54052866,0.042249016,0.051745083,0.06614502,0.0019579886,0.045441516,0.0109143825
936,0.20975439,0.41966957,0.060483936,0.07701081,0.14933683,0.0040815966,0.06022089,0.01944205
937,0.21778144,0.44890243,0.06316144,0.06363943,0.132136,0.00334243,0.05421934,0.01681754
938,0.22860613,0.3725122,0.07766989,0.06721809,0.15812717,0.0049096667,0.06971135,0.021245435
939,0.19104779,0.052635986,0.18615922,0.07716216,0.3257911,0.0028876031,0.10455202,0.059764076
940,0.1878098,0.051444016,0.18992087,0.07715725,0.32598656,0.0028535184,0.10518327,0.059644714
941,0.16148129,0.037883855,0.21732399,0.0778085,0.34885713,0.0028419022,0.09715048,0.05665285
942,0.16432062,0.042769324,0.22286765,0.079732515,0.31299317,0.003845871,0.09622609,0.07724474
943,0.17008251,0.043323252,0.21710226,0.08190545,0.30738243,0.0042510866,0.09479596,0.08115703
944,0.16515154,0.042462356,0.23072338,0.080274545,0.3063723,0.0036932556,0.100245476,0.07107713
945,0.18867297,0.04496681,0.21088722,0.09263172,0.27791613,0.005898495,0.10048885,0.078537755
946,0.18881145,0.04007418,0.17176309,0.09490164,0.29378077,0.005466759,0.09329266,0.11190942
947,0.18953684,0.038997695,0.15237157,0.09751654,0.29852065,0.00530386,0.09095686,0.12679596
948,0.20679805,0.039715596,0.2058232,0.07317042,0.30496907,0.0036579585,0.0856698,0.08019588
949,0.14878541,0.0404776,0.20314507,0.07670493,0.3725949,0.002505583,0.08106791,0.074718505
950,0.15325211,0.03716076,0.19892211,0.0922355,0.31234303,0.0048696334,0.09399388,0.10722297
951,0.2101382,0.04227734,0.1649859,0.09705463,0.31077334,0.0037316505,0.109786816,0.061252117
952,0.1874124,0.038199175,0.20876889,0.087693244,0.28547764,0.005162531,0.10761479,0.07967133
953,0.1418345,0.0475629,0.25288123,0.063495114,0.33768493,0.00245006,0.09644285,0.05764839
954,0.15714176,0.055362333,0.23399791,0.06519911,0.32667965,0.0026470732,0.10128966,0.057682514
955,0.14896542,0.05108269,0.24324377,0.064650446,0.33303225,0.0025683735,0.0986291,0.057827957
956,0.18679617,0.12277211,0.20292434,0.06618365,0.26629436,0.002787942,0.10687746,0.045364
957,0.19560048,0.24041298,0.15057397,0.07768312,0.2041853,0.0014505961,0.087778665,0.04231489
958,0.16835259,0.5248564,0.04378698,0.07001869,0.13664527,0.0021469994,0.028202305,0.02599079
959,0.17559795,0.5745542,0.05082594,0.05408086,0.07116216,0.0011526534,0.052905213,0.019721065
960,0.20489869,0.4798812,0.054682847,0.074864246,0.12696801,0.0014031379,0.040854298,0.016447587
961,0.21394256,0.45608518,0.0616222,0.07834318,0.12335607,0.0012240221,0.051551603,0.013875157
962,0.1822999,0.41205636,0.10319642,0.06467174,0.11104109,0.0034206922,0.103976734,0.019337073
963,0.18257827,0.41922602,0.09875129,0.06631781,0.11445322,0.0033090115,0.097468786,0.017895548
964,0.19043091,0.53102654,0.06363511,0.06345165,0.06965127,0.009570274,0.06559862,0.0066356584
965,0.18892643,0.5312285,0.064119846,0.06396178,0.069339566,0.009802359,0.065995194,0.006626339
966,0.13308482,0.51176494,0.12127043,0.09469812,0.040446762,0.03642067,0.056449573,0.0058645685
967,0.14970687,0.621444,0.09890783,0.03706766,0.010899316,0.016397633,0.064291984,0.0012847239
968,0.06454805,0.9080163,0.0007451963,0.006858275,0.004493182,0.0057574543,0.009559257,2.2282315e-05
969,0.020990817,0.92843896,0.0041914047,0.033608984,0.0038422397,0.005899062,0.0029996806,2.8878156e-05
970,0.033539705,0.88434535,0.009940659,0.051254712,0.007170193,0.01090005,0.002754723,9.464259e-05
971,0.051123932,0.86991525,0.0077942056,0.046359967,0.010604787,0.009247848,0.0047998745,0.00015416392
972,0.20410301,0.48434153,0.083021484,0.109903395,0.070979625,0.0069018714,0.03323519,0.0075138253
973,0.21123765,0.599142,0.018670557,0.05252344,0.06028391,0.009976176,0.044305347,0.0038609516
974,0.21138547,0.5643895,0.047056478,0.05397068,0.06768228,0.004512735,0.04349867,0.0075040855
975,0.2254153,0.57499725,0.032588422,0.046611667,0.0653312,0.0027301505,0.04586688,0.0064591537
976,0.24034563,0.5231678,0.046368264,0.055784844,0.06857532,0.0019785615,0.050790638,0.012988941
977,0.2402444,0.52109593,0.0478366,0.056663655,0.06899125,0.0020530645,0.04957417,0.013540906
978,0.22753985,0.39317325,0.07370641,0.06603522,0.14937952,0.004542084,0.066168174,0.019455466
979,0.22768864,0.37432253,0.07790682,0.066692464,0.15806288,0.0047816294,0.0694954,0.021049688
980,0.25193954,0.4142775,0.081682205,0.045748964,0.12536274,0.0034233585,0.05718077,0.020384947
981,0.23559728,0.14481056,0.13672872,0.066735044,0.25597805,0.0028026456,0.10525639,0.052091293
982,0.20086284,0.052819315,0.15414804,0.07388787,0.32527357,0.0033737526,0.10866418,0.08097043
983,0.17339414,0.044565316,0.21327794,0.083548166,0.29890645,0.004758288,0.09483472,0.086715
984,0.17165655,0.04421008,0.21739997,0.08266457,0.30024353,0.0044513335,0.09556721,0.083806776
985,0.18139538,0.044514958,0.2117159,0.08799509,0.2889467,0.0053724768,0.09758108,0.08247844
986,0.19731133,0.045207124,0.20682304,0.09471686,0.2658494,0.0070266174,0.102355495,0.08071016
987,0.20258825,0.04599405,0.20368819,0.09730686,0.25663048,0.007970585,0.106226794,0.07959479
988,0.19991626,0.036466517,0.1416075,0.08957739,0.24760322,0.0067094583,0.10363561,0.17448407
989,0.21900447,0.037159845,0.18394081,0.08505337,0.24925286,0.00798473,0.10275627,0.11484767
990,0.168307,0.04374018,0.20913865,0.07554884,0.3165469,0.003358024,0.10843105,0.074929394
991,0.16661306,0.043902494,0.2102817,0.07528081,0.31815082,0.0032652926,0.10838044,0.07412539
992,0.17095214,0.04370575,0.20674384,0.07611497,0.31807497,0.0033545787,0.10862481,0.07242894
993,0.2301031,0.039578713,0.15327366,0.08567032,0.31215015,0.003976496,0.1152728,0.05997479
994,0.22819397,0.055711035,0.16164598,0.079061046,0.2956976,0.0036262143,0.119513564,0.056550626
995,0.16130224,0.056042936,0.22985679,0.06605778,0.3245686,0.0027860943,0.1027474,0.056638163
996,0.19842783,0.18844938,0.14318591,0.07438536,0.2534713,0.0033842712,0.10019147,0.038504466
997,0.2277215,0.44591528,0.073898785,0.055107035,0.1311754,0.0024659084,0.047684923,0.016031122
998,0.20081985,0.28635085,0.14233454,0.073893,0.17294303,0.0016726049,0.085470036,0.03651618
999,0.189025,0.5759118,0.046359852,0.054659925,0.065512374,0.0021360433,0.05004624,0.016348764
1000,0.19901831,0.5597012,0.044571362,0.059692997,0.074142404,0.0026156653,0.046094768,0.014163248
1001,0.17598507,0.5755949,0.050899908,0.05344594,0.06973155,0.0011242208,0.05362831,0.01959008
1002,0.2186515,0.4611514,0.05914263,0.07856249,0.1202217,0.0011461811,0.047769286,0.013354818
1003,0.19930527,0.49077976,0.072571285,0.053758983,0.108315796,0.0015249975,0.06278881,0.010955095
1004,0.1182406,0.67552584,0.06672491,0.05507889,0.011499811,0.0065122573,0.060033686,0.006384023
1005,0.116147205,0.6030071,0.08501236,0.08223471,0.023746604,0.017410344,0.06707058,0.0053711506
1006,0.1284646,0.5266762,0.116226204,0.09250219,0.039822068,0.030075764,0.06057419,0.00565869
1007,0.120875,0.52741677,0.11898995,0.0983738,0.0368378,0.033281755,0.058682315,0.0055425745
1008,0.14610882,0.43205693,0.15156908,0.08024091,0.0144178,0.11779218,0.05433202,0.0034821944
1009,0.1680297,0.62599134,0.025949439,0.047138106,0.034229964,0.011043686,0.087085485,0.0005322995
1010,0.034449313,0.8811511,0.010413683,0.052556507,0.007405814,0.011172586,0.0027501262,0.000100874124
1011,0.05816208,0.8652959,0.0061353073,0.043265965,0.012452077,0.008724866,0.005805427,0.00015831366
1012,0.20111513,0.48432693,0.08350117,0.10959922,0.07142658,0.0074459976,0.034991562,0.007593359
1013,0.20313013,0.52198094,0.06280681,0.06872404,0.075728625,0.0062396764,0.050494853,0.010894952
1014,0.20888323,0.54646444,0.051810645,0.057893228,0.0660663,0.0069920877,0.05262045,0.009269604
1015,0.20604919,0.5279287,0.059065122,0.06408599,0.07471311,0.005847393,0.051592562,0.010717928
1016,0.20949906,0.46518826,0.06307886,0.06970836,0.12193989,0.0021266453,0.052325524,0.016133383
1017,0.21390364,0.47005558,0.06370065,0.065599695,0.11554612,0.0017662577,0.05359699,0.015831074
1018,0.20610568,0.5000045,0.067284435,0.045324218,0.09677137,0.003518509,0.06637207,0.01461935
1019,0.21238588,0.487845,0.06934516,0.045572355,0.10214864,0.0034432653,0.06450551,0.014754193
1020,0.20367418,0.35755566,0.12087361,0.051271185,0.17675994,0.0013317239,0.0712041,0.017329596
1021,0.22932869,0.16924004,0.12796049,0.07177959,0.24224037,0.003160274,0.09167747,0.06461308
1022,0.25933418,0.17195725,0.13511541,0.07059293,0.19780298,0.0046536373,0.090571694,0.06997188
1023,0.18638273,0.04778946,0.20529072,0.08683474,0.28930038,0.0052875634,0.09505146,0.08406292
1024,0.19121014,0.04921181,0.20502263,0.09027121,0.28647283,0.005262222,0.09486576,0.0776834
1025,0.18702881,0.0455714,0.20839751,0.090311795,0.27887252,0.0061079767,0.0982775,0.0854325
1026,0.18705596,0.045216855,0.20946968,0.09923823,0.27883455,0.005553565,0.10042852,0.07420268
1027,0.19948083,0.04556391,0.20409836,0.09848582,0.26233414,0.0073229377,0.10534516,0.07736887
1028,0.11977098,0.04109929,0.26942325,0.07541725,0.3546571,0.001311539,0.095084764,0.04323579
1029,0.21852437,0.037340075,0.18480593,0.08499523,0.25020036,0.00792078,0.10326989,0.11294342
1030,0.16763209,0.044352878,0.21048257,0.075573206,0.31594473,0.0033300868,0.10892606,0.0737584
1031,0.17393468,0.04405003,0.20535935,0.07679413,0.3138361,0.0035321708,0.10906621,0.07342737
1032,0.1753463,0.04619396,0.20306313,0.077104904,0.31351274,0.0033418473,0.110210516,0.07122661
1033,0.23230101,0.05412847,0.1524336,0.08832105,0.28517964,0.0033536407,0.1266081,0.05767449
1034,0.22942877,0.059910826,0.16057125,0.07858826,0.2928076,0.0036220578,0.119125366,0.05594587
1035,0.22668093,0.15704244,0.14594272,0.07352294,0.23883782,0.0037709344,0.10512501,0.049077224
1036,0.2192128,0.40609387,0.09582015,0.06136306,0.13305166,0.0018344691,0.06148373,0.02114025
1037,0.2189757,0.40487504,0.097688645,0.060909927,0.13250253,0.0018112458,0.06191674,0.021320233
1038,0.20872146,0.41766018,0.08578321,0.06042545,0.1499577,0.002116751,0.055561334,0.019773988
1039,0.18963557,0.57655895,0.046422437,0.054203387,0.06437474,0.0021319753,0.05043892,0.016234027
1040,0.17904232,0.59039783,0.04782157,0.04993156,0.05836825,0.0017342773,0.05390017,0.018803962
1041,0.20111555,0.5609988,0.04469278,0.058682505,0.071150474,0.0026290573,0.046911556,0.0138192065
1042,0.2879256,0.54193974,0.030348213,0.023081286,0.038858876,0.001311144,0.07305914,0.0034760842
1043,0.20337886,0.43558022,0.045875337,0.11943933,0.107442066,0.005189198,0.071316846,0.011778078
1044,0.118190065,0.67670476,0.06684555,0.054644987,0.011267409,0.0064254752,0.05957031,0.0063514914
1045,0.112367675,0.61693484,0.0759082,0.08894669,0.019819567,0.014309194,0.0661591,0.0055546802
1046,0.11544537,0.60523266,0.085735165,0.081210926,0.022943972,0.017616965,0.06653575,0.005279217
1047,0.11768222,0.52765524,0.12013483,0.10091827,0.035595704,0.034635056,0.057889238,0.0054894155
1048,0.12768044,0.57185435,0.07712048,0.12231551,0.018593634,0.010348201,0.07038651,0.0017008729
1049,0.0323892,0.88928175,0.009105948,0.048864856,0.006818426,0.0106454445,0.0028091536,8.523395e-05
1050,0.11380212,0.6418016,0.07242345,0.105350874,0.018229676,0.025159378,0.022017248,0.0012155975
1051,0.14999235,0.4486996,0.14272445,0.11241607,0.051833045,0.031314157,0.054985587,0.008034712
1052,0.14721467,0.42269114,0.15700662,0.118239015,0.05401776,0.036304243,0.055094294,0.009432295
1053,0.20366505,0.5245412,0.062264577,0.06672665,0.074513815,0.0062044715,0.051128723,0.010955469
1054,0.20358707,0.5246242,0.062308054,0.06670802,0.07459929,0.006183673,0.05102833,0.010961311
1055,0.20800261,0.47972372,0.066158324,0.061694432,0.10633444,0.0021895082,0.062678084,0.013218926
1056,0.19166397,0.53936946,0.06120525,0.04201445,0.07823034,0.0037714676,0.06839797,0.01534707
1057,0.18906295,0.5493096,0.059531085,0.04090011,0.07468783,0.0037831059,0.067410745,0.015314582
1058,0.19162065,0.5395763,0.061217573,0.041909207,0.078080915,0.0037730115,0.06846684,0.015355474
1059,0.20810172,0.43285182,0.07063355,0.05511733,0.13101366,0.0039307275,0.0691558,0.029195387
1060,0.17484039,0.49010554,0.07773645,0.059067257,0.09563469,0.0017464181,0.0712897,0.029579554
1061,0.27222288,0.4115202,0.07072701,0.037222926,0.10376743,0.0032503267,0.07686947,0.02441975
1062,0.22824444,0.22369447,0.13454889,0.065777466,0.1987268,0.0038188817,0.10521402,0.039974988
1063,0.20041472,0.05572961,0.20695238,0.09465658,0.27104115,0.0052637383,0.096545346,0.0693964
1064,0.20575824,0.058917973,0.2076327,0.10519917,0.26411822,0.0046127182,0.097393125,0.056367848
1065,0.19866915,0.04633739,0.20345782,0.09909006,0.2646689,0.0068620243,0.10493196,0.07598276
1066,0.15631467,0.04469807,0.2091992,0.10722629,0.32682967,0.0020239868,0.09722694,0.056481194
1067,0.15434372,0.056499872,0.2499802,0.0795503,0.2975724,0.0019354115,0.11414273,0.045975354
1068,0.19849735,0.06530134,0.20001635,0.083969384,0.25028175,0.0047601718,0.12291284,0.074260764
1069,0.21246828,0.06573109,0.18837239,0.08816174,0.25085458,0.0060541388,0.11420941,0.07414833
1070,0.17311335,0.04716514,0.20567335,0.07693333,0.3106011,0.0033658477,0.11047497,0.07267291
1071,0.23182091,0.07713999,0.14969675,0.08358371,0.2682344,0.0033541094,0.12794729,0.058222886
1072,0.2298144,0.05960415,0.15509883,0.08947185,0.28008288,0.0033115302,0.12626812,0.056348205
1073,0.23708273,0.08135899,0.1417425,0.08549881,0.26961908,0.0031915288,0.12870932,0.052797023
1074,0.22492923,0.3911607,0.097387984,0.06533625,0.13560559,0.0018138844,0.06198563,0.0217807
1075,0.22658943,0.41166708,0.08643055,0.07266489,0.10954721,0.004886589,0.07076947,0.017444754
1076,0.22546695,0.41215625,0.08538797,0.07299001,0.111691676,0.0048916885,0.070072874,0.0173426
1077,0.18184508,0.5148737,0.061276484,0.060864042,0.10375901,0.002353979,0.056624092,0.018403603
1078,0.18129037,0.51678395,0.0607983,0.060740024,0.10333514,0.0023480693,0.056289222,0.01841494
1079,0.22689301,0.53130835,0.0419162,0.0636178,0.07795531,0.0044028587,0.043550752,0.010355688
1080,0.22579955,0.5308608,0.041964065,0.064233795,0.07933309,0.0043018316,0.042948417,0.010558439
1081,0.22309794,0.41899282,0.051763438,0.103251114,0.13940273,0.0019541832,0.0489291,0.0126087265
1082,0.20212057,0.41455886,0.05000449,0.12820864,0.121586405,0.004010111,0.06541036,0.014100641
1083,0.11196461,0.45492205,0.09824896,0.16780795,0.055767387,0.022997372,0.08142079,0.0068709557
1084,0.11485875,0.66381073,0.070670046,0.062312532,0.012697465,0.008662016,0.061155416,0.005833019
1085,0.11038863,0.6238454,0.07726617,0.08629016,0.017894773,0.01456069,0.06448045,0.0052736746
1086,0.11243967,0.7504524,0.012696135,0.014823082,0.0059360676,0.0023569085,0.10087311,0.0004226119
1087,0.08739147,0.79261863,0.030312318,0.019257857,0.0026985866,0.004325681,0.06314618,0.00024925216
1088,0.7285754,0.22465867,0.017026044,0.010532278,0.015894592,0.0011756002,0.0017480556,0.00038926586
1089,0.10419903,0.8699591,0.0005633479,0.004498222,0.0028059527,0.0009870558,0.016966593,2.072806e-05
1090,0.1264149,0.53294075,0.12764882,0.090108655,0.012333722,0.05705848,0.049412463,0.004082224
1091,0.1263706,0.53307945,0.12833466,0.090907276,0.012840353,0.056365542,0.048034508,0.0040676193
1092,0.17377521,0.63869506,0.06771191,0.05524692,0.016202036,0.01207082,0.03477047,0.0015276092
1093,0.17858902,0.653826,0.059906077,0.049166244,0.015339064,0.00971133,0.0321645,0.0012977314
1094,0.2052783,0.44737738,0.071475744,0.08319651,0.058669027,0.024203891,0.101141274,0.008657871
1095,0.25460273,0.4770002,0.05270651,0.050785754,0.025823534,0.022006102,0.111208074,0.005867077
1096,0.27830207,0.5797657,0.030276207,0.014473753,0.011539791,0.010228553,0.07376319,0.0016506643
1097,0.19161387,0.5398516,0.061159894,0.041867144,0.07784632,0.003784118,0.06851192,0.015365133
1098,0.19359662,0.5320321,0.062525384,0.042673614,0.08064176,0.003781233,0.069338575,0.015410737
1099,0.19136447,0.53920615,0.06122397,0.04200815,0.07855268,0.0037887772,0.06844729,0.015408465
1100,0.1882922,0.42532015,0.07364044,0.07025271,0.14076982,0.003191159,0.06479003,0.033743422
1101,0.25972462,0.41656384,0.07030252,0.040856857,0.11196648,0.003294253,0.07214431,0.02514716
1102,0.23051815,0.37204397,0.09351072,0.053180322,0.15001138,0.0038784177,0.06673276,0.030124286
1103,0.23103549,0.3778329,0.09194993,0.052367277,0.1465632,0.0038830407,0.06664925,0.02971892
1104,0.23758315,0.4342726,0.07305828,0.045996852,0.11039409,0.004774429,0.06480902,0.029111577
1105,0.23728007,0.43789452,0.0721205,0.04590303,0.10854288,0.0048213853,0.06412628,0.029311342
1106,0.18757677,0.14775628,0.18768755,0.08342514,0.23631197,0.0033477582,0.10548829,0.04840627
1107,0.17343336,0.05543569,0.19459337,0.10217521,0.3169765,0.0021181407,0.101518266,0.053749427
1108,0.26421604,0.114738405,0.13315059,0.0847194,0.2324528,0.004280784,0.112650596,0.053791407
1109,0.18781218,0.07877517,0.21046382,0.08528389,0.24046408,0.0039171446,0.12940195,0.06388174
1110,0.22673944,0.10940489,0.16363722,0.089966185,0.2332605,0.0055078166,0.11658857,0.054895353
1111,0.2699127,0.3225325,0.06656421,0.063699245,0.15394461,0.0046316916,0.076316774,0.042398285
1112,0.24145526,0.31246242,0.076717354,0.062135193,0.17458197,0.0033556323,0.08201228,0.047279816
1113,0.2159631,0.27085975,0.0983639,0.06422073,0.20397687,0.002402656,0.09601888,0.04819415
1114,0.21174759,0.35192618,0.10350979,0.08050938,0.15714732,0.002538435,0.07181377,0.020807577
1115,0.2147544,0.37853467,0.09546363,0.07774404,0.1393733,0.0030004266,0.07295011,0.018179419
1116,0.20652841,0.5037103,0.054560747,0.054886777,0.06432919,0.013019632,0.092363365,0.010601556
1117,0.20005545,0.54000896,0.057774547,0.05126156,0.06238055,0.004950389,0.070587665,0.012980794
1118,0.19426318,0.56257886,0.060518313,0.04215485,0.045759805,0.0046812957,0.077635065,0.012408647
1119,0.18307383,0.5179363,0.06034137,0.06013533,0.10157633,0.002387274,0.056603953,0.017945604
1120,0.3043502,0.51529133,0.028905889,0.023225684,0.02249646,0.0054289224,0.0962981,0.004003355
1121,0.24936448,0.54816943,0.04880499,0.022862388,0.021802878,0.012587393,0.09100955,0.0053988225
1122,0.21668315,0.39955986,0.056053046,0.1147411,0.14492846,0.0023705217,0.051040024,0.01462386
1123,0.16236529,0.5410863,0.07576943,0.105211206,0.04802143,0.0066931685,0.05319011,0.00766311
1124,0.10324601,0.45469317,0.11009377,0.17607261,0.04776388,0.02725051,0.074946314,0.0059337453
1125,0.09599814,0.45450076,0.12147388,0.17832305,0.04031957,0.03432459,0.069836326,0.0052237473
1126,0.09352808,0.4451581,0.12571837,0.18736218,0.03967657,0.035866205,0.06749498,0.0051955413
1127,0.07842285,0.81513125,0.021527793,0.015275088,0.0028317329,0.0041350685,0.062441695,0.00023457434
1128,0.09898908,0.8747672,0.00056630856,0.004614181,0.0027760724,0.0010359335,0.017230721,2.0577743e-05
1129,0.12643382,0.53273827,0.12771574,0.09016732,0.012342729,0.05707441,0.049440097,0.004087683
1130,0.17764439,0.65948796,0.056466307,0.048846718,0.012405946,0.011020902,0.03283256,0.0012952721
1131,0.16034256,0.6016743,0.08589119,0.070979364,0.019212829,0.018797703,0.04089337,0.0022086026
1132,0.14610682,0.48990345,0.088799186,0.12591799,0.06052017,0.013630039,0.06756463,0.0075577716
1133,0.14643024,0.4884546,0.08879834,0.12646553,0.060975812,0.01355811,0.06764192,0.0076753306
1134,0.11615232,0.3526096,0.21262965,0.12861493,0.041134078,0.07937411,0.058709126,0.010776097
1135,0.23310366,0.45966655,0.07778863,0.043866783,0.042659402,0.023206577,0.112573,0.0071354224
1136,0.18108672,0.5795339,0.054459643,0.03758957,0.06439815,0.0038524854,0.06397583,0.015103793
1137,0.18126914,0.5753504,0.05504307,0.038239244,0.06689526,0.0038682849,0.06410243,0.0152321635
1138,0.18818767,0.5092226,0.064237274,0.0464607,0.10551208,0.003957017,0.065065145,0.01735757
1139,0.18751188,0.5125215,0.06308397,0.046490137,0.10389125,0.0040494488,0.06502678,0.017424935
1140,0.20773406,0.5187465,0.068061404,0.04120488,0.074594505,0.002476643,0.06988168,0.017300261
1141,0.21282442,0.4619944,0.07701626,0.04542122,0.11317503,0.0030376283,0.06675992,0.019771148
1142,0.19170885,0.5452166,0.0532682,0.051940303,0.09888049,0.003551972,0.04045158,0.014981973
1143,0.20466034,0.51387227,0.06522174,0.050548833,0.10337682,0.003422994,0.04608839,0.012808613
1144,0.21301636,0.47683564,0.0841105,0.05271991,0.10283585,0.0030485427,0.055036485,0.012396712
1145,0.19934234,0.32154682,0.1384229,0.05571638,0.15379062,0.0029834353,0.09414707,0.03405034
1146,0.2772748,0.3328707,0.07205745,0.062371798,0.15214336,0.0031343917,0.07020996,0.02993755
1147,0.3768712,0.40444833,0.03245636,0.05006773,0.06697826,0.0064754905,0.04970043,0.013002253
1148,0.32939047,0.35828683,0.039645925,0.11904268,0.076879196,0.007985906,0.056109946,0.012659047
1149,0.3292039,0.35835084,0.03971347,0.118797414,0.077090174,0.007976179,0.056181684,0.012686323
1150,0.26776907,0.47624967,0.051492482,0.047221754,0.07683519,0.0020730104,0.06588365,0.012475212
1151,0.23326916,0.39381075,0.08070471,0.053708825,0.13219252,0.0019452726,0.084375456,0.019993313
1152,0.22453088,0.39604837,0.08528676,0.05375698,0.13363917,0.0017363104,0.08553705,0.019464491
1153,0.1996752,0.4464494,0.09029612,0.06308377,0.11994522,0.0014123659,0.062214296,0.01692365
1154,0.2060514,0.45069462,0.08652927,0.063085966,0.11203228,0.0019193029,0.06407696,0.015610195
1155,0.20438123,0.5240823,0.051293656,0.05068817,0.057687286,0.013012891,0.08877321,0.010081284
1156,0.19319215,0.5657668,0.059892558,0.04167559,0.04479508,0.004819722,0.077466995,0.012390989
1157,0.2004504,0.5430347,0.056924626,0.050413396,0.060394473,0.0051158126,0.07086389,0.012802816
1158,0.18943848,0.5549104,0.06343273,0.04551836,0.053162362,0.0038316415,0.07606644,0.013639506
1159,0.1974109,0.46007597,0.064060025,0.07622583,0.077499814,0.012594008,0.099024534,0.01310891
1160,0.1794043,0.34328127,0.15871868,0.15320522,0.055831242,0.06758719,0.03212053,0.009851575
1161,0.16227397,0.5412182,0.07583036,0.1052347,0.047964916,0.0066927285,0.05312634,0.0076588015
1162,0.16239749,0.54093045,0.07573126,0.10527079,0.04811162,0.0066818614,0.053205382,0.007671195
1163,0.16229165,0.5412363,0.07582047,0.10519564,0.04794955,0.0066974605,0.053151764,0.0076571223
1164,0.1389664,0.5718444,0.09359957,0.06280468,0.029267099,0.015212818,0.083030865,0.005274133
1165,0.08685936,0.8097456,0.028528117,0.0114522865,0.0025597697,0.0016255787,0.059029482,0.0001998565
1166,0.07637773,0.8161986,0.020100333,0.015511436,0.0031102733,0.0042291554,0.06420131,0.00027112314
1167,0.06090872,0.7612087,0.04061564,0.06548991,0.013571822,0.047837727,0.010175061,0.00019238306
1168,0.12643738,0.5326815,0.1277357,0.09018485,0.012345346,0.057078257,0.04944775,0.0040891836
1169,0.12542419,0.49648902,0.14321661,0.10479458,0.014601467,0.061568517,0.049328648,0.0045769513
1170,0.14857969,0.49563798,0.08603515,0.12355618,0.059535354,0.012772768,0.066390045,0.0074929064
1171,0.116080105,0.36365753,0.15638125,0.15800688,0.057163022,0.058620475,0.078753196,0.011337488
1172,0.14121398,0.4229005,0.10858985,0.13026616,0.07861551,0.034491453,0.07315475,0.010767799
1173,0.15515393,0.44290504,0.08946138,0.11449222,0.09012253,0.026202613,0.07078713,0.0108752055
1174,0.20661764,0.507512,0.055243824,0.06610675,0.10997853,0.008351487,0.03684411,0.0093457885
1175,0.20071846,0.4731194,0.0773131,0.04641328,0.11739401,0.0036707886,0.06629885,0.015072044
1176,0.18836783,0.5105186,0.06414511,0.045996267,0.10473709,0.0039714696,0.06508125,0.017182264
1177,0.18813848,0.51101786,0.063797385,0.04615307,0.104581796,0.0039901775,0.06505617,0.017265087
1178,0.18940881,0.5168124,0.06513646,0.04471671,0.097019486,0.0034059256,0.06633148,0.017168801
1179,0.20546049,0.5182078,0.0689062,0.041711953,0.074849226,0.002453806,0.070661776,0.017748686
1180,0.19042204,0.54849,0.05255209,0.05156119,0.09786909,0.003496217,0.04053639,0.015072949
1181,0.19208938,0.544179,0.053523,0.052026313,0.09917004,0.0035653568,0.040486924,0.0149599435
1182,0.20474032,0.5135109,0.06552432,0.050436545,0.103250325,0.0033938275,0.046380553,0.01276321
1183,0.20270844,0.51895595,0.06286639,0.05084875,0.10315484,0.0034740092,0.04485661,0.013134958
1184,0.21443015,0.47982988,0.081983976,0.05232115,0.100005575,0.0028910504,0.056140404,0.012397828
1185,0.24030359,0.5015708,0.061091598,0.048635628,0.06595829,0.0015617054,0.068583556,0.01229484
1186,0.31533894,0.41851836,0.05034838,0.08781913,0.053909358,0.0041416883,0.057000447,0.012923643
1187,0.3078448,0.3957313,0.041579463,0.09509,0.08375957,0.0074970513,0.05542701,0.013070906
1188,0.25296727,0.4999668,0.048261464,0.05568997,0.06178175,0.0028531065,0.06530782,0.0131718125
1189,0.24925725,0.5056395,0.048359912,0.054667167,0.060274668,0.0027737878,0.0657542,0.013273601
1190,0.24976307,0.5049995,0.04854029,0.05417113,0.06079961,0.0027282618,0.065780334,0.0132177835
1191,0.20623274,0.40862516,0.09662448,0.05378884,0.13689828,0.0015940911,0.07865847,0.017577898
1192,0.20881407,0.48088866,0.06787137,0.056162085,0.11613104,0.0018290044,0.053496853,0.014806961
1193,0.2119191,0.50662047,0.05582331,0.05839913,0.10471592,0.0020319582,0.04565486,0.014835265
1194,0.18024631,0.64933276,0.038372844,0.024623582,0.021673191,0.008960619,0.067892954,0.008897705
1195,0.20021774,0.56061655,0.055530816,0.041729018,0.042876568,0.008437369,0.079908304,0.010683603
1196,0.18856086,0.5728254,0.061573572,0.03807098,0.03738839,0.005518912,0.08446782,0.011594083
1197,0.16030632,0.54629433,0.069012,0.081038594,0.052737392,0.015298188,0.06908219,0.0062309536
1198,0.16120362,0.5445611,0.069072336,0.08053034,0.053429358,0.015058107,0.06978676,0.0063584554
1199,0.17163831,0.27371413,0.17063092,0.22342342,0.049784027,0.063597426,0.034921814,0.012289929
1200,0.1614061,0.5387845,0.07689087,0.10696637,0.047968823,0.0069911894,0.05341216,0.0075799935
1201,0.1619235,0.54079777,0.0761738,0.105575114,0.04788209,0.0067914464,0.05322396,0.007632226
1202,0.16226894,0.5412504,0.075828224,0.10522023,0.04795833,0.0066907424,0.053124346,0.0076587573
1203,0.099682085,0.75337,0.026908785,0.013591309,0.0031561544,0.0020896185,0.10073057,0.00047147938
1204,0.08742539,0.8089858,0.02791818,0.011048016,0.0024724654,0.001544302,0.060412522,0.00019333133
1205,0.08653905,0.7437433,0.04541275,0.058146242,0.011811164,0.021333404,0.03254318,0.00047094031
1206,0.10360901,0.18391024,0.31764656,0.25423717,0.03469148,0.05942932,0.03689672,0.009579493
1207,0.14779922,0.49169475,0.08715746,0.12544392,0.06037786,0.012889775,0.06695696,0.0076800818
1208,0.12051045,0.571984,0.09314918,0.1255705,0.036952965,0.016340356,0.03039291,0.0050996896
1209,0.19320913,0.45608395,0.064607635,0.13418195,0.08099957,0.011972356,0.04905977,0.009885657
1210,0.1906823,0.45285985,0.06660926,0.13541292,0.0809336,0.012412477,0.051187854,0.009901752
1211,0.20658557,0.5074165,0.05527018,0.06615363,0.109960325,0.008373291,0.036891572,0.009348958
1212,0.19778356,0.3482971,0.17642118,0.079377756,0.06036962,0.07463535,0.046831634,0.016283818
1213,0.22679676,0.51707727,0.059344348,0.045448717,0.08013158,0.005085217,0.055975564,0.0101405755
1214,0.22528946,0.5272729,0.05989406,0.040516533,0.07686168,0.00343387,0.056147784,0.010583726
1215,0.19048628,0.47581115,0.08094497,0.04769269,0.1093392,0.0020493343,0.073635586,0.02004073
1216,0.20262572,0.5268744,0.068773516,0.041158106,0.070156604,0.0023766004,0.07076691,0.017268095
1217,0.20190938,0.5262654,0.069116764,0.041230015,0.070880584,0.0023674609,0.070871875,0.017358525
1218,0.19170472,0.5453469,0.0532415,0.05192577,0.09880054,0.003551644,0.040452644,0.014976309
1219,0.20463178,0.5139694,0.06515023,0.050561246,0.10337195,0.0034195294,0.046085577,0.012810315
1220,0.21065223,0.498519,0.07202622,0.050652172,0.101946935,0.0031689024,0.05065993,0.012374568
1221,0.24405615,0.5120802,0.056851722,0.046819143,0.05877399,0.0017780986,0.06767267,0.011968085
1222,0.23795101,0.5011796,0.062057402,0.047924064,0.06804541,0.0015192133,0.069054075,0.0122692
1223,0.2825796,0.45394126,0.054715183,0.071942255,0.054420847,0.0047616577,0.06473173,0.012907391
1224,0.29508325,0.41296008,0.05104645,0.09044199,0.06941205,0.0051870947,0.06223826,0.0136308335
1225,0.25054926,0.5033198,0.04817951,0.05551825,0.060704842,0.002846126,0.065626875,0.013255381
1226,0.2500908,0.5042776,0.048500217,0.054427695,0.061040465,0.0027422549,0.06569294,0.013228036
1227,0.24925153,0.50578165,0.048444122,0.05436713,0.060341887,0.0027520282,0.06580888,0.013252724
1228,0.20967789,0.47550026,0.07417575,0.054671604,0.110456325,0.0015024017,0.05861452,0.015401217
1229,0.20758879,0.46845785,0.07406434,0.0553364,0.11922739,0.0017524926,0.058776956,0.014795734
1230,0.20714597,0.43802348,0.0852481,0.08931538,0.10725675,0.0028743544,0.05199497,0.018140921
1231,0.20391065,0.49077195,0.07402509,0.051723894,0.067780524,0.018065967,0.08309431,0.01062771
1232,0.18145022,0.6250705,0.04509346,0.020305416,0.020852894,0.017948434,0.082850456,0.006428619
1233,0.2116655,0.53609693,0.050396156,0.06287155,0.059509713,0.010577841,0.062379986,0.0065022963
1234,0.17675851,0.5389613,0.062486593,0.0779695,0.057700377,0.012642657,0.06704656,0.006434483
1235,0.16992733,0.4522706,0.12097222,0.09013358,0.044433087,0.06261684,0.05187592,0.0077703344
1236,0.15753646,0.55115634,0.06946709,0.08183346,0.051103976,0.015417592,0.067496724,0.005988392
1237,0.13866787,0.3849,0.14471401,0.1939751,0.044495996,0.03434073,0.05135998,0.007546279
1238,0.13193981,0.47444803,0.13500808,0.1277998,0.03436163,0.029756721,0.060501408,0.0061844927
1239,0.09079519,0.8049108,0.023787407,0.008905396,0.002056727,0.0012425344,0.068141185,0.00016080939
1240,0.08804539,0.8088023,0.02873153,0.011402124,0.0026251208,0.0015516547,0.058639508,0.00020243997
1241,0.07727862,0.76651293,0.034782898,0.05921137,0.012544338,0.022665268,0.026648367,0.00035614838
1242,0.15817675,0.5306909,0.1533147,0.031163553,0.00830657,0.09556528,0.02116597,0.0016162345
1243,0.12042471,0.57370776,0.09301627,0.12534837,0.036477063,0.01607988,0.029882748,0.005063151
1244,0.16239704,0.5127207,0.07577384,0.12701353,0.060537007,0.013462196,0.040558867,0.007536786
1245,0.13894334,0.5475702,0.08452058,0.124727406,0.047786422,0.015024649,0.035284933,0.00614231
1246,0.19331212,0.45576715,0.06447306,0.1342985,0.08125495,0.011898685,0.049098857,0.009896646
1247,0.16801257,0.38199744,0.099499494,0.15893222,0.08127136,0.017389769,0.08146334,0.011433844
1248,0.19641845,0.45620313,0.097073235,0.072596565,0.08058082,0.024613155,0.059611376,0.012903301
1249,0.2295855,0.53862447,0.05534378,0.040328577,0.06787081,0.004093795,0.054441176,0.009711792
1250,0.23064172,0.53140306,0.054730896,0.044284023,0.069821626,0.006045508,0.05397925,0.009093879
1251,0.21239363,0.44498625,0.06313367,0.07981637,0.10104558,0.010187188,0.07672828,0.011709013
1252,0.20693655,0.39782506,0.07042518,0.1020767,0.11010095,0.015330885,0.08427014,0.013034506
1253,0.22072245,0.44609714,0.059831392,0.0858311,0.08663619,0.012909339,0.07753537,0.010437072
1254,0.26217985,0.5348639,0.054176897,0.0370215,0.03980303,0.0049031866,0.057295986,0.009755747
1255,0.23386733,0.49501815,0.04986053,0.05579722,0.10344662,0.0028906742,0.044778477,0.014340916
1256,0.2428487,0.5115546,0.05736368,0.04674137,0.060164113,0.0017436426,0.067588344,0.011995497
1257,0.23835585,0.50429857,0.060629703,0.04735507,0.067493,0.0015948779,0.0681379,0.012134965
1258,0.26309168,0.5277848,0.04819979,0.040569223,0.021476937,0.002979226,0.082047224,0.01385104
1259,0.27943525,0.41868618,0.064595245,0.08322159,0.06772499,0.005137594,0.06631439,0.014884843
1260,0.24247783,0.53709453,0.040786054,0.04789341,0.04335651,0.0057637147,0.0730835,0.009544368
1261,0.24237162,0.53772724,0.04072638,0.047671475,0.043104183,0.0057556964,0.073117934,0.009525441
1262,0.24412349,0.5303055,0.041646376,0.050539643,0.046338372,0.005125948,0.07164864,0.01027199
1263,0.20754668,0.5152566,0.060000952,0.056653,0.102699,0.0014642986,0.042043947,0.01433549
1264,0.26035827,0.49922925,0.055910826,0.04421171,0.049856488,0.0022294756,0.07780133,0.010402617
1265,0.2449814,0.4705236,0.06530443,0.059864353,0.070871525,0.0025521861,0.07328691,0.012615634
1266,0.2083651,0.4534455,0.077456884,0.083533615,0.10640112,0.0027969456,0.050805103,0.01719576
1267,0.2031732,0.4884985,0.077171825,0.0500459,0.06510927,0.02049286,0.08488841,0.01062002
1268,0.18670368,0.44971687,0.12405123,0.022715872,0.020144928,0.10273295,0.08501453,0.008919927
1269,0.21052857,0.52693886,0.048497222,0.07273147,0.07191369,0.00762083,0.055175215,0.0065940917
1270,0.16996069,0.46144164,0.11597689,0.08972352,0.044937912,0.05745284,0.05286667,0.007639879
1271,0.109347075,0.6000317,0.10035699,0.09280701,0.03353582,0.009689279,0.048666514,0.0055656047
1272,0.11211519,0.59164864,0.096927725,0.09391521,0.033977862,0.0128510585,0.053151302,0.005413015
1273,0.12935615,0.6111085,0.06323194,0.107357524,0.014514417,0.027071968,0.04564528,0.0017141982
1274,0.1321878,0.475155,0.13527143,0.12683101,0.034107555,0.029689591,0.06057725,0.00618037
1275,0.09179503,0.8055216,0.023404084,0.008763629,0.0021156424,0.0012578556,0.06698159,0.00016053894
1276,0.09057998,0.7422036,0.004898613,0.09907693,0.03736108,0.0108228335,0.0148996245,0.00015738535
1277,0.12042471,0.57370776,0.09301628,0.1253484,0.036477055,0.016079867,0.029882733,0.005063151
1278,0.12042465,0.5737077,0.09301636,0.12534827,0.03647716,0.016079947,0.029882766,0.005063147
1279,0.14974944,0.532368,0.08029813,0.1254857,0.05350141,0.014211124,0.03763238,0.0067537734
1280,0.19193222,0.45344335,0.06534537,0.13609977,0.081102446,0.012044301,0.050155208,0.009877334
1281,0.16801952,0.38156366,0.09914044,0.15951495,0.08146999,0.017155979,0.081725925,0.011409509
1282,0.19481507,0.4610812,0.095257714,0.07250661,0.07990902,0.023874806,0.059914827,0.012640712
1283,0.22285427,0.53278816,0.05383274,0.048596196,0.07190779,0.00995658,0.051954124,0.008110126
1284,0.22979896,0.53466076,0.05518159,0.042679697,0.069264404,0.0049635256,0.05414201,0.00930907
1285,0.21031614,0.42146507,0.06529518,0.095267184,0.10090724,0.016556412,0.07877055,0.011422239
1286,0.21264485,0.39008558,0.07277364,0.110848844,0.09978886,0.021469943,0.08055078,0.011837534
1287,0.22038789,0.4454116,0.059751794,0.087913014,0.085183285,0.014062324,0.077091336,0.010198736
1288,0.26478556,0.53743505,0.053286463,0.036913477,0.037272424,0.0051279194,0.055783965,0.009395153
1289,0.24065265,0.5112837,0.061169863,0.049060415,0.06850962,0.0031461436,0.055637717,0.010539928
1290,0.2507163,0.54203105,0.048131973,0.036730345,0.026941435,0.0026741228,0.07943019,0.01334459
1291,0.25484204,0.51691115,0.050037794,0.03909403,0.029638851,0.007167443,0.09126446,0.011044224
1292,0.25381187,0.51923335,0.050479963,0.035800155,0.025726926,0.0076550064,0.0963318,0.010960951
1293,0.238228,0.3283528,0.13299431,0.08483112,0.08790099,0.025738161,0.08100084,0.020953778
1294,0.24236149,0.5377591,0.04074314,0.0476347,0.04305481,0.0057661175,0.07316278,0.009517831
1295,0.24227433,0.53770673,0.04075254,0.047716796,0.04313513,0.005745697,0.07312923,0.009539539
1296,0.24228409,0.537957,0.040712748,0.047612485,0.04302855,0.0057454794,0.07313216,0.009527461
1297,0.202881,0.39564022,0.07679171,0.06735235,0.18483582,0.0023307982,0.04755974,0.022608368
1298,0.26160032,0.47588116,0.061107703,0.057350203,0.06528792,0.002442487,0.06720583,0.009124371
1299,0.25838885,0.46530473,0.06492271,0.062930286,0.07479676,0.0024212892,0.06233733,0.0088979965
1300,0.24098903,0.48676986,0.058723517,0.062261954,0.067912325,0.0029579573,0.06800278,0.012382597
1301,0.2067484,0.4668997,0.06670944,0.088240854,0.10017976,0.0037536619,0.05041577,0.017052392
1302,0.21597709,0.47603124,0.08969813,0.053020243,0.047590967,0.037259344,0.070793554,0.009629427
1303,0.21072821,0.52662885,0.048811693,0.07258251,0.07140749,0.007741507,0.05549556,0.0066040605
1304,0.11346223,0.5907802,0.09584994,0.09357595,0.03463584,0.012753651,0.05348619,0.0054559507
1305,0.123113565,0.5686784,0.08905567,0.096437894,0.039332435,0.018133007,0.059887577,0.0053615207
1306,0.112115234,0.5916593,0.096924804,0.09391158,0.033975124,0.012850919,0.053150278,0.0054127215
1307,0.0991041,0.76439685,0.0036254355,0.08792544,0.008034209,0.0076993834,0.029083865,0.0001307668
1308,0.093615286,0.85883343,0.004369872,0.0053522363,0.0024049645,0.004818409,0.030539442,6.6372755e-05
1309,0.12326476,0.70903105,0.03565263,0.04822098,0.0072300485,0.052734297,0.023617176,0.00024905353
1310,0.13946289,0.68387353,0.045023948,0.042975683,0.0063648997,0.057238024,0.024778618,0.00028231094
1311,0.12625213,0.48043054,0.14620627,0.109359846,0.03969371,0.06571522,0.026649972,0.0056922776
1312,0.119850114,0.16175762,0.24193935,0.25939763,0.0947117,0.018802052,0.081159204,0.022382284
1313,0.15372238,0.40089038,0.16082543,0.105979234,0.062174037,0.04490112,0.055674758,0.01583263
1314,0.15333216,0.60888284,0.05774833,0.07555556,0.038844146,0.010782229,0.047896046,0.006958756
1315,0.20001037,0.5514498,0.051586535,0.061913185,0.061868142,0.009819926,0.054747578,0.008604553
1316,0.20595123,0.52683675,0.05558137,0.06385708,0.07025455,0.010251346,0.05760923,0.009658452
1317,0.19127066,0.4038225,0.12818114,0.10550683,0.059097156,0.05523631,0.045922186,0.010963132
1318,0.21802492,0.36432827,0.08518449,0.1245167,0.09192868,0.032258723,0.07158285,0.012175393
1319,0.19459683,0.5648597,0.087666124,0.020208081,0.019471472,0.019506898,0.08804309,0.0056477617
1320,0.18960443,0.34930563,0.16672525,0.13139378,0.07704784,0.021320943,0.055010464,0.009591647
1321,0.18688774,0.44965142,0.08368682,0.064645156,0.12837765,0.0026575846,0.070737675,0.013355902
1322,0.19267969,0.44061494,0.08281791,0.06996256,0.12372078,0.0035980989,0.07342395,0.013182054
1323,0.2284182,0.53990656,0.03902904,0.06109407,0.041785836,0.01246274,0.07107051,0.0062330198
1324,0.22905739,0.54038036,0.038684633,0.061126564,0.041482914,0.01238025,0.070667975,0.0062199607
1325,0.19814537,0.39561215,0.14500102,0.03752995,0.030968335,0.08185151,0.09927897,0.011612736
1326,0.24196856,0.5371374,0.041042052,0.047563527,0.043073405,0.0058688554,0.07378706,0.009559172
1327,0.24196565,0.5371651,0.041037332,0.047556065,0.04306436,0.0058672326,0.0737851,0.009559129
1328,0.17384842,0.4602018,0.10375111,0.03642785,0.039274883,0.024891801,0.14879699,0.012807104
1329,0.21989596,0.33443144,0.09576606,0.07446566,0.1883869,0.002002364,0.06112122,0.023930427
1330,0.23986661,0.46958253,0.06793123,0.06860038,0.07216134,0.006728224,0.06666817,0.00846158
1331,0.23468992,0.47144133,0.06873336,0.0700368,0.07014016,0.009026544,0.06759229,0.0083396295
1332,0.24205463,0.46829706,0.06779695,0.069665246,0.076276064,0.005282382,0.062151507,0.008476138
1333,0.17946756,0.5861373,0.037902564,0.07275209,0.06160224,0.004023888,0.044281594,0.013832727
1334,0.12761027,0.49878365,0.09030234,0.13886291,0.058918856,0.012890059,0.064891085,0.007740932
1335,0.12215985,0.4922247,0.10109401,0.14547898,0.050607983,0.015908556,0.06612796,0.006397949
1336,0.20743302,0.52883136,0.048851077,0.07362239,0.073092766,0.0072678686,0.054327197,0.006574376
1337,0.103408456,0.5960283,0.117860824,0.10004596,0.033512108,0.0058343727,0.037954565,0.005355437
1338,0.10340787,0.5960187,0.11786727,0.10004861,0.033513892,0.005833905,0.037954055,0.0053557144
1339,0.22875819,0.6438639,0.007964173,0.018584326,0.013866565,0.0057552634,0.08063772,0.0005698653
1340,0.090588726,0.4186366,0.17634724,0.1596422,0.08624976,0.015821753,0.042305328,0.010408374
1341,0.1577526,0.7325967,0.003318544,0.030058254,0.047078583,0.0036320463,0.025320282,0.00024304989
1342,0.06474676,0.7242158,0.038615998,0.02078551,0.0046759257,0.13435195,0.0124320425,0.0001760105
1343,0.16470361,0.45384213,0.14522263,0.14864704,0.031145912,0.036516685,0.016884377,0.0030375714
1344,0.1514211,0.265085,0.16753343,0.2349032,0.044351194,0.047524318,0.07538229,0.0137994485
1345,0.13681856,0.546036,0.08837079,0.121951714,0.044641655,0.017619023,0.039013572,0.0055486667
1346,0.13643022,0.5487691,0.086962126,0.12022161,0.0450505,0.017385352,0.039639294,0.005541778
1347,0.10978052,0.5633713,0.09352276,0.1397638,0.03582865,0.010339357,0.044169527,0.0032240646
1348,0.10902,0.5618277,0.094485775,0.14076513,0.03639566,0.010224718,0.044002153,0.0032789062
1349,0.10885814,0.561389,0.09471975,0.14100918,0.036552854,0.010199386,0.043976944,0.0032947268
1350,0.23385581,0.4172122,0.060862932,0.10853096,0.099181876,0.012064508,0.055814028,0.012477796
1351,0.23384643,0.41720417,0.06086736,0.108533524,0.099186614,0.012065077,0.055818707,0.012478182
1352,0.22903441,0.42508525,0.060027998,0.10648041,0.098149456,0.011881444,0.056954704,0.0123862885
1353,0.20461707,0.5491933,0.052863847,0.056136068,0.039101128,0.014074205,0.07667736,0.0073370864
1354,0.22703935,0.5436979,0.03914851,0.05782116,0.040095706,0.012824229,0.07325947,0.0061136205
1355,0.19567955,0.5372099,0.050940987,0.065779634,0.04646826,0.014884858,0.08211056,0.006926221
1356,0.12721305,0.41905805,0.16934584,0.083864786,0.048646994,0.041903153,0.09677991,0.013188247
1357,0.19909514,0.5199486,0.057825517,0.070046246,0.06183224,0.010724995,0.07121069,0.009316555
1358,0.24920411,0.5531571,0.029727662,0.060532976,0.04371924,0.0042165383,0.049969316,0.009473108
1359,0.17381045,0.46023762,0.1038562,0.03661229,0.03940577,0.024834342,0.14844894,0.0127943475
1360,0.24233146,0.4477671,0.069349885,0.08680227,0.081156515,0.008000413,0.05533021,0.009262195
1361,0.23575482,0.46664912,0.0719311,0.07149659,0.07456303,0.007802931,0.06356953,0.008232867
1362,0.24314733,0.4650261,0.06936523,0.06940147,0.07614808,0.0054328977,0.06306445,0.008414467
1363,0.22002803,0.46243048,0.09607816,0.08295999,0.057794075,0.028678443,0.044762116,0.0072687394
1364,0.17770608,0.5799769,0.03964215,0.08797628,0.056728248,0.0061492403,0.042867195,0.008953875
1365,0.11744991,0.45886266,0.118312076,0.160076,0.055370837,0.016333448,0.06644267,0.0071524004
1366,0.12633699,0.5332263,0.08298031,0.12993214,0.044653933,0.014753439,0.06252838,0.0055885613
1367,0.11834838,0.463601,0.121908255,0.1535973,0.04989623,0.018869277,0.06727661,0.0065029054
1368,0.113985166,0.8018451,0.0066796355,0.012954451,0.0035363452,0.007012501,0.05372869,0.0002581731
1369,0.20939897,0.5498264,0.0054189353,0.008971078,0.009471433,0.0007105505,0.2152818,0.0009207904
1370,0.2921464,0.46258408,0.0066096736,0.011364333,0.0153381955,0.0016338117,0.20925349,0.001069981
1371,0.15841754,0.7282294,0.0032794585,0.031132123,0.04996778,0.0035644742,0.02515943,0.0002498164
1372,0.15601043,0.74339247,0.0031892785,0.027234793,0.040011883,0.0037116087,0.02623826,0.00021120821
1373,0.108673014,0.8289233,0.0064062355,0.009112971,0.007112716,0.008888576,0.030796599,8.6608896e-05
1374,0.07402437,0.7173938,0.052244965,0.024600003,0.0036433397,0.105910696,0.021915084,0.00026766065
1375,0.15233956,0.26657414,0.16525646,0.23478621,0.044977408,0.04706059,0.075252734,0.013752873
1376,0.13727355,0.5438032,0.08908809,0.12327648,0.044666775,0.017513463,0.03876716,0.0056112595
1377,0.13472334,0.53185666,0.09604079,0.12534696,0.04596486,0.019218678,0.041336298,0.0055124187
1378,0.10977717,0.56337607,0.09352441,0.13976456,0.035827875,0.010338661,0.044167373,0.0032239815
1379,0.10882489,0.5614168,0.09473952,0.1410229,0.036547087,0.010196423,0.04395839,0.003293909
1380,0.109274074,0.5622522,0.09418275,0.14046246,0.036233116,0.010260006,0.04407227,0.003263176
1381,0.16664049,0.50345296,0.07026206,0.12077765,0.06565616,0.010474387,0.055529412,0.00720696
1382,0.17367433,0.46472514,0.076902896,0.11520767,0.0839806,0.01993391,0.053474065,0.012101337
1383,0.17334658,0.46637562,0.07658735,0.11442885,0.08362599,0.019819899,0.05373926,0.012076513
1384,0.1682082,0.5539958,0.09905918,0.05701127,0.028574878,0.017206667,0.06800964,0.007934378
1385,0.2047039,0.550932,0.05252026,0.055106614,0.03826212,0.014159031,0.077078134,0.0072379247
1386,0.17840944,0.5278681,0.06122481,0.07003518,0.049217276,0.016933441,0.08873566,0.0075761173
1387,0.25434652,0.4122541,0.0830086,0.07460402,0.07853824,0.017871423,0.06576723,0.01360988
1388,0.24561419,0.46832713,0.052940935,0.07285815,0.07264712,0.010002646,0.067127466,0.010482415
1389,0.2615549,0.4416256,0.05496262,0.07560947,0.07700461,0.010428988,0.06757491,0.011238896
1390,0.2495163,0.55414087,0.029190432,0.060723756,0.043786228,0.004130831,0.049099352,0.009412222
1391,0.24110413,0.4476958,0.07003003,0.086475134,0.08079505,0.008310333,0.05629233,0.009297214
1392,0.22410204,0.4547667,0.098886065,0.08122814,0.059352335,0.029133683,0.045003213,0.0075278073
1393,0.22448927,0.4546255,0.09887596,0.08163449,0.059476156,0.029012563,0.044387307,0.007498729
1394,0.2205912,0.5146462,0.06887632,0.054636836,0.044998527,0.029433515,0.060975257,0.0058420976
1395,0.22295773,0.5049603,0.06133942,0.09067185,0.062026817,0.012227034,0.04052941,0.0052874084
1396,0.119657926,0.47487462,0.1073118,0.15495026,0.055098664,0.015053857,0.06601405,0.00703878
1397,0.121057965,0.4956547,0.10001066,0.14536034,0.050306045,0.015529072,0.06570299,0.006378268
1398,0.118661724,0.4921942,0.11003297,0.1424246,0.04504295,0.018683782,0.06711633,0.0058434387
1399,0.11432373,0.8027356,0.004101264,0.008819408,0.003064755,0.0037914924,0.06296491,0.00019888025
1400,0.19718096,0.57052886,0.0054343906,0.008697433,0.008623832,0.0006721172,0.20798485,0.00087761943
1401,0.09518581,0.8685806,0.0057733734,0.008033299,0.0055717863,0.0037798558,0.013015333,6.0005157e-05
1402,0.19184294,0.5239707,0.05299042,0.11367515,0.06638093,0.011723808,0.034404203,0.005011831
1403,0.19190007,0.5244848,0.052828647,0.11346105,0.06612427,0.011725655,0.03448883,0.0049866433
1404,0.13746688,0.5439069,0.08912391,0.123591155,0.044516444,0.017261209,0.038517497,0.0056159524
1405,0.12570173,0.44697034,0.15190385,0.14171323,0.045421425,0.026569363,0.055691496,0.006028582
1406,0.10901885,0.56182885,0.094486326,0.14076541,0.036395427,0.01022454,0.044001658,0.0032788813
1407,0.10851538,0.56069195,0.095162444,0.14145371,0.036810573,0.010150632,0.043894872,0.003320461
1408,0.17136356,0.45619285,0.095595375,0.110308185,0.05732833,0.018707601,0.08350407,0.006999972
1409,0.1736733,0.46472543,0.07690223,0.11520806,0.083983555,0.019934058,0.053471137,0.0121022
1410,0.17366292,0.4647194,0.07690661,0.11521318,0.08398301,0.019936312,0.05347689,0.012101634
1411,0.16670775,0.47205546,0.07904541,0.1150998,0.080754206,0.020976022,0.05337373,0.011987667
1412,0.16969189,0.5593726,0.09643436,0.053231854,0.02736765,0.017064938,0.069148034,0.0076886425
1413,0.20252752,0.61275727,0.03898879,0.020983895,0.011863743,0.016136164,0.09347969,0.003262882
1414,0.24040714,0.41899058,0.0888143,0.07417358,0.07782893,0.019189935,0.06686258,0.013733001
1415,0.2360247,0.4945745,0.04875253,0.07005715,0.06704242,0.009306542,0.06465438,0.009587877
1416,0.26484206,0.46891055,0.044479176,0.07330355,0.070298776,0.008433313,0.05988805,0.009844461
1417,0.15379137,0.42329547,0.20266841,0.06966101,0.034027055,0.056591764,0.049267486,0.01069746
1418,0.16175114,0.41620436,0.1280034,0.1054535,0.06757683,0.010267446,0.099672444,0.011070866
1419,0.1971095,0.50460595,0.071860276,0.064100996,0.06912353,0.026374113,0.05954446,0.00728121
1420,0.20247321,0.50773615,0.07208935,0.060169127,0.060060937,0.028716823,0.06188464,0.006869722
1421,0.19282866,0.4964043,0.06689503,0.074962884,0.08948546,0.019349072,0.05221042,0.00786414
1422,0.22104949,0.5057157,0.062913194,0.09076579,0.061930705,0.012053843,0.04044529,0.0051259217
1423,0.1372781,0.6140748,0.08302763,0.08112661,0.020850694,0.021947207,0.038961403,0.0027335105
1424,0.102699384,0.19826685,0.10473919,0.45656314,0.03908203,0.08316362,0.006840098,0.008645662
1425,0.10818739,0.68950063,0.03129543,0.03548152,0.005861306,0.008675507,0.1197167,0.0012815673
1426,0.23175184,0.5032635,0.0054011103,0.009291005,0.011102832,0.00073690875,0.23739052,0.001062288
1427,0.09196484,0.87125635,0.003800202,0.0068160254,0.0048322594,0.0013664974,0.01991438,4.9472033e-05
1428,0.20622042,0.6558798,0.0070880507,0.019493202,0.01675693,0.0009447925,0.09323894,0.00037786685
1429,0.15302701,0.61328936,0.07380474,0.071367614,0.02196266,0.020861605,0.043636005,0.002051063
1430,0.14833546,0.58010733,0.08067405,0.101661235,0.029740049,0.019742668,0.037156664,0.0025825915
1431,0.122313134,0.54635084,0.092412785,0.15558665,0.033393122,0.012664513,0.034069344,0.00320956
1432,0.15625145,0.36766708,0.15258431,0.18755962,0.062013526,0.02006259,0.04564799,0.008213442
1433,0.1836368,0.31209466,0.1778151,0.16024312,0.08432553,0.021864219,0.046689264,0.013331317
1434,0.1669612,0.47030187,0.07943102,0.11596723,0.08113055,0.021128232,0.053068813,0.012011119
1435,0.16696142,0.47030178,0.07943021,0.115968354,0.08112982,0.021128349,0.05306909,0.012011003
1436,0.13399304,0.39756855,0.10867126,0.14334823,0.07116061,0.037202463,0.09738204,0.010673797
1437,0.153296,0.50173855,0.07346881,0.12333859,0.03817858,0.029871935,0.074044,0.0060635423
1438,0.16504163,0.57911175,0.06522033,0.07667687,0.0203267,0.025528075,0.06435698,0.0037376003
1439,0.18902002,0.59903,0.035975486,0.06677482,0.042328987,0.011098038,0.050899103,0.004873524
1440,0.25860113,0.4639428,0.05341077,0.07457249,0.06511017,0.015905613,0.059228867,0.009228116
1441,0.23039998,0.52368325,0.04374085,0.07485027,0.048625503,0.016538149,0.055769984,0.006391998
1442,0.20484288,0.572957,0.03964552,0.075629115,0.032827213,0.01855569,0.051037237,0.004505364
1443,0.2163226,0.65237504,0.047066975,0.01576918,0.008408791,0.010360409,0.04833123,0.0013658726
1444,0.18464409,0.49512297,0.0708841,0.07554627,0.090116605,0.022033159,0.052911494,0.00874132
1445,0.1848412,0.49555916,0.07071377,0.07529517,0.09001454,0.021988688,0.05287065,0.008716801
1446,0.13981935,0.49666545,0.109835744,0.12333496,0.054833308,0.026937835,0.043160677,0.0054126494
1447,0.13641271,0.77749056,0.026836561,0.015293586,0.021524427,0.008906635,0.012127903,0.0014076722
1448,0.13842137,0.7770363,0.025975583,0.014550604,0.02177705,0.008534396,0.012291,0.0014136786
1449,0.058687687,0.716634,0.0606467,0.05573329,0.00529507,0.016498936,0.08461109,0.0018932422
1450,0.10269403,0.6746923,0.014919185,0.01769836,0.0051685455,0.003729538,0.18021162,0.0008864722
1451,0.15124339,0.7094317,0.025186606,0.0075537777,0.0052469713,0.0040968573,0.09672823,0.00051240873
1452,0.14833708,0.70908624,0.028842652,0.009300338,0.005592337,0.0046667075,0.09359599,0.00057867775
1453,0.14895636,0.7094789,0.027857238,0.008822102,0.0055001723,0.0045158225,0.0943096,0.00055984757
1454,0.08422931,0.6079648,0.09729426,0.13146798,0.018417569,0.006488028,0.05080688,0.0033311208
1455,0.14312433,0.36746436,0.15764137,0.2179548,0.048148654,0.019389397,0.039729822,0.0065473677
1456,0.14311592,0.36774695,0.15761672,0.21775137,0.04813641,0.019380465,0.039725974,0.0065261675
1457,0.13954559,0.40533647,0.12097354,0.12968011,0.07111101,0.032284174,0.08922347,0.011845639
1458,0.1395444,0.40533584,0.120976776,0.12967621,0.07110747,0.032287557,0.08922628,0.011845361
1459,0.1558057,0.36685774,0.14463113,0.15561906,0.06503173,0.037814755,0.057380676,0.016859287
1460,0.14756633,0.7325534,0.05125722,0.021738248,0.0045963028,0.017415468,0.02346325,0.0014097705
1461,0.17461097,0.5921426,0.049815785,0.071058504,0.028074559,0.012389058,0.067588314,0.0043201623
1462,0.110818796,0.34652925,0.10840498,0.30099413,0.03696914,0.020899331,0.0674137,0.007970666
1463,0.20350035,0.57522845,0.039495874,0.074789114,0.03350785,0.01774231,0.051209033,0.0045270394
1464,0.2026375,0.5754752,0.0399387,0.07481349,0.033826075,0.017644867,0.051077146,0.004587019
1465,0.20434219,0.5731741,0.039872807,0.07562266,0.033014238,0.018484777,0.050951686,0.0045375153
1466,0.16606292,0.56763583,0.08478965,0.08816381,0.021865727,0.017563548,0.050382495,0.003536045
1467,0.1953543,0.669983,0.05145294,0.022795836,0.0074570593,0.012452809,0.03948039,0.0010236066
1468,0.11075273,0.5058896,0.12316393,0.14541647,0.0377403,0.020899657,0.051519293,0.0046180054
1469,0.10170976,0.41944626,0.15174219,0.18553151,0.053841192,0.021382017,0.05855208,0.0077949255
1470,0.13607407,0.7804119,0.025380705,0.014822571,0.0216552,0.008433057,0.011867172,0.0013553115
1471,0.13373633,0.78301746,0.02527566,0.015227017,0.021384107,0.008483658,0.011563155,0.0013126644
1472,0.1360792,0.7804102,0.02538001,0.014821074,0.021655375,0.008431812,0.011867086,0.0013553317
1473,0.14892296,0.7095457,0.027799062,0.0087952055,0.0054977685,0.004494853,0.09438634,0.00055817835
1474,0.0905313,0.728544,0.057825554,0.058659412,0.009701258,0.008402562,0.04492885,0.0014070853
1475,0.108208865,0.8103624,0.0070484667,0.009863391,0.0076238182,0.004601876,0.05193928,0.0003520137
1476,0.1170253,0.79309684,0.011168276,0.012633492,0.008065828,0.0058500925,0.051702023,0.00045814988
1477,0.14884108,0.60850984,0.07875018,0.053662907,0.023834774,0.02461249,0.05835407,0.003434673
1478,0.151546,0.44115984,0.11729809,0.13092285,0.056734394,0.024049163,0.06791849,0.0103712035
1479,0.14258614,0.37153995,0.1533301,0.16836247,0.056002844,0.03976027,0.055922896,0.012495245
1480,0.14556178,0.35071543,0.15953797,0.17395093,0.05873885,0.045317177,0.05188225,0.014295618
1481,0.10797812,0.5980601,0.08412955,0.13321345,0.018214077,0.015199608,0.03883664,0.004368472
1482,0.10740733,0.43728155,0.101878285,0.23613326,0.02937635,0.018244637,0.06253858,0.0071400306
1483,0.11305458,0.3549069,0.09964595,0.2968147,0.041229982,0.021512615,0.06499517,0.007840115
1484,0.20432647,0.5731474,0.039879918,0.07564395,0.03301748,0.018486362,0.050960146,0.004538223
1485,0.20458947,0.57306504,0.039759938,0.075628124,0.032922454,0.018519865,0.050993558,0.0045215925
1486,0.19863416,0.5290994,0.07418139,0.07178436,0.047603473,0.013686249,0.057063762,0.007947211
1487,0.08602521,0.75001234,0.10522957,0.042989627,0.0052802977,0.0050846552,0.0047101593,0.0006681697
1488,0.12037197,0.6440392,0.077142484,0.1016373,0.008289728,0.030591585,0.01741377,0.0005138859
1489,0.11706507,0.6464904,0.0747965,0.10395962,0.008431084,0.03234583,0.016412891,0.00049857417
1490,0.1360771,0.7804104,0.025380554,0.014821817,0.021655133,0.008432593,0.011867009,0.0013553128
1491,0.13838404,0.77781576,0.025494348,0.014431319,0.021912687,0.008382842,0.012180207,0.0013987664
1492,0.1120657,0.8014376,0.009166792,0.011334572,0.008028676,0.0061791106,0.051365502,0.00042201544
1493,0.12252117,0.77998334,0.014069061,0.014375162,0.00846185,0.0067334655,0.053311717,0.0005441837
1494,0.11851914,0.78667086,0.01249977,0.013341095,0.008414157,0.0065781623,0.053478293,0.00049848185
1495,0.13531634,0.74644715,0.020546103,0.017864894,0.009211051,0.0058326814,0.06409215,0.00068964576
1496,0.1994285,0.58318883,0.06720951,0.06012949,0.037035715,0.007307756,0.043198097,0.0025021168
1497,0.17724828,0.69687736,0.010838705,0.037622903,0.013613974,0.0026927849,0.060725935,0.00038004672
1498,0.1825551,0.65206844,0.015915437,0.10129873,0.01384312,0.0046662763,0.02926825,0.00038464981
1499,0.11325935,0.8319645,0.0018619933,0.012891519,0.0057076253,0.004444576,0.029785844,8.461608e-05
1500,0.12997922,0.45396054,0.02575896,0.22346568,0.113860056,0.020834891,0.025371749,0.00676889
1501,0.19834419,0.52948064,0.07410218,0.071896486,0.04765648,0.013702224,0.056884617,0.007933268
1502,0.19834498,0.5294733,0.07410393,0.0718985,0.04765847,0.013702018,0.056885228,0.007933537
1503,0.086007915,0.7500938,0.10521491,0.042957343,0.005279065,0.0050742137,0.0047047404,0.00066801807
1504,0.08601205,0.7500747,0.105218075,0.042965263,0.005279354,0.0050765583,0.004705937,0.00066803524
1505,0.08601659,0.7500579,0.1052191,0.04297296,0.005279659,0.005078724,0.004707033,0.0006680418
1506,0.11856681,0.6429975,0.07659199,0.104761794,0.008408341,0.031482086,0.016689828,0.0005016155
1507,0.12038085,0.7858719,0.012119517,0.013236462,0.008412865,0.0053424365,0.0541444,0.00049151806
1508,0.16593687,0.6578104,0.033352632,0.027872887,0.011550262,0.001807003,0.10066673,0.0010032073
1509,0.07118414,0.8989027,0.0013652726,0.00903724,0.0031919952,0.00031213212,0.015980588,2.5875494e-05
1510,0.1748653,0.7039389,0.0069663613,0.033600435,0.012359619,0.0020016665,0.06599843,0.0002692256
1511,0.11891872,0.7764982,0.0020270047,0.030081198,0.0066412534,0.0018960377,0.0638424,9.519279e-05
1512,0.14549252,0.7517685,0.0010410715,0.004291499,0.0049404562,0.0014280569,0.09095059,8.7180764e-05
1513,0.15850931,0.73937577,0.00068395457,0.0026271273,0.004561659,0.0010999484,0.09306727,7.490721e-05
1514,0.16018713,0.7323463,0.00071395055,0.0027231085,0.0046650083,0.0011069304,0.09817724,8.030317e-05
1515,0.15839513,0.7417766,0.0006699423,0.0025595885,0.0045067784,0.0010909069,0.09092836,7.268867e-05
1516,0.086007915,0.7500938,0.10521493,0.042957343,0.005279068,0.0050742137,0.0047047404,0.00066801807
1517,0.08600828,0.7500961,0.10521281,0.0429571,0.005279078,0.0050740303,0.0047046356,0.0006680061
1518,0.086012416,0.75007695,0.105216,0.042965043,0.0052793687,0.005076377,0.0047058347,0.00066802447
1519,0.15885,0.73948014,0.00068998296,0.0026159144,0.004574147,0.001102593,0.09261175,7.544883e-05
