,endothelial cell,epithelial cell of proximal tubule,kidney collecting duct epithelial cell,kidney distal convoluted tubule epithelial cell,kidney loop of Henle epithelial cell,podocyte,immune cell,pericyte
0,0.007586195,0.99084926,8.496756e-05,0.00035534165,1.4104868e-05,0.00056416716,0.0005459042,8.870214e-08
1,0.022845306,0.881059,0.0062297196,0.006043361,3.6042275e-05,0.0258632,0.05792198,1.4293441e-06
2,0.105714284,0.84155285,0.0031267945,0.0048584137,0.00017543347,0.043243367,0.0013005065,2.8234901e-05
3,0.17993353,0.57259285,0.027926456,0.04264574,0.0024447371,0.14718263,0.024470981,0.0028030793
4,0.19266139,0.53095514,0.009994142,0.007828291,5.1881398e-05,0.20725137,0.050887477,0.00037026557
5,0.012159382,0.6870172,0.12736012,0.092558734,0.07775942,0.0005092988,0.002515613,0.00012015057
6,0.06424501,0.91989243,0.0020309668,0.0050210473,4.0804738e-05,0.0010840094,0.0076850615,6.136635e-07
7,0.10971361,0.49855918,0.0585364,0.20264018,0.044314384,0.03154324,0.05458403,0.000109016
8,0.0110520525,0.9868428,0.00016144599,0.0003549528,0.00020503705,0.0003143396,0.001055245,1.4109894e-05
9,0.11012313,0.83266664,0.015339981,0.016991515,0.0039601275,0.003499324,0.017292611,0.000126688
10,0.123326376,0.5838051,0.021610854,0.09953791,0.03944561,0.11194243,0.018391652,0.0019400661
11,0.17927013,0.6948011,0.002489061,0.030057862,0.06781955,0.00374389,0.02178282,3.5590216e-05
12,0.03823606,0.86107856,0.009257174,0.037222188,0.04797459,0.0009884883,0.005233532,9.3779945e-06
13,0.07999327,0.8768168,0.0022627495,0.021672133,0.004318467,0.00246044,0.0124702845,5.849147e-06
14,0.072641544,0.7705381,0.011277822,0.08233723,0.05437167,0.0006328192,0.00817549,2.5298827e-05
15,0.07052788,0.8630077,0.0009199395,0.05686863,0.0074442066,0.00011656625,0.0011140726,1.0522123e-06
16,0.10233918,0.78444254,0.023632083,0.05656708,0.009245919,0.0012570125,0.022498483,1.7621602e-05
17,0.0007934969,0.99713683,2.1085772e-05,0.00069580023,8.567294e-07,0.00077998417,0.0005719723,4.7643844e-09
18,0.18646291,0.23270202,0.011354098,0.27202493,0.07806598,0.20679067,0.01037727,0.0022220758
19,0.18490873,0.72218317,0.0059691393,0.036216453,0.009599948,0.0035903072,0.03669392,0.00083829724
20,0.2564344,0.5656706,0.004772562,0.07571949,0.034977246,0.0009012915,0.060477685,0.0010466516
21,0.21350805,0.6665608,0.00062035286,0.06340168,0.050013278,0.00092410983,0.0048885737,8.3055886e-05
22,0.10263355,0.688279,0.005092558,0.11831678,0.046043903,0.00066735235,0.03892067,4.6156267e-05
23,0.22256237,0.6855776,0.0037222581,0.032789532,0.0027116279,0.00095610454,0.051404912,0.0002756354
24,0.1848575,0.76993185,0.0040092226,0.02983474,0.0019406354,0.0031126118,0.0061774994,0.00013591297
25,0.18835731,0.5211585,0.0026126895,0.07753254,0.17475931,0.013776372,0.02132333,0.00047998474
26,0.012441161,0.64963317,0.004560317,0.041384976,3.0364458e-06,0.29059955,0.001343845,3.394713e-05
27,0.06308967,0.70343107,0.0029505345,0.031836186,5.513554e-05,0.19693322,0.0016732593,3.0904157e-05
28,0.0029638682,0.9649486,0.0008355221,0.028951757,0.0013017737,0.00044141302,0.00055527873,1.794971e-06
29,0.08905119,0.90467125,4.4906446e-05,0.0045845816,7.484245e-05,0.00019255956,0.0013805932,7.8231736e-08
30,0.19255137,0.58070546,0.051122718,0.105534956,0.05660207,0.0009183975,0.01193561,0.00062937784
31,0.16279683,0.5617353,0.024318172,0.09034237,0.002916462,0.008466485,0.14791963,0.0015047925
32,0.2356895,0.495621,0.010733768,0.036537807,0.17769766,0.0015646861,0.03655325,0.005602416
33,0.2080311,0.511174,0.032978762,0.055399947,0.13124724,0.0011048693,0.044327192,0.015736856
34,0.19888231,0.46575555,0.03720183,0.08114024,0.14621046,0.0015596948,0.054863494,0.014386439
35,0.2354739,0.58167994,0.023809485,0.06209449,0.04081255,0.0011477267,0.04318889,0.011792993
36,0.2374475,0.549888,0.042623054,0.031376645,0.09615153,0.001442683,0.030056328,0.011014176
37,0.2065667,0.49511197,0.080152884,0.07364138,0.08389566,0.0021101185,0.047251213,0.011270109
38,0.1269831,0.7648046,0.00058743317,0.060422197,0.0028974724,0.00053483585,0.043748662,2.1739754e-05
39,0.20112824,0.6360036,0.0074167564,0.025992284,4.5618624e-05,0.012057109,0.11727969,7.667128e-05
40,0.18405384,0.7174877,0.005773169,0.017369062,0.00028451227,0.029631488,0.045334525,6.572658e-05
41,0.15452828,0.77628946,0.0016331087,0.043552358,0.007630849,0.0015248668,0.014833646,7.4305467e-06
42,0.1634942,0.64759433,0.023942126,0.055254184,0.08235647,0.0024291824,0.024783343,0.00014617383
43,0.014329015,0.0023239495,0.014875818,0.0019033059,0.0021505773,0.00039566835,0.9640094,1.22704805e-05
44,0.25635272,0.66211534,0.0006955674,0.070180945,0.0036812646,0.00029687074,0.0066580395,1.9255192e-05
45,0.21860996,0.49257815,0.0658756,0.061250973,0.11824419,0.0010030313,0.034380645,0.008057437
46,0.20489937,0.634863,0.008240031,0.077782005,0.034063008,0.0019025874,0.037701856,0.0005481362
47,0.25127044,0.5557852,0.02417585,0.053203072,0.061693437,0.0005784657,0.03884631,0.014447209
48,0.21946058,0.60777104,0.032558315,0.05284214,0.025827672,0.0010413557,0.043398548,0.017100282
49,0.20903866,0.55452204,0.022382436,0.07441111,0.09427067,0.0005735964,0.03534323,0.009458237
50,0.20057675,0.46188575,0.07297353,0.04444716,0.14093095,0.0021140266,0.05453776,0.022534091
51,0.21689716,0.52338547,0.045783408,0.022808343,0.10386581,0.0030966257,0.06364938,0.020513816
52,0.23416369,0.5958335,0.031476565,0.043962777,0.013021954,0.0015440444,0.064854115,0.01514343
53,0.24557383,0.55919266,0.020736258,0.08649132,0.0055395076,0.0041596326,0.07200442,0.0063023823
54,0.20750408,0.5195253,0.022927126,0.13749745,0.010949262,0.01102675,0.08510792,0.0054620667
55,0.202132,0.5608315,0.024450792,0.09931144,0.02066836,0.0056130495,0.07988271,0.007110155
56,0.2289004,0.60688716,0.014933113,0.036872827,0.074504144,0.0052348156,0.031158656,0.0015089482
57,0.070849925,0.9038807,0.0019494015,0.008156942,0.00020638962,0.0008200745,0.01413521,1.3787054e-06
58,0.18211192,0.8086317,0.00011507889,0.0011504763,0.0001210109,0.00038591473,0.007480158,3.7758946e-06
59,0.26801735,0.5952051,0.010109709,0.048854776,0.032191794,0.0009490661,0.031617325,0.013054821
60,0.2021418,0.5254949,0.07104594,0.054051474,0.087830245,0.0017631061,0.040015582,0.017657032
61,0.24341384,0.60508335,0.019412374,0.034487676,0.039172124,0.0015984802,0.040895633,0.015936486
62,0.2337314,0.52065605,0.04175355,0.040023025,0.09411224,0.0022930447,0.054510772,0.012919896
63,0.19879094,0.5556784,0.04136808,0.05106671,0.07818648,0.000819558,0.054958716,0.019131113
64,0.22144958,0.51885724,0.04647038,0.024506649,0.1250603,0.002227871,0.04562147,0.015806522
65,0.2223257,0.5675362,0.02710058,0.030331949,0.083892025,0.0022928095,0.05495687,0.011563969
66,0.24794191,0.5934116,0.022700382,0.022959603,0.06227481,0.0012277197,0.03820121,0.011282711
67,0.22759642,0.5226202,0.05028132,0.030323943,0.077689715,0.0022244917,0.07100897,0.018254971
68,0.20851824,0.5425386,0.026770057,0.07900323,0.088250585,0.0007228214,0.043599296,0.0105971005
69,0.23049332,0.46648496,0.04482257,0.01968092,0.17280659,0.002646839,0.04967613,0.013388723
70,0.17959017,0.35864106,0.089951724,0.0964048,0.2199301,0.0029836327,0.0384141,0.014084434
71,0.13971426,0.6859542,0.010158147,0.08095278,0.023935562,0.004532713,0.054499,0.00025327667
72,0.10996259,0.5403009,0.041001458,0.12287763,0.080131255,0.037618928,0.06718866,0.0009185969
73,0.15076926,0.6909152,0.025960661,0.044612065,0.004672212,0.05635995,0.026634295,7.638095e-05
74,0.17572694,0.8132245,0.000254033,0.007782038,4.987509e-05,0.0004025813,0.002559502,5.549872e-07
75,0.249838,0.58304393,0.029445555,0.0514378,0.051360443,0.0017482003,0.02807812,0.005047949
76,0.26596734,0.60355747,0.024332821,0.03816048,0.025067363,0.0011942241,0.027010746,0.014709588
77,0.21509129,0.5972276,0.025036106,0.05258909,0.04885461,0.0012898986,0.03785874,0.02205266
78,0.20325565,0.45791957,0.07092889,0.056070715,0.14338125,0.0012540742,0.04533164,0.021858133
79,0.23974101,0.45712325,0.072553575,0.022744795,0.11842539,0.007463528,0.062332284,0.019616153
80,0.20777439,0.147918,0.091212526,0.08025357,0.3157053,0.0060355146,0.09849061,0.05261009
81,0.21513022,0.44099548,0.045611482,0.05051039,0.17352033,0.0023196412,0.05111273,0.020799747
82,0.1916778,0.504206,0.053557012,0.08119474,0.09865018,0.0012386983,0.046669036,0.022806458
83,0.20446725,0.57667696,0.042893603,0.04483097,0.058428228,0.0023863928,0.05103857,0.019278117
84,0.22041655,0.42761254,0.07139155,0.031932734,0.14179468,0.0033026417,0.07902919,0.024520097
85,0.192302,0.53819084,0.02764576,0.07711349,0.116365224,0.0006942728,0.03334375,0.014344608
86,0.214715,0.46889564,0.043167546,0.06987106,0.14701657,0.0014323835,0.03510362,0.019798199
87,0.21613352,0.5978534,0.046728134,0.057163958,0.012870384,0.002145832,0.054822374,0.012282426
88,0.1838463,0.5747702,0.032682758,0.06962946,0.06934409,0.0024639168,0.06578145,0.00148187
89,0.0793863,0.66549623,0.04206013,0.10055629,0.040558938,0.013112801,0.058454443,0.00037489546
90,0.11744188,0.58566445,0.033211272,0.1440875,0.0049325195,0.0067925653,0.10782922,4.0585754e-05
91,0.03537995,0.3713645,0.008335664,0.05012933,0.25031063,0.002562199,0.28169385,0.00022383934
92,0.0017824088,0.9961438,2.3010714e-06,0.0018661811,2.7024432e-06,5.6684432e-05,0.00014583489,5.557688e-10
93,0.2549745,0.5092858,0.03482785,0.049520854,0.0017377611,0.104104355,0.042777233,0.002771635
94,0.22638777,0.5364812,0.02164894,0.06015057,0.1079992,0.0015406583,0.035794497,0.009997206
95,0.25016198,0.5703191,0.028658655,0.014661193,0.07031814,0.0024998435,0.045353554,0.018027542
96,0.21503219,0.51423997,0.055724226,0.04884369,0.080065705,0.0027450381,0.052844256,0.03050488
97,0.21120061,0.058919508,0.11157295,0.058578562,0.3876582,0.005846318,0.10569621,0.060527593
98,0.19140214,0.18101117,0.11412775,0.032977644,0.2905774,0.0063595315,0.09633633,0.087208025
99,0.1999272,0.0043821107,0.09483437,0.059581414,0.44739714,0.005463046,0.13074295,0.057671715
100,0.20934674,0.0044534747,0.11519317,0.041099336,0.46160087,0.008490893,0.092422344,0.06739309
101,0.19747773,0.22896814,0.10866428,0.04345,0.2508629,0.0072213924,0.08155631,0.08179924
102,0.22728588,0.5358166,0.022562545,0.02940646,0.12257859,0.0013300367,0.045763504,0.015256351
103,0.2356511,0.53825885,0.023794433,0.014956018,0.14436963,0.0019481438,0.029103355,0.011918451
104,0.20697758,0.5349857,0.056845777,0.05270254,0.09446336,0.001187139,0.03733447,0.015503443
105,0.25512603,0.54742044,0.031235693,0.026196223,0.09649237,0.0016931077,0.031295154,0.010541056
106,0.2048415,0.43950984,0.07897183,0.050781403,0.12480196,0.009335058,0.06745479,0.024303664
107,0.13822429,0.552952,0.052789405,0.12847228,0.07106476,0.0035438978,0.051617764,0.001335662
108,0.09131516,0.4944518,0.089476,0.16892117,0.097013675,0.019994466,0.036988124,0.0018396139
109,0.11973653,0.3532519,0.09584995,0.2658114,0.015309182,0.0522739,0.0965198,0.0012473767
110,0.0017555704,0.98758227,0.00018534959,0.007895375,0.0002341145,0.0017433971,0.0006038116,8.183475e-08
111,0.004986837,0.07357144,0.011357616,0.0039737113,0.0014384526,0.0018956471,0.9027758,4.1006467e-07
112,0.15258868,0.6207095,0.03259535,0.0696741,0.005631168,0.0148302615,0.10371165,0.00025931557
113,0.16796932,0.14564815,0.16504793,0.21556784,0.08610402,0.076672524,0.13313454,0.009855604
114,0.2505773,0.59179187,0.021492163,0.031362448,0.045611158,0.0024673657,0.03815344,0.018544335
115,0.2157269,0.5959871,0.02454454,0.03957201,0.06096894,0.0011212348,0.047707777,0.014371527
116,0.2028548,0.3840464,0.07141863,0.06828571,0.19319913,0.0023256557,0.0538838,0.023985805
117,0.18490247,0.23477139,0.10256986,0.04694754,0.23765613,0.0089803785,0.09419036,0.089981884
118,0.19121206,0.0016803384,0.11385739,0.067724414,0.40820825,0.010667632,0.14178167,0.06486821
119,0.19085349,0.0035680071,0.144611,0.055948015,0.3798672,0.011819446,0.10765867,0.10567415
120,0.19674024,0.0029435565,0.10505173,0.05227388,0.47266537,0.0057840007,0.10849359,0.056047723
121,0.20391835,0.001574514,0.12768026,0.06831654,0.43681058,0.008542634,0.09385426,0.05930286
122,0.19770007,0.005256559,0.1264856,0.052313518,0.4194569,0.0071611945,0.10137518,0.090251
123,0.2114122,0.1480278,0.11397981,0.053247686,0.32272187,0.005554778,0.09046203,0.054593865
124,0.21072564,0.44939554,0.04160264,0.039744742,0.18766044,0.004055597,0.041015297,0.025800172
125,0.2001081,0.43943623,0.06813458,0.06924848,0.15003434,0.0017139622,0.051677253,0.01964697
126,0.24581546,0.6165935,0.02103589,0.027685795,0.031232713,0.001494789,0.036183454,0.019958418
127,0.1975983,0.51135284,0.028667727,0.10135467,0.109708615,0.0023500412,0.041781913,0.007185853
128,0.14985126,0.5594817,0.034018677,0.12059158,0.08974093,0.0026327374,0.04191715,0.0017659707
129,0.096177876,0.46555343,0.07937911,0.16394626,0.107491575,0.008232696,0.076466516,0.002752572
130,0.1363233,0.3465332,0.1126274,0.15065861,0.06308792,0.10027078,0.08393666,0.006562181
131,0.05083444,0.8298497,0.05411278,0.044832695,0.0032179046,0.0038184742,0.013314812,1.916415e-05
132,0.01017697,0.0002693518,0.17599796,0.0140836295,0.0036197067,0.015626073,0.78021604,1.0292039e-05
133,0.39514327,0.50071174,0.00015009646,0.10220792,0.0010487473,0.00023733708,0.00048626092,1.4615198e-05
134,0.1061313,0.7101683,0.01545202,0.11669069,0.026221953,0.0012766358,0.02401297,4.614068e-05
135,0.16001497,0.5938537,0.036063544,0.041886512,0.0016013471,0.10454306,0.059946787,0.0020899982
136,0.17059661,0.6854888,0.020368928,0.046882883,0.0007424355,0.007155128,0.06853312,0.00023211466
137,0.24560067,0.43992066,0.07129746,0.06746369,0.12041052,0.004043064,0.0380625,0.013201385
138,0.19389294,0.43840387,0.045793284,0.058598485,0.16393864,0.0029695085,0.06449257,0.03191069
139,0.18155888,0.0564853,0.14553225,0.05901266,0.3911833,0.009098032,0.08763516,0.06949435
140,0.15155648,0.0008233526,0.12035782,0.056330677,0.45548338,0.008391521,0.10108621,0.10597059
141,0.1891651,0.0006643992,0.10271657,0.06664186,0.47620457,0.0073214867,0.10291138,0.05437465
142,0.1860002,0.0042680264,0.14023633,0.042264383,0.37107295,0.013849699,0.11390819,0.12840024
143,0.18979552,0.0008978562,0.103621796,0.06268518,0.44176847,0.0066630123,0.1281753,0.06639285
144,0.22088987,0.0011215744,0.13334534,0.05717863,0.45103666,0.00906715,0.081940494,0.045420308
145,0.20119123,0.0022687581,0.12346758,0.054449994,0.47033647,0.006138524,0.08641295,0.055734515
146,0.18727893,0.09109576,0.13393942,0.03507365,0.38137582,0.006749008,0.10313906,0.061348364
147,0.23876859,0.39520454,0.04216547,0.016568733,0.230074,0.0042574443,0.058900256,0.014060909
148,0.20734884,0.5509068,0.020931395,0.0503645,0.11273067,0.0013111114,0.03870776,0.017699014
149,0.24985172,0.5701105,0.03143998,0.019585198,0.05279376,0.0027253889,0.056494493,0.016998975
150,0.25022155,0.54764944,0.019038016,0.02249434,0.1099443,0.0008568724,0.040237024,0.009558389
151,0.24990779,0.64263636,0.009088304,0.014510018,0.0507767,0.0016756121,0.028856065,0.002549161
152,0.16645645,0.7297441,0.008800124,0.015111512,0.027421683,0.0021604856,0.04993471,0.00037087628
153,0.104852654,0.49932614,0.042302396,0.10179609,0.12714677,0.027632466,0.09622874,0.0007147659
154,0.036375448,0.9257492,0.0074285325,0.008158738,0.0017354755,0.005259921,0.015291726,9.372018e-07
155,0.0019669523,0.64099795,0.013049449,0.0015351445,4.8915233e-05,0.024819285,0.31755406,2.8201184e-05
156,0.012771232,0.9849335,4.01388e-06,0.0013670009,0.00027326733,4.1381798e-05,0.0006094796,1.3944027e-07
157,0.0035096523,0.9937431,2.554575e-05,0.00015422644,2.617625e-06,1.822974e-05,0.0025465619,1.9367612e-09
158,0.011466122,0.681501,0.00042206718,0.13631168,0.16959421,0.00042520158,0.00027060293,9.131485e-06
159,0.07917591,0.728234,7.093981e-05,0.0831125,0.10641085,1.5124155e-05,0.002980478,1.9076242e-07
160,0.12521198,0.6533022,0.022611849,0.08819457,0.051217873,0.020068437,0.03887882,0.00051427
161,0.3001862,0.5382692,0.027346797,0.0612156,0.034542482,0.0019529228,0.028202625,0.008284144
162,0.23966782,0.5915916,0.014144305,0.080657564,0.04325978,0.0010223712,0.028840045,0.00081648875
163,0.15810668,0.6989842,0.019533083,0.04468401,0.0139229195,0.032088738,0.031991564,0.000688763
164,0.15139331,0.5761256,0.05964425,0.073971614,0.019857321,0.0134757785,0.102124624,0.0034074322
165,0.2719485,0.5503039,0.026911126,0.06183383,0.02098669,0.0025587345,0.05202353,0.013433694
166,0.1858653,0.22480237,0.114342585,0.05786471,0.28275204,0.004333062,0.0593003,0.07073966
167,0.17805019,0.002674182,0.16500354,0.052589234,0.45700988,0.009678848,0.09504051,0.03995361
168,0.17999658,0.0009413694,0.14016488,0.051928207,0.48893473,0.007311557,0.07538403,0.05533868
169,0.18738164,0.00036589906,0.124987,0.053708386,0.4808471,0.0071092523,0.074875176,0.07072555
170,0.18641928,0.0007094712,0.14114867,0.051659096,0.37715083,0.01350903,0.116374895,0.11302871
171,0.16508919,0.0013850691,0.13357429,0.047920823,0.3892073,0.011630575,0.110922724,0.14027007
172,0.19681434,0.0005802959,0.12927933,0.05640089,0.46407658,0.0070307455,0.08918888,0.056628965
173,0.20706849,0.002559956,0.13728735,0.04910355,0.4383861,0.0069192797,0.09513635,0.06353887
174,0.2040152,0.07133115,0.11819089,0.039344944,0.40655807,0.0072719217,0.08902438,0.0642634
175,0.21754846,0.42744043,0.057390943,0.02312912,0.20001754,0.0026658669,0.05091635,0.020891242
176,0.22481106,0.5752679,0.022252154,0.023370773,0.09631984,0.0015675093,0.039758645,0.016652085
177,0.23818177,0.5752449,0.025214706,0.018249081,0.08501258,0.001763295,0.040014267,0.016319364
178,0.24843544,0.6367096,0.009553341,0.016771253,0.06883939,0.0018419581,0.0068583917,0.010990632
179,0.19152902,0.597835,0.012154308,0.024769792,0.14096044,0.0025029383,0.0121815,0.018066943
180,0.1664612,0.7508572,0.012814753,0.01432435,0.001996418,0.0047447523,0.048610874,0.00019052903
181,0.105911896,0.661141,0.0958502,0.049625114,0.019358627,0.043303367,0.023894258,0.0009155104
182,0.07861204,0.8593739,0.017983457,0.008136512,0.0002173412,0.007584588,0.028082766,9.347277e-06
183,0.0057965848,0.7343719,0.0056293905,0.04948071,0.00024066892,0.053328928,0.15114881,2.9722946e-06
184,0.00032435285,0.99807596,1.1384344e-05,0.00071292854,1.7438688e-05,7.9579346e-05,0.0007783726,5.1350795e-09
185,0.01028462,0.9838515,2.9763807e-05,0.0012955624,5.4585057e-06,0.0001047368,0.0044284095,6.560274e-09
186,0.01672616,0.6735529,4.905041e-05,0.12448647,0.18362574,7.729735e-05,0.0014804928,1.8244652e-06
187,0.055732448,0.8126351,0.0074340827,0.089623146,0.024720043,0.0019972941,0.007853802,4.0586306e-06
188,0.082808435,0.89718074,6.575708e-05,0.014502255,0.00013127479,0.00018344159,0.005127905,2.4015353e-07
189,0.047569122,0.6066401,0.058701236,0.23198746,0.020119917,0.016722737,0.018181669,7.775494e-05
190,0.18229207,0.5040096,0.023577372,0.21369833,0.07101815,0.004215265,0.0011405037,4.8720594e-05
191,0.08978568,0.69965273,0.00051286345,0.13250537,0.07658582,9.9736004e-05,0.00085702335,7.7615255e-07
192,0.18267384,0.5710867,0.041288145,0.089455426,0.09656258,0.0009086578,0.017416477,0.00060816534
193,0.21402568,0.5509077,0.04321148,0.09079465,0.067027934,0.0019902254,0.03111021,0.00093210576
194,0.20548321,0.52888685,0.03252198,0.09828136,0.059848707,0.023135142,0.04929496,0.0025477584
195,0.25495613,0.52493197,0.023231022,0.12722033,0.040091503,0.0017923376,0.01876471,0.009012029
196,0.23143142,0.5540579,0.026835993,0.092955254,0.04092394,0.00049321726,0.041222073,0.012080129
197,0.29257527,0.58568776,0.012443706,0.023435581,0.022087798,0.0021570497,0.04857727,0.013035568
198,0.20713969,0.4706707,0.05177593,0.10206214,0.053146694,0.014792482,0.08699477,0.013417632
199,0.1604846,0.26410142,0.13247849,0.09416032,0.07799953,0.034963857,0.16996928,0.06584257
200,0.20462781,0.0054868297,0.12885539,0.052395526,0.45328608,0.005313103,0.080028,0.07000726
201,0.18406709,0.0037801655,0.16091102,0.050187692,0.40328002,0.011122211,0.09692991,0.089721866
202,0.1765292,0.0006814657,0.13998187,0.06966082,0.42928293,0.009699085,0.08998603,0.08417865
203,0.1660268,0.0013573603,0.13893957,0.06382466,0.42615232,0.009376296,0.09567258,0.09865037
204,0.16370131,0.001987537,0.13619962,0.05822693,0.42948624,0.009885644,0.103707984,0.096804686
205,0.2201198,0.0060692667,0.14391914,0.03874617,0.31713814,0.016519304,0.124908686,0.13257949
206,0.19956681,0.00077740074,0.1500652,0.0639947,0.43578947,0.008977844,0.08525529,0.055573236
207,0.2134141,0.008121351,0.15960157,0.051453743,0.32600275,0.015750999,0.11716067,0.10849484
208,0.22358319,0.03836149,0.14472784,0.043291923,0.37981036,0.010220866,0.09441192,0.06559248
209,0.22394319,0.37636158,0.067385554,0.03130364,0.21810406,0.0060081924,0.056559727,0.020334082
210,0.22428784,0.44431672,0.04223008,0.02666864,0.19135845,0.0017849135,0.054360844,0.01499243
211,0.21816963,0.48497546,0.06614657,0.06909751,0.1048468,0.0014117112,0.03432361,0.021028731
212,0.22092095,0.5359536,0.024412433,0.04181895,0.12194418,0.0011032112,0.041029103,0.012817556
213,0.27518588,0.52338797,0.01661111,0.021893809,0.1123716,0.0014068391,0.040003013,0.009139781
214,0.19162259,0.5712711,0.023474287,0.08846805,0.07845583,0.0031942541,0.041956447,0.0015574154
215,0.10099556,0.6173328,0.026501434,0.13418737,0.07612937,0.004557972,0.040074576,0.00022086737
216,0.02787405,0.91676503,0.018553605,0.033615682,0.0017284851,0.0004160321,0.0010439258,3.1324112e-06
217,0.017139018,0.96933645,0.0002462646,0.003286853,1.964715e-05,0.0010567124,0.008913574,1.5024875e-06
218,0.014666423,0.9483057,0.00016570151,0.00062159303,4.7786384e-06,0.0055111228,0.030724475,1.529221e-07
219,0.016028268,0.9215732,0.0005079776,0.0014196477,9.675724e-06,0.00044746255,0.06001364,1.3171451e-07
220,0.024792459,0.9597082,0.004375523,0.0077428995,0.00066969614,0.00060107774,0.0021090738,1.0608578e-06
221,0.07474672,0.48379257,0.09877042,0.13429569,0.052498814,0.12845251,0.026691135,0.0007520985
222,0.14299463,0.61223274,9.1694434e-05,0.16341686,0.08076341,3.827505e-05,0.00045816187,4.2374127e-06
223,0.03660338,0.8076932,0.01541714,0.09769973,0.03461786,0.0013124538,0.006643747,1.25738525e-05
224,0.16717482,0.76425534,0.00027015194,0.051145457,0.0029137854,0.0072717355,0.006948817,1.9853194e-05
225,0.10149953,0.53729135,0.11927812,0.12708719,0.07371039,0.0026027502,0.03714327,0.0013873581
226,0.062420458,0.6220667,0.12661332,0.06686686,0.009688081,0.013875394,0.097892955,0.0005762202
227,0.0874886,0.73605824,0.00085901923,0.15425438,0.009308296,0.0029904263,0.009035707,5.267716e-06
228,0.19866325,0.46697643,0.045349177,0.1170816,0.12572497,0.004559759,0.039674535,0.0019702818
229,0.2173277,0.39311644,0.05114366,0.1064534,0.1317817,0.0067639844,0.076287776,0.0171254
230,0.28533214,0.51152116,0.040435705,0.020506501,0.07656569,0.0035126123,0.05639529,0.0057308595
231,0.23548856,0.49002886,0.06501528,0.057056837,0.08845406,0.002335575,0.050661962,0.01095892
232,0.23174556,0.4297318,0.045505702,0.060397938,0.15448588,0.002812961,0.06351503,0.011805137
233,0.25762162,0.577258,0.025866777,0.013511236,0.060890436,0.0019086658,0.04307191,0.019871311
234,0.2547294,0.5109869,0.045865092,0.018180631,0.0720862,0.004667656,0.06949002,0.023994075
235,0.14953762,0.035072993,0.19829877,0.102278456,0.08826074,0.036997233,0.28323618,0.10631805
236,0.16891617,0.0021249016,0.1181066,0.059538253,0.452172,0.009641172,0.09989299,0.08960793
237,0.16720451,0.0011888937,0.1415621,0.04604513,0.3898505,0.012818283,0.10370009,0.13763043
238,0.17671642,0.00036050924,0.118432805,0.044050112,0.42068714,0.011294749,0.10453252,0.12392577
239,0.18725757,0.0006243905,0.15034664,0.050867833,0.38034323,0.012401973,0.10992988,0.10822854
240,0.17610176,0.00058916013,0.13371742,0.057754587,0.42555287,0.010250919,0.0923209,0.103712395
241,0.17832486,0.0011666873,0.14277212,0.05077454,0.41376847,0.010223241,0.107178755,0.095791265
242,0.19737779,0.0009159089,0.13894412,0.057515886,0.35517493,0.016650764,0.11991052,0.11351005
243,0.2019802,0.001577376,0.13275453,0.046261653,0.42104858,0.010274324,0.10256833,0.08353495
244,0.21228774,0.22473894,0.12589039,0.025488015,0.2450203,0.008160622,0.08613715,0.07227688
245,0.23773187,0.5867501,0.038318396,0.017261151,0.022622973,0.006355058,0.068194054,0.022766354
246,0.25604004,0.57385856,0.030645693,0.030196225,0.01869032,0.003723044,0.06576648,0.02107963
247,0.25908262,0.53227276,0.031201722,0.028423348,0.014918803,0.012160156,0.10470698,0.017233573
248,0.24483082,0.6895247,0.006111078,0.0046286173,0.00036290492,0.0034946185,0.048796143,0.0022511636
249,0.14490342,0.6247197,0.05980027,0.101053305,0.05644841,0.0016817906,0.008717463,0.0026756981
250,0.17100966,0.5952478,0.06168199,0.032925233,0.09082718,0.0034987722,0.043317962,0.0014914016
251,0.19520628,0.7030051,0.0033281767,0.004438709,0.04400785,0.0010788308,0.04884751,8.761065e-05
252,0.05773815,0.9227924,0.00026316356,0.0007816426,4.6903683e-06,0.00011079128,0.018309096,1.619937e-08
253,0.026105043,0.90563893,0.0021394815,0.006432443,1.2838433e-05,0.0010785115,0.058592293,3.8065502e-07
254,0.05011855,0.86069405,0.02313105,0.055340804,0.0047678812,0.0016539244,0.0042853896,8.371265e-06
255,0.014056224,0.221592,0.0034046276,0.23082125,9.824793e-05,0.52692634,0.0030209997,8.0343896e-05
256,0.08863766,0.7556494,0.012992592,0.09377971,0.043169927,0.0036402028,0.002092006,3.8548118e-05
257,0.0557316,0.8427331,0.009538272,0.056246348,0.025214056,0.004248391,0.0062528783,3.535428e-05
258,0.12308902,0.54716635,6.4661195e-05,0.28182578,0.04524903,0.002287383,0.00031485944,2.9381329e-06
259,0.10179452,0.5922101,0.033563647,0.10203934,0.072285555,0.03491537,0.06067315,0.002518375
260,0.23708312,0.62220293,0.0007362978,0.079572126,0.045178022,0.00017521414,0.015016058,3.6194087e-05
261,0.22432606,0.477708,0.027858896,0.07417378,0.07817542,0.062494338,0.049255244,0.0060082036
262,0.08359474,0.64632076,0.026297025,0.16843991,0.029252077,0.031524003,0.014250331,0.00032114756
263,0.10232785,0.78112894,0.013216374,0.0683118,0.004638692,0.004013044,0.026319796,4.349414e-05
264,0.19990343,0.43029967,0.06876572,0.07341052,0.030127253,0.035599116,0.14634219,0.015552113
265,0.29705048,0.45588157,0.0028787598,0.08774181,0.10749041,0.0005084263,0.046714056,0.0017344936
266,0.21730568,0.51675034,0.041557223,0.04681279,0.11936479,0.0017764353,0.043380257,0.013052463
267,0.21227217,0.5206805,0.054228585,0.07613896,0.084085174,0.0011592667,0.037007727,0.014427671
268,0.19592535,0.40714654,0.065154485,0.09304955,0.17740245,0.002313863,0.039195158,0.019812588
269,0.24222696,0.508093,0.05523534,0.024990143,0.10292018,0.0016700996,0.04489539,0.019968888
270,0.23953667,0.62126684,0.03332266,0.022876278,0.014772327,0.0014163641,0.04330618,0.023502719
271,0.14980336,0.13085717,0.16722621,0.10948437,0.10166814,0.024014581,0.20319103,0.11375508
272,0.18131308,0.0011434765,0.15395047,0.065201566,0.37027627,0.0160838,0.11636394,0.095667385
273,0.2090979,0.0019664231,0.14530812,0.054138795,0.3764084,0.015890842,0.11944083,0.077748656
274,0.1903101,0.00095939694,0.13821255,0.0474611,0.41125765,0.01228529,0.109125376,0.09038847
275,0.20354787,0.0017635223,0.14961194,0.057248253,0.34235555,0.01914116,0.11455991,0.1117718
276,0.17198846,0.000500266,0.1376399,0.060903035,0.40527764,0.013348039,0.10785353,0.102489114
277,0.19492392,0.004540572,0.14280774,0.040703427,0.45306936,0.008582002,0.08241987,0.07295314
278,0.20735084,0.005738642,0.15197983,0.046557203,0.33236104,0.017462017,0.11681295,0.121737465
279,0.19345793,0.0059209266,0.10307361,0.048160892,0.4720114,0.008863079,0.08767078,0.08084137
280,0.22278246,0.30021635,0.10330637,0.026987124,0.16832861,0.011113477,0.10280252,0.06446305
281,0.2545093,0.54111505,0.026056401,0.0137447985,0.075163655,0.004957171,0.06383646,0.02061727
282,0.24971794,0.504304,0.031187281,0.03949319,0.12457972,0.0023108576,0.038564637,0.0098423315
283,0.22938654,0.23424771,0.12380209,0.071604654,0.034573924,0.14061211,0.12704754,0.038725406
284,0.20229001,0.0481855,0.20597832,0.10286242,0.028148416,0.11233963,0.21833944,0.08185623
285,0.088574246,0.49493885,0.12298801,0.1325177,0.06041711,0.0082748,0.08663382,0.005655421
286,0.11878282,0.48997405,0.061388638,0.16082439,0.051291287,0.08017096,0.032716442,0.004851433
287,0.14151372,0.33749565,0.09632558,0.14029546,0.15819179,0.039103415,0.080957875,0.0061165635
288,0.10015717,0.73770314,0.025810907,0.0390455,0.0032723935,0.0067131435,0.08720969,8.8010114e-05
289,0.2635529,0.6109003,0.0034426565,0.03221189,6.77822e-05,0.0038199702,0.085768156,0.00023642251
290,0.02480963,0.9569653,0.00052917405,0.009108352,0.00012358458,0.0020287407,0.006434279,9.276491e-07
291,0.07318192,0.7962051,0.05514098,0.05372057,0.0040108,0.0043606306,0.013297535,8.2451326e-05
292,0.06247712,0.8532891,0.0005279166,0.038452942,0.00042208063,0.042065542,0.002739531,2.5730882e-05
293,0.109097496,0.59943545,0.069541276,0.13080905,0.07249927,0.00079445,0.017074576,0.000748388
294,0.061637636,0.81478995,0.022632495,0.06746046,0.005173949,0.0014337053,0.026861409,1.0418135e-05
295,0.21185932,0.47018105,0.0006808092,0.24820061,0.0048520225,0.06289557,0.0012998272,3.0746134e-05
296,0.005428941,0.8477381,0.016478896,0.020984313,0.00030255978,0.08081402,0.028250962,2.1876278e-06
297,0.3759895,0.42077342,0.00063352444,0.148398,0.0102564925,0.040650208,0.0030090073,0.0002898083
298,0.32485017,0.5854391,0.0014914072,0.025359588,0.047031194,0.00069300475,0.00966712,0.005468507
299,0.12002198,0.6174798,0.048097875,0.09806639,0.017217454,0.020921595,0.07743741,0.00075748295
300,0.14487831,0.71548086,0.020903965,0.0536366,0.035867143,0.0037564817,0.02527267,0.00020401145
301,0.09109791,0.47979966,0.07674587,0.20717047,0.06389039,0.009254228,0.070066825,0.0019746209
302,0.24610534,0.59172785,0.020912588,0.07756595,0.017377503,0.0006671531,0.033251584,0.012392104
303,0.2379068,0.4581632,0.03714187,0.03307209,0.1795124,0.0024527332,0.039651837,0.012099047
304,0.23985872,0.60068953,0.040905118,0.016470136,0.015175137,0.0049160244,0.062283885,0.019701479
305,0.20609197,0.3196905,0.10369932,0.04381489,0.2171731,0.004240125,0.063444585,0.04184544
306,0.21296304,0.32458636,0.11166338,0.030292444,0.2346908,0.003529602,0.049919333,0.03235508
307,0.21024896,0.5093717,0.0745693,0.027377147,0.087010086,0.0022869504,0.054484405,0.034651462
308,0.14276229,0.13595928,0.13506608,0.09699715,0.27375486,0.011194692,0.122512914,0.081752725
309,0.19227372,0.00020493977,0.13995783,0.046281002,0.4095575,0.015600318,0.11272828,0.08339642
310,0.19402106,0.00042343378,0.14225866,0.06445334,0.45345274,0.009044048,0.07482135,0.061525416
311,0.18944825,0.0002910896,0.13125616,0.06287561,0.42566663,0.0135577405,0.0932768,0.08362766
312,0.19874899,0.0007145409,0.14333285,0.05589319,0.4158675,0.010798995,0.09288013,0.08176376
313,0.1713323,0.00072664866,0.150376,0.05835607,0.3843815,0.012496882,0.10385414,0.11847646
314,0.17289855,0.0015089628,0.12375482,0.04328285,0.463972,0.0076913754,0.08423929,0.10265212
315,0.1905328,0.0019347353,0.1545006,0.04676383,0.4200819,0.008593788,0.08877412,0.088818155
316,0.1977781,0.0028075338,0.121326566,0.039309535,0.4635623,0.00957739,0.110031344,0.055607177
317,0.20873384,0.19471417,0.118372284,0.030291226,0.3166727,0.00467442,0.07600013,0.050541263
318,0.2242804,0.32669288,0.106837146,0.021943597,0.2157478,0.0032773307,0.07211405,0.029106766
319,0.24788664,0.54608154,0.02256222,0.009027174,0.11724015,0.0022413735,0.043986775,0.010974062
320,0.25055525,0.43518275,0.056357104,0.034044333,0.13477266,0.013943347,0.059257902,0.01588666
321,0.19075656,0.36902782,0.0875574,0.10719124,0.17499855,0.0028759616,0.046136502,0.021455998
322,0.15480967,0.5809226,0.07610468,0.04431866,0.102360845,0.0041722246,0.036241196,0.0010701572
323,0.11667209,0.61428005,0.037744306,0.069062255,0.012921965,0.07341526,0.07515894,0.0007451474
324,0.097548634,0.69933534,0.039447974,0.036038484,0.0029625173,0.060108434,0.06428491,0.0002737007
325,0.040793676,0.93108433,0.00072425505,0.0003574463,4.7154995e-06,0.0048050103,0.022229964,6.0076303e-07
326,0.057377603,0.77389085,0.009156503,0.0019104099,4.598207e-06,0.0035400086,0.15411553,4.4846743e-06
327,0.0008035497,0.9969392,7.316071e-06,0.0006244089,6.561606e-07,0.0015397316,8.514822e-05,2.533982e-08
328,0.11279203,0.4741788,0.055225186,0.15303667,0.0143264085,0.07138333,0.114373766,0.0046838433
329,0.06743377,0.7078408,0.015490982,0.0984612,0.083764315,0.00095043867,0.025901642,0.00015689249
330,0.14747977,0.633675,0.0010429361,0.1750576,0.038870633,0.00082726416,0.0030360632,1.0728696e-05
331,0.1517257,0.6035024,0.01693041,0.11147354,0.005585124,0.058961313,0.050457116,0.0013644118
332,0.16900192,0.6238056,0.020224575,0.054484583,0.03768557,0.047162745,0.045752354,0.001882678
333,0.31987914,0.48371872,0.0007617025,0.15418673,0.0024021638,0.03723627,0.0017054442,0.00010988339
334,0.023801316,0.80786633,0.012397096,0.1164085,0.027007034,0.003829388,0.008685509,4.8305474e-06
335,0.30570218,0.2693434,0.02147969,0.11829058,0.029732034,0.23111524,0.019527543,0.0048093027
336,0.26683432,0.4739588,0.0069762366,0.06997722,0.15444575,0.0010606301,0.023912158,0.0028348577
337,0.11884098,0.62680304,0.033169083,0.06844466,0.006768014,0.035137407,0.10706363,0.0037731847
338,0.101774916,0.6537961,0.00576381,0.118445024,0.09212185,0.0057999166,0.02214028,0.00015812072
339,0.2725771,0.5241541,0.0109699285,0.067946024,0.070831686,0.002435297,0.048335478,0.0027503588
340,0.21921046,0.564435,0.025249423,0.048414692,0.0722378,0.0014531607,0.051601365,0.017398115
341,0.24199216,0.5040707,0.0481608,0.023243576,0.10513872,0.0028634986,0.05975316,0.014777393
342,0.24237381,0.5176768,0.0467028,0.015849242,0.08762233,0.006173918,0.06800953,0.015591577
343,0.2138715,0.14004694,0.12291502,0.03065009,0.35884556,0.008410694,0.06549364,0.0597665
344,0.22147511,0.15604419,0.13287504,0.03680472,0.32315427,0.0065074335,0.06356725,0.059572075
345,0.20027225,0.07206505,0.13161714,0.05093692,0.37196675,0.011582732,0.09852003,0.06303915
346,0.21282381,0.0022716979,0.13938595,0.072947934,0.40474224,0.010302257,0.08834944,0.06917672
347,0.20373559,0.0009054978,0.13933569,0.046820015,0.43130663,0.01140878,0.08687972,0.079608016
348,0.18747492,0.00030568487,0.1350363,0.050869986,0.40659305,0.01602192,0.11302469,0.0906734
349,0.18082537,0.00059680105,0.14305893,0.053962752,0.46015364,0.011508009,0.08582261,0.06407193
350,0.17414118,0.0008570934,0.13724673,0.053582173,0.38882136,0.013164181,0.11008738,0.12209987
351,0.16635993,0.00072635704,0.14497955,0.05034691,0.41215786,0.012082212,0.111199774,0.102147415
352,0.19269438,0.004264239,0.14481585,0.037712526,0.39405614,0.012124899,0.108817466,0.105514586
353,0.19789624,0.0074547646,0.13553378,0.052864578,0.43065694,0.008018988,0.091412984,0.07616177
354,0.20310555,0.1424526,0.09239354,0.03379269,0.34461582,0.010806862,0.091449246,0.08138374
355,0.20501198,0.42172313,0.046558388,0.019542288,0.22470918,0.0030822405,0.056450702,0.02292204
356,0.22852138,0.5045474,0.057385292,0.013788602,0.11686688,0.004131668,0.052712783,0.02204599
357,0.22821312,0.45059437,0.04450892,0.02018097,0.18415876,0.00134156,0.056481183,0.014521126
358,0.24683157,0.52160656,0.022033997,0.026547568,0.1179651,0.0012347234,0.045218848,0.018561615
359,0.25088626,0.51166624,0.021493614,0.019701663,0.13979207,0.0022540423,0.042259607,0.011946508
360,0.16098711,0.47868922,0.028284874,0.12448332,0.16747676,0.0006925942,0.036515314,0.002870772
361,0.15440734,0.64562184,0.031289663,0.055635925,0.06732653,0.0024946406,0.04289158,0.00033247858
362,0.11945994,0.6958889,0.049756676,0.046705514,0.018414319,0.0062080543,0.063472465,9.420034e-05
363,0.12135914,0.81123924,0.01614999,0.0011079957,7.5737145e-05,0.006267112,0.043745056,5.5749948e-05
364,0.0044847443,0.9381629,0.0030337458,0.038285345,0.011576476,0.001015046,0.0034351407,6.6122093e-06
365,0.06541762,0.8839212,0.0033718725,0.014342778,0.0006759893,0.0033403167,0.028913708,1.65231e-05
366,0.04899681,0.78030026,0.02357268,0.11101882,0.015342088,0.007933819,0.012631611,0.00020392906
367,0.20686303,0.22121796,0.008851553,0.30205506,0.002716588,0.24923335,0.008320854,0.0007416296
368,0.08184058,0.784352,0.011457438,0.07042902,0.012915914,0.0033836055,0.035437167,0.00018432068
369,0.20999189,0.61022127,0.018827073,0.100486,0.026993398,0.002735483,0.029687995,0.0010569053
370,0.21260506,0.54184383,0.027650498,0.09571393,0.07029072,0.0012058134,0.049561825,0.0011283265
371,0.2564046,0.5373615,0.017174503,0.06672819,0.057008542,0.006291995,0.055602275,0.003428409
372,0.50991195,0.38728914,0.0002150867,0.08489042,0.012252666,0.0019628494,0.0031414677,0.00033642902
373,0.16687451,0.5008644,0.0383084,0.07868243,0.037682384,0.11540945,0.058959387,0.0032190476
374,0.33550432,0.41125685,0.024049327,0.107235245,0.018197717,0.06094889,0.0363774,0.006430253
375,0.24726067,0.42009205,0.074318714,0.07740134,0.13059142,0.0020788596,0.0340886,0.014168408
376,0.09002006,0.7281618,0.055187933,0.048893664,0.012311502,0.0040031453,0.06129905,0.00012279762
377,0.12819359,0.33175662,0.13303687,0.06277989,0.017397214,0.07361087,0.21095704,0.04226789
378,0.22652344,0.4177436,0.034465156,0.06333565,0.1789946,0.0060790465,0.06040548,0.012453037
379,0.23449957,0.62295896,0.017502805,0.02980507,0.0338011,0.0016530327,0.041231398,0.018548103
380,0.21841037,0.2817296,0.105473556,0.036331546,0.22953959,0.009357962,0.08151234,0.037645005
381,0.19045323,0.26549968,0.08138125,0.09301282,0.25175717,0.0075296196,0.0671423,0.043223985
382,0.198125,0.07621875,0.12079524,0.05820619,0.35145748,0.012925972,0.109537035,0.072734304
383,0.22512254,0.009023516,0.1450312,0.03980428,0.415457,0.0111358445,0.09415032,0.06027526
384,0.18959439,0.002217841,0.14588508,0.080546685,0.44503382,0.01027228,0.08366064,0.042789213
385,0.15862586,0.0012100447,0.14371814,0.08671668,0.4294192,0.009656759,0.08252772,0.08812564
386,0.20086262,0.0011792582,0.14207782,0.049610343,0.43784901,0.009141262,0.08698596,0.07229369
387,0.18481538,0.00065144355,0.1394559,0.075933516,0.42395216,0.011413839,0.09398718,0.069790654
388,0.19811627,0.0007063775,0.16066955,0.066654526,0.39034894,0.016706847,0.099423446,0.06737406
389,0.17277525,0.001364732,0.1529914,0.05633406,0.3801402,0.014785162,0.110327534,0.11128174
390,0.17865139,0.00145952,0.13502878,0.050245073,0.43018952,0.010099454,0.08831854,0.10600771
391,0.20683949,0.0042491206,0.14316466,0.048191432,0.45611933,0.0094168335,0.0796115,0.05240752
392,0.18801785,0.011191378,0.118861444,0.04460221,0.39465427,0.015392115,0.11955502,0.10772578
393,0.23397522,0.389139,0.11070461,0.020557674,0.07344788,0.014137746,0.098770775,0.059267063
394,0.24723232,0.52239877,0.04706826,0.016418941,0.05499575,0.008139647,0.07996554,0.023780713
395,0.2512531,0.6264417,0.01923622,0.023599971,0.022607204,0.002496557,0.03488794,0.019477345
396,0.29781452,0.540195,0.01646365,0.023873309,0.07364779,0.004512578,0.03697887,0.0065142633
397,0.26141223,0.5728675,0.009449787,0.061457604,0.052953057,0.0012249373,0.035774715,0.0048601823
398,0.2052577,0.5694721,0.018896101,0.04606054,0.06595807,0.034678154,0.057513844,0.0021635792
399,0.1280047,0.5918725,0.021806113,0.12504824,0.054891717,0.031094689,0.046040323,0.0012417084
400,0.0878573,0.7647711,0.022350922,0.06211079,0.008187675,0.004751051,0.04989308,7.806951e-05
401,0.10443949,0.7757833,0.0058848397,0.057732917,0.01228633,0.0014600913,0.04240437,8.677472e-06
402,0.024533996,0.8244545,0.0076550934,0.0012177181,4.6818664e-06,0.004304788,0.13781688,1.2334027e-05
403,0.07011727,0.8214543,0.016488302,0.0027856033,1.4375079e-05,0.0028147453,0.086317234,8.263339e-06
404,0.022291295,0.7121282,0.0331127,0.13163331,0.038545445,0.04957784,0.012384149,0.00032705767
405,0.09349644,0.59269065,0.049025834,0.14680299,0.013297817,0.08528871,0.01845436,0.0009432212
406,0.10327077,0.7279025,0.00012134602,0.15844676,0.003115955,0.0066267136,0.00051438186,1.5300933e-06
407,0.07090683,0.48753446,0.06268064,0.21956408,0.042674664,0.06640435,0.048900913,0.0013340758
408,0.13357554,0.7728148,0.0027531907,0.022123104,0.017558472,0.0005641031,0.050556686,5.412703e-05
409,0.30434382,0.45274153,0.041829288,0.06279565,0.068462715,0.004226217,0.062358327,0.0032424235
410,0.23841807,0.5101181,0.046732187,0.05543854,0.070330404,0.011368772,0.063992105,0.0036017983
411,0.3652363,0.5532086,0.013989143,0.03473937,0.003503806,0.004726793,0.014358505,0.010237439
412,0.2984124,0.552078,0.009073604,0.051222555,0.013771045,0.0044356016,0.066223085,0.0047836932
413,0.4071339,0.4835354,0.00366794,0.0628649,0.026232198,0.003218475,0.009449488,0.0038976632
414,0.24636792,0.52390826,0.054746944,0.039199747,0.08381096,0.0016970026,0.039914615,0.010354524
415,0.24988744,0.40164247,0.047184415,0.06216084,0.08663693,0.108807795,0.036504786,0.0071753548
416,0.13812251,0.101930566,0.14538139,0.084587455,0.025212346,0.19773714,0.27312735,0.033901248
417,0.28324515,0.45427072,0.033607364,0.0242359,0.12754531,0.0067699174,0.06248379,0.007841915
418,0.22563948,0.42460147,0.04497726,0.03351639,0.19911507,0.0041816677,0.045720402,0.022248315
419,0.21343435,0.16922845,0.09300581,0.030858815,0.35517818,0.0069226543,0.09943171,0.03194008
420,0.20640968,0.0056773587,0.12281249,0.081534,0.38658306,0.012438677,0.11277747,0.071767285
421,0.19382755,0.001787382,0.13695173,0.07416899,0.42945513,0.0082354965,0.10248247,0.053091235
422,0.2114481,0.0052436055,0.1408387,0.051317457,0.45673347,0.007988486,0.08046845,0.045961767
423,0.15941784,0.0027309586,0.14992233,0.06236311,0.37272948,0.011504382,0.11201311,0.12931876
424,0.17260782,0.0011177533,0.14501189,0.06456495,0.37905174,0.015546996,0.10194497,0.12015388
425,0.22915421,0.0008843536,0.15339622,0.041986536,0.37124184,0.015875155,0.09549594,0.091965765
426,0.19828503,0.0013190741,0.14810176,0.0553913,0.40918466,0.013755696,0.097346455,0.07661602
427,0.1858113,0.0013962707,0.14676875,0.06700144,0.42344043,0.012207392,0.081414156,0.08196034
428,0.20370288,0.0008118447,0.14924122,0.041875068,0.3305767,0.017947122,0.12154424,0.1343009
429,0.18067406,0.0015103912,0.13123177,0.051545832,0.45104754,0.009535447,0.095579125,0.07887581
430,0.18802108,0.0027890515,0.13233232,0.045755308,0.44439417,0.008843704,0.10016143,0.07770292
431,0.16518596,0.005426692,0.11455966,0.041293483,0.44637275,0.009758518,0.12028713,0.097115785
432,0.20986356,0.4139147,0.064066045,0.017805023,0.20187704,0.002389973,0.058907356,0.031176247
433,0.20989528,0.3641853,0.056982018,0.020953573,0.2635496,0.003994907,0.054860424,0.02557886
434,0.26272753,0.5788542,0.02862719,0.012648201,0.046671942,0.0034251357,0.051230364,0.015815414
435,0.2646349,0.65128493,0.009377027,0.007875409,0.001296057,0.0028066416,0.05726274,0.005462238
436,0.14313084,0.3834658,0.10547555,0.08585273,0.022905111,0.025222698,0.20405011,0.029897124
437,0.13089857,0.61895865,0.047258597,0.03209237,0.0016350106,0.08428793,0.0828434,0.002025462
438,0.07931282,0.55768126,0.07311227,0.17843342,0.06902195,0.016156517,0.025393134,0.00088861893
439,0.07574506,0.49071532,0.110516585,0.1852199,0.06970421,0.015320142,0.05097583,0.001802923
440,0.074282676,0.8851164,0.009622011,0.0056247665,4.165576e-05,0.0050678817,0.020239364,5.2426863e-06
441,0.0030068613,0.98344654,0.00026291236,0.0013010312,9.282392e-06,0.002977365,0.008995316,6.2087804e-07
442,0.09618361,0.7434104,0.021700876,0.08234358,0.006656523,0.015004324,0.034649555,5.114937e-05
443,0.0445881,0.5943279,0.071964264,0.242456,0.031155284,0.0031985661,0.012267175,4.2681026e-05
444,0.12714744,0.55706584,0.0075602653,0.14507301,0.0017874565,0.15187015,0.008849225,0.00064669515
445,0.08679306,0.7882786,0.010451156,0.035510942,0.00037277484,0.033492234,0.044943374,0.00015790816
446,0.10121194,0.70611227,0.000531414,0.15401596,0.013711574,0.018741243,0.0056615723,1.4041923e-05
447,0.107240155,0.7503716,0.01624277,0.043527734,0.0036635392,0.009186726,0.06967935,8.81885e-05
448,0.13435565,0.5790802,0.031599917,0.123987585,0.06011915,0.01771132,0.05208341,0.0010626977
449,0.31004712,0.4653637,0.019381914,0.022973523,0.13954237,0.0018921337,0.03385874,0.006940553
450,0.27919722,0.412342,0.05827443,0.03786671,0.14146648,0.006588434,0.056324106,0.007940629
451,0.22909304,0.54530877,0.041460842,0.037350606,0.085217506,0.00141874,0.04136421,0.018786239
452,0.24869432,0.49053222,0.06827663,0.038185533,0.08686234,0.002308667,0.052583188,0.0125570735
453,0.25440425,0.5327749,0.055210434,0.06562594,0.05336708,0.001525845,0.015080159,0.022011338
454,0.26144153,0.52587837,0.06619408,0.03271395,0.036884964,0.0024493767,0.059381384,0.015056262
455,0.25245237,0.5076539,0.056986783,0.02505934,0.060970627,0.0061821127,0.073397465,0.017297357
456,0.2666846,0.52032727,0.0322014,0.019105824,0.009944582,0.02573876,0.119732946,0.00626459
457,0.15106313,0.17686611,0.14039509,0.094865054,0.102768816,0.13913609,0.10921878,0.085686885
458,0.21192273,0.14002682,0.12040676,0.047111653,0.30848402,0.012429763,0.09734296,0.062275317
459,0.20114027,0.010001881,0.15110074,0.061509155,0.40962708,0.011237464,0.083589,0.07179438
460,0.16608286,0.002071362,0.12094506,0.0735969,0.42023766,0.013446179,0.112318106,0.091301925
461,0.20114416,0.001781165,0.14587036,0.046518058,0.38354757,0.012577475,0.11415923,0.09440192
462,0.1820499,0.001227506,0.13408007,0.06228668,0.45013076,0.008346165,0.08662288,0.07525602
463,0.16971524,0.003843404,0.15359934,0.056044962,0.33681267,0.018733963,0.12350952,0.13774085
464,0.19727302,0.0020144363,0.13900115,0.053430006,0.37698418,0.01581337,0.107790016,0.10769391
465,0.21589975,0.000809815,0.14739537,0.04801466,0.4169695,0.011904406,0.084630206,0.07437628
466,0.18469995,0.002797996,0.15457554,0.06484058,0.43821108,0.010349635,0.085633,0.0588922
467,0.19921863,0.0010741319,0.14214939,0.05629155,0.4478121,0.009854662,0.08191829,0.06168126
468,0.15860517,0.0018190108,0.14926353,0.067591,0.43830022,0.008653899,0.08992037,0.085846856
469,0.19289902,0.0009869974,0.14107163,0.05670202,0.47470945,0.008584573,0.070191085,0.054855235
470,0.19362003,0.008530541,0.1313284,0.043493215,0.4125728,0.009718427,0.10972969,0.09100687
471,0.21015275,0.032786615,0.11072584,0.042770226,0.4146672,0.0072864536,0.10662014,0.074990824
472,0.22056864,0.28108606,0.06492948,0.019872708,0.29992214,0.0048644114,0.084167674,0.02458895
473,0.20259309,0.3004736,0.0983485,0.039138295,0.27442285,0.0038743198,0.053355284,0.02779397
474,0.22733471,0.43974832,0.046235118,0.023344498,0.19234474,0.0021332619,0.052990913,0.015868433
475,0.29146767,0.5471291,0.011241354,0.022664214,0.082730524,0.001352455,0.03000835,0.013406337
476,0.18772471,0.48486593,0.026432958,0.11696059,0.045560364,0.10580816,0.026449049,0.0061982702
477,0.13011448,0.6369305,0.02574055,0.09831885,0.039763745,0.011487898,0.057147633,0.0004962877
478,0.11405013,0.5960678,0.050581027,0.07444073,0.019148761,0.08535058,0.057982944,0.002378077
479,0.09136471,0.7353153,0.053963415,0.07719469,0.010020131,0.00509346,0.02702535,2.2945329e-05
480,0.022887127,0.94065094,0.002191541,0.0015242764,0.00025111577,0.0006055989,0.0318888,5.92648e-07
481,0.038050123,0.9321992,0.0013038156,0.011741428,0.0009267061,0.014671502,0.0011038001,3.4343211e-06
482,0.1155443,0.44949967,0.05199419,0.110179834,0.009811121,0.23438399,0.020981602,0.007605254
483,0.11028162,0.64712477,0.02012417,0.078136325,0.006788841,0.123310916,0.011619371,0.0026139724
484,0.08199343,0.7315917,0.0017216085,0.15023729,0.025872782,0.0064440295,0.0020422344,9.692835e-05
485,0.079390354,0.6635006,0.01568045,0.15906395,0.035658967,0.031824663,0.014006452,0.00087450485
486,0.15185057,0.6101613,0.0010100384,0.19435139,0.033521976,0.007181931,0.0019043989,1.8423558e-05
487,0.098048046,0.8422771,0.0011115877,0.017232582,0.012044394,0.001132733,0.028139532,1.4009275e-05
488,0.1755629,0.40141815,0.06370372,0.08187221,0.026501013,0.018742206,0.2187,0.013499824
489,0.29218572,0.5032764,0.0030016995,0.017032778,0.13707438,0.0013594572,0.04100909,0.0050604837
490,0.2375033,0.3902982,0.06892002,0.021924706,0.21933304,0.0032396198,0.04364305,0.0151381055
491,0.24355547,0.40131477,0.09374048,0.02700706,0.15447251,0.0052474947,0.055395532,0.01926666
492,0.25605172,0.5808416,0.028618876,0.019927634,0.0585284,0.001989562,0.04501676,0.009025431
493,0.22295257,0.42418337,0.048533417,0.024450293,0.19465883,0.004573764,0.060484935,0.020162825
494,0.2222145,0.5295062,0.040669076,0.023265108,0.13538794,0.0020535232,0.026353953,0.020549713
495,0.26352757,0.48328745,0.04011462,0.012442386,0.11334205,0.008869173,0.06294501,0.015471741
496,0.13928184,0.26659158,0.11558616,0.10139529,0.12545204,0.011978799,0.13269486,0.10701941
497,0.14155906,0.10271091,0.13067146,0.118648864,0.19891377,0.020312188,0.15815836,0.12902541
498,0.22716418,0.0013694225,0.1417317,0.045475513,0.4439172,0.009764139,0.07422449,0.056353305
499,0.20702468,0.00060388556,0.132155,0.05381735,0.46961707,0.0074537434,0.09048437,0.038843952
500,0.22719713,0.0051166555,0.14002766,0.040090155,0.31844106,0.018960714,0.1365039,0.11366271
501,0.1967376,0.0016715926,0.13854884,0.040282242,0.35224777,0.015354098,0.10935937,0.14579852
502,0.16537906,0.0008445205,0.13889247,0.051548675,0.4039397,0.010150297,0.09383748,0.13540778
503,0.1970581,0.00043150838,0.10152297,0.04505436,0.4328691,0.012094927,0.10208226,0.10888681
504,0.19499059,0.0009527924,0.14053114,0.06122114,0.4472483,0.008571738,0.074482605,0.07200174
505,0.18592218,0.00022415843,0.12724717,0.04830869,0.4430886,0.00966741,0.081959195,0.10358259
506,0.20315461,0.0006966821,0.15278251,0.04825971,0.36935523,0.018323403,0.1192476,0.08818026
507,0.21841416,0.0029340866,0.14941432,0.047167927,0.31817716,0.020943204,0.12350761,0.11944163
508,0.20969085,0.003145571,0.1486038,0.036964983,0.30458435,0.018537201,0.13687944,0.14159375
509,0.1869981,0.0022599718,0.13912754,0.04634852,0.4648458,0.008418681,0.08402875,0.06797263
510,0.20777921,0.0022320936,0.14070202,0.044250958,0.42313385,0.010008982,0.10717169,0.0647212
511,0.20504814,0.21586905,0.1110074,0.03140555,0.2579601,0.008355383,0.10033293,0.070021436
512,0.2424243,0.5715734,0.029214172,0.018398808,0.0517249,0.0032121588,0.058897853,0.024554402
513,0.2610108,0.5619287,0.05867172,0.02248242,0.030313574,0.0025526774,0.040380545,0.022659538
514,0.25004596,0.46124938,0.0832805,0.02389096,0.103811115,0.0018645874,0.05810258,0.017754968
515,0.26344436,0.42021018,0.07462546,0.030292759,0.13935795,0.0024365322,0.058184046,0.011448643
516,0.13290103,0.6625587,0.01931633,0.0984854,0.043368988,0.0017485135,0.04109305,0.00052799965
517,0.116836056,0.43903336,0.108369574,0.13324071,0.027567098,0.07302868,0.091495894,0.010428635
518,0.09092747,0.76597947,0.035082445,0.034060992,0.00055916543,0.044516888,0.028748367,0.00012519931
519,0.004406041,0.48354205,0.15507093,0.23887023,0.012017634,0.010296208,0.095779635,1.724994e-05
520,0.0033486711,0.9897206,0.00032697222,0.00062003144,2.6865725e-06,0.0004933214,0.0054877726,1.143113e-07
521,0.06274813,0.8867844,0.00043557503,0.0029342512,3.0918258e-05,0.012940346,0.034125388,1.0473663e-06
522,0.121873476,0.66048086,0.056269348,0.05584149,0.0009159996,0.025199201,0.07806575,0.0013537881
523,0.04860729,0.80484277,0.02877498,0.101367235,0.0044493238,0.006999362,0.004921845,3.7180936e-05
524,0.07574771,0.58724296,0.08896955,0.10919656,0.099472076,0.007258675,0.03073989,0.001372575
525,0.13642608,0.6990924,0.003818685,0.10226798,0.022554379,0.0048769284,0.03089652,6.7063505e-05
526,0.11114533,0.54518485,0.060587466,0.16693436,0.021909496,0.049062476,0.04395695,0.0012191061
527,0.13099357,0.43005127,0.0009107612,0.34906176,0.0042507323,0.08125054,0.0034697861,1.1593425e-05
528,0.28169242,0.47206756,0.043586504,0.07117418,0.086882286,0.0032340905,0.032231778,0.009131197
529,0.3148547,0.4330877,0.030790957,0.06096264,0.036654204,0.004246567,0.10877052,0.0106326835
530,0.31001788,0.3922723,0.051277634,0.054726034,0.09250897,0.0068900273,0.08690916,0.005397966
531,0.21753931,0.42107603,0.089153506,0.04562461,0.16335806,0.0035692598,0.038952805,0.02072642
532,0.22462082,0.44559804,0.049820278,0.020887807,0.19375277,0.0033800718,0.040394906,0.021545261
533,0.24886309,0.52608836,0.056809686,0.01712471,0.06505354,0.005919017,0.06571941,0.014422179
534,0.24135697,0.4317708,0.06668854,0.018907474,0.122082174,0.008128003,0.086972944,0.024093116
535,0.21019237,0.2415614,0.100515485,0.03249372,0.30334967,0.009285201,0.05858881,0.044013344
536,0.18999594,0.23553608,0.112353474,0.026500007,0.25361174,0.0118581345,0.089580275,0.0805644
537,0.16700803,0.008150829,0.14342523,0.07460295,0.2755438,0.02182349,0.13872482,0.17072092
538,0.15013191,0.003715608,0.100609824,0.07857366,0.40253857,0.0108077945,0.117809385,0.13581325
539,0.17304455,0.0023384576,0.12914655,0.043343455,0.49993658,0.00682414,0.090921685,0.054444607
540,0.20704807,0.002666663,0.1458647,0.052405342,0.45216405,0.008629533,0.08444025,0.046781357
541,0.19794382,0.0028356495,0.118719876,0.0437172,0.4037253,0.015289424,0.10891448,0.108854264
542,0.21088071,0.003121659,0.1378313,0.04233022,0.3334397,0.01963225,0.11152024,0.1412439
543,0.20099317,0.0011935162,0.1539383,0.0548386,0.4516598,0.008457679,0.07046557,0.0584533
544,0.17455,0.0011289986,0.14613746,0.06399389,0.4578396,0.009521609,0.07664822,0.070180215
545,0.20903906,0.0017523412,0.1426053,0.06014239,0.4072312,0.014094419,0.085664436,0.0794708
546,0.20708098,0.0008135704,0.15182006,0.051387247,0.376209,0.015176577,0.093900286,0.10361237
547,0.16535151,0.0011942302,0.12966998,0.06348822,0.44692892,0.01128511,0.09443324,0.08764873
548,0.15791087,0.0010285774,0.14057487,0.058300618,0.37298757,0.014723765,0.11412215,0.14035156
549,0.16584179,0.0029149554,0.1349679,0.043173492,0.3952618,0.011377632,0.11046882,0.13599367
550,0.19357827,0.0017744638,0.17839998,0.047949534,0.416677,0.009923693,0.089415796,0.06228123
551,0.2094168,0.017011784,0.13112643,0.05523061,0.4345561,0.007295799,0.087943524,0.05741886
552,0.22372146,0.32493898,0.076772474,0.022882879,0.26223117,0.0051709847,0.055008005,0.029274015
553,0.2009596,0.23555595,0.09178242,0.027395252,0.3458828,0.0058183493,0.060145803,0.032459855
554,0.23430456,0.43756965,0.060248006,0.01694952,0.14976965,0.0034751757,0.07289736,0.024786068
555,0.23662539,0.4403879,0.052985817,0.05971999,0.15074681,0.0010749613,0.04454652,0.013912641
556,0.19788013,0.5548343,0.02248883,0.08913736,0.069442526,0.012433685,0.05076512,0.00301809
557,0.12239273,0.52475363,0.050568532,0.14667048,0.042074535,0.03620948,0.074892,0.002438643
558,0.0971713,0.6519252,0.03803228,0.12544854,0.035386052,0.012912551,0.03874511,0.0003789656
559,0.1057531,0.38807714,0.12303737,0.20761941,0.064020336,0.06645089,0.041595098,0.0034466276
560,0.071805134,0.84961504,0.015384829,0.004568851,0.0012293934,0.0017981263,0.0555898,8.872351e-06
561,0.14617443,0.5687077,0.043564614,0.022093246,0.0011859301,0.011785176,0.20623405,0.00025485124
562,0.09571328,0.7586702,0.014542938,0.051249843,0.025300842,0.026555914,0.027419498,0.00054745754
563,0.10717695,0.32035947,0.16011414,0.21230212,0.07649012,0.08351097,0.03597048,0.0040757214
564,0.026597453,0.8103654,0.02162919,0.11316058,0.0080143,0.007062264,0.013148877,2.190287e-05
565,0.2623867,0.35671192,0.039774213,0.053039785,0.19560272,0.002481459,0.08416756,0.005835604
566,0.11607086,0.50518715,0.048509236,0.1658123,0.021634877,0.023970371,0.11663967,0.0021755162
567,0.24806166,0.30294794,0.11513627,0.13996206,0.0033063742,0.047609247,0.13194518,0.011031237
568,0.09412621,0.08941301,0.07829932,0.20325427,0.017459953,0.3332553,0.17983016,0.004361779
569,0.24823876,0.42294347,0.02673788,0.03137919,0.19449116,0.014354434,0.05144129,0.01041386
570,0.24683976,0.4887178,0.037367288,0.032821886,0.14726825,0.0005993324,0.034548175,0.011837514
571,0.33478606,0.5046147,0.018745624,0.03242273,0.049390625,0.0012514768,0.047417358,0.011371433
572,0.26482636,0.47890428,0.08768535,0.029190805,0.058667827,0.0062995567,0.056580015,0.017845877
573,0.25712404,0.5055509,0.03953834,0.016325433,0.10163398,0.0063360175,0.060973324,0.012518017
574,0.20588422,0.30309922,0.09035835,0.032634307,0.25521857,0.0073361257,0.067610756,0.037858527
575,0.26879168,0.26739,0.07669583,0.027935082,0.16741152,0.019307952,0.1432454,0.029222561
576,0.16673073,0.011445574,0.114544675,0.052246917,0.4723134,0.010073276,0.13045058,0.042194877
577,0.20893694,0.0046369787,0.14103246,0.05025508,0.44872487,0.013626902,0.09507544,0.037711345
578,0.121221416,0.021974577,0.087701805,0.05036807,0.41599038,0.023580283,0.14309478,0.13606869
579,0.17075233,0.0034529928,0.1454116,0.06394387,0.30415773,0.021646874,0.12902339,0.16161126
580,0.16834186,0.0014579816,0.12130104,0.060091745,0.40120453,0.01031001,0.11330258,0.12399027
581,0.15969658,0.00041754867,0.107867576,0.048397962,0.44219512,0.011248139,0.10520965,0.12496744
582,0.17808917,0.00066100876,0.13657746,0.048255596,0.46811858,0.009024937,0.08518803,0.07408524
583,0.18452916,0.0003972621,0.09104591,0.03917936,0.5041704,0.009918507,0.079248644,0.09151073
584,0.20486003,0.00084983115,0.12402197,0.058044482,0.4492432,0.010484845,0.07329972,0.07919594
585,0.18481202,0.00065191166,0.121316,0.07312209,0.46149218,0.008083914,0.08201826,0.06850364
586,0.18971811,0.00023532541,0.15356116,0.07078538,0.40856776,0.015123997,0.08420273,0.07780547
587,0.20250636,0.0010208844,0.1656653,0.059342373,0.36938387,0.016349338,0.1027868,0.08294511
588,0.1572639,0.00033400315,0.14227708,0.062064122,0.39677063,0.013918745,0.11842439,0.10894707
589,0.16169584,0.00058667094,0.13866526,0.06856225,0.438282,0.010362503,0.10277941,0.07906597
590,0.20937628,0.0018530316,0.17311782,0.050247565,0.42230886,0.012053851,0.07917823,0.051864423
591,0.21255143,0.0021632058,0.13343345,0.05230273,0.44393995,0.010015142,0.09123394,0.054360136
592,0.22898193,0.010210268,0.16006367,0.062141333,0.41916946,0.0075524403,0.06956096,0.042319912
593,0.23787639,0.45770252,0.055205345,0.016197897,0.15625918,0.0034872508,0.057451855,0.015819578
594,0.24139108,0.50968945,0.053085037,0.022803348,0.10442016,0.003382301,0.048191004,0.017037617
595,0.22685371,0.43005574,0.04213531,0.025061447,0.19927119,0.00225513,0.050106924,0.024260476
596,0.25301328,0.48516834,0.03813268,0.04479196,0.104363985,0.0030873318,0.05337117,0.018071244
597,0.14598621,0.45284268,0.033859372,0.11654392,0.12636076,0.03735045,0.07840174,0.008654887
598,0.083842486,0.49075887,0.095884606,0.20300308,0.028019685,0.022179391,0.07191082,0.0044010156
599,0.043672886,0.7144552,0.07293312,0.123687364,0.007386119,0.0058565005,0.031836435,0.00017238468
600,0.04503133,0.87224966,0.016718991,0.019189661,0.00056262413,0.015330492,0.030909175,8.085673e-06
601,0.048809577,0.81728196,0.015517246,0.0003529192,8.229244e-05,0.0037195105,0.11423312,3.4614375e-06
602,0.041926853,0.87492603,0.0031061778,0.008160242,3.990867e-05,0.01013618,0.061701894,2.7017543e-06
603,0.03046719,0.60927784,0.12004007,0.1388682,0.091995984,0.001618884,0.007362461,0.00036937796
604,0.16765894,0.65043634,0.051829316,0.058011647,0.045380075,0.010438051,0.014407658,0.0018379651
605,0.11562333,0.7405838,0.004481496,0.08296143,0.035510894,0.0013880448,0.019245507,0.0002055821
606,0.26106808,0.53703356,0.022992123,0.046722077,0.08893349,0.0013971024,0.03262053,0.009233033
607,0.1910632,0.5094868,0.058405127,0.09684463,0.022779973,0.05681211,0.03387357,0.030734543
608,0.38728985,0.36388892,0.019696793,0.034226045,0.00012567319,0.040368687,0.15281846,0.0015855937
609,0.22591586,0.016915182,0.12216206,0.169029,0.010594085,0.2544635,0.18386298,0.017057283
610,0.30087882,0.51994723,0.0139377015,0.024859114,0.09019656,0.0033336591,0.04257267,0.0042742793
611,0.2276261,0.45669147,0.06084588,0.031368602,0.16769563,0.0013188653,0.03140297,0.023050515
612,0.22588755,0.42083955,0.034509424,0.015132316,0.25612655,0.0013666017,0.033942085,0.012195925
613,0.2479691,0.5423335,0.06314171,0.018113764,0.061559524,0.0046425355,0.043444805,0.018795079
614,0.23201747,0.42578897,0.07374737,0.020226244,0.15334904,0.0029539804,0.06877646,0.023140498
615,0.2016418,0.19035247,0.12799467,0.03691826,0.30354238,0.008293965,0.08271935,0.04853712
616,0.15839282,0.020887224,0.14506996,0.052171063,0.41879883,0.014130754,0.12999131,0.06055796
617,0.16354407,0.005276139,0.12265352,0.04819308,0.3999668,0.01788105,0.13760409,0.10488122
618,0.19215208,0.0011270297,0.14716278,0.05834637,0.46357852,0.01242013,0.09027379,0.03493931
619,0.18164732,0.0013915513,0.11783437,0.032731503,0.3693815,0.014912079,0.14477044,0.13733132
620,0.24061495,0.0023292655,0.1345041,0.043604568,0.32524776,0.017312085,0.11525711,0.12113021
621,0.17135072,0.0020255265,0.13437489,0.07079307,0.37338656,0.011382989,0.108041346,0.12864487
622,0.18548706,0.00020618377,0.10285236,0.04657554,0.43900475,0.012212439,0.103214264,0.11044747
623,0.1789269,0.0003434892,0.11628575,0.06315816,0.47738457,0.008189022,0.07639268,0.0793195
624,0.1892632,0.00034876616,0.111164056,0.053064946,0.48573261,0.009787232,0.07040367,0.080235556
625,0.21230307,0.00085368205,0.11078605,0.05297098,0.45326912,0.010894702,0.08698443,0.071937926
626,0.20045176,0.0006497509,0.12708752,0.062361576,0.40637863,0.016161473,0.09831231,0.08859691
627,0.18013167,0.00042157597,0.13463524,0.051514484,0.4402074,0.010433089,0.09508565,0.08757096
628,0.18541962,0.00061297254,0.14017943,0.052289568,0.41792083,0.012195303,0.10328912,0.08809315
629,0.16606882,0.0010251168,0.12561524,0.045650672,0.4640755,0.009108539,0.1064161,0.08204001
630,0.1591176,0.00089359545,0.123326205,0.04961436,0.3865775,0.0134088,0.11380155,0.15326037
631,0.21740517,0.0033798458,0.14565727,0.048151962,0.3468548,0.01607719,0.11926734,0.1032064
632,0.21741764,0.16263244,0.11588865,0.03192865,0.31048787,0.0122867115,0.07717589,0.07218218
633,0.2225808,0.23789738,0.10824479,0.029734882,0.2825036,0.0072630234,0.067458145,0.04431743
634,0.24917793,0.45247293,0.029262425,0.009553805,0.18527469,0.0058396715,0.058020655,0.010397966
635,0.25275636,0.5731287,0.04115737,0.019616231,0.0057640956,0.0051769544,0.082951985,0.019448347
636,0.2517438,0.51463985,0.012582541,0.05743712,0.12163471,0.0016003967,0.027663784,0.012697813
637,0.2654991,0.48936072,0.013284537,0.04950072,0.11854999,0.0036216353,0.056243643,0.0039397525
638,0.14073585,0.658983,0.017429058,0.08333783,0.040489364,0.0042616753,0.054253843,0.0005092995
639,0.06662605,0.6886486,0.07572134,0.092744134,0.01631734,0.0123319235,0.047128048,0.00048259285
640,0.078271665,0.48270828,0.15667129,0.18892545,0.07280283,0.00591036,0.013980187,0.00073000486
641,0.056009404,0.9281271,0.00071188936,0.0013714776,2.9562096e-05,0.00053723675,0.013213146,1.5383253e-07
642,0.25020683,0.1374821,0.05918369,0.0051894463,0.00033766558,0.024146492,0.5220654,0.0013883443
643,7.836687e-05,0.96788895,0.00081032363,0.0075958814,5.7747666e-06,0.017950593,0.005670045,4.4638544e-08
644,0.06589967,0.536902,0.040076554,0.13698187,0.010940391,0.16827612,0.03988433,0.0010390667
645,0.09956968,0.5990769,0.059413612,0.15324241,0.030642815,0.046106484,0.010976701,0.0009713737
646,0.13125262,0.48560232,0.06430604,0.12200022,0.15607694,0.0040361886,0.034512803,0.0022129181
647,0.27863523,0.6424043,0.0006748758,0.06712478,0.0060240515,0.00056847907,0.0030387437,0.0015295295
648,0.14004558,0.5010971,0.10065772,0.07737651,0.14187872,0.0015897623,0.013422656,0.023932023
649,0.18571271,0.45132315,0.058991633,0.12048038,0.12793015,0.0013066236,0.038880635,0.015374731
650,0.16123953,0.34764192,0.08364502,0.09437559,0.006740386,0.05484491,0.24707729,0.0044353437
651,0.17929536,0.036795758,0.17467327,0.08057374,0.009547251,0.0735671,0.37323958,0.07230789
652,0.266503,0.4753835,0.036043733,0.023996301,0.085131265,0.0071374644,0.09440261,0.011402114
653,0.259862,0.51889956,0.031896003,0.018682975,0.097145125,0.0018585603,0.046562906,0.02509289
654,0.23279138,0.3936363,0.05821423,0.01868412,0.21653287,0.003554814,0.05531218,0.021274177
655,0.21439053,0.21925595,0.122910224,0.040192038,0.29391873,0.0051228125,0.06616987,0.03803983
656,0.20504591,0.10448513,0.13523391,0.050505754,0.3829183,0.005054163,0.08072717,0.036029715
657,0.16638637,0.0058925296,0.11934268,0.058603115,0.47193202,0.010113564,0.11609655,0.051633086
658,0.21151602,0.0035345259,0.1423411,0.04971331,0.47797394,0.007460649,0.067304924,0.040155526
659,0.15866429,0.0022278572,0.10470155,0.04035539,0.43236998,0.013334776,0.12055327,0.12779291
660,0.15786156,0.009931288,0.13828328,0.052646387,0.40781498,0.016742913,0.13001536,0.08670428
661,0.11835889,0.047978025,0.13899666,0.07467442,0.45443925,0.015998172,0.10847373,0.04108082
662,0.14347962,0.0036212762,0.11325902,0.1986396,0.29053566,0.07407955,0.13457336,0.041811887
663,0.20594561,0.006865072,0.09834306,0.04006075,0.5045886,0.008465977,0.08548505,0.050245866
664,0.19049971,0.002574174,0.1389029,0.06299605,0.46062586,0.008750406,0.08129367,0.054357223
665,0.21624061,0.0004409165,0.10618245,0.055454914,0.44620064,0.0126570575,0.09238665,0.070436716
666,0.1987944,0.0003988979,0.116486356,0.060995452,0.46434575,0.008793794,0.07620589,0.07397957
667,0.18792127,0.00027767345,0.12212274,0.06244385,0.45946953,0.012587415,0.070568636,0.08460888
668,0.19063509,0.00056490535,0.13828129,0.05683473,0.44818076,0.010699393,0.0723418,0.082462065
669,0.16686855,0.0011454812,0.12461944,0.05204338,0.42466456,0.01055296,0.089224756,0.13088083
670,0.18885191,0.0035981308,0.11698107,0.047950923,0.35548022,0.017912827,0.12451315,0.1447117
671,0.19354545,0.0038024578,0.15246229,0.03809506,0.36066833,0.016069613,0.11167872,0.12367802
672,0.20088056,0.0028136442,0.1622668,0.048207417,0.40593293,0.012020623,0.108992174,0.058885776
673,0.20214094,0.086981945,0.15413181,0.04273017,0.21944961,0.022764012,0.13866141,0.13314013
674,0.24503893,0.29866436,0.097951174,0.035138614,0.14581802,0.019007094,0.10374981,0.054631986
675,0.24394946,0.5386016,0.036895767,0.028948795,0.09074953,0.0022794765,0.043087114,0.015488307
676,0.23788269,0.5091068,0.03530654,0.018891854,0.13053508,0.0034350362,0.044685952,0.020156078
677,0.25974905,0.52883315,0.042546086,0.01914253,0.047060113,0.0044714124,0.08390908,0.0142885465
678,0.13744086,0.69493294,0.034387123,0.057651527,0.015089756,0.008826562,0.051016517,0.00065469346
679,0.121014595,0.5330347,0.04117245,0.13439661,0.09839,0.0140338475,0.055025224,0.0029325848
680,0.09494749,0.671686,0.038500063,0.1064812,0.021818344,0.0075613204,0.0587402,0.00026541605
681,0.0986473,0.38884348,0.12604979,0.263755,0.09165177,0.00591553,0.023834767,0.0013024693
682,0.09521855,0.7005503,0.01411038,0.031229971,0.00012112343,0.13349561,0.025130916,0.00014316115
683,0.075805545,0.8220408,0.0038961763,0.0020490892,2.491534e-05,0.005620302,0.09055512,8.107269e-06
684,0.00035296514,0.97787035,0.00023636974,0.001663275,0.00033373336,0.0005191091,0.019024178,1.0719082e-08
685,0.040335782,0.6458773,0.053207755,0.22092226,0.020677041,0.0063010775,0.012539062,0.0001396382
686,0.054925464,0.6478053,0.06200591,0.18867312,0.033025995,0.003872509,0.009541764,0.00015001782
687,0.06640412,0.44545448,0.05071112,0.34224868,0.05942596,0.00827248,0.027128845,0.00035435855
688,0.29929703,0.60995275,0.0018886317,0.075824164,0.0055340943,0.0006555873,0.0047008195,0.002146861
689,0.25438258,0.614968,0.0021306877,0.07131312,0.050667524,0.0005396812,0.0037127393,0.0022856744
690,0.20484884,0.43934536,0.050329313,0.1057451,0.1058259,0.007843469,0.07073038,0.015331649
691,0.21862358,0.30439195,0.059240036,0.10021319,0.058722377,0.12870401,0.1198968,0.010208095
692,0.170159,0.31154466,0.11833395,0.060058717,0.009233911,0.05270706,0.2642871,0.01367566
693,0.16479883,0.28293413,0.10410453,0.07797054,0.083405584,0.04422164,0.2171788,0.025385931
694,0.25617057,0.53365767,0.027473899,0.011217905,0.1030306,0.0039371885,0.049434066,0.015078064
695,0.2258212,0.5024897,0.043447286,0.01455693,0.126342,0.0036843831,0.060917355,0.022741271
696,0.19123194,0.08096341,0.1271051,0.031787552,0.413177,0.00800466,0.08957447,0.05815585
697,0.22031567,0.0033608207,0.1399701,0.037743863,0.4702462,0.006287491,0.07664351,0.045432333
698,0.20630477,0.0008192714,0.1402465,0.049105786,0.40352237,0.012265478,0.11492827,0.072807565
699,0.1814514,0.0020901905,0.114512615,0.03915805,0.3884977,0.013056327,0.12880349,0.13243018
700,0.18275051,0.0023398038,0.103570946,0.048821244,0.5452817,0.0067960364,0.06643078,0.044009004
701,0.13791871,0.0048161047,0.085346386,0.03998845,0.43509424,0.016520081,0.12731759,0.15299845
702,0.15932257,0.0040583275,0.08673465,0.048966654,0.45495105,0.018122982,0.11403277,0.11381101
703,0.15129751,0.00081001467,0.11057621,0.07678191,0.5272998,0.0077504856,0.07560374,0.049880274
704,0.1739682,0.0014157048,0.11609897,0.052233588,0.510488,0.006950418,0.08362182,0.05522331
705,0.21580611,0.0006270332,0.14414915,0.054180764,0.38471952,0.015703134,0.11327395,0.07154036
706,0.22351544,0.0005341148,0.10625219,0.042103913,0.46060464,0.012436034,0.09042819,0.06412543
707,0.1971725,0.00036190532,0.10619131,0.04908429,0.47968704,0.011872878,0.073424645,0.08220545
708,0.19018489,0.00024660028,0.09051097,0.04590839,0.48546752,0.012908012,0.08187179,0.09290183
709,0.17906986,0.00025980495,0.13077897,0.06417754,0.4669245,0.009567171,0.07188185,0.077340305
710,0.18215166,0.0004830925,0.1129201,0.03361631,0.37045795,0.014945017,0.107222565,0.1782033
711,0.25905198,0.001910219,0.13357575,0.042752784,0.297471,0.022301337,0.12683192,0.11610498
712,0.22524102,0.0039769863,0.13705362,0.03742805,0.35339326,0.017129505,0.13457212,0.09120543
713,0.20244433,0.0019225093,0.14943361,0.040048327,0.44745812,0.010415013,0.106340975,0.04193705
714,0.20010367,0.12544285,0.12655275,0.027680546,0.35414666,0.00884414,0.08874139,0.06848798
715,0.25299194,0.59781253,0.036126137,0.015921742,0.017998468,0.0017848187,0.05774682,0.0196175
716,0.23805334,0.33039314,0.07071473,0.015087622,0.22867543,0.0061717317,0.08795859,0.022945417
717,0.2294888,0.448147,0.01584141,0.017048864,0.23168965,0.0016892228,0.042637758,0.013457239
718,0.26145905,0.5006921,0.033399187,0.009505876,0.13041183,0.0017991546,0.0500461,0.012686727
719,0.30808467,0.51849586,0.015405391,0.01765799,0.07260144,0.0046373485,0.051591914,0.011525402
720,0.110558525,0.59516966,0.03295632,0.14984368,0.057819385,0.010191671,0.042103115,0.0013576784
721,0.090049155,0.47528714,0.10072142,0.20053665,0.07282433,0.010199929,0.048458464,0.0019228866
722,0.0938094,0.17236902,0.15815707,0.36944,0.16423789,0.013306773,0.025914973,0.002764861
723,0.0042290823,0.84818625,0.036709245,0.043226503,0.025240516,0.00090921344,0.041498058,1.1443437e-06
724,0.50024384,0.35235697,0.011020813,0.0032390414,9.693519e-05,0.03944323,0.09323226,0.00036685436
725,0.037248127,0.88598704,0.01681459,0.040157374,0.0052576377,0.0012268289,0.013285007,2.340263e-05
726,0.009824857,0.70598733,0.067452684,0.11998693,0.027657162,0.04617508,0.02264069,0.00027532456
727,0.09916679,0.6116257,0.045987025,0.16902,0.029103955,0.0101980725,0.034312863,0.000585712
728,0.05047844,0.8672243,0.008464559,0.033214547,0.00034737238,0.0029800057,0.037282236,8.602645e-06
729,0.20469873,0.55911845,0.029461104,0.055412013,9.901217e-05,0.019918246,0.12784153,0.0034510228
730,0.26276988,0.6166669,0.0021574523,0.0688744,0.0032001678,0.0015415212,0.044455674,0.00033402545
731,0.23585984,0.4515864,0.04842485,0.14634499,0.030377591,0.010308715,0.070930235,0.006167485
732,0.26624557,0.55535674,0.0476935,0.03293287,0.020683449,0.0036263403,0.05909916,0.01436231
733,0.24870816,0.48189932,0.062783815,0.024441717,0.052850366,0.008180838,0.10415631,0.016979465
734,0.12354984,0.35296303,0.08151974,0.07306,0.072682515,0.04268526,0.24157858,0.011961082
735,0.21732864,0.46343356,0.036765043,0.042621255,0.15523142,0.0038823308,0.061785616,0.018952088
736,0.23402482,0.50221545,0.052104603,0.01824025,0.08069737,0.0055326303,0.07144576,0.035739094
737,0.1510398,0.018700125,0.11405327,0.046985395,0.42679244,0.009608795,0.12620279,0.106617406
738,0.20156763,0.0038700781,0.13754418,0.038982958,0.44427103,0.01174341,0.109395735,0.05262495
739,0.18519211,0.0035141772,0.14496486,0.04331683,0.4395525,0.008965473,0.10703287,0.06746117
740,0.13863465,0.012016186,0.114297,0.04097191,0.3519767,0.018764216,0.1448915,0.17844783
741,0.13950433,0.006925229,0.12690909,0.0841515,0.4059702,0.009604557,0.12886032,0.09807481
742,0.20407002,0.00725686,0.12712769,0.049026985,0.34914064,0.021251734,0.12589334,0.11623268
743,0.21260762,0.0055823326,0.14439651,0.051429745,0.38978645,0.023284215,0.111338034,0.061575126
744,0.17861278,0.0010531946,0.1419916,0.06569282,0.41435307,0.015207944,0.10241091,0.080677725
745,0.18914135,0.00069990975,0.11347824,0.04941943,0.4273467,0.015719185,0.121892326,0.08230282
746,0.23654722,0.001275295,0.1327119,0.053351413,0.3647229,0.021068238,0.11036773,0.07995524
747,0.23458989,0.0033932065,0.13202085,0.04256451,0.3919596,0.018144548,0.113737,0.06359037
748,0.20886892,0.0023012606,0.12447015,0.046706073,0.42546833,0.009132045,0.09871422,0.08433904
749,0.19655131,0.0014989891,0.10711498,0.03943577,0.3926696,0.01449721,0.113581255,0.13465092
750,0.18325327,0.00094895,0.14266862,0.052675262,0.43712616,0.009909024,0.07765331,0.09576538
751,0.18044916,0.0010612935,0.11243236,0.040471356,0.43336436,0.011630291,0.10709627,0.11349492
752,0.16966617,0.0049017556,0.11433482,0.048356343,0.41807622,0.011916918,0.11823928,0.11450851
753,0.2138697,0.008441616,0.13210288,0.05452559,0.365779,0.015239438,0.12371142,0.08633035
754,0.20707545,0.22928071,0.09416369,0.037049092,0.3011192,0.008253858,0.07031525,0.05274279
755,0.21696994,0.24856739,0.10877307,0.028765224,0.2586414,0.0077823997,0.08569413,0.04480641
756,0.240997,0.6193094,0.024072235,0.018260747,0.03279958,0.0026524984,0.03968533,0.022223176
757,0.22501291,0.4513141,0.04305116,0.018280229,0.19208236,0.002008368,0.054469638,0.013781268
758,0.2864313,0.51715934,0.0205026,0.019560901,0.08577712,0.0020813204,0.052723307,0.015764102
759,0.22867191,0.42829996,0.029251201,0.015189501,0.24708703,0.0021210522,0.037711993,0.011667326
760,0.30966964,0.52401185,0.00678319,0.021147633,0.07991076,0.0034015346,0.04978018,0.0052952883
761,0.17426156,0.65697366,0.047915004,0.04053928,0.019897202,0.0053448007,0.05331345,0.001755065
762,0.12493873,0.4741184,0.07846753,0.14028071,0.031151108,0.093205065,0.0488903,0.008948116
763,0.046357702,0.6761421,0.04101452,0.16859454,0.055024955,0.0031541155,0.009575668,0.0001364054
764,0.052935075,0.9082681,0.001453906,0.0049044085,5.082465e-05,0.00048216365,0.031905502,8.935746e-08
765,0.002344664,0.97832036,0.00027401178,0.0015642279,9.835062e-06,0.00041859402,0.01706824,1.7701245e-08
766,0.06034167,0.3214122,0.11939673,0.32445696,0.09593796,0.033190522,0.044266786,0.000997212
767,0.08751043,0.39516303,0.08810453,0.22712149,0.034514908,0.059208065,0.10557266,0.002804956
768,0.10620812,0.53230435,0.023063967,0.20625904,0.06546007,0.0045225564,0.06198389,0.00019807508
769,0.09420017,0.70303005,0.040226128,0.11719847,0.005553527,0.011235359,0.028376972,0.00017935636
770,0.21520932,0.52344054,0.011355762,0.10733462,0.091087446,0.0015292078,0.044492465,0.0055506513
771,0.24824034,0.628475,0.014371144,0.062071733,0.0066788294,0.0009155251,0.028495222,0.010752263
772,0.2723153,0.57068413,0.015162073,0.038805634,0.061557494,0.0026923972,0.03185297,0.0069300737
773,0.22807796,0.4786985,0.08987438,0.05844582,0.07586126,0.0035760093,0.050711423,0.0147546325
774,0.23666143,0.38207138,0.07347945,0.0452745,0.16468877,0.010319821,0.0660475,0.02145718
775,0.21506512,0.2569526,0.10294651,0.050559547,0.17023274,0.016780194,0.12334157,0.064121634
776,0.18557845,0.03701443,0.1326744,0.057910424,0.314898,0.016090844,0.12351394,0.13231954
777,0.27366027,0.07518117,0.1576326,0.07391389,0.18657249,0.02449813,0.12899572,0.07954566
778,0.17005502,0.008438911,0.12775388,0.038656354,0.26551673,0.01919996,0.1452845,0.22509463
779,0.16209744,0.0033138038,0.11288656,0.041193828,0.50044847,0.0074905455,0.1245751,0.04799425
780,0.15504634,0.0062623387,0.1123895,0.048248306,0.4496658,0.009909679,0.12618724,0.092290804
781,0.15806876,0.010292965,0.08865309,0.03149113,0.34110886,0.020772075,0.14769936,0.2019138
782,0.14501585,0.005250215,0.11211411,0.045980517,0.42131615,0.017005565,0.119151704,0.1341659
783,0.15040964,0.010773874,0.15783608,0.051197305,0.4184914,0.017124863,0.12539546,0.068771355
784,0.17199975,0.003019914,0.1482394,0.06726433,0.45666984,0.0119020175,0.09264711,0.048257656
785,0.1821594,0.0005490473,0.14804365,0.05823528,0.42495054,0.017296677,0.105202556,0.06356281
786,0.18529828,0.003452003,0.15755759,0.039392162,0.3745378,0.014980998,0.12186963,0.10291144
787,0.22251348,0.0052587395,0.14471386,0.042310216,0.39540586,0.017547583,0.10863229,0.06361787
788,0.17140746,0.00077945745,0.107692316,0.054054905,0.461381,0.012664499,0.09508209,0.09693828
789,0.17671444,0.00089595234,0.13628936,0.057941582,0.4426937,0.009801431,0.09036903,0.08529454
790,0.1844758,0.002168419,0.15477884,0.05694629,0.44345623,0.010962406,0.0716563,0.07555581
791,0.18341288,0.0028706985,0.13110034,0.055013068,0.44069463,0.010301441,0.09913549,0.07747149
792,0.1980377,0.0015590884,0.14233924,0.06259756,0.4485239,0.007953674,0.0723726,0.06661627
793,0.18788789,0.0036491826,0.1372007,0.044763897,0.47068036,0.006586303,0.07445156,0.07478013
794,0.20831524,0.019301055,0.12289964,0.042256147,0.45811528,0.0076634465,0.08681721,0.05463196
795,0.24856044,0.30109575,0.08357907,0.03165895,0.2127813,0.011788707,0.09407693,0.016458912
796,0.2559105,0.51161003,0.042020097,0.013447732,0.08990893,0.004445348,0.062285695,0.020371683
797,0.1928217,0.33656397,0.042427294,0.015764626,0.31801638,0.006114047,0.073358536,0.014933427
798,0.22824484,0.446626,0.081989095,0.022050662,0.14389463,0.002096375,0.04974628,0.025352076
799,0.27379057,0.45219454,0.04155015,0.04719743,0.11131239,0.0016265365,0.067438014,0.0048904247
800,0.23163165,0.663797,0.010011167,0.019719264,0.01803471,0.0035900697,0.051043358,0.002172738
801,0.23617157,0.4467699,0.03028337,0.03855451,0.19747053,0.0021532986,0.044404645,0.004192197
802,0.18586127,0.616262,0.012514004,0.065577626,0.061048485,0.0027833178,0.055091254,0.0008620641
803,0.2056055,0.6042792,0.027398964,0.048897255,0.0670455,0.0013512066,0.044904556,0.00051780127
804,0.115682125,0.78062373,0.011408857,0.04343324,0.014368263,0.0148112215,0.019605132,6.741057e-05
805,0.0040185302,0.99270594,5.7154215e-05,0.001737941,0.00015198234,0.00015425615,0.0011741538,2.520838e-08
806,0.013375965,0.9816916,0.000179655,0.0036018875,0.00039208637,0.00016278581,0.00059565704,3.7283513e-07
807,0.13739282,0.699207,0.009930702,0.088500634,0.018986199,0.0051067555,0.04042411,0.00045176232
808,0.05100201,0.63422716,0.06657613,0.18756467,0.0148469135,0.01236045,0.0332597,0.00016298026
809,0.13010406,0.5276097,0.04624827,0.17348675,0.02389031,0.012316794,0.08560427,0.00073989294
810,0.14078142,0.5044106,0.011069732,0.23528536,0.007838772,0.031997424,0.067785345,0.00083131745
811,0.16566077,0.6129644,0.04614334,0.09335175,0.06308049,0.0013115482,0.0041829664,0.013304746
812,0.20894411,0.39350092,0.1026088,0.06408809,0.17683299,0.0027735098,0.027805535,0.023445979
813,0.22011377,0.5321016,0.050802227,0.025210077,0.12709764,0.0025683988,0.028833082,0.013273238
814,0.22210695,0.27387753,0.08876287,0.030232476,0.26970783,0.0065455292,0.07855476,0.030212114
815,0.20174837,0.3180954,0.12953511,0.04611821,0.15665364,0.0071889637,0.07047004,0.07019032
816,0.16515453,0.010105456,0.11138508,0.054475326,0.48405758,0.008439905,0.09829965,0.068082385
817,0.16398735,0.009003928,0.122120135,0.05265079,0.416202,0.011890361,0.12606406,0.09808136
818,0.1810203,0.004083798,0.14760971,0.06140059,0.34940305,0.013631549,0.13380407,0.10904692
819,0.15890935,0.00254931,0.11400024,0.045911387,0.44972047,0.009654202,0.11779982,0.10145521
820,0.19071577,0.008712645,0.13121009,0.039530985,0.47086072,0.008498971,0.09713571,0.05333504
821,0.18285693,0.0046887444,0.14376277,0.037432745,0.44732225,0.009626422,0.107242584,0.06706749
822,0.16499239,0.002790795,0.08979565,0.045138564,0.5028081,0.009710999,0.10771328,0.07705031
823,0.15952279,0.005603588,0.15629646,0.048279256,0.384642,0.01184149,0.11336042,0.12045403
824,0.19272833,0.005735077,0.11854886,0.037085056,0.36680463,0.019180229,0.1294564,0.13046138
825,0.16676164,0.00902044,0.1519751,0.06292207,0.32197872,0.027556673,0.15204155,0.10774378
826,0.19081956,0.0022461826,0.14538988,0.053868793,0.4175704,0.013817623,0.10087033,0.07541728
827,0.1935553,0.0055833277,0.14379947,0.03973806,0.41507012,0.010730444,0.10240653,0.08911679
828,0.18154147,0.0022208695,0.14924476,0.04777659,0.36262742,0.015981087,0.113322616,0.12728521
829,0.19583277,0.0008937571,0.112019554,0.041401647,0.39791927,0.013985394,0.10933925,0.12860839
830,0.17321429,0.004467536,0.09731776,0.030131677,0.38919488,0.016595881,0.11122366,0.1778543
831,0.17718165,0.0013794417,0.1062233,0.02990008,0.4630041,0.010139119,0.087197684,0.124974616
832,0.20077595,0.004718343,0.1380188,0.045380708,0.45840323,0.011055504,0.08161608,0.06003139
833,0.19764987,0.002867951,0.1129344,0.039312255,0.4969904,0.008167082,0.07712587,0.06495217
834,0.20082736,0.005155713,0.11087074,0.028679509,0.47776002,0.007926358,0.0885074,0.08027291
835,0.21579356,0.24854822,0.07154219,0.021903416,0.30214086,0.010162137,0.091454424,0.038455132
836,0.26067913,0.44897237,0.048227787,0.023413988,0.09185404,0.008115263,0.10509185,0.013645545
837,0.27760655,0.57854915,0.0207508,0.01564547,0.004920758,0.00465594,0.0865076,0.011363706
838,0.22455671,0.49003014,0.08367344,0.03064687,0.11848195,0.0016817464,0.029151883,0.0217773
839,0.25721166,0.49881297,0.016009493,0.011008568,0.15959638,0.0020409727,0.04359034,0.011729585
840,0.25107026,0.37778303,0.0589638,0.016511617,0.21198092,0.0051612263,0.069791414,0.008737782
841,0.19548573,0.47258413,0.085499346,0.046742715,0.1067987,0.027577834,0.051151395,0.014160116
842,0.079699,0.68754464,0.033203535,0.13655739,0.023404444,0.0039799763,0.035356157,0.00025480834
843,0.12302646,0.612939,0.014892942,0.094983995,0.02623605,0.09811952,0.028466664,0.001335324
844,0.0968583,0.639961,0.0035660157,0.16473854,0.02173574,0.043045077,0.02990026,0.00019514009
845,0.031222608,0.94484025,0.0007476069,0.0004056023,6.75134e-05,0.00049954746,0.022216558,2.5276714e-07
846,0.1002884,0.73829234,0.00570484,0.021861942,0.019151716,0.013289478,0.101356916,5.4410182e-05
847,0.1074558,0.78984433,0.022480186,0.038293555,0.0071077035,0.0037469296,0.031024689,4.6814475e-05
848,0.094393425,0.7872537,0.012045709,0.059092622,0.017811393,0.015037604,0.014050115,0.0003154238
849,0.08124804,0.43727595,0.1326662,0.21498972,0.049410906,0.020547725,0.06229038,0.001571059
850,0.1407486,0.64242756,0.025559865,0.09150888,0.027353892,0.003556611,0.06847065,0.00037393277
851,0.20801662,0.42592466,0.028004404,0.15178923,0.14120951,0.0018058913,0.03942738,0.0038223232
852,0.24404508,0.540092,0.021937517,0.05888426,0.075732075,0.003069572,0.04996554,0.006274048
853,0.22747903,0.5699138,0.043785516,0.08406445,0.019160016,0.0022355197,0.03922001,0.014141545
854,0.2282243,0.44060105,0.09144318,0.050833877,0.1346488,0.0037120152,0.033492487,0.017044349
855,0.2112785,0.12322244,0.14201131,0.025806943,0.3918502,0.010326379,0.056400374,0.039103813
856,0.30060136,0.08444567,0.008858752,0.12194425,0.3126642,0.0027383734,0.16658743,0.0021598868
857,0.20067336,0.0031580736,0.13359061,0.072243385,0.4364065,0.009993522,0.08801041,0.05592414
858,0.20532818,0.00483206,0.15024658,0.05864752,0.4378259,0.007886754,0.09304566,0.042187296
859,0.1580828,0.005033288,0.115723744,0.058364887,0.48044884,0.00829121,0.08476886,0.08928639
860,0.17962469,0.0057735685,0.14551073,0.05166592,0.35882458,0.013920102,0.116644785,0.1280356
861,0.1842896,0.0069684708,0.13058226,0.06482633,0.48276135,0.006698721,0.0802577,0.04361551
862,0.15448895,0.01435926,0.10334541,0.04695257,0.44067276,0.008488538,0.10942354,0.12226891
863,0.17710346,0.002941961,0.11002789,0.043063242,0.39187762,0.012559871,0.118023045,0.14440297
864,0.16178788,0.005497188,0.14731589,0.054687332,0.36315593,0.019264985,0.12689827,0.12139249
865,0.14909759,0.007063668,0.1417987,0.06340769,0.44519964,0.011352921,0.1143384,0.06774139
866,0.15583543,0.00618393,0.11143794,0.050590616,0.38502666,0.015068862,0.12904665,0.14680995
867,0.1758433,0.005627906,0.14704083,0.05692142,0.34987667,0.021153716,0.12752752,0.1160087
868,0.16920896,0.006134327,0.15802369,0.051343992,0.36125478,0.017884372,0.119319916,0.11683005
869,0.18252161,0.0016983334,0.15355392,0.048768003,0.37969416,0.017074699,0.115803085,0.10088628
870,0.183405,0.0030779121,0.14482573,0.055637084,0.4609579,0.009403937,0.085515425,0.057177056
871,0.1866502,0.0024280704,0.12343049,0.039831374,0.37749797,0.014060683,0.11479083,0.14131035
872,0.17568044,0.014418517,0.10381492,0.026141705,0.43950126,0.010904448,0.10465294,0.12488583
873,0.20553532,0.0064577633,0.13520691,0.04412854,0.46586967,0.008521464,0.069855176,0.06442513
874,0.19399144,0.014945208,0.09455058,0.039934285,0.45660192,0.0124274,0.10083829,0.086710855
875,0.20778298,0.14092073,0.099387795,0.028626116,0.37044722,0.0063536204,0.06471096,0.08177059
876,0.20942405,0.31789148,0.07458677,0.034674734,0.26764438,0.0048631267,0.05124068,0.03967482
877,0.2219752,0.37729958,0.044743657,0.01595716,0.24129435,0.0035221488,0.07635422,0.018853648
878,0.19098727,0.6487056,0.010251249,0.041520596,0.044146772,0.006802367,0.056899328,0.0006868268
879,0.1985249,0.40012226,0.029122598,0.08994586,0.09462976,0.121426396,0.04519607,0.021032175
880,0.217897,0.43023106,0.034117743,0.056325935,0.20280251,0.0021603904,0.042591535,0.013873805
881,0.29649165,0.4853505,0.015806671,0.013931346,0.1387726,0.0007616488,0.04493869,0.0039469735
882,0.22083397,0.5448589,0.055840485,0.06412369,0.08508148,0.002533186,0.025124278,0.0016040861
883,0.14552486,0.31887478,0.13874495,0.18955037,0.10308039,0.05360149,0.03687367,0.013749519
884,0.06271517,0.8640031,0.005092955,0.0048478493,9.887653e-06,0.0043212706,0.059006404,3.3233293e-06
885,0.1513311,0.6320245,0.017179435,0.022757616,0.00045508752,0.11094586,0.06468477,0.0006216653
886,0.0068425625,0.9333374,0.011464831,0.00064736814,3.7288977e-05,0.0018187148,0.04585136,5.262643e-07
887,0.023379145,0.7616782,0.048378192,0.007945534,0.00027478792,0.0012061305,0.15711631,2.172397e-05
888,0.06595098,0.6884535,0.083825946,0.096139245,0.024822874,0.003269642,0.037396234,0.00014160319
889,0.07092965,0.5731507,0.064001754,0.18918441,0.039392006,0.0068245903,0.05617708,0.00033978297
890,0.09938542,0.4685737,0.07256984,0.17566378,0.052560013,0.04263486,0.08390417,0.004708279
891,0.19200833,0.6249806,0.0015865525,0.08442069,0.050435137,0.0051017823,0.04123474,0.00023216315
892,0.22508083,0.64753056,0.0013387424,0.07083642,0.048705578,0.0008889726,0.002033166,0.0035857488
893,0.24633043,0.615178,0.027028536,0.020454329,0.029542118,0.002990126,0.048151676,0.010324805
894,0.23723105,0.5077251,0.07277655,0.023364415,0.08235286,0.0068706092,0.05871087,0.0109685
895,0.25100288,0.44979513,0.046772398,0.07682724,0.09852953,0.0043795668,0.065995075,0.0066981865
896,0.21508142,0.36430472,0.04716028,0.033697926,0.2711147,0.003171193,0.03896636,0.026503425
897,0.19599833,0.0035811858,0.10274946,0.094565354,0.40309927,0.012344768,0.15697655,0.030685091
898,0.20535687,0.0036262167,0.19111943,0.07576752,0.4121549,0.010398503,0.06958757,0.03198898
899,0.17875779,0.0025250493,0.13519107,0.05097342,0.48795635,0.008855168,0.08947853,0.046262607
900,0.1853556,0.005254286,0.15065601,0.046294067,0.4670704,0.0071356534,0.096999094,0.04123486
901,0.16355051,0.0011081878,0.15124884,0.054925524,0.46900508,0.008432933,0.09440823,0.057320647
902,0.17854226,0.021769391,0.14517875,0.0460089,0.45678595,0.007962589,0.093582205,0.05016998
903,0.19194117,0.004893145,0.13386366,0.044018283,0.45801196,0.008961195,0.10873238,0.049578205
904,0.13677616,0.0055635064,0.10932531,0.05522645,0.4547776,0.011951587,0.1234755,0.10290386
905,0.19568253,0.0033504856,0.12212468,0.038679115,0.39375934,0.016576352,0.120831646,0.10899586
906,0.18433525,0.0046601184,0.105267525,0.03233233,0.35312128,0.022891622,0.12883693,0.16855502
907,0.15685183,0.013277485,0.1155814,0.039268233,0.4049036,0.013910196,0.12810412,0.12810308
908,0.14997412,0.0016680271,0.11560112,0.05144972,0.4631298,0.010702376,0.10434615,0.10312864
909,0.15933363,0.0021645864,0.12450989,0.042551566,0.43366867,0.014049486,0.12818485,0.09553735
910,0.18537563,0.0023131594,0.14182998,0.035540488,0.34382868,0.018051341,0.13730673,0.1357539
911,0.19122249,0.0018310037,0.14351724,0.042391125,0.4687712,0.0090514915,0.08110116,0.062114254
912,0.19685255,0.0020388342,0.14003496,0.052206367,0.40583095,0.009710179,0.09765715,0.09566899
913,0.16435096,0.0038609847,0.10155678,0.035006534,0.43063104,0.0135256285,0.10924087,0.14182724
914,0.1923864,0.0025949208,0.11354539,0.03998389,0.462351,0.009635865,0.102790095,0.07671247
915,0.19777739,0.16195008,0.0940832,0.024545742,0.3699965,0.008392548,0.07150004,0.07175451
916,0.19354618,0.5342299,0.03410137,0.018350363,0.15542959,0.0018885444,0.010247663,0.052206397
917,0.22706833,0.42955112,0.049914677,0.015272806,0.21253641,0.0034245576,0.03283639,0.029395752
918,0.244372,0.4202301,0.036728434,0.009078342,0.20672855,0.005062387,0.0610691,0.016731082
919,0.26522017,0.551616,0.028230479,0.017781056,0.08151511,0.0012474267,0.04051374,0.013875976
920,0.24715935,0.3987673,0.07709037,0.054079477,0.07240256,0.012051188,0.123182885,0.0152668115
921,0.118940584,0.21516183,0.1213796,0.110206366,0.14052834,0.033576306,0.2347321,0.025474872
922,0.2280777,0.5385039,0.015822794,0.061454505,0.0961765,0.0037367316,0.0546608,0.001567045
923,0.14410251,0.74805605,0.030195942,0.023522427,0.003691814,0.014881932,0.035146397,0.00040294093
924,0.12806039,0.5767658,0.052202005,0.08973776,0.016599715,0.092830546,0.041906215,0.0018976425
925,0.13520104,0.7218632,0.0070356634,0.03762752,0.009920949,0.004942785,0.0833157,9.3146766e-05
926,0.06955816,0.843716,0.0060956166,0.0066949157,1.8140667e-05,0.011543124,0.06236875,5.26361e-06
927,0.088852204,0.8934484,8.8554414e-05,0.0010423451,4.235805e-06,0.011411425,0.0051525794,2.1596972e-07
928,0.0074950736,0.9869285,0.0002494869,0.0019697347,0.0006513716,0.00023150606,0.0024464317,2.7944561e-05
929,0.024084821,0.86761206,0.018855762,0.07608562,0.0021600062,0.0031583705,0.008037452,5.878689e-06
930,0.070799924,0.87180734,0.0008879315,0.0059656715,9.035752e-06,0.0008758914,0.04965377,5.0606053e-07
931,0.105154805,0.53329617,0.06418297,0.18129061,0.08187446,0.006141252,0.027195523,0.0008642672
932,0.18899776,0.5213098,0.014720301,0.14070919,0.070370436,0.022184385,0.03972859,0.001979556
933,0.21882936,0.6066845,0.0028929848,0.07748843,0.08155652,0.0023714988,0.004311144,0.0058655776
934,0.2602441,0.5555258,0.019789957,0.05560053,0.07031608,0.00065071,0.03196384,0.0059089903
935,0.2169619,0.5615116,0.049041245,0.029023174,0.08859464,0.001280834,0.042226065,0.011360494
936,0.20619974,0.42909658,0.08640558,0.069474414,0.14303587,0.0032921452,0.041566893,0.020928698
937,0.26999426,0.45715976,0.016447218,0.06499485,0.11697901,0.0046781036,0.06515012,0.004596729
938,0.2418348,0.3194052,0.10671029,0.046083923,0.17465946,0.011754567,0.07559142,0.023960335
939,0.1855381,0.21389414,0.10254948,0.07455158,0.23955625,0.011152102,0.10672432,0.066034004
940,0.19277,0.0064349337,0.10198889,0.051536664,0.46934104,0.0088909585,0.092501126,0.076536395
941,0.1693823,0.003406645,0.10315528,0.044331793,0.4880017,0.007943753,0.098127574,0.085651025
942,0.17893077,0.006055134,0.120562695,0.04636775,0.4573986,0.011328485,0.116058156,0.06329841
943,0.20658682,0.004533688,0.15202853,0.052527905,0.46012747,0.0073191216,0.076368436,0.040508024
944,0.13912208,0.0041833217,0.12147623,0.050957017,0.4047199,0.013711388,0.12467647,0.14115363
945,0.17140272,0.0066644247,0.14973168,0.049813505,0.38774002,0.015499639,0.12293727,0.09621071
946,0.17101136,0.010293414,0.14310567,0.043621738,0.43659204,0.011942424,0.11650612,0.066927284
947,0.1888046,0.0069898996,0.14229773,0.04601339,0.47748655,0.009262466,0.0779499,0.05119546
948,0.20133477,0.011433908,0.12799452,0.039384138,0.4177312,0.014635369,0.11835253,0.06913348
949,0.17787203,0.01601458,0.10558747,0.049512614,0.52068,0.005840201,0.07805503,0.04643798
950,0.15756139,0.0050134854,0.11183255,0.046073765,0.34759086,0.018889528,0.13437213,0.17866625
951,0.19867583,0.008471928,0.12832674,0.0465315,0.46172798,0.007853515,0.088420175,0.0599923
952,0.16805562,0.0044228197,0.1324813,0.042856716,0.4495509,0.009162438,0.12214056,0.07132963
953,0.21087994,0.014960848,0.13120255,0.03543053,0.4383536,0.010432609,0.09327012,0.0654698
954,0.19621912,0.006930592,0.14771938,0.04821859,0.4272912,0.0088383835,0.09693577,0.06784693
955,0.1838498,0.017740479,0.10891305,0.037101343,0.40235022,0.013465386,0.1271614,0.109418355
956,0.21015565,0.089824975,0.12885693,0.034063615,0.3841223,0.009255209,0.08164203,0.062079288
957,0.21171467,0.318412,0.05706644,0.029733587,0.27902275,0.0065276534,0.055452026,0.042070843
958,0.21854053,0.41244254,0.06408352,0.040102467,0.2002346,0.0018780003,0.036076676,0.026641693
959,0.25469923,0.5123592,0.02173396,0.015850816,0.14491048,0.0013262965,0.030438518,0.018681489
960,0.26141697,0.52465796,0.022501064,0.01384649,0.13429473,0.0035384262,0.028162114,0.011582288
961,0.22036374,0.45024586,0.06936229,0.028507486,0.16028553,0.0026793396,0.052653413,0.015902288
962,0.26255667,0.40959916,0.0723304,0.018413344,0.15253668,0.0054423152,0.07009783,0.009023664
963,0.11507921,0.41661298,0.08750855,0.15739657,0.09564387,0.028025327,0.08944625,0.010287305
964,0.09847386,0.7370179,0.0076134456,0.09334985,0.022510475,0.0049538254,0.03603132,4.9311362e-05
965,0.11125378,0.6037176,0.012952872,0.13435274,0.059271615,0.036457054,0.0411968,0.0007975463
966,0.12373118,0.5317342,0.02079041,0.14940444,0.053081833,0.07810719,0.04040857,0.0027422183
967,0.13535182,0.6366703,0.030182641,0.116870105,0.016278187,0.010949326,0.053410098,0.00028750437
968,0.021266354,0.9657439,0.0005177105,0.0058680433,9.7696786e-05,0.0026820914,0.003823334,8.7144025e-07
969,0.0012551871,0.99531114,0.0002883964,0.0013035535,2.3856295e-05,0.0014635359,0.0003542193,6.090094e-08
970,0.0015833626,0.9186048,0.0055889776,0.065819256,0.0007161208,0.0072358563,0.00045106714,4.5305617e-07
971,0.014602823,0.8173279,0.01442255,0.09255283,0.030532684,0.025008943,0.005442829,0.000109455694
972,0.08844467,0.6392413,0.0723471,0.117938735,0.07449635,0.0007224896,0.006441182,0.0003681705
973,0.22207095,0.58785915,0.00074679026,0.14797471,0.039288357,0.00015789267,0.0017674887,0.00013466232
974,0.24163926,0.52196944,0.05568422,0.04646958,0.075483665,0.0028752487,0.044883754,0.010994886
975,0.27862412,0.5735965,0.010909374,0.025435321,0.06315512,0.0011227808,0.040753946,0.006402828
976,0.25791833,0.5757413,0.049130987,0.031192673,0.026895532,0.0022599949,0.040332414,0.01652883
977,0.24035949,0.52075213,0.07348994,0.050639533,0.049950343,0.0028623845,0.045652904,0.016293311
978,0.25390956,0.3687428,0.02703302,0.11288349,0.1618601,0.002057524,0.06768094,0.0058325203
979,0.21637274,0.32415745,0.09654832,0.039802644,0.23248735,0.008116201,0.0653683,0.01714706
980,0.22550048,0.39777154,0.06819284,0.029756699,0.18892246,0.004607315,0.058660686,0.026587978
981,0.19418137,0.08379323,0.11442557,0.053372253,0.37401322,0.0092872325,0.09664958,0.074277624
982,0.17663664,0.0014956454,0.13822839,0.0393849,0.4456315,0.010410795,0.11915503,0.06905712
983,0.17901969,0.0076003615,0.14186285,0.046251427,0.36045846,0.014877289,0.119066,0.13086392
984,0.20081809,0.0017466351,0.14633694,0.06154573,0.45634732,0.010009693,0.086968206,0.036227297
985,0.16588786,0.038335986,0.11973258,0.14445911,0.29665065,0.015554843,0.14834146,0.071037434
986,0.22573288,0.0061733574,0.14445063,0.05160535,0.33825165,0.020206241,0.11741638,0.09616347
987,0.20601884,0.0020599798,0.15318327,0.048774965,0.40054604,0.01347132,0.10747021,0.06847539
988,0.1548418,0.006648191,0.123455316,0.041920736,0.38233712,0.01515353,0.12695499,0.14868833
989,0.19513902,0.009047095,0.124935225,0.03528464,0.37265643,0.015753556,0.13191357,0.11527043
990,0.14634357,0.006892994,0.11273552,0.046450544,0.471437,0.010269156,0.13727055,0.06860062
991,0.20860375,0.010979838,0.12823686,0.04643358,0.32288417,0.02031092,0.13501522,0.12753561
992,0.20599715,0.0023341058,0.1377803,0.044243567,0.43363476,0.008959859,0.10362505,0.06342523
993,0.20670007,0.0050396896,0.13930683,0.048225734,0.45922977,0.0075847297,0.08734899,0.046564166
994,0.20446038,0.005712197,0.13089119,0.039051015,0.4649685,0.008931935,0.093396865,0.05258791
995,0.19874303,0.0066602947,0.1374933,0.042320896,0.45399684,0.010647832,0.101737686,0.048400126
996,0.18946064,0.15026756,0.099745765,0.03672048,0.34462875,0.011983449,0.10091869,0.06627473
997,0.24740316,0.4959118,0.030539492,0.030186204,0.12817554,0.005201895,0.043834385,0.018747505
998,0.22577454,0.22525293,0.08629432,0.02686065,0.32534662,0.0069900122,0.065592475,0.037888445
999,0.22374071,0.56602985,0.041107,0.011941524,0.085548915,0.002869265,0.04690086,0.021861939
1000,0.28415355,0.47072285,0.03448635,0.014257111,0.13858783,0.0044213324,0.04109462,0.012276376
1001,0.24811956,0.5178654,0.021572147,0.012279755,0.13324365,0.0020778729,0.049675226,0.015166325
1002,0.26458797,0.49495408,0.020427855,0.014475778,0.15006003,0.0018438443,0.04516046,0.008489921
1003,0.23469998,0.4516446,0.029243719,0.039919786,0.1707399,0.001473943,0.05691699,0.015361109
1004,0.198573,0.68802714,0.031190481,0.030863063,0.00812999,0.0035542897,0.037107304,0.0025547415
1005,0.07063874,0.6148872,0.048873264,0.18538368,0.042402893,0.016259361,0.021141795,0.0004130847
1006,0.10521451,0.5213088,0.0327769,0.16483259,0.053429905,0.049362026,0.07113055,0.0019447057
1007,0.08232828,0.6791417,0.019513695,0.11761638,0.015459609,0.022447176,0.0633422,0.00015096324
1008,0.1092153,0.47495577,0.041672423,0.10004685,0.007617438,0.21644478,0.048609264,0.0014382353
1009,0.08548936,0.7005076,0.00853143,0.07437017,0.0064571593,0.016691083,0.10793917,1.4065785e-05
1010,0.055372078,0.687263,0.0040698294,0.126519,0.07054881,0.004353885,0.051835854,3.753927e-05
1011,0.02569802,0.8741165,0.0013468709,0.07433257,0.023225015,0.00051355414,0.0007629061,4.543636e-06
1012,0.11725927,0.561172,0.07822601,0.12572514,0.1008838,0.003094433,0.011149821,0.0024894788
1013,0.1434674,0.541129,0.0324088,0.201229,0.07558808,0.00054673717,0.0046668514,0.0009641426
1014,0.21245573,0.6457388,0.010192289,0.051549662,0.027777253,0.0049748323,0.046258282,0.0010531446
1015,0.27682158,0.49911672,0.031614885,0.044954047,0.09344482,0.0028363992,0.04076099,0.0104505485
1016,0.21220523,0.42216042,0.06848147,0.06837885,0.15993963,0.0017332016,0.04663945,0.02046169
1017,0.2418507,0.5243603,0.034775175,0.046345983,0.10728998,0.0028594483,0.033796698,0.008721745
1018,0.25941643,0.43707082,0.021773184,0.08048808,0.14468895,0.0023158083,0.04910354,0.0051432513
1019,0.25881657,0.4732719,0.067321435,0.039711997,0.062328354,0.0058117216,0.07718027,0.01555779
1020,0.21123968,0.27160668,0.08136697,0.024604484,0.2856041,0.0067915907,0.07986968,0.03891683
1021,0.2088022,0.13821238,0.121846005,0.04184403,0.32104295,0.012281823,0.08915725,0.06681333
1022,0.23726617,0.16994983,0.13621259,0.030689038,0.18315956,0.015644243,0.13075934,0.09631918
1023,0.21518496,0.015365693,0.1466625,0.04239194,0.2892723,0.02122873,0.14796181,0.12193207
1024,0.21005581,0.0036576316,0.14818412,0.04512571,0.4685822,0.008438908,0.08007493,0.03588071
1025,0.16433913,0.07187225,0.08757745,0.14480524,0.3155368,0.014157352,0.12978436,0.071927406
1026,0.17835909,0.0024226664,0.13466221,0.062429115,0.3930537,0.012772273,0.12234424,0.09395674
1027,0.19509037,0.0054034777,0.15153696,0.057834674,0.4498899,0.008867293,0.082568206,0.048809156
1028,0.17827746,0.011021479,0.13649805,0.039983936,0.48984587,0.0093039265,0.09302939,0.042039916
1029,0.15683933,0.012483774,0.11112762,0.040524565,0.43027112,0.013895268,0.118755706,0.11610266
1030,0.16720676,0.014220341,0.13492377,0.04300964,0.45673662,0.010615665,0.12328373,0.050003506
1031,0.18473798,0.0054649096,0.14571509,0.04585734,0.35767457,0.016459951,0.13056542,0.11352466
1032,0.18902907,0.0036617094,0.13596357,0.04386479,0.43431264,0.007786564,0.10790772,0.07747396
1033,0.20978166,0.009175132,0.13614215,0.044429872,0.47201556,0.0069029434,0.076980196,0.04457245
1034,0.19737448,0.0052667563,0.14100444,0.03473715,0.4233782,0.013293495,0.11935015,0.0655953
1035,0.18525214,0.1663265,0.112274714,0.035432126,0.28682017,0.014138507,0.124287695,0.07546821
1036,0.22476397,0.32764786,0.08838934,0.025988044,0.23381682,0.0042515313,0.067052014,0.028090468
1037,0.2501848,0.44484204,0.07822445,0.014765399,0.10074723,0.009785127,0.08170445,0.019746512
1038,0.22090684,0.36016795,0.06344671,0.031029394,0.24242163,0.004973402,0.04760661,0.02944746
1039,0.21785167,0.43631124,0.063079886,0.030516231,0.1919608,0.0030558445,0.03233111,0.024893206
1040,0.29628602,0.5770087,0.0107676275,0.00923151,0.054756153,0.0016836304,0.039925106,0.010341231
1041,0.2472126,0.48936522,0.008185266,0.012353867,0.2047135,0.0022860933,0.02420568,0.011677739
1042,0.31531748,0.59125465,0.0041785995,0.016529093,0.024055552,0.003342381,0.042450123,0.0028721637
1043,0.22827666,0.4913492,0.01894922,0.08792391,0.12591976,0.0036881391,0.03970559,0.004187593
1044,0.22347431,0.71557105,0.0073903115,0.006829203,0.0011993215,0.002911239,0.041794404,0.0008301785
1045,0.0860628,0.6502612,0.036151893,0.15281701,0.039799258,0.003589219,0.030866535,0.00045208985
1046,0.08619139,0.55137515,0.03199185,0.22472653,0.04641551,0.033360265,0.025380174,0.0005590872
1047,0.1324602,0.5048303,0.025358211,0.13515472,0.0385856,0.14137244,0.020619592,0.0016189296
1048,0.06364687,0.66050214,0.08699718,0.09342488,0.009893406,0.00445081,0.08105117,3.3559154e-05
1049,0.001458832,0.85750127,0.02031568,0.080839425,0.013232767,0.0020763811,0.02457511,4.4185145e-07
1050,0.04176942,0.68654895,0.05568107,0.18190904,0.027366273,0.0021889003,0.0044612223,7.5091506e-05
1051,0.10027711,0.4691627,0.1548284,0.17602772,0.040666264,0.01523012,0.04195567,0.0018519359
1052,0.14280662,0.44823366,0.07628069,0.14705391,0.015170053,0.056940842,0.107958026,0.0055561406
1053,0.2583565,0.4818072,0.063968375,0.09681364,0.057025693,0.0022394431,0.027473055,0.012316031
1054,0.22042093,0.55077726,0.038435135,0.07238664,0.065593846,0.0024689226,0.034124214,0.015793065
1055,0.24970466,0.49747327,0.023256041,0.055816274,0.12448712,0.0023962194,0.03966034,0.0072061396
1056,0.26065114,0.43100867,0.0731381,0.05279369,0.09350899,0.00808601,0.06655046,0.0142629165
1057,0.2555787,0.45874083,0.06004574,0.04261813,0.04894101,0.009791436,0.11271474,0.011569452
1058,0.26949623,0.53434473,0.026996978,0.020606164,0.06788874,0.0077967853,0.060632646,0.012237667
1059,0.2383511,0.36196652,0.103486955,0.038718943,0.16953605,0.008685681,0.047270305,0.03198444
1060,0.22510982,0.42620713,0.08805474,0.04038729,0.13290976,0.006405844,0.053754885,0.027170494
1061,0.24119246,0.376515,0.08629962,0.026740046,0.14119346,0.009002148,0.08429625,0.03476103
1062,0.19125494,0.17139712,0.13576998,0.04635985,0.26243448,0.013438259,0.10503852,0.07430684
1063,0.16045274,0.02991611,0.13971539,0.058265816,0.41617903,0.008698666,0.11696168,0.06981056
1064,0.17132455,0.013747763,0.14024124,0.07251065,0.3328063,0.021052495,0.15115437,0.09716274
1065,0.17241506,0.017885296,0.1298991,0.05652024,0.3704763,0.013983677,0.13993123,0.098889105
1066,0.1968729,0.013556313,0.14462778,0.056524865,0.44791716,0.008238894,0.095852464,0.036409553
1067,0.19939725,0.005452986,0.15353839,0.059724554,0.45196232,0.009214161,0.085340045,0.035370313
1068,0.16225286,0.013868096,0.14726053,0.049559742,0.3642619,0.0163515,0.14235958,0.1040858
1069,0.19064568,0.035028376,0.14931515,0.054308437,0.37218928,0.013566396,0.12921709,0.055729657
1070,0.18623883,0.013050935,0.14848515,0.04943281,0.31590733,0.01843836,0.1423361,0.12611046
1071,0.21295002,0.025119126,0.13401048,0.040334817,0.38732073,0.011174511,0.12068593,0.06840434
1072,0.2272631,0.019556032,0.1538764,0.058185063,0.36789858,0.012479925,0.10822296,0.05251795
1073,0.20563097,0.046231315,0.1347045,0.043374486,0.40822175,0.009841247,0.10900515,0.042990547
1074,0.21682957,0.32359803,0.076417044,0.041886687,0.24371035,0.0049085272,0.06799386,0.024655953
1075,0.24290572,0.4120516,0.094812855,0.033635497,0.12492328,0.004276294,0.060430583,0.026964251
1076,0.22787474,0.4087156,0.09407157,0.039348356,0.13716605,0.007726242,0.060382575,0.024714924
1077,0.24330448,0.49131158,0.034530878,0.019205965,0.14364772,0.003723578,0.047735587,0.016540242
1078,0.2513842,0.4121722,0.07742931,0.017348837,0.18261047,0.0033432029,0.041770447,0.013941349
1079,0.30470902,0.57583797,0.008076898,0.017748993,0.060480043,0.0031126877,0.02170733,0.008327031
1080,0.31457603,0.5324712,0.00582852,0.03651689,0.052261963,0.0028154862,0.049161233,0.006368761
1081,0.28797144,0.44696182,0.0087969685,0.06013285,0.15124278,0.004675054,0.035361715,0.0048573357
1082,0.16678992,0.52078724,0.015563372,0.20547763,0.057394627,0.0030435864,0.029789202,0.001154484
1083,0.15455747,0.3892288,0.07830833,0.13396189,0.10009395,0.054651618,0.073048234,0.016149782
1084,0.107444264,0.7615832,0.018224638,0.06509263,0.005486892,0.008719463,0.033389837,5.906483e-05
1085,0.056103405,0.701586,0.036791645,0.13952576,0.013403749,0.0145013165,0.037851807,0.00023632683
1086,0.107620485,0.79146266,0.016895445,0.016093615,5.192435e-05,0.007677604,0.0601638,3.451718e-05
1087,0.14000167,0.80268973,0.00018253831,0.014550918,0.0001968549,0.029039722,0.013337457,1.0785286e-06
1088,0.5871344,0.17629457,0.04406869,0.0044076736,0.0008406085,0.024006974,0.16173266,0.0015143724
1089,0.00017519189,0.9946897,0.0001198384,0.0003143417,7.144254e-07,0.0007392891,0.0039609717,8.540935e-09
1090,0.025122765,0.8151457,0.04112777,0.10643857,0.001956707,0.0018027363,0.008399761,5.9378576e-06
1091,0.12089679,0.23433656,0.19813983,0.30360848,0.09416534,0.022382786,0.022269791,0.0042004213
1092,0.07130519,0.6364891,0.08158803,0.1506976,0.021858292,0.008069617,0.02991564,7.652873e-05
1093,0.1319394,0.7788234,0.0065048165,0.053540356,0.0021056838,0.0034527986,0.023570988,6.250374e-05
1094,0.18043193,0.53175974,0.03747584,0.09876884,0.06810618,0.011013403,0.0716417,0.0008023791
1095,0.2739906,0.5432751,0.013879075,0.048333555,0.015498972,0.04916759,0.051898394,0.003956652
1096,0.2431376,0.68205327,0.0059707765,0.014244995,0.001434703,0.0038515239,0.04784076,0.0014664098
1097,0.26888275,0.5514766,0.030578863,0.023703305,0.004966749,0.008262092,0.10330955,0.008820118
1098,0.24309814,0.5253145,0.031466123,0.03311589,0.046017874,0.009090103,0.10061268,0.011284714
1099,0.24483944,0.51484925,0.040335927,0.017555894,0.117156915,0.0041582803,0.044241495,0.016862826
1100,0.20831361,0.32284355,0.11665217,0.03715568,0.22174603,0.0033996103,0.050075147,0.039814167
1101,0.22519907,0.34187678,0.072208084,0.042523935,0.21099442,0.0077122147,0.07026392,0.02922156
1102,0.22177622,0.4785579,0.03907215,0.03483101,0.15732807,0.0040106513,0.042509846,0.021914128
1103,0.22451985,0.27600506,0.0809184,0.023814932,0.25129902,0.009150232,0.109746635,0.024545843
1104,0.24316344,0.39577603,0.07413506,0.021818543,0.13081956,0.008734729,0.09553721,0.030015433
1105,0.20475239,0.4179762,0.0689448,0.027700199,0.15961862,0.006084628,0.0737759,0.04114728
1106,0.17758325,0.10523344,0.14223793,0.047862526,0.34855765,0.012820944,0.102876194,0.06282797
1107,0.16178216,0.02272406,0.12855092,0.034447126,0.47999159,0.0072301906,0.11336327,0.05191076
1108,0.20119421,0.11782699,0.12439304,0.032802723,0.36294875,0.012625172,0.107284315,0.040924884
1109,0.1409967,0.10413985,0.13171358,0.04571185,0.32509625,0.018974805,0.16224907,0.071117915
1110,0.1742603,0.11259489,0.15818283,0.043445773,0.34432685,0.010547697,0.10744166,0.0492
1111,0.20053318,0.16392276,0.10884794,0.035811014,0.2569304,0.016161647,0.11816312,0.09962994
1112,0.20202322,0.29203928,0.081729524,0.035445604,0.24705039,0.004730768,0.080746986,0.056234345
1113,0.2089971,0.21450245,0.12897755,0.032432962,0.26118684,0.007594941,0.08221315,0.0640949
1114,0.21724744,0.30873823,0.092147715,0.024187105,0.27442053,0.00504982,0.04791932,0.03028976
1115,0.23671436,0.34847286,0.10172494,0.02903173,0.20690596,0.0035428002,0.054811038,0.018796252
1116,0.27758214,0.5227198,0.033861376,0.019530555,0.06698128,0.0030805126,0.057860915,0.018383496
1117,0.26287597,0.43976352,0.06704455,0.024235927,0.12035476,0.0062835454,0.07007325,0.009368463
1118,0.2729159,0.5342563,0.024917424,0.012574733,0.09088678,0.0021073718,0.043866944,0.018474597
1119,0.26195744,0.5127451,0.053544644,0.025259176,0.08159449,0.0033680885,0.046819683,0.01471138
1120,0.35451785,0.55549186,0.011926788,0.008431187,0.0028317024,0.0068770978,0.056720097,0.0032033762
1121,0.1618698,0.70143574,0.009184352,0.04987123,0.0027251502,0.017838903,0.056555074,0.00051974726
1122,0.23622501,0.36574888,0.008241551,0.03943865,0.28958288,0.0024199926,0.054971166,0.0033718531
1123,0.15765414,0.6474764,0.0069556558,0.1046559,0.030258503,0.0016249453,0.05118957,0.00018495644
1124,0.09401967,0.5398213,0.09790835,0.12623963,0.027249238,0.034407325,0.07574948,0.004605007
1125,0.096270606,0.37130415,0.071773626,0.25174007,0.08087352,0.07325343,0.05061818,0.0041664173
1126,0.061621748,0.6446097,0.0151697565,0.2061102,0.050881132,0.005352846,0.016226027,2.8566596e-05
1127,0.042970628,0.850178,0.0072994498,0.014439208,1.2512926e-05,0.006744696,0.078354,1.4752219e-06
1128,0.042802006,0.9512401,0.00051876093,0.0012895378,4.334888e-05,0.00086971687,0.0032341687,2.3432565e-06
1129,0.15302224,0.54023623,0.02462562,0.0643373,0.0013237852,0.15157089,0.06352158,0.0013624053
1130,0.077214636,0.7228161,0.039562184,0.110132374,0.03745626,0.001264543,0.0114707565,8.314666e-05
1131,0.056212004,0.30169278,0.1693874,0.2804462,0.07567213,0.015339518,0.09897135,0.0022785729
1132,0.097377494,0.47159335,0.07007335,0.20880587,0.05018648,0.024364503,0.07645582,0.0011431407
1133,0.11480975,0.6697351,0.025857449,0.11240429,0.03505154,0.007403813,0.033951517,0.0007865514
1134,0.1801278,0.45133695,0.06992212,0.0858525,0.023398865,0.10685705,0.0725639,0.0099408515
1135,0.31568632,0.53156036,0.014380369,0.038799338,0.034970082,0.006392711,0.0493488,0.008861944
1136,0.25129676,0.47279644,0.04080306,0.03978174,0.11720428,0.0032606851,0.05328879,0.02156824
1137,0.24020098,0.58859897,0.032442,0.01664078,0.03390448,0.0032074421,0.060421996,0.024583418
1138,0.24986337,0.42364892,0.04861676,0.04554353,0.148802,0.0068184943,0.064210996,0.012495989
1139,0.27060974,0.54770696,0.033949703,0.028747099,0.06968135,0.0031079592,0.036661293,0.009535884
1140,0.23711538,0.47396624,0.064428054,0.03210866,0.102825664,0.0031126097,0.063341625,0.023101792
1141,0.22843997,0.44146407,0.05089861,0.040491525,0.16674769,0.002658264,0.049727567,0.019572297
1142,0.25172246,0.6074152,0.034517493,0.023204485,0.01881772,0.002206114,0.039436385,0.022680221
1143,0.21326607,0.34780926,0.08231146,0.036399327,0.21811515,0.004505804,0.077026695,0.020566247
1144,0.24906419,0.45610347,0.038152438,0.029301137,0.14654854,0.00648695,0.06631832,0.008025021
1145,0.21599436,0.29649186,0.10931941,0.049280673,0.21679157,0.008830396,0.08008024,0.023211546
1146,0.21492349,0.35741845,0.06586134,0.032944646,0.24234654,0.0047796615,0.055689037,0.026036834
1147,0.3242108,0.42897266,0.022159489,0.13440968,0.04313623,0.004099126,0.03019868,0.012813353
1148,0.2922859,0.39390215,0.018069439,0.10919958,0.14366895,0.0049906094,0.031995103,0.005888274
1149,0.22932464,0.48069003,0.05813782,0.038609363,0.10780831,0.0042910827,0.060187727,0.020951087
1150,0.20208572,0.5329887,0.07668574,0.0293839,0.0242293,0.008555868,0.07338669,0.05268405
1151,0.23033954,0.38746226,0.06625163,0.016045934,0.19780487,0.007758797,0.07348229,0.020854687
1152,0.23954266,0.39178452,0.06091286,0.0514121,0.15974401,0.0048047258,0.078944586,0.012854521
1153,0.23317406,0.4144766,0.093275115,0.02525307,0.16006716,0.0046809954,0.05049841,0.018574636
1154,0.24453147,0.42852122,0.06715794,0.027074948,0.16497862,0.003585762,0.046727903,0.017422125
1155,0.2916363,0.43441653,0.06336027,0.026891192,0.079147354,0.010706974,0.07659609,0.017245322
1156,0.30711204,0.57324904,0.025561666,0.020525664,0.0031410395,0.004471187,0.05914122,0.006798091
1157,0.24909641,0.51367813,0.03866715,0.03931405,0.10962687,0.00068804185,0.030743416,0.018185906
1158,0.28532684,0.5560671,0.04962562,0.031109108,0.012182781,0.0015468348,0.052337784,0.011803979
1159,0.25326717,0.48631337,0.033588,0.06202743,0.08849843,0.0041180933,0.061574146,0.010613357
1160,0.13997312,0.43296617,0.04458601,0.13278222,0.07189328,0.118375115,0.050712567,0.008711488
1161,0.08859053,0.6272965,0.025952257,0.14952311,0.029803663,0.008004034,0.07071524,0.00011468421
1162,0.10389871,0.568775,0.06429246,0.1408608,0.103114836,0.0016428523,0.01642068,0.0009947547
1163,0.084118515,0.47012416,0.10546127,0.21456671,0.047749605,0.036613394,0.03958198,0.0017843513
1164,0.07851948,0.6803972,0.07791604,0.11394303,0.02028912,0.0073516667,0.021414863,0.00016857532
1165,0.043020878,0.8268618,0.033904534,0.077508494,0.0029648521,0.0018827862,0.013856174,4.55027e-07
1166,0.0011914659,0.97313035,0.002742424,0.001035918,8.487956e-06,0.002422997,0.019467656,6.9280213e-07
1167,0.0039560045,0.80010504,0.0052209296,0.15382224,0.024170987,0.011169925,0.0015070051,4.7829893e-05
1168,0.060778715,0.78193074,0.01160803,0.059255745,0.023400638,0.0028341527,0.06015471,3.729665e-05
1169,0.06303802,0.51492345,0.11953203,0.12978022,0.02144776,0.123685785,0.02226856,0.0053241807
1170,0.046719536,0.6669804,0.059657563,0.13816771,0.00366419,0.01866559,0.066127285,1.7714765e-05
1171,0.085335836,0.40048268,0.059193913,0.22639084,0.052610677,0.08819584,0.08223537,0.0055548013
1172,0.11884342,0.5562116,0.04876139,0.092263035,0.02512363,0.0884591,0.0683199,0.00201788
1173,0.19603106,0.5025755,0.014910404,0.097171836,0.12310857,0.0054549286,0.048490807,0.012256857
1174,0.1966173,0.55995136,0.033091374,0.03198769,0.15184316,0.0006289261,0.010356029,0.015524066
1175,0.22499682,0.4135283,0.038675636,0.028792901,0.21561104,0.0037455184,0.064799696,0.00985007
1176,0.28101778,0.48301774,0.048810616,0.036099765,0.07442876,0.0072679454,0.0571119,0.012245533
1177,0.22483268,0.46865207,0.04762329,0.035014343,0.15988643,0.0041824686,0.045183666,0.01462506
1178,0.24196124,0.4217276,0.07957328,0.028982192,0.15228137,0.0052255914,0.05099145,0.01925731
1179,0.24694246,0.56371707,0.05323995,0.02094198,0.036305457,0.0029419353,0.05736606,0.01854505
1180,0.2621919,0.5592432,0.02247015,0.014541453,0.08898976,0.0032374766,0.037881814,0.011444352
1181,0.25672466,0.3465252,0.08371092,0.022472942,0.12909731,0.012521583,0.11760598,0.03134139
1182,0.25455788,0.535348,0.040679123,0.016879924,0.054840278,0.00521455,0.07227159,0.02020868
1183,0.25650492,0.5752119,0.01927498,0.024184356,0.06725597,0.002949031,0.041341618,0.013277141
1184,0.24319275,0.40393883,0.08242876,0.01757781,0.15411732,0.009821664,0.07067468,0.018248165
1185,0.25925198,0.51264656,0.042168498,0.014146473,0.09543917,0.0028616027,0.0583478,0.015137907
1186,0.29812264,0.46794182,0.029011633,0.078478076,0.07930357,0.0033743232,0.028867014,0.014900978
1187,0.2865791,0.4757829,0.049709707,0.081201136,0.07368118,0.0034641763,0.02258395,0.006997885
1188,0.2775973,0.48533937,0.04929266,0.01610111,0.09299331,0.0051829587,0.063016064,0.010477222
1189,0.25269514,0.5447735,0.032228626,0.037441023,0.04242846,0.0048714154,0.07135839,0.014203387
1190,0.2548928,0.5507491,0.033130854,0.017622616,0.064878084,0.00284367,0.05945235,0.016430527
1191,0.22900914,0.3711968,0.0879727,0.036545023,0.19241704,0.0032925576,0.0632443,0.016322391
1192,0.24321862,0.47743085,0.06458679,0.023394112,0.13018112,0.0014644744,0.044121202,0.015602817
1193,0.25506812,0.47847226,0.027616238,0.020522723,0.1600139,0.0027246273,0.04168896,0.013893153
1194,0.28833032,0.6078681,0.0074546607,0.015931994,0.03573991,0.0006413719,0.03315436,0.0108793015
1195,0.18838309,0.6745937,0.010929193,0.044980727,0.021121958,0.010960356,0.047432452,0.0015985601
1196,0.24337922,0.41967553,0.08223703,0.01991641,0.1833976,0.003665253,0.03880543,0.008923461
1197,0.18089151,0.6107449,0.028451845,0.04361898,0.08482773,0.0023151436,0.048038594,0.0011113283
1198,0.12886015,0.7306564,0.019610249,0.054277036,0.0034276166,0.010399242,0.0524694,0.00029997205
1199,0.08532259,0.3516403,0.07548942,0.362554,0.056565933,0.0395024,0.02816759,0.0007577278
1200,0.05412633,0.6665415,0.026714025,0.20486142,0.026064975,0.004684966,0.016949119,5.7712496e-05
1201,0.10148985,0.67743176,0.0043392847,0.12807898,0.034071248,0.01333188,0.041157324,9.9735036e-05
1202,0.07695584,0.7505643,0.0036267499,0.08892794,0.007753895,0.00742544,0.064733595,1.217213e-05
1203,0.10704637,0.742007,0.020932153,0.0030988567,6.9985486e-05,0.01489768,0.11183817,0.00010974269
1204,0.0010935643,0.99507993,0.00026762896,0.0016886165,4.124703e-05,0.0015129427,0.00031492292,1.0564004e-06
1205,0.03641501,0.7855888,0.011117912,0.08831369,0.043351125,0.015734538,0.019465052,1.3837777e-05
1206,0.078301266,0.2658516,0.2160286,0.23297173,0.061179522,0.095090516,0.044475023,0.00610172
1207,0.07351847,0.6213376,0.041023172,0.17969826,0.05265978,0.0038680218,0.02746823,0.00042641762
1208,0.074615195,0.6148699,0.04860586,0.1608831,0.03013637,0.025073918,0.0453649,0.00045072488
1209,0.08623882,0.67354095,0.03577709,0.12078588,0.035290953,0.011610769,0.03663164,0.00012398684
1210,0.19818132,0.5342852,0.02445951,0.079803675,0.12796152,0.0009948113,0.018386394,0.015927628
1211,0.21659492,0.5416555,0.030193374,0.053626414,0.09696513,0.001966874,0.040026303,0.01897153
1212,0.14003566,0.39508653,0.10788061,0.08679374,0.035482973,0.1546346,0.060710132,0.019375816
1213,0.2619092,0.5100554,0.020569382,0.030874806,0.09236856,0.013364177,0.054150265,0.016708214
1214,0.2671236,0.5745321,0.018521711,0.023085123,0.07228554,0.0012245589,0.032042746,0.011184663
1215,0.22807522,0.39161387,0.073695004,0.028932344,0.14303926,0.0072049256,0.09998865,0.027450683
1216,0.26504505,0.55524474,0.034165923,0.03450066,0.0521953,0.0018733043,0.039392944,0.01758216
1217,0.24186827,0.48674423,0.045003857,0.02958061,0.10421956,0.005681816,0.070277244,0.016624387
1218,0.24028732,0.5077901,0.0364605,0.029815966,0.056074496,0.0073507763,0.10762947,0.014591407
1219,0.25809255,0.5560524,0.021900963,0.019338014,0.09527375,0.0030048029,0.031587444,0.014750129
1220,0.25270984,0.49319732,0.034327723,0.014896486,0.13738614,0.0022917932,0.04722776,0.017962985
1221,0.24297813,0.5768043,0.037351042,0.022130838,0.037783682,0.0031873223,0.060390316,0.019374432
1222,0.2593871,0.52260923,0.03819015,0.0414275,0.058090854,0.004909248,0.056173228,0.019212682
1223,0.24180886,0.5316385,0.0330714,0.07882073,0.020926274,0.004439561,0.060659487,0.028635219
1224,0.23513557,0.48519543,0.030160923,0.09702318,0.10351382,0.0013488843,0.02984773,0.017774515
1225,0.25609162,0.36177662,0.053253036,0.018787866,0.22297753,0.0041639134,0.07729794,0.005651462
1226,0.23940632,0.5296777,0.03559016,0.047369573,0.06422892,0.0027096453,0.060231883,0.020785725
1227,0.26328152,0.51507574,0.02509849,0.011895493,0.12610315,0.0020234827,0.044686526,0.011835475
1228,0.242906,0.4520735,0.039901026,0.033255465,0.15617481,0.0035832627,0.06047382,0.011632083
1229,0.22905865,0.44574556,0.04813519,0.02221256,0.18389212,0.0032986868,0.05497291,0.012684245
1230,0.22985457,0.39767572,0.06110129,0.02929238,0.21930765,0.0025824234,0.040506832,0.019679122
1231,0.2881099,0.5226067,0.061065756,0.027969014,0.027167864,0.0017989646,0.06115251,0.010129345
1232,0.08714674,0.80845803,0.016286524,0.01585631,0.00018947845,0.008627446,0.06331684,0.00011871191
1233,0.30038005,0.5280678,0.022945574,0.038493518,0.06290689,0.0023893975,0.036503337,0.0083134435
1234,0.24698532,0.49484482,0.02902365,0.066201545,0.04389039,0.062143948,0.05075957,0.0061507598
1235,0.1498955,0.4475453,0.045291133,0.12017126,0.03276854,0.13456917,0.060875963,0.008883131
1236,0.09828312,0.6565167,0.007953337,0.123439446,0.055437487,0.005628184,0.05256695,0.00017483128
1237,0.06446857,0.45563668,0.10620643,0.25453237,0.074600615,0.012723426,0.03061298,0.0012188744
1238,0.05355068,0.3734203,0.10451517,0.3693638,0.06623464,0.0055200644,0.027045716,0.000349651
1239,0.04047159,0.899465,0.0009720266,0.005467979,0.00012499875,0.0016144861,0.051883224,5.951506e-07
1240,0.0002225213,0.9577441,0.019259484,0.00024267855,3.3268898e-06,0.00150551,0.02102228,5.3708447e-08
1241,0.0020593877,0.9830902,0.00085183274,0.004964384,3.5295256e-05,0.0056421678,0.0033565979,1.0544193e-07
1242,0.09959952,0.57510716,0.04870634,0.07820079,0.010777735,0.15783246,0.02777,0.002005969
1243,0.059227977,0.7786248,0.002880709,0.11914355,0.0336333,0.0036494103,0.0028104545,2.9849716e-05
1244,0.08417228,0.4580089,0.08631675,0.27143317,0.053199776,0.016476206,0.029868677,0.0005242462
1245,0.0920353,0.7232924,0.048097502,0.06118859,0.013156731,0.029472334,0.032470495,0.00028666217
1246,0.14031135,0.45749396,0.11926308,0.13116878,0.12996341,0.0043039746,0.01464583,0.0028495716
1247,0.14595145,0.42212978,0.06346013,0.1289874,0.07060082,0.047820393,0.114387736,0.00666225
1248,0.19807479,0.5492734,0.021200493,0.055502553,0.03457478,0.050031524,0.08619358,0.0051488844
1249,0.30228084,0.50462776,0.01661929,0.046889916,0.07761824,0.0020546366,0.03688995,0.01301934
1250,0.27503574,0.5463513,0.051586818,0.047215953,0.023117075,0.0030239746,0.04478339,0.008885718
1251,0.2775713,0.51401395,0.040685713,0.040198345,0.07074696,0.0030002538,0.04019846,0.0135849975
1252,0.22111247,0.39057642,0.07082681,0.021277588,0.21457793,0.0058782,0.05596876,0.01978172
1253,0.27809906,0.5031267,0.019481706,0.060774535,0.044922307,0.008890796,0.0756947,0.009010188
1254,0.31421307,0.5830246,0.009235629,0.016943218,0.022469815,0.0014353776,0.039008513,0.013669698
1255,0.23376878,0.48155764,0.059635058,0.027197773,0.14686966,0.0028356733,0.03215224,0.015983092
1256,0.25027725,0.4975918,0.059926003,0.016849592,0.077598736,0.0030015325,0.06564835,0.029106723
1257,0.25519615,0.43834606,0.06493304,0.033023633,0.13850208,0.0027318816,0.049665723,0.017601423
1258,0.3395439,0.4870091,0.025158487,0.091009304,0.012174751,0.0033844486,0.029238757,0.012481221
1259,0.26298374,0.41115415,0.050404243,0.025263816,0.16402255,0.005704395,0.0724089,0.008058196
1260,0.27901185,0.61409605,0.012404987,0.025761003,0.040119365,0.004360377,0.011055065,0.013191287
1261,0.27366135,0.46495315,0.026624823,0.025963087,0.12545744,0.006481021,0.068115436,0.008743632
1262,0.29380924,0.5385868,0.03318211,0.032824423,0.014637943,0.0041514966,0.07037092,0.012437154
1263,0.22611363,0.52575153,0.085931815,0.028800389,0.07774247,0.0030090683,0.030372472,0.022278618
1264,0.27222893,0.5428436,0.030653412,0.024930643,0.055275906,0.0032734792,0.05683318,0.013960833
1265,0.27063623,0.5059408,0.059741367,0.03110798,0.06666981,0.0028808536,0.04976613,0.013256868
1266,0.22654246,0.41824356,0.041660804,0.021214642,0.2244684,0.0026849853,0.05162921,0.013555988
1267,0.26009646,0.43860656,0.06470075,0.055714566,0.103537984,0.008303529,0.06232111,0.0067190956
1268,0.13694577,0.53578913,0.03791929,0.03884756,0.001152363,0.17763494,0.06890768,0.0028032523
1269,0.20683964,0.5564025,0.011498016,0.054614604,0.11316078,0.0029320717,0.0533061,0.001246328
1270,0.1719198,0.4961446,0.073954634,0.08597632,0.054722458,0.049833346,0.060160983,0.0072878688
1271,0.04607004,0.5296741,0.08879801,0.26070127,0.04067041,0.007303818,0.026527142,0.00025526993
1272,0.071778685,0.8185863,0.0073801912,0.05924745,0.0010987911,0.0034060276,0.03848609,1.643611e-05
1273,0.06601071,0.6732427,0.027423346,0.13295713,0.0066823475,0.050312646,0.042941723,0.0004294374
1274,0.04569194,0.7283379,0.09390682,0.09008754,0.0060114134,0.0145683335,0.02129013,0.00010599516
1275,0.009600752,0.891707,0.0037711607,0.00089248654,2.7235857e-05,0.0012133318,0.0927873,7.230052e-07
1276,0.016593212,0.8337299,0.001188976,0.13267489,0.0134858275,0.001973897,0.0003520482,1.2260449e-06
1277,0.091223285,0.67078793,0.071649276,0.09903715,0.045626044,0.005204705,0.01618792,0.00028374503
1278,0.04633495,0.52909726,0.10603708,0.26322606,0.04554641,0.0027625854,0.0068689506,0.00012670796
1279,0.068069704,0.28489208,0.1894897,0.26909754,0.0942475,0.01794444,0.07335745,0.0029015755
1280,0.07953665,0.54143643,0.07904718,0.17606595,0.063304916,0.0057981247,0.05377854,0.0010322909
1281,0.09255551,0.37217334,0.10992188,0.2114163,0.08510032,0.012902977,0.109834276,0.0060953526
1282,0.23726454,0.41725475,0.047229566,0.07502732,0.1176063,0.04377199,0.05444125,0.0074043297
1283,0.26578587,0.5504164,0.009446398,0.06677253,0.06966966,0.0020770973,0.032443315,0.0033887115
1284,0.30521306,0.526165,0.023831302,0.039003182,0.04316729,0.0031735005,0.0495469,0.009899673
1285,0.3049741,0.46269855,0.053650983,0.039216697,0.036061257,0.007203102,0.08926904,0.006926221
1286,0.22083288,0.4050649,0.0486996,0.05891113,0.1569049,0.018955812,0.07524567,0.015385128
1287,0.14331588,0.650997,0.024195356,0.07288668,0.04091536,0.002599517,0.064336956,0.0007532183
1288,0.2823671,0.5768944,0.007940532,0.02011567,0.057521727,0.0034200416,0.047910415,0.0038301738
1289,0.24293442,0.48696148,0.043156262,0.02251409,0.1438255,0.0048329984,0.04224328,0.013531959
1290,0.25590223,0.5808011,0.028594766,0.015017947,0.042736508,0.00397442,0.052716937,0.020256089
1291,0.2565823,0.4922418,0.041882243,0.013953531,0.113719635,0.006251982,0.059696756,0.015671743
1292,0.3592337,0.48806715,0.013546147,0.077878945,0.0069573466,0.004788934,0.041257277,0.008270535
1293,0.24805392,0.3161785,0.06922095,0.06547939,0.13610433,0.06999385,0.085712545,0.009256462
1294,0.28183794,0.5564345,0.04178133,0.027347792,0.027964227,0.002480824,0.05084967,0.011303671
1295,0.29120472,0.52687293,0.02137819,0.022500195,0.08578492,0.0012889626,0.041434553,0.009535491
1296,0.21894304,0.5337128,0.027901527,0.044448316,0.015607321,0.029139897,0.11024251,0.020004587
1297,0.20236677,0.3473399,0.08941399,0.042238746,0.24494964,0.005340176,0.041019984,0.027330786
1298,0.32728413,0.5286621,0.006873795,0.018828364,0.058140416,0.0025093067,0.053393863,0.004308034
1299,0.2624668,0.4687936,0.07147575,0.0485037,0.09422967,0.0048781303,0.038654592,0.010997805
1300,0.252239,0.48408267,0.015018822,0.026428783,0.1707955,0.0012152027,0.03390061,0.016319437
1301,0.30278552,0.5124707,0.005807221,0.04397438,0.09487872,0.0010537144,0.032192163,0.0068375715
1302,0.1395803,0.5977051,0.024654992,0.09896192,0.028916448,0.078275666,0.02933573,0.0025698643
1303,0.11953749,0.69275904,0.015987419,0.07724669,0.02378117,0.0046778563,0.065689616,0.0003207198
1304,0.12642124,0.6839225,0.051310807,0.063082725,0.039563753,0.0013963787,0.033941478,0.0003611137
1305,0.07842395,0.5343119,0.04599929,0.20756663,0.059681635,0.01638055,0.05528878,0.0023472707
1306,0.11280001,0.44896585,0.091494165,0.16616033,0.050565712,0.05010315,0.07318846,0.006722336
1307,0.035660714,0.80009407,0.008355414,0.13376103,0.009900865,0.0022476073,0.009977256,3.0638976e-06
1308,0.008107257,0.9567392,0.0017853206,0.0022577615,6.0128677e-06,0.002880402,0.028223857,6.8992506e-08
1309,0.037946645,0.9554757,0.0003119915,0.0022953958,9.381563e-06,0.0009674396,0.0029931539,3.193883e-07
1310,0.08760117,0.65576774,0.018785655,0.10759539,0.013265245,0.0974762,0.018948358,0.0005603247
1311,0.07863593,0.5872868,0.080324806,0.07693732,0.008532536,0.13741136,0.029928967,0.00094227795
1312,0.085896365,0.14824145,0.24639565,0.28609824,0.116577975,0.03301853,0.077148855,0.0066229906
1313,0.09955578,0.4489274,0.14253226,0.13772804,0.06877031,0.05014122,0.04913329,0.0032117176
1314,0.085442424,0.75405335,0.019716404,0.080215186,0.029374106,0.001576466,0.029450879,0.0001711729
1315,0.18192182,0.3853956,0.08113742,0.09731574,0.08487646,0.09703185,0.06193703,0.010384173
1316,0.28188547,0.50447416,0.01034166,0.06196549,0.08425445,0.002251321,0.051820874,0.0030065838
1317,0.22266653,0.41165316,0.080722205,0.067017026,0.05610996,0.09617641,0.056385767,0.009268905
1318,0.20973371,0.4661569,0.025240352,0.115485616,0.09090395,0.061688118,0.024810174,0.005981222
1319,0.134611,0.67317665,0.017938966,0.020472454,0.00088399154,0.043942764,0.10779232,0.0011818213
1320,0.24961393,0.33540875,0.06812359,0.03160543,0.19975114,0.01380939,0.09260759,0.00908019
1321,0.21345128,0.44966188,0.06398556,0.057858407,0.161503,0.0011611183,0.03279975,0.019578949
1322,0.2034713,0.39030123,0.055277705,0.071766585,0.20944522,0.004101716,0.05577669,0.009859582
1323,0.24784121,0.51214147,0.038320553,0.058585595,0.102541745,0.0034187967,0.027824322,0.009326286
1324,0.3531366,0.4348633,0.0108884545,0.10583945,0.044742364,0.030764187,0.013906013,0.00585965
1325,0.23501255,0.43117052,0.051639285,0.040361527,0.006871353,0.13015452,0.098661005,0.006129239
1326,0.29140502,0.52574456,0.022924058,0.037446357,0.009261811,0.023538852,0.07757238,0.012106929
1327,0.28140643,0.60070646,0.010982296,0.012626316,0.045473903,0.0019126596,0.03406584,0.012826019
1328,0.2570863,0.44204664,0.030104747,0.030379038,0.08336444,0.020969525,0.13057014,0.0054791714
1329,0.21791895,0.3004666,0.095612384,0.054004673,0.27008232,0.0036553182,0.046774227,0.0114855515
1330,0.2766575,0.4558299,0.033398952,0.054252375,0.10582326,0.003035195,0.06484645,0.006156357
1331,0.25141126,0.45545292,0.056280993,0.070904754,0.09270667,0.004628645,0.06260086,0.006013902
1332,0.2472213,0.48387372,0.034000922,0.08745497,0.09506398,0.003520897,0.045350995,0.0035132873
1333,0.24560471,0.5501254,0.02325607,0.08071634,0.063172646,0.0021734878,0.02690267,0.0080486415
1334,0.107166685,0.5704547,0.050689682,0.19355276,0.026945502,0.0138777355,0.03656593,0.0007470233
1335,0.093367755,0.54948115,0.04950253,0.18425447,0.04913433,0.007259317,0.06589386,0.0011066375
1336,0.14596802,0.65231436,0.014859579,0.10513919,0.038579408,0.0047004614,0.038157977,0.00028094903
1337,0.09069343,0.58860487,0.00837281,0.21369404,0.06914511,0.0056161867,0.02366132,0.00021223119
1338,0.040726982,0.5962998,0.060351472,0.24032643,0.039372228,0.0042506633,0.01854976,0.00012259824
1339,0.14836639,0.74090505,0.008769932,0.01704464,0.0003735034,0.010654827,0.07374182,0.00014387348
1340,0.0022364212,0.21601552,0.0011746386,0.600696,0.1760488,0.0012224703,0.002579657,2.6440357e-05
1341,0.057833962,0.812544,0.0008162712,0.1002121,0.02256899,0.0017307855,0.004292199,1.7102619e-06
1342,0.019453911,0.7802578,0.07160932,0.10146384,0.022323012,0.0022914736,0.0025918242,8.856011e-06
1343,0.057587292,0.57572085,0.10723441,0.14445502,0.040826924,0.06805608,0.0046419497,0.0014774752
1344,0.071392104,0.39411888,0.122983776,0.23111284,0.04892727,0.051726956,0.07598244,0.003755715
1345,0.04952379,0.7007229,0.035777204,0.14436357,0.008827805,0.014533917,0.04598274,0.00026803702
1346,0.08808081,0.63784045,0.02485719,0.13300024,0.06627549,0.0036898968,0.04597931,0.00027660563
1347,0.15641396,0.5690621,0.026604442,0.109856054,0.084806874,0.003545925,0.048670802,0.0010397488
1348,0.119611904,0.6176685,0.038414374,0.09805347,0.059775375,0.017108807,0.048184607,0.001182868
1349,0.15284584,0.6545453,0.018817237,0.070189804,0.05207034,0.0061203465,0.045247436,0.00016371527
1350,0.11300965,0.41901883,0.09080788,0.116518945,0.043963004,0.0571964,0.1493151,0.010170265
1351,0.24588874,0.49975163,0.018292265,0.07975536,0.09574529,0.0035234164,0.05288637,0.004156962
1352,0.27660158,0.43394393,0.025846088,0.027868392,0.18037924,0.0022166125,0.046649903,0.006494287
1353,0.27902615,0.5977569,0.0094046425,0.026925992,0.010460306,0.006580992,0.066651784,0.0031932027
1354,0.3041448,0.53280973,0.012941749,0.020326378,0.08265881,0.0010683261,0.040606838,0.0054434286
1355,0.22716513,0.45226836,0.021964686,0.19894578,0.0603587,0.013115009,0.025047738,0.0011346348
1356,0.12524949,0.28448287,0.11273977,0.14704967,0.07963375,0.06650932,0.17608704,0.008248047
1357,0.3219351,0.46187112,0.01998013,0.067493856,0.050485477,0.032510538,0.041962415,0.0037613928
1358,0.33436194,0.50772554,0.008110992,0.035053782,0.07142655,0.0050496752,0.03217188,0.006099686
1359,0.2390775,0.5163713,0.03737831,0.044450015,0.0067482563,0.021033404,0.120835915,0.014105339
1360,0.26960564,0.52658963,0.028589094,0.035970308,0.09445979,0.0020749986,0.03528682,0.007423728
1361,0.3093542,0.4863822,0.0114022,0.030345906,0.10201928,0.00289276,0.053513214,0.004090253
1362,0.1227985,0.6879028,0.019041307,0.083687596,0.022992244,0.009043167,0.054299414,0.0002349745
1363,0.22615191,0.49079597,0.030105751,0.08860168,0.024482032,0.09365662,0.04300165,0.0032043543
1364,0.14339478,0.62861925,0.008969404,0.08259756,0.122053444,0.0005220108,0.010294698,0.003548886
1365,0.10226446,0.41000134,0.09491435,0.1673345,0.053742886,0.025374519,0.13371854,0.012649405
1366,0.058791596,0.66796905,0.027764596,0.17576446,0.034284037,0.0046773325,0.030555515,0.00019342205
1367,0.0867875,0.30314946,0.094341114,0.37181565,0.10529316,0.0096417125,0.02805859,0.00091287255
1368,0.024275469,0.90505284,0.017652417,0.0381286,0.0013344161,0.0007793072,0.0127756,1.4142606e-06
1369,0.082859196,0.78951955,0.012200701,0.0048680305,0.00010804588,0.0037708946,0.106665336,8.260578e-06
1370,0.39509326,0.4338771,0.014040429,0.0022643895,0.0014724825,0.003885708,0.14911117,0.0002554499
1371,0.0041467054,0.7922723,0.04251017,0.0241942,0.00029564617,0.01380373,0.12276768,9.5739e-06
1372,0.03094574,0.95117766,0.0021503847,0.010858014,0.0001775837,0.0014186573,0.0032715541,4.4892965e-07
1373,0.013211684,0.9798695,8.877454e-05,0.0056107915,1.0089672e-05,0.0006435673,0.0005655807,4.1638526e-08
1374,0.018492183,0.7587718,0.022344874,0.048893727,0.00010270909,0.1258097,0.025554594,3.0433755e-05
1375,0.056965873,0.290552,0.19544084,0.30414146,0.03804217,0.06373703,0.049620155,0.0015004898
1376,0.06711345,0.62840706,0.05268249,0.16759747,0.017196497,0.056854744,0.00936529,0.0007829738
1377,0.1312179,0.5537482,0.06134935,0.121120185,0.10447611,0.0019349848,0.024584165,0.0015690629
1378,0.08705713,0.66322064,0.030782655,0.15877831,0.041215632,0.0020948902,0.016715173,0.00013556248
1379,0.056934267,0.6687324,0.05504055,0.15308088,0.024637144,0.0066987495,0.0346554,0.00022059135
1380,0.09530037,0.7820588,0.012336734,0.066512786,0.005792744,0.009579788,0.028384227,3.4577406e-05
1381,0.09801848,0.57358474,0.08120935,0.09858267,0.016553218,0.03439321,0.09570282,0.0019555923
1382,0.16242582,0.38406843,0.07039601,0.080665335,0.12441097,0.09999664,0.0665069,0.011529974
1383,0.22128542,0.48837778,0.01691237,0.08049178,0.13725068,0.0027114365,0.049865995,0.0031044881
1384,0.14481063,0.6429414,0.0483621,0.051078532,0.01196439,0.0269735,0.072234616,0.0016347591
1385,0.26036873,0.5157576,0.015419831,0.052761443,0.117746495,0.002997966,0.022475883,0.0124720335
1386,0.18021695,0.5696628,0.019974766,0.1088111,0.06995044,0.0017512658,0.049217656,0.00041507318
1387,0.13488245,0.5683279,0.032409083,0.13627312,0.08171931,0.0018933954,0.043959994,0.000534637
1388,0.18183057,0.6126958,0.014583703,0.07955779,0.051507805,0.0013920222,0.057777237,0.00065508945
1389,0.26839343,0.4067348,0.067795604,0.03679089,0.16456875,0.001629,0.045488473,0.008599074
1390,0.21622063,0.62416494,0.0044561788,0.06795602,0.04808962,0.0016199391,0.03713017,0.00036249898
1391,0.25087246,0.44965056,0.049158175,0.0618901,0.11563697,0.0039169276,0.06543379,0.0034410434
1392,0.28143024,0.45652807,0.08854027,0.035921216,0.092371374,0.01038703,0.02900453,0.0058172112
1393,0.11061776,0.5616252,0.041886173,0.09431466,0.015006589,0.12662216,0.04827098,0.001656487
1394,0.12129345,0.667936,0.011431137,0.0555669,0.012265812,0.08959857,0.04144112,0.00046695845
1395,0.22995436,0.4941776,0.059682336,0.0723093,0.107269116,0.0021593596,0.030347772,0.004100094
1396,0.14077786,0.3940795,0.09680697,0.1632274,0.1051228,0.01562281,0.073845945,0.010516654
1397,0.048321746,0.7050224,0.036148127,0.15616593,0.026445149,0.022124305,0.005638359,0.00013397168
1398,0.13320062,0.5288245,0.041094393,0.11320179,0.011942866,0.092898704,0.077157795,0.0016792677
1399,0.048544813,0.8812162,0.0064922655,0.01425811,0.0067702723,0.00079563423,0.041920442,2.2151637e-06
1400,0.19619927,0.4576557,0.03854706,0.008744968,0.00014212249,0.006163291,0.2921373,0.00041027032
1401,0.0060318215,0.99210453,0.00013973856,0.0004860632,0.00037279518,0.00028919632,0.000575564,2.065722e-07
1402,0.084936574,0.72159356,0.039331127,0.09540766,0.010349956,0.0021452538,0.046214152,2.1769358e-05
1403,0.085299835,0.60538834,0.08673791,0.14997432,0.0647438,0.0019411688,0.005434068,0.00048060843
1404,0.06005479,0.63594204,0.12953588,0.107190594,0.059405137,0.0041923383,0.00252282,0.0011564496
1405,0.07964258,0.5124058,0.08872537,0.18300442,0.018326402,0.0552979,0.060998667,0.0015988856
1406,0.05410134,0.63346684,0.05609753,0.17340013,0.04615684,0.0103272535,0.026315168,0.0001349335
1407,0.06305098,0.6136329,0.046223458,0.20163898,0.04450529,0.002689601,0.028049324,0.00020945503
1408,0.071256444,0.5601176,0.10968658,0.12806112,0.033819966,0.0136476485,0.08185101,0.0015596771
1409,0.106524184,0.78168064,0.014082936,0.041032363,0.005795086,0.0053556124,0.045406353,0.00012282339
1410,0.13953239,0.48660925,0.04647946,0.12269248,0.14058848,0.009643207,0.05055707,0.0038976914
1411,0.16411434,0.44442892,0.032070912,0.17794771,0.11101673,0.018660698,0.05127956,0.00048109537
1412,0.17651705,0.6080273,0.022592606,0.08409985,0.07264483,0.001691061,0.03387919,0.0005481474
1413,0.10989516,0.8099668,0.007179203,0.0072337696,0.00082835986,0.003475168,0.06137434,4.7139583e-05
1414,0.1502705,0.6043389,0.04417808,0.03051697,0.012633254,0.06538017,0.08963261,0.0030495557
1415,0.14026871,0.71232456,0.009562964,0.04471719,0.04302575,0.0028259698,0.04708533,0.00018954164
1416,0.29227513,0.48519146,0.0113258585,0.044246364,0.11950586,0.0012261368,0.04309449,0.0031347754
1417,0.16119614,0.4588842,0.06813459,0.084976815,0.024725808,0.13642882,0.061230037,0.004423592
1418,0.22927381,0.4046046,0.04027897,0.100395404,0.12677889,0.0050723674,0.08779876,0.005797193
1419,0.17245822,0.5094681,0.063238464,0.1056787,0.09873186,0.008612859,0.037358798,0.0044529955
1420,0.13558295,0.7230562,0.0077273487,0.009590738,0.00024016101,0.0643887,0.05924431,0.00016957454
1421,0.048500195,0.747014,0.019436467,0.11641162,0.0073874053,0.013549562,0.047647778,5.300206e-05
1422,0.09644577,0.6530709,0.01213274,0.17040938,0.043493364,0.005890039,0.018432433,0.00012528202
1423,0.06953886,0.6632831,0.065979876,0.12772378,0.025575103,0.04069935,0.006816429,0.00038348837
1424,0.021815253,0.3026958,0.103201345,0.4217178,0.07230468,0.07408786,0.0025543189,0.0016230067
1425,0.07245872,0.64706725,0.07152091,0.06613461,0.0025446566,0.015799351,0.1241626,0.00031193043
1426,0.023625012,0.7496581,0.017596144,0.0013165008,1.46676675e-05,0.0010157365,0.2067734,5.189277e-07
1427,0.03453611,0.95017135,0.0008873047,0.003925356,1.4296399e-05,0.008321439,0.0021439202,2.2603578e-07
1428,0.075715914,0.85164803,0.0025639525,0.03003895,0.0017406382,0.0015845244,0.036705226,2.7903075e-06
1429,0.050710667,0.7772853,0.047055718,0.08096647,0.009692536,0.029120086,0.005016864,0.00015238048
1430,0.09368416,0.6275943,0.03883362,0.11616691,0.0326612,0.05118563,0.039474495,0.0003996444
1431,0.05461994,0.4027918,0.1428825,0.26692882,0.08537798,0.0074886037,0.03813728,0.001773096
1432,0.06891223,0.51734424,0.111214586,0.20236112,0.06038338,0.009425438,0.029496588,0.00086246995
1433,0.08731085,0.3046399,0.15952012,0.24935877,0.10181253,0.024698159,0.0653353,0.007324273
1434,0.06580254,0.7288806,0.054537203,0.121163554,0.010517808,0.005369273,0.013637296,9.178607e-05
1435,0.11238113,0.44693387,0.10724826,0.13353296,0.074985,0.025452556,0.086980045,0.012486204
1436,0.12233607,0.349652,0.118036374,0.1997582,0.110014126,0.01051113,0.08062278,0.009069408
1437,0.09647114,0.6121428,0.039843183,0.11864617,0.054924235,0.06401286,0.0120369885,0.0019225806
1438,0.11415528,0.6671435,0.019352516,0.07750663,0.016268935,0.050762393,0.053704336,0.0011064404
1439,0.108097486,0.73103535,0.017931877,0.08616584,0.013260468,0.015374713,0.027975451,0.00015877573
1440,0.097304456,0.66112715,0.02529992,0.08089822,0.04786883,0.026022568,0.06097211,0.000506754
1441,0.24352154,0.63374174,0.0086549455,0.034731273,0.042207785,0.0007098317,0.035491392,0.00094150315
1442,0.1452801,0.7047069,0.018656816,0.039805233,0.0022660785,0.047756862,0.04071849,0.0008095781
1443,0.07782426,0.7692994,0.0101131005,0.08019237,0.013389512,0.0030958578,0.04600867,7.6754535e-05
1444,0.09171376,0.5663629,0.04659674,0.14631757,0.13036919,0.00063560304,0.017338697,0.0006655629
1445,0.1118747,0.67311984,0.022501031,0.054560594,0.0070190746,0.071395025,0.057129003,0.0024007468
1446,0.057590045,0.5899408,0.0632963,0.20022477,0.032058664,0.021255001,0.0340856,0.0015488266
1447,0.039089743,0.8399795,0.005245029,0.08715581,0.02311797,0.0011515564,0.004238103,2.23147e-05
1448,0.0605527,0.8250917,0.008690712,0.04848396,0.03213172,0.00033883413,0.024698002,1.2374144e-05
1449,0.009029784,0.7750091,0.038972832,0.099341355,0.0013247364,0.0048224335,0.07149572,4.055263e-06
1450,0.024248837,0.86203086,0.024387568,0.0060877455,1.4215521e-05,0.001974173,0.0812544,2.242809e-06
1451,0.0030089284,0.9050105,0.0010672947,0.00084590196,2.3150249e-06,0.008469847,0.08159475,4.529183e-07
1452,0.06434384,0.76255697,0.04796823,0.07478667,0.005595184,0.0043561216,0.04033125,6.173545e-05
1453,0.061120246,0.8798873,0.0044294135,0.0048226505,0.00035182742,0.0022871313,0.04709663,4.79894e-06
1454,0.037628632,0.6819635,0.101299785,0.13848674,0.014773104,0.0037076129,0.022092123,4.845014e-05
1455,0.048808962,0.5763326,0.14176472,0.14863595,0.053217046,0.005001063,0.026011473,0.0002281841
1456,0.07245025,0.4969446,0.15458348,0.19401295,0.05310133,0.007968543,0.02066426,0.00027458317
1457,0.1066295,0.43323967,0.11991396,0.15785724,0.06674191,0.040664725,0.06533546,0.009617542
1458,0.08001102,0.4971015,0.14022894,0.16396463,0.033058412,0.056673694,0.025754046,0.0032078011
1459,0.11122495,0.29614824,0.13258678,0.14245798,0.103731625,0.07952847,0.113276936,0.021045
1460,0.077679805,0.8693518,0.0022673567,0.009106651,0.0003551403,0.005937913,0.03529559,5.720192e-06
1461,0.08366215,0.7406271,0.020457799,0.08475726,0.03189883,0.002545364,0.035920016,0.00013149649
1462,0.053586245,0.40635434,0.09108669,0.30701658,0.094920956,0.010020359,0.036273282,0.00074153853
1463,0.09627617,0.59748685,0.033714317,0.13143659,0.04127998,0.043453004,0.055013858,0.0013392909
1464,0.119468704,0.7345156,0.017093059,0.052030534,0.038101863,0.002219425,0.03638035,0.00019049113
1465,0.120193176,0.6725797,0.024757115,0.104461655,0.056233905,0.0010005055,0.020595029,0.00017888239
1466,0.095580295,0.6142478,0.060664274,0.11541692,0.0454235,0.010156111,0.057623763,0.00088728656
1467,0.11457269,0.8331627,0.0016193483,0.012837099,0.0011712867,0.0039520417,0.03267162,1.3124044e-05
1468,0.07050143,0.6291615,0.04933178,0.15713903,0.04907617,0.005625951,0.038829457,0.0003346876
1469,0.051235467,0.46020567,0.17863809,0.2105849,0.050548684,0.016409973,0.031739935,0.00063727924
1470,0.024509292,0.82202,0.08007932,0.058046278,0.0025433637,0.0069598816,0.0058299503,1.1938473e-05
1471,0.07910641,0.8420839,0.03685009,0.024882449,0.0038611544,0.00237912,0.010802806,3.4009485e-05
1472,0.027679363,0.8170686,0.049052462,0.053834356,0.005044028,0.00090903,0.046409827,2.4047208e-06
1473,0.13924257,0.645279,0.031426553,0.0060472,0.00016229817,0.0063979616,0.17139706,4.7420708e-05
1474,0.1407382,0.6949968,0.0082882745,0.0011997388,0.0004170813,0.0031029505,0.15123238,2.4546482e-05
1475,0.06041928,0.8960158,0.0058716265,0.0038567937,0.0006220227,0.0015692958,0.03164311,2.0555435e-06
1476,0.023654647,0.9550798,0.00034544323,0.000997141,1.06322805e-05,0.0010950883,0.018817091,1.4530532e-07
1477,0.1238646,0.65126216,0.040418863,0.06044481,0.019812698,0.037879884,0.065110534,0.0012064148
1478,0.06720104,0.5661173,0.12286937,0.1765842,0.029202115,0.008125889,0.028219137,0.0016809535
1479,0.07881624,0.33640888,0.12201389,0.25183073,0.10008176,0.03330672,0.06979153,0.007750224
1480,0.066079,0.4469573,0.12925221,0.16747065,0.05131824,0.11332147,0.02237645,0.0032246658
1481,0.117061935,0.6787487,0.017249364,0.094296366,0.056132853,0.005611297,0.030705921,0.00019366188
1482,0.06325794,0.5707431,0.123050235,0.14775792,0.06126636,0.007408075,0.026143951,0.00037245813
1483,0.050954197,0.53331494,0.0501492,0.24828617,0.05296538,0.018410819,0.04544704,0.00047231707
1484,0.08627383,0.7880801,0.01201141,0.064945936,0.024631664,0.0013932025,0.022617906,4.5924946e-05
1485,0.11688139,0.60955745,0.057610728,0.0939322,0.061931096,0.036836557,0.021750202,0.0015004115
1486,0.14422435,0.35337853,0.14623173,0.15820736,0.096348904,0.03308806,0.057893973,0.010627102
1487,0.037726317,0.87855196,0.0071672434,0.054350283,0.008244317,0.0013910277,0.012562003,6.866473e-06
1488,0.12220939,0.6235863,0.019382711,0.07573636,0.03864913,0.07120076,0.048368152,0.00086725695
1489,0.014117192,0.7566452,0.07224173,0.12410185,0.0037709193,0.02643713,0.0026503853,3.5571444e-05
1490,0.071329914,0.8527533,0.008163977,0.010990446,0.0017770611,0.01515864,0.039811205,1.5494696e-05
1491,0.18760984,0.57239044,0.026514603,0.0007978317,5.39932e-05,0.0066010132,0.20593792,9.4461575e-05
1492,0.033699553,0.8521599,0.022282999,0.0054691513,5.6817382e-05,0.004276127,0.082054816,6.5691836e-07
1493,0.110896334,0.6508534,0.089994565,0.039619032,0.0012383509,0.0049875327,0.102230884,0.00017982884
1494,0.021736445,0.8718716,0.0033320007,0.0010843733,9.740576e-05,0.0013643459,0.10050401,9.9044455e-06
1495,0.046329536,0.85461706,0.039211698,0.017923763,0.0014228221,0.003202641,0.037221584,7.087788e-05
1496,0.04853681,0.7005484,0.09063119,0.09833706,0.016665887,0.0038666422,0.041316036,9.7975855e-05
1497,0.070427425,0.7666656,0.038949907,0.080069795,0.022156144,0.0012909973,0.020431355,8.785407e-06
1498,0.09279486,0.6794573,0.01590046,0.15441214,0.04670137,0.0032220143,0.007394208,0.00011761741
1499,0.026031196,0.9500725,0.0006067489,0.002498397,0.00044190924,0.0012088312,0.019139448,9.860679e-07
1500,0.059266925,0.55005103,0.072185904,0.22542869,0.07548987,0.0024939084,0.014990497,9.3193776e-05
1501,0.10591011,0.71240216,0.04383899,0.06772954,0.03801529,0.0056362576,0.026406245,6.140654e-05
1502,0.10881463,0.7268707,0.05587772,0.041933626,0.02393245,0.008387432,0.033825267,0.0003581251
1503,0.05048916,0.45667523,0.12761955,0.23992924,0.084319316,0.00668035,0.03352106,0.0007661191
1504,0.124103375,0.75516355,0.028053911,0.043232176,0.006285628,0.005542089,0.037568744,5.055596e-05
1505,0.09193141,0.8120574,0.0077651455,0.008155796,0.00056229805,0.008559361,0.07093984,2.8790892e-05
1506,0.03750576,0.8354988,0.01650196,0.009735001,0.0012099027,0.0030185117,0.096528426,1.5814395e-06
1507,0.0013472807,0.86172473,0.0001333401,0.10803547,0.028243624,0.00021985621,0.0002947708,8.7427486e-07
1508,0.15391313,0.75959903,0.00086110854,0.0007147792,1.1304786e-05,0.004305105,0.08057697,1.8568418e-05
1509,0.009282046,0.9855243,0.00034733608,0.0008544542,0.00029399258,0.00058139017,0.0030859502,3.0590858e-05
1510,0.04610847,0.8455217,0.004145919,0.0013237834,0.00014164357,0.0031870997,0.09956868,2.668297e-06
1511,0.07552536,0.8083385,0.009726117,0.0033070196,0.00034880787,0.005956931,0.09677532,2.1992993e-05
1512,0.04852635,0.8981849,0.0023235402,0.0006558552,0.000278849,0.0006969269,0.049331103,2.4641333e-06
1513,0.060781814,0.8027786,0.010821794,0.00096854963,1.6362408e-05,0.007460058,0.11715793,1.4860644e-05
1514,0.06035435,0.88705254,0.0037988827,0.0041384352,0.00020427389,0.00088680355,0.04356267,2.1107794e-06
1515,0.017533565,0.96358997,0.0006204882,0.0011543379,0.00018203235,0.0006708591,0.016248127,6.844236e-07
1516,0.0005764037,0.9980383,2.4120993e-05,0.00018236469,1.8934229e-06,0.0003774616,0.00079945434,2.826476e-08
1517,0.0009642762,0.9897882,8.1950035e-05,0.00054407475,6.4981928e-06,0.008461538,0.00015342582,1.4155857e-07
1518,0.0031489544,0.995956,4.7376972e-05,0.00034660177,3.4521224e-06,0.0002741902,0.00022289649,5.7522396e-07
1519,0.6915573,0.2182333,0.001069913,0.00033380507,0.0019692103,0.017172646,0.069434784,0.00022906867
