,endothelial cell,epithelial cell of proximal tubule,kidney collecting duct epithelial cell,kidney distal convoluted tubule epithelial cell,kidney loop of Henle epithelial cell,podocyte,immune cell,pericyte
0,0.055929862,0.933681,0.0002136855,0.0010868774,0.0067332857,0.0019278438,0.00042685564,5.5189116e-07
1,0.080767,0.7748232,0.0045801224,0.014804249,0.030911025,0.04101042,0.05285495,0.00024903807
2,0.13938469,0.7579791,0.0053507425,0.006062368,0.02607434,0.06246857,0.0026313707,4.8806025e-05
3,0.1450567,0.5197546,0.05707058,0.048983335,0.07357542,0.10747668,0.039207943,0.00887466
4,0.23354696,0.49707577,0.035139784,0.027093744,0.016232712,0.1530282,0.037472967,0.000409883
5,0.02573891,0.6117062,0.14261977,0.05697888,0.16106433,0.00036966024,0.00087941514,0.0006428078
6,0.10505554,0.8406391,0.0029455232,0.017836513,0.016044049,0.0060125086,0.011461856,4.8734596e-06
7,0.100333944,0.40865532,0.086938284,0.19467661,0.097729966,0.03547378,0.0726573,0.0035347266
8,0.036086652,0.94593245,0.00043949473,0.0008602679,0.013792892,0.0013644313,0.001513846,1.0025463e-05
9,0.13337123,0.68027604,0.022838688,0.0144497175,0.123675875,0.01032457,0.013291367,0.0017725287
10,0.12225928,0.47349927,0.030061051,0.038037922,0.2221562,0.08756744,0.015101538,0.011317298
11,0.14206174,0.5503726,0.04494839,0.0044863177,0.2206717,0.011079782,0.025407616,0.00097182376
12,0.10370551,0.65759087,0.017775642,0.032876518,0.16429068,0.003205509,0.019942492,0.0006127712
13,0.11850704,0.7551962,0.006053268,0.0040426366,0.094950505,0.009036897,0.011986816,0.00022663033
14,0.07398634,0.6570092,0.01401657,0.03805804,0.21214324,0.0008852179,0.0033203436,0.00058101007
15,0.11817834,0.7989493,0.0020076314,0.007760599,0.06263008,0.0033066724,0.007150628,1.6795058e-05
16,0.12202447,0.70047903,0.024903404,0.04524984,0.07336181,0.006920184,0.02691483,0.00014638662
17,0.011084248,0.9857708,2.4136629e-05,0.0013679028,0.00033531597,0.0010572022,0.00036035423,2.8519004e-10
18,0.113870606,0.26590827,0.08924111,0.27670845,0.06808134,0.13205913,0.051999133,0.0021320162
19,0.17989571,0.60276026,0.012923756,0.012755919,0.13740346,0.0073915706,0.040144995,0.006724321
20,0.19976057,0.5143927,0.017241593,0.052835133,0.17360216,0.003960584,0.03607663,0.0021306481
21,0.20427679,0.54303515,0.017226057,0.013357726,0.20630871,0.0035499868,0.011666173,0.00057949935
22,0.1251851,0.49036962,0.013107887,0.082702614,0.24555822,0.0028232888,0.038799316,0.0014539429
23,0.2025866,0.6670198,0.0101556135,0.01362518,0.06769418,0.006973933,0.031768005,0.00017671692
24,0.19129382,0.62429637,0.023625841,0.0077663623,0.1311811,0.009054513,0.012309119,0.00047290418
25,0.13623583,0.43631998,0.047963876,0.054040663,0.26379988,0.009754094,0.038067672,0.013817934
26,0.034045085,0.6831576,0.0013655185,0.011735057,0.0011387813,0.2644553,0.004101883,7.2428287e-07
27,0.100852124,0.68873984,0.006935731,0.02591643,0.0038071983,0.17219439,0.0015486075,5.662492e-06
28,0.012892163,0.9226735,0.0004951485,0.058430694,0.004468415,0.0005198764,0.00052003475,1.5009132e-07
29,0.17096677,0.81024885,0.00024996654,0.005992999,0.010739233,0.00027479333,0.0015272258,9.143891e-08
30,0.18148308,0.4761936,0.044145804,0.023657605,0.24076642,0.012697474,0.01570007,0.005355889
31,0.16071022,0.47702572,0.0807208,0.03906882,0.11721352,0.013208778,0.101507574,0.010544637
32,0.19217615,0.47076336,0.025285872,0.023675935,0.24203497,0.002835276,0.034492146,0.00873623
33,0.20563823,0.4814996,0.0424982,0.012672726,0.19843128,0.0014528432,0.037649736,0.020157387
34,0.21084829,0.47340277,0.052898295,0.019662773,0.19606948,0.0011693196,0.036292218,0.009656917
35,0.23222324,0.53238297,0.050995626,0.014524669,0.12362467,0.002459507,0.031804495,0.0119848065
36,0.20738699,0.5185217,0.048136823,0.018858368,0.16572829,0.0007337629,0.03112586,0.009508233
37,0.19583961,0.47302154,0.09516379,0.035973478,0.14819798,0.0014734651,0.039232004,0.011098114
38,0.15416121,0.5882984,0.008236663,0.0049837483,0.20421988,0.00276511,0.035824884,0.0015100632
39,0.20233086,0.57448363,0.041846626,0.027001958,0.03167201,0.017347556,0.10495676,0.0003605334
40,0.13142495,0.6416235,0.14735478,0.006482583,0.028783504,0.017973814,0.02618321,0.00017368796
41,0.18978031,0.63324225,0.006052352,0.003865226,0.1322737,0.013040251,0.021684501,6.139775e-05
42,0.15731512,0.56996846,0.07083682,0.029703304,0.15244235,0.01133973,0.008349851,4.433973e-05
43,7.3413446e-08,7.9739286e-05,1.0666727e-08,1.2267963e-08,5.6322737e-08,4.992314e-05,0.99987024,3.274005e-11
44,0.23881258,0.6479496,0.005704159,0.0011970281,0.098775,0.0055183666,0.0019553013,8.798217e-05
45,0.19858709,0.46958232,0.072492115,0.041851122,0.17872958,0.0015311628,0.031813707,0.0054129134
46,0.16054417,0.5053929,0.021256594,0.033206753,0.22899655,0.010813339,0.035570942,0.0042187865
47,0.20715438,0.5141534,0.040468156,0.009715859,0.19079402,0.0014378339,0.026822172,0.009454126
48,0.23007971,0.56161714,0.032357953,0.006471264,0.11825518,0.0012755735,0.034268927,0.015674263
49,0.23339027,0.5162205,0.039438136,0.007028025,0.17360725,0.0009288487,0.022851573,0.0065354193
50,0.21258341,0.44862548,0.07051078,0.016294677,0.18715383,0.0016208804,0.046030406,0.017180553
51,0.2275894,0.49846166,0.059538912,0.008295582,0.14604324,0.0017147667,0.044874586,0.013481819
52,0.22875096,0.558445,0.048319593,0.012330343,0.101193815,0.0018938623,0.040556103,0.008510314
53,0.20924747,0.543431,0.05499604,0.015403018,0.11624525,0.002981843,0.047916934,0.009778411
54,0.18700375,0.4633247,0.04261247,0.04983215,0.18128698,0.004272421,0.05336137,0.018306172
55,0.21285047,0.5022519,0.05689672,0.012403094,0.15712383,0.002769986,0.047227867,0.008476157
56,0.19642492,0.45500085,0.04358805,0.013733384,0.24557954,0.010833099,0.025870956,0.008969229
57,0.10936289,0.83023226,0.0012449317,0.02013952,0.0049742884,0.007895719,0.026148366,1.953473e-06
58,0.20874773,0.73592615,0.00038744573,0.00056806905,0.043730687,0.007985135,0.0026534796,1.330377e-06
59,0.2428691,0.5630665,0.022708943,0.0046497006,0.13044718,0.0048124995,0.023713043,0.007733017
60,0.20974617,0.5051757,0.07667997,0.022646355,0.14203337,0.0019986918,0.03210329,0.009616495
61,0.23640452,0.5477575,0.043097034,0.0066753505,0.12681252,0.0025025257,0.024469381,0.012281129
62,0.2379123,0.4771837,0.04635366,0.0073776287,0.17628781,0.0028018716,0.039585367,0.012497615
63,0.22741266,0.4905569,0.051568124,0.0065936083,0.1744367,0.000503908,0.035708476,0.013219614
64,0.23346098,0.48224312,0.050061394,0.0086037265,0.17344494,0.0028665913,0.036884334,0.012434914
65,0.23366629,0.5084349,0.044214908,0.008584774,0.15593928,0.002537475,0.037337694,0.009284654
66,0.23261686,0.5359549,0.0365441,0.003974257,0.14151695,0.002223115,0.037425347,0.009744438
67,0.23102446,0.48042193,0.057004865,0.009827847,0.14707454,0.0016347136,0.054934613,0.018077038
68,0.21563047,0.51640004,0.040992282,0.022293864,0.16503553,0.00040577585,0.03238722,0.00685475
69,0.22340636,0.47438365,0.04720209,0.01192623,0.18422164,0.0026346305,0.04331151,0.012913932
70,0.13577339,0.37513742,0.08153073,0.04945283,0.28958476,0.0031772067,0.042403262,0.02294043
71,0.13720687,0.5213172,0.026446564,0.07099002,0.18936692,0.00843656,0.044929538,0.0013063173
72,0.1183839,0.46670613,0.06031601,0.12099828,0.14271064,0.026758272,0.06030363,0.003823157
73,0.14579898,0.6696617,0.02599992,0.052035715,0.019092154,0.055942427,0.03133014,0.0001389811
74,0.19805957,0.7072672,0.0100971125,0.004178525,0.061363693,0.014939462,0.0040867743,7.591926e-06
75,0.21984297,0.55658424,0.03808727,0.009745241,0.14090243,0.006916716,0.021022063,0.0068990686
76,0.24833693,0.57153445,0.028819265,0.0071485634,0.10330425,0.0019840915,0.023243165,0.015629342
77,0.23057824,0.55620915,0.027043218,0.008536379,0.13087715,0.0024936327,0.027739419,0.016522765
78,0.21110779,0.4493609,0.0765561,0.016154503,0.19135341,0.00072489923,0.038946833,0.01579556
79,0.22412188,0.45524326,0.07482737,0.008616778,0.1523176,0.0042741033,0.06226176,0.0183372
80,0.15046912,0.20217757,0.115630254,0.032013714,0.36530003,0.0007949593,0.06578959,0.06782472
81,0.22653589,0.42640862,0.04087346,0.011955194,0.22773494,0.0015953692,0.040036708,0.024859803
82,0.2170372,0.47928244,0.058552742,0.010923671,0.18086126,0.0010087086,0.033628657,0.018705314
83,0.23305073,0.5237539,0.05432885,0.006028082,0.1303942,0.0019161102,0.036103424,0.0144246565
84,0.2133623,0.4146976,0.07185341,0.020664593,0.18294187,0.001538692,0.07324527,0.02169624
85,0.22075191,0.47851285,0.039810892,0.0286523,0.19515006,0.0007379469,0.025938997,0.010444992
86,0.2220784,0.46809858,0.060463537,0.023341378,0.18210079,0.0021561952,0.023870885,0.017890235
87,0.22103867,0.5352413,0.07476417,0.018240273,0.101696625,0.0015859177,0.035419878,0.012013149
88,0.17205401,0.4605282,0.045980833,0.040479332,0.2148718,0.006726482,0.052747894,0.0066114864
89,0.10778559,0.50865746,0.049500193,0.12092724,0.13626468,0.013459289,0.05403312,0.009372423
90,0.16246745,0.5402608,0.0957615,0.12030565,0.033411574,0.009061705,0.038552888,0.00017846285
91,0.092727296,0.36651555,0.019240996,0.042909253,0.2720534,0.008272757,0.19811773,0.00016299407
92,0.036275685,0.9329359,0.00019329104,0.0015940298,0.02861894,0.000112484864,0.0002695266,1.4720116e-07
93,0.16245496,0.5255939,0.05255535,0.036101546,0.08337842,0.09399961,0.03795462,0.007961655
94,0.20949714,0.5111666,0.050838895,0.017718887,0.17318545,0.0024532792,0.027893677,0.007246128
95,0.25333625,0.5229397,0.029205188,0.002688199,0.14335686,0.0032683108,0.033145018,0.012060489
96,0.23169139,0.4996331,0.056336913,0.009873001,0.146491,0.0014098292,0.03611367,0.0184511
97,0.13825476,0.12159863,0.12593572,0.03077143,0.42216355,0.0005732008,0.08825715,0.07244561
98,0.16793604,0.29376286,0.07210532,0.032037362,0.22931518,0.0022322426,0.12044562,0.08216534
99,0.1387665,0.0851159,0.10312676,0.011974005,0.46450952,0.00047123205,0.11565999,0.08037616
100,0.14352593,0.13223913,0.112121716,0.022845287,0.39859933,0.0018213999,0.11628015,0.072567075
101,0.14215837,0.27749094,0.08484327,0.032717656,0.2595705,0.0020644772,0.10423615,0.0969186
102,0.23404674,0.4953361,0.040047705,0.013422199,0.16450627,0.001190451,0.036502566,0.01494804
103,0.23933513,0.5019898,0.03579242,0.007697794,0.17557912,0.0013323689,0.023523526,0.014749841
104,0.21103707,0.49956432,0.05257886,0.019940441,0.17562413,0.0005244187,0.028910125,0.011820661
105,0.2490065,0.51140404,0.045776885,0.007822863,0.14582898,0.00267896,0.026378868,0.011102934
106,0.18162663,0.42900467,0.08351552,0.042696692,0.17327985,0.008412803,0.05725142,0.024212403
107,0.14811619,0.43302676,0.042678177,0.10551635,0.19785784,0.010868693,0.052587148,0.009348881
108,0.08675702,0.4049904,0.09188885,0.19688603,0.13407874,0.021787742,0.04653909,0.017072072
109,0.11061936,0.33472323,0.12192951,0.2532169,0.041079823,0.05631557,0.078417994,0.0036975471
110,0.025076231,0.9114839,0.0025722259,0.025559671,0.029061882,0.004334562,0.0018752855,3.6217767e-05
111,2.2679797e-06,0.0013426889,2.7105764e-07,2.3240331e-07,2.9897749e-06,0.00081581663,0.9978357,1.6028145e-09
112,0.16768435,0.53449124,0.02364567,0.08647785,0.07151884,0.018350435,0.09705266,0.00077888207
113,0.14364539,0.2072972,0.18063733,0.11020824,0.16026579,0.07058943,0.10305702,0.024299609
114,0.23173079,0.55157167,0.037450742,0.0071048643,0.11977552,0.0048161712,0.03239805,0.015152167
115,0.23447815,0.55898774,0.036286168,0.011489395,0.115577854,0.0016255691,0.03209374,0.009461337
116,0.20930374,0.4004302,0.06262304,0.028274676,0.23174693,0.0008500231,0.04315488,0.023616593
117,0.16250186,0.28912765,0.067453645,0.039038043,0.22936344,0.0016737434,0.110979,0.09986262
118,0.14390852,0.07426756,0.12908712,0.018142486,0.44164395,0.0007907434,0.12398098,0.0681787
119,0.15677844,0.11561087,0.11497292,0.03108012,0.3534625,0.0019471182,0.13033935,0.09580871
120,0.13642095,0.06573686,0.12877613,0.017857146,0.49581033,0.00025599328,0.07876002,0.0763825
121,0.14537407,0.11787823,0.13553631,0.035209045,0.38846257,0.0014411167,0.11225935,0.06383932
122,0.14163932,0.124880165,0.11492586,0.03573729,0.39390817,0.00087991933,0.104439445,0.0835898
123,0.1663885,0.22662221,0.11264489,0.027146684,0.33444592,0.0010516911,0.08167857,0.050021525
124,0.21619096,0.44815472,0.041097876,0.01839829,0.21416715,0.0025471356,0.03643491,0.023008993
125,0.20912112,0.43434322,0.06395074,0.022568317,0.2106166,0.0011438389,0.0413137,0.016942456
126,0.245139,0.56659883,0.031088207,0.009036204,0.0999468,0.0017974016,0.028716076,0.017677406
127,0.1790342,0.42678133,0.04617566,0.07696737,0.21716616,0.0033746597,0.035388518,0.0151121095
128,0.13063635,0.4454653,0.04440772,0.093847096,0.22298701,0.0073282956,0.04490963,0.010418578
129,0.10523816,0.37034786,0.08573351,0.16270712,0.17467025,0.007216406,0.07367213,0.020414544
130,0.12714194,0.30957854,0.11377454,0.17448863,0.1163516,0.060793087,0.078417554,0.019454118
131,0.10519896,0.7243803,0.062077783,0.048376977,0.028085958,0.014663713,0.017030993,0.00018524677
132,2.5956751e-06,0.0012368567,3.5506548e-06,6.293543e-06,3.841396e-07,0.08167905,0.9170712,7.595868e-11
133,0.2869381,0.69160056,0.00054001913,0.00056578754,0.019419001,0.0007417645,0.00019460096,2.2374402e-07
134,0.08769816,0.59911263,0.014730761,0.091047265,0.16547242,0.0081942845,0.029703548,0.0040408354
135,0.14658876,0.51162124,0.044856638,0.025820397,0.11055394,0.087614425,0.06362611,0.009318568
136,0.18850867,0.55906063,0.035863206,0.018185543,0.13058324,0.009090163,0.055990923,0.0027176256
137,0.19205657,0.43032727,0.06883284,0.02390682,0.22342554,0.0022149612,0.04152104,0.017715052
138,0.20773277,0.43299288,0.04720445,0.026041979,0.21100484,0.0009822645,0.047028802,0.027011996
139,0.13415651,0.15596657,0.13830876,0.05536921,0.36286998,0.0017099571,0.09034617,0.06127285
140,0.1366213,0.094135396,0.1084258,0.043061767,0.41723,0.00086882565,0.10043059,0.099226326
141,0.12903924,0.050814413,0.13843952,0.018493518,0.5232493,0.0002450397,0.06430116,0.07541778
142,0.17917241,0.11832863,0.12203426,0.03194034,0.2985044,0.003071318,0.12495231,0.12199631
143,0.14235552,0.07503999,0.12308954,0.02612705,0.45565677,0.00047890743,0.09859612,0.07865613
144,0.14763755,0.10885352,0.15807098,0.02630933,0.41509473,0.0012555645,0.09210851,0.050669782
145,0.13610211,0.11572095,0.12792535,0.017480418,0.44295737,0.0007130833,0.104148336,0.05495239
146,0.14843576,0.18489674,0.114803106,0.025788523,0.35356802,0.0014854872,0.10715004,0.06387234
147,0.21735442,0.41612265,0.050481368,0.018619906,0.2315689,0.0030917497,0.048470143,0.014290835
148,0.23037215,0.50253373,0.02894412,0.01732926,0.17357771,0.0013576375,0.03007172,0.0158137
149,0.23952979,0.5270283,0.041882895,0.010175609,0.11639711,0.0035088572,0.041451454,0.020026023
150,0.23229317,0.4993689,0.02938594,0.010116459,0.1762364,0.0019362502,0.035439193,0.015223683
151,0.19731595,0.53523433,0.02467604,0.00467113,0.1920326,0.006676343,0.031635538,0.0077580786
152,0.1637904,0.56430817,0.019715218,0.008424192,0.18840139,0.011046262,0.04177505,0.002539356
153,0.12954134,0.39482862,0.057633232,0.07931701,0.25104952,0.018412238,0.06379136,0.0054266476
154,0.07731579,0.8563112,0.0037669933,0.023394903,0.01107539,0.002744692,0.025370037,2.1029053e-05
155,0.09632078,0.5315932,0.0050959177,0.002711367,0.0031113948,0.031112064,0.33001631,3.8905364e-05
156,0.02868795,0.93097085,0.000122035155,0.00022534249,0.039790984,7.773686e-05,0.00012497419,8.052987e-08
157,0.032772936,0.959779,0.00013822393,0.0007104083,0.0049227984,0.0002833805,0.0013929814,3.3116922e-07
158,0.026076443,0.64581716,0.014426155,0.072028585,0.2341751,0.006073784,0.0011609771,0.00024175442
159,0.14183132,0.6408069,0.011104493,0.04557939,0.15566158,0.00011938335,0.004878534,1.8371285e-05
160,0.1123695,0.5934728,0.02657061,0.10607077,0.09670153,0.029336756,0.024689177,0.010788849
161,0.21960315,0.55292696,0.032364402,0.008886935,0.1480972,0.003249314,0.024817558,0.010054532
162,0.15496945,0.54079646,0.016275045,0.015372995,0.22755386,0.010319901,0.028613444,0.0060988762
163,0.144323,0.5487433,0.02516767,0.012074347,0.19461519,0.03150103,0.036614347,0.0069611277
164,0.14915746,0.4789691,0.047001332,0.042869247,0.16095708,0.013706753,0.087506525,0.01983255
165,0.19138396,0.49738896,0.031300403,0.033000667,0.17358252,0.004773372,0.04660756,0.021962574
166,0.15432897,0.24890806,0.12090282,0.063057914,0.28286946,0.0015860419,0.05780909,0.07053764
167,0.1360974,0.10221819,0.15929343,0.028765596,0.42700776,0.0009888856,0.09374538,0.051883295
168,0.13564834,0.086449906,0.13866374,0.026873644,0.47384718,0.0006192929,0.06829115,0.0696068
169,0.1356401,0.06449947,0.13766548,0.030268472,0.47689003,0.00060123135,0.059021104,0.095414095
170,0.16155355,0.10220728,0.13683829,0.033865843,0.3508249,0.0024658642,0.105435885,0.10680847
171,0.1565712,0.104130544,0.115969986,0.03944407,0.34930614,0.0021037757,0.10297223,0.12950209
172,0.1499399,0.091400035,0.1404495,0.0284185,0.4405511,0.0008033053,0.08996505,0.05847259
173,0.13406782,0.11215694,0.13560706,0.02471636,0.4203654,0.0007925567,0.11262288,0.059670966
174,0.14824663,0.17691275,0.10373161,0.035275795,0.36659792,0.0013237577,0.098194614,0.069716975
175,0.21055841,0.42371085,0.04629496,0.018137578,0.22830269,0.0014072849,0.0443732,0.027215023
176,0.24031128,0.5240694,0.03071663,0.007332431,0.14328264,0.0015946574,0.03542599,0.017267007
177,0.24352893,0.52803063,0.036818836,0.00668762,0.13407421,0.0022828768,0.03293337,0.01564353
178,0.24686302,0.5556908,0.02264003,0.007616586,0.13567564,0.0047757244,0.013879552,0.0128586665
179,0.14364293,0.47378924,0.019773224,0.027412241,0.28621656,0.010719778,0.021081528,0.017364508
180,0.16816263,0.5981236,0.028405627,0.01730646,0.12812969,0.015574607,0.04220741,0.0020899177
181,0.107869826,0.5597728,0.075491615,0.05346244,0.11479166,0.046275597,0.036095228,0.0062407716
182,0.1301239,0.7445966,0.045746334,0.0109052025,0.03021153,0.01115862,0.026822586,0.00043529327
183,0.029688595,0.88383305,0.00045535833,0.04074836,0.008754456,0.029846631,0.0066734045,2.1618747e-07
184,0.0015599753,0.987663,5.8693837e-05,0.004811624,0.0003122398,0.0053888834,0.00020560004,2.332571e-09
185,0.03805909,0.92553174,0.0004086992,0.0017506809,0.030164778,0.0014985247,0.0025803607,6.0301686e-06
186,0.024545632,0.6339454,0.0076989145,0.05026168,0.2829357,0.00021223522,0.00039053426,9.902808e-06
187,0.082912736,0.69305253,0.014031206,0.11238719,0.075374916,0.010383985,0.007952372,0.0039050786
188,0.066276096,0.85410404,0.00051012123,0.024328182,0.049501743,0.0023330303,0.0029376838,9.113636e-06
189,0.08633708,0.52527064,0.026192961,0.2739387,0.03951668,0.018810866,0.027597785,0.0023352606
190,0.13078798,0.44558617,0.108042374,0.2043175,0.10034808,0.008207322,0.0022783678,0.00043224354
191,0.08381545,0.5975267,0.013566716,0.057193726,0.24583288,0.00052916567,0.0014744762,6.0823488e-05
192,0.104769014,0.5160665,0.046194408,0.08643725,0.21426016,0.00506803,0.020544594,0.0066600502
193,0.16693166,0.42099175,0.07227539,0.04442028,0.25175416,0.0042533656,0.030393507,0.00897988
194,0.13311942,0.4652562,0.038852245,0.10448033,0.16456716,0.032742932,0.04974083,0.01124086
195,0.24911603,0.52400875,0.043403193,0.022851665,0.13976008,0.004830892,0.008940457,0.0070889555
196,0.22154069,0.5070047,0.043469083,0.0058708396,0.1782095,0.0013596114,0.032377064,0.010168529
197,0.22754347,0.55458117,0.03168912,0.0060241437,0.12433931,0.0035518396,0.03829113,0.01397979
198,0.16866225,0.39617068,0.06899221,0.06139224,0.17486475,0.015436123,0.082922034,0.03155974
199,0.1458529,0.3136705,0.12851544,0.054662228,0.13222983,0.038284678,0.13104421,0.05574022
200,0.13943118,0.12410241,0.14008795,0.034482427,0.40713406,0.0005665481,0.08677319,0.06742223
201,0.15845022,0.114830315,0.17045298,0.04167003,0.34664044,0.0016127913,0.0757575,0.09058577
202,0.13730027,0.09257803,0.13706373,0.03489114,0.42973027,0.0006463276,0.10302987,0.06476034
203,0.1427898,0.085051656,0.14614998,0.043440357,0.4107366,0.00080133526,0.07717879,0.09385146
204,0.14013785,0.11409367,0.14241931,0.032138344,0.38295963,0.0022591974,0.10569467,0.080297336
205,0.17733061,0.11095483,0.12919196,0.025705269,0.27627894,0.003130664,0.14360671,0.13380104
206,0.15538724,0.12003322,0.1661774,0.032813653,0.38823846,0.0012481512,0.07844976,0.05765213
207,0.17075555,0.13905856,0.13026726,0.038320705,0.2770185,0.0029252518,0.13089243,0.11076175
208,0.15643267,0.19694251,0.1157135,0.034855865,0.31242496,0.0027021288,0.11027648,0.07065187
209,0.22521693,0.40085456,0.0522956,0.017705355,0.22641884,0.00291085,0.053447176,0.021150742
210,0.22790714,0.4299616,0.048371475,0.017654045,0.21500072,0.0017875083,0.04534155,0.01397594
211,0.20788223,0.470284,0.06361629,0.023360433,0.183923,0.0014959151,0.028852766,0.020585358
212,0.22427486,0.49701858,0.040236864,0.020096183,0.16745284,0.0021233528,0.033845525,0.014951845
213,0.2108517,0.48366803,0.031676877,0.0057330523,0.21189779,0.0049931225,0.04037913,0.0108003225
214,0.1502835,0.4522495,0.041995745,0.06939276,0.22372687,0.011898108,0.042722598,0.007730873
215,0.10711074,0.45777816,0.052217327,0.16494203,0.16774581,0.008412892,0.03961988,0.0021731313
216,0.071450576,0.8415306,0.025631363,0.023125736,0.033956748,0.0010672625,0.0018622956,0.0013753748
217,0.027395431,0.96581894,0.00016393304,0.0026864803,0.0016329964,0.0007533865,0.0015487684,2.8222662e-08
218,0.0629717,0.88069624,0.0001746075,0.0030489666,0.0029971523,0.01512529,0.034984566,1.523969e-06
219,0.10098306,0.84109765,0.0006243058,0.003338128,0.022501742,0.004331657,0.027122814,5.8608555e-07
220,0.040803548,0.8716161,0.017122306,0.00627342,0.06152317,0.0012493951,0.0011850692,0.00022702277
221,0.07533841,0.4235126,0.077756085,0.15792665,0.13047604,0.1065793,0.014041739,0.014369172
222,0.011351886,0.67732954,0.08645453,0.0054446897,0.21899366,6.0517483e-05,0.00033722946,2.7963202e-05
223,0.06672986,0.6621594,0.010809586,0.10657974,0.1398194,0.0080058435,0.004815269,0.001080949
224,0.10472872,0.66772705,0.0027590962,0.03822523,0.15785192,0.021418994,0.0070601464,0.000228847
225,0.097578585,0.48337182,0.07385823,0.15635316,0.12647253,0.010053836,0.044392575,0.007919291
226,0.09438913,0.51170754,0.076201454,0.1043334,0.08408084,0.02037172,0.09591008,0.013005852
227,0.09032001,0.61616105,0.007289042,0.06702433,0.19366854,0.012305922,0.012372414,0.00085873285
228,0.14032194,0.42907745,0.049333543,0.08981959,0.23822676,0.007231956,0.038169213,0.007819593
229,0.18542984,0.39332116,0.0624076,0.06432581,0.21506351,0.008961966,0.05288113,0.017608957
230,0.18670727,0.46079925,0.06173918,0.011379389,0.20986651,0.008529143,0.051269475,0.00970978
231,0.21313286,0.4728062,0.09607169,0.033625454,0.14604808,0.00097272074,0.03175895,0.0055840258
232,0.2162169,0.42724892,0.08198174,0.011844985,0.21779637,0.0013807358,0.036811974,0.0067183673
233,0.23484744,0.5343497,0.028955031,0.0063058673,0.1385574,0.0029677874,0.0352406,0.018776143
234,0.22179005,0.502749,0.04290176,0.017670607,0.13389713,0.0048517887,0.053632524,0.02250717
235,0.14876534,0.111388944,0.14880511,0.052057102,0.16117097,0.01804104,0.22844824,0.13132326
236,0.13983719,0.09259444,0.14248818,0.0595563,0.4020688,0.0014300469,0.085130304,0.07689468
237,0.13475133,0.10945391,0.14271812,0.03795908,0.3469368,0.0023404402,0.11294369,0.112896666
238,0.1370234,0.09147797,0.09859931,0.036516655,0.38004753,0.0017739189,0.12885818,0.12570307
239,0.13942654,0.08689823,0.13611661,0.030074988,0.36278453,0.0018753757,0.12210896,0.12071476
240,0.14007083,0.08595222,0.15577511,0.038749997,0.39087686,0.0019057995,0.081741855,0.104927376
241,0.13639942,0.089872405,0.17146528,0.035325363,0.39555827,0.0012855369,0.08398523,0.08610845
242,0.16768003,0.1165833,0.14591405,0.044486802,0.27458093,0.004712733,0.1295033,0.11653888
243,0.15148194,0.10922708,0.108407654,0.0450184,0.37670255,0.0018715682,0.108674385,0.0986164
244,0.18652765,0.31611758,0.07274123,0.023394596,0.22075945,0.0016040285,0.10489586,0.07395958
245,0.22616619,0.54991007,0.033219744,0.007146456,0.097635254,0.0047794553,0.056381986,0.02476092
246,0.23651667,0.53553855,0.04614135,0.011218342,0.104985155,0.003095219,0.042663578,0.019841176
247,0.22300546,0.5081975,0.04101656,0.0123516815,0.10903179,0.008450546,0.07310756,0.0248389
248,0.18530597,0.61901635,0.015021514,0.004314574,0.10289714,0.010249994,0.047660887,0.015533624
249,0.12372269,0.48458067,0.067002855,0.07212731,0.21155898,0.011677992,0.016947128,0.012382343
250,0.1306736,0.45228532,0.058337696,0.034678396,0.2506505,0.0063566426,0.05637456,0.010643351
251,0.18767138,0.59163016,0.008765654,0.0018452255,0.1596037,0.008430809,0.04190001,0.0001530282
252,0.084663294,0.87659854,0.00160549,0.0039258925,0.0024866324,0.00040561563,0.030313432,1.1815273e-06
253,0.09561791,0.82293344,0.005308835,0.0117793735,0.021627402,0.0013489084,0.041321963,6.216905e-05
254,0.0650309,0.729919,0.06607164,0.07828591,0.04175166,0.012182933,0.004333043,0.0024248532
255,0.025943855,0.4388441,0.01294078,0.02369112,0.0035037848,0.4937252,0.0013510034,1.3757193e-07
256,0.10871111,0.58593285,0.008663861,0.04061836,0.23246656,0.017958429,0.00449535,0.0011535365
257,0.061124414,0.6898741,0.006827223,0.046614476,0.17416064,0.010269926,0.008245802,0.0028833495
258,0.018189779,0.6563964,0.086809404,0.0122882575,0.22329985,0.0026380825,0.0003204009,5.7897607e-05
259,0.09724673,0.48170224,0.051952682,0.11433986,0.16844429,0.032172218,0.046540357,0.007601692
260,0.12948965,0.5878707,0.00528324,0.046322554,0.21910405,0.00072051917,0.0109011335,0.0003081388
261,0.1451927,0.44376096,0.03290237,0.072064206,0.20896855,0.054305483,0.031330984,0.011474778
262,0.1046906,0.49873468,0.024986971,0.17296328,0.1473933,0.024333298,0.023738777,0.003159083
263,0.114297055,0.6385269,0.013146505,0.03599157,0.16054532,0.008629791,0.028313829,0.0005489212
264,0.15762916,0.42254788,0.063066535,0.06964014,0.1222266,0.035398617,0.10546282,0.024028199
265,0.2589441,0.4614443,0.07072316,0.0040838895,0.19894157,0.00013666542,0.00416693,0.0015594258
266,0.22478719,0.47317296,0.05901942,0.014173233,0.17884979,0.002485851,0.0334718,0.014039703
267,0.21573512,0.49168995,0.075223684,0.015911413,0.16776195,0.0012902776,0.025686217,0.006701486
268,0.20893343,0.403016,0.080791704,0.024082595,0.24493657,0.0018739123,0.023160642,0.013205109
269,0.23305607,0.4851132,0.05397669,0.009091958,0.15826996,0.0017084111,0.041912463,0.016871287
270,0.23229003,0.5686154,0.04018007,0.0038062802,0.09687138,0.0022123058,0.037460115,0.01856435
271,0.14526075,0.17578161,0.1267674,0.1012792,0.1684204,0.01506527,0.17041002,0.09701525
272,0.15765385,0.087134875,0.14900304,0.059171997,0.33087978,0.0035669168,0.110697545,0.10189199
273,0.15407164,0.09905665,0.12199494,0.03492224,0.33658096,0.0029221703,0.15686311,0.09358829
274,0.15294182,0.07887819,0.14146009,0.03626015,0.38627425,0.0015078557,0.1077208,0.09495689
275,0.16414258,0.09594586,0.13891707,0.039473005,0.31355277,0.0036749132,0.12231468,0.12197911
276,0.14645144,0.09653512,0.16202016,0.03816199,0.35772377,0.0027604038,0.09357318,0.10277395
277,0.14616923,0.10593623,0.14556034,0.0379772,0.41888234,0.0013262377,0.07833488,0.065813564
278,0.1727201,0.13640948,0.1445374,0.037558075,0.2630014,0.00393762,0.13452317,0.10731271
279,0.14175859,0.14584853,0.12303503,0.03420388,0.39278424,0.0018904792,0.092095464,0.06838376
280,0.19707206,0.34729552,0.07901057,0.021555917,0.17582397,0.004177647,0.114783734,0.060280643
281,0.24612625,0.50940853,0.033782408,0.0055555827,0.12432326,0.0033461621,0.05906795,0.01838986
282,0.2249579,0.48953605,0.046871997,0.01936151,0.17553243,0.0016556699,0.028904136,0.013180346
283,0.16667022,0.21113095,0.16739333,0.034585994,0.086272545,0.19091664,0.10333902,0.039691314
284,0.13858162,0.16524193,0.21910742,0.056799825,0.056794886,0.13393997,0.17363116,0.05590326
285,0.094750546,0.4011913,0.10925143,0.12780572,0.1341239,0.015341294,0.09788717,0.0196486
286,0.116780296,0.3831885,0.07431603,0.14142035,0.17111121,0.0683837,0.02875285,0.016047046
287,0.12972681,0.31095633,0.110377416,0.12490912,0.21731995,0.021794317,0.06727246,0.017643565
288,0.138878,0.6199234,0.029919367,0.04188404,0.08896528,0.007201714,0.072912574,0.00031568346
289,0.062294636,0.72502136,0.021503959,0.010365981,0.021427967,0.016997283,0.14011462,0.0022741908
290,0.0740194,0.8376383,0.002880435,0.019361809,0.04647611,0.0068926034,0.0125782415,0.00015311404
291,0.07516181,0.7044785,0.02896978,0.06329999,0.10418702,0.015879037,0.005639339,0.0023844829
292,0.08587085,0.72926223,0.008846068,0.0106510045,0.12138823,0.03738727,0.0053118705,0.0012825575
293,0.11103065,0.5060777,0.04436463,0.06309414,0.23352386,0.001512346,0.026474174,0.013922486
294,0.092119806,0.65276617,0.012671125,0.039057635,0.1737882,0.008109061,0.020598069,0.0008899022
295,0.047149718,0.6146368,0.104748346,0.008764715,0.15234657,0.06692771,0.005084937,0.00034119483
296,0.033139694,0.7891853,0.028910786,0.009220216,0.049144294,0.07525047,0.0132336235,0.001915733
297,0.09584092,0.58699036,0.022528587,0.027344976,0.20753735,0.055726614,0.0030213138,0.0010098692
298,0.18760599,0.57587636,0.0048344783,0.0042079613,0.20211406,0.0037020964,0.012535596,0.009123483
299,0.123537816,0.50072944,0.04874098,0.104403876,0.12121004,0.021531023,0.0730443,0.0068025095
300,0.13147299,0.5635539,0.04223322,0.014335304,0.21438377,0.013587904,0.01845942,0.00197359
301,0.11136646,0.3898516,0.061266653,0.2120196,0.14183621,0.009570889,0.059520047,0.014568506
302,0.23297301,0.55600685,0.042138208,0.0102260355,0.13081576,0.0019122331,0.018419074,0.0075088264
303,0.21213722,0.44314405,0.039995182,0.02526735,0.22888623,0.0018478674,0.033457022,0.015265099
304,0.2463233,0.55132484,0.052145783,0.0033385954,0.08920666,0.0038477273,0.04375894,0.010054192
305,0.18664235,0.3728058,0.08427271,0.026781391,0.23938341,0.0014380042,0.059026226,0.029650114
306,0.18915872,0.35985094,0.090269804,0.020541053,0.25626728,0.0019298241,0.055278577,0.026703745
307,0.21635935,0.49133372,0.05063872,0.015903756,0.14159225,0.0025148755,0.053181082,0.028476186
308,0.14174399,0.18382241,0.12602425,0.098755896,0.2689718,0.0042887433,0.1082739,0.06811908
309,0.14308682,0.06919849,0.12729608,0.036128126,0.3896651,0.0023440188,0.1255912,0.10669017
310,0.14180282,0.066893585,0.1392539,0.05177688,0.42202932,0.00087965117,0.08542929,0.09193456
311,0.14372566,0.075508736,0.1219192,0.043433994,0.39527825,0.0016692813,0.11070954,0.10775538
312,0.14802247,0.0811102,0.14219838,0.04518751,0.3779134,0.0018065447,0.09937794,0.10438351
313,0.14866166,0.107294,0.15347779,0.04220025,0.34087908,0.0024948989,0.090307586,0.11468469
314,0.13722979,0.10232826,0.14825806,0.029368166,0.42234546,0.0008855938,0.07838405,0.08120058
315,0.15818174,0.11834099,0.1631505,0.029914804,0.3788489,0.0021477821,0.07345645,0.07595882
316,0.14581767,0.12915501,0.10267297,0.020739228,0.4132729,0.0019395605,0.12550303,0.06089959
317,0.16269186,0.29770783,0.10517993,0.02203422,0.29753244,0.0017110783,0.07019389,0.04294884
318,0.19943964,0.36929584,0.08052998,0.016226593,0.25102192,0.001562208,0.05881066,0.023113143
319,0.23152785,0.513055,0.027353594,0.010165736,0.172108,0.0016886891,0.03476226,0.0093388185
320,0.22711569,0.43919376,0.06768533,0.019977668,0.1750732,0.017772526,0.035533126,0.017648758
321,0.14053479,0.35053322,0.08367403,0.09337426,0.24394566,0.005183412,0.050220575,0.03253401
322,0.13164543,0.41843286,0.07508105,0.046090618,0.2719914,0.010901678,0.034081664,0.011775239
323,0.1197792,0.49924085,0.040070727,0.06337135,0.14619723,0.06115581,0.06343023,0.0067545497
324,0.10844296,0.6149582,0.047546424,0.051874932,0.04818228,0.060757026,0.067363344,0.00087484776
325,0.088334374,0.8606646,0.0005117544,0.002080582,0.0028659455,0.0209531,0.024588233,1.35735e-06
326,0.15301195,0.6610904,0.01564363,0.015202104,0.009151085,0.017832031,0.12794419,0.00012463574
327,0.0037281434,0.9785815,0.0001044527,0.0025704685,0.0042210734,0.010669699,0.0001244502,2.0329416e-07
328,0.11501889,0.43507227,0.04488637,0.13825446,0.12594594,0.058673795,0.07059856,0.011549745
329,0.07883029,0.54482335,0.016506433,0.07953207,0.24532911,0.0077969157,0.022801423,0.004380406
330,0.09593296,0.52343017,0.029850129,0.123734154,0.2116096,0.002452694,0.01205192,0.0009383
331,0.1324347,0.531285,0.02892252,0.036039524,0.16820563,0.06370248,0.030900382,0.008509798
332,0.13574718,0.5007318,0.023521397,0.04741321,0.20127997,0.04819988,0.03772526,0.0053813085
333,0.16806038,0.59675467,0.042753167,0.0034566487,0.14688443,0.03866949,0.0030415175,0.00037979122
334,0.071037985,0.6129189,0.012792988,0.12954779,0.14477481,0.0077172997,0.020197272,0.0010129819
335,0.10408511,0.39289,0.069880806,0.052302517,0.15467499,0.2085441,0.012091257,0.005531207
336,0.19003691,0.48006192,0.023049623,0.04412043,0.23481944,0.0028383348,0.019503875,0.0055694557
337,0.109382175,0.50537515,0.0719143,0.075504474,0.108179584,0.039921764,0.07417411,0.015548412
338,0.09988585,0.50866747,0.016218754,0.1098121,0.23241758,0.010837734,0.019193253,0.0029672987
339,0.18297964,0.46935588,0.026673878,0.040604163,0.2291811,0.0061155558,0.034018673,0.011071211
340,0.23983142,0.5091487,0.032922484,0.008047968,0.15934755,0.0022864733,0.03340385,0.015011582
341,0.238402,0.4848171,0.05409969,0.01031033,0.15305172,0.0026279849,0.04108196,0.015609247
342,0.2337772,0.5016767,0.04331332,0.009070098,0.12910903,0.0035525134,0.06396776,0.015533356
343,0.16297084,0.25066018,0.09372823,0.02364981,0.31948274,0.0024997308,0.0942179,0.05279053
344,0.153962,0.2366083,0.12995303,0.029973513,0.2917268,0.0018394702,0.08614405,0.06979281
345,0.13801423,0.16685992,0.11992393,0.041779842,0.3613741,0.0017921588,0.11417182,0.056083962
346,0.1440076,0.10680141,0.14229502,0.06487416,0.36649212,0.0013473324,0.09626431,0.07791803
347,0.1519401,0.082079984,0.13093518,0.03944918,0.39187953,0.0024124002,0.1025678,0.098735824
348,0.15454297,0.07748349,0.13792561,0.045432415,0.3619666,0.0038248727,0.1098979,0.10892621
349,0.14458676,0.07403901,0.14681531,0.037624754,0.43034005,0.0014722691,0.09006782,0.07505407
350,0.13639161,0.09297312,0.11309283,0.045906685,0.34982342,0.0035748358,0.13489527,0.12334226
351,0.15256089,0.088203184,0.14827274,0.042023417,0.36452827,0.0024416575,0.096437424,0.10553241
352,0.16736007,0.12703334,0.13422321,0.032954093,0.32828352,0.002726107,0.106340915,0.101078816
353,0.13861158,0.13715881,0.13739368,0.036347874,0.3704317,0.0014529707,0.11031816,0.068285204
354,0.14724806,0.25302216,0.07093065,0.035183527,0.2755479,0.0026560014,0.12043476,0.09497698
355,0.21395014,0.42281404,0.043625884,0.018034222,0.23060568,0.002703533,0.04329129,0.024975173
356,0.2170192,0.48992833,0.045380235,0.01175775,0.16834742,0.003740232,0.04413155,0.019695356
357,0.22494909,0.4307041,0.04481147,0.01537606,0.22413395,0.001529598,0.044481564,0.014014182
358,0.21855073,0.49972498,0.030086167,0.014283765,0.17503104,0.0022423014,0.0392802,0.020800862
359,0.20066167,0.49231556,0.03680604,0.022067038,0.1909871,0.0059042405,0.037170727,0.014087745
360,0.11630593,0.4019232,0.041744586,0.056333184,0.31151605,0.003931792,0.044718422,0.023526857
361,0.15086596,0.47929513,0.049372174,0.031361636,0.2350207,0.008176816,0.041150704,0.00475685
362,0.14769281,0.55641717,0.059335753,0.045868263,0.124058776,0.008989073,0.057435617,0.00020247286
363,0.14780329,0.7481878,0.014457221,0.0026116183,0.017074721,0.013173023,0.056154825,0.0005375397
364,0.017902635,0.79974777,0.00800418,0.027135992,0.13909735,0.0021201705,0.0042642485,0.0017277517
365,0.079198845,0.79481983,0.008766984,0.017724333,0.04909792,0.01181572,0.03772282,0.0008535383
366,0.06217464,0.61786735,0.017757338,0.08590384,0.17473175,0.021572284,0.016224219,0.0037686215
367,0.05450675,0.401676,0.15191242,0.059856664,0.0755983,0.23560646,0.017956352,0.0028870169
368,0.094706245,0.5866185,0.013980553,0.063224316,0.20298932,0.009582064,0.025496807,0.003402202
369,0.11976513,0.53116214,0.05386941,0.06690237,0.19175644,0.0039057548,0.028072752,0.0045660757
370,0.12665038,0.49372005,0.04005426,0.106093064,0.18233164,0.0052987416,0.038879488,0.0069723506
371,0.16514383,0.47237194,0.033338588,0.0512001,0.21687225,0.011536287,0.041050624,0.008486391
372,0.14061615,0.6183359,0.010861964,0.007960936,0.18534228,0.03169601,0.00404212,0.0011445682
373,0.13283396,0.4196096,0.03087077,0.044082712,0.20714042,0.09499694,0.0597057,0.010759884
374,0.224497,0.482563,0.05475046,0.010943776,0.1412546,0.06335611,0.010817484,0.011817493
375,0.18146187,0.4270411,0.07790004,0.04400359,0.21951321,0.0018946825,0.032422446,0.015763093
376,0.09771897,0.60457647,0.05425448,0.05253005,0.111277476,0.012081916,0.05781103,0.009749628
377,0.10100145,0.3235114,0.16147974,0.03058211,0.061974198,0.121630356,0.16692851,0.03289221
378,0.20078324,0.41652128,0.03858754,0.060019284,0.21662584,0.0055575194,0.04390277,0.018002504
379,0.23779933,0.56886643,0.027801003,0.0051707765,0.120377935,0.0023329007,0.025348883,0.012302756
380,0.18844466,0.34872347,0.07788355,0.025408858,0.21828957,0.0040112557,0.09718305,0.040055636
381,0.1829993,0.33794865,0.09247482,0.037253737,0.24979311,0.0025364857,0.069040775,0.02795318
382,0.14184727,0.14381595,0.11138644,0.02266281,0.37098122,0.0016640801,0.14111203,0.06653024
383,0.1392736,0.16973376,0.11451526,0.019860877,0.35226306,0.0020895072,0.14011374,0.062150143
384,0.13186716,0.11303152,0.14225319,0.042162996,0.422016,0.0010187741,0.09528576,0.052364584
385,0.12968935,0.11154839,0.148506,0.08092351,0.3552287,0.0018287305,0.08732857,0.08494671
386,0.14982255,0.081382446,0.14382048,0.032929163,0.4187383,0.0013739873,0.08902024,0.08291285
387,0.14702812,0.09131399,0.14793985,0.061208077,0.3647585,0.0021616674,0.09577913,0.08981074
388,0.15524662,0.094952464,0.12923765,0.038406953,0.37069476,0.0040159984,0.11126567,0.09617985
389,0.14775908,0.101672634,0.12192065,0.045092586,0.33768705,0.0032063038,0.118428834,0.12423285
390,0.1530482,0.092794396,0.141741,0.033100788,0.3848018,0.0018044668,0.08825087,0.10445849
391,0.14081705,0.13451812,0.15251186,0.02959467,0.39621955,0.0018976615,0.087574095,0.056866985
392,0.15312847,0.12508652,0.110584006,0.03659401,0.34789982,0.0044705044,0.13620687,0.08602976
393,0.22097215,0.37134057,0.11643094,0.01084205,0.117179886,0.006157962,0.11008901,0.04698743
394,0.24083638,0.48093703,0.05316751,0.0056523955,0.12511759,0.0050317436,0.067941524,0.021315837
395,0.231775,0.5721862,0.025252307,0.008247835,0.113961354,0.0031467772,0.029806344,0.015624195
396,0.19225718,0.4853495,0.038824502,0.016251562,0.21589951,0.0051919026,0.03458349,0.011642377
397,0.17530881,0.493475,0.021087904,0.023436835,0.23543829,0.008449812,0.034299158,0.008504185
398,0.16521937,0.4351892,0.03314488,0.0354435,0.24741153,0.03223491,0.04477531,0.006581353
399,0.13105208,0.43502825,0.034017574,0.1013046,0.22597322,0.027326593,0.039360512,0.0059371814
400,0.11063517,0.53251576,0.027485836,0.06734317,0.20016049,0.010536087,0.04815158,0.0031719075
401,0.14652622,0.63408244,0.014922818,0.04289921,0.11612311,0.0073711304,0.037986003,8.904846e-05
402,0.14101674,0.72518367,0.013501303,0.0075652753,0.018035762,0.008552717,0.084589995,0.0015545017
403,0.13192132,0.75787824,0.00818552,0.022519901,0.0042813313,0.0033343022,0.07185464,2.4712781e-05
404,0.047723237,0.56429845,0.032700237,0.108303115,0.17619674,0.040803324,0.017191945,0.012782889
405,0.10228166,0.51195633,0.041344143,0.07847736,0.1664462,0.075916864,0.016936244,0.0066411947
406,0.03662867,0.6850615,0.013174555,0.03395954,0.20644325,0.02306687,0.0015331052,0.00013247537
407,0.09246125,0.36005527,0.057218608,0.23117034,0.14907002,0.05952817,0.0335263,0.016970027
408,0.1118383,0.68827033,0.007300327,0.00995038,0.1450865,0.0036887515,0.033535738,0.00032967931
409,0.1633692,0.47954226,0.054883048,0.042546794,0.21137956,0.0057119527,0.034693386,0.007873775
410,0.1447241,0.45495737,0.054942533,0.045470074,0.22371349,0.014625024,0.051126547,0.010440946
411,0.25474843,0.5587741,0.04316482,0.010079274,0.088979736,0.019772645,0.0125856185,0.011895429
412,0.20407966,0.55270296,0.022318596,0.011941449,0.14439823,0.011065931,0.041600402,0.011892825
413,0.24605909,0.52926034,0.04819835,0.010257718,0.13529676,0.010530983,0.012873985,0.007522836
414,0.21795474,0.50966156,0.062032893,0.026842149,0.1493035,0.0029118352,0.0259715,0.0053218314
415,0.1527908,0.38608083,0.04060708,0.05651993,0.23534656,0.07899105,0.030277109,0.01938664
416,0.14340632,0.19592662,0.12336731,0.035193004,0.05210518,0.19106798,0.1954122,0.063521385
417,0.20896529,0.45070592,0.055971425,0.016930114,0.1962226,0.006837262,0.052028917,0.012338419
418,0.21191198,0.432896,0.046933692,0.018215433,0.2251285,0.00228381,0.03522966,0.027400944
419,0.16265331,0.2518534,0.07182334,0.019113857,0.32850486,0.0024173746,0.12004426,0.043589544
420,0.13150968,0.10143321,0.13376942,0.034937836,0.38241968,0.0014428234,0.14398886,0.07049844
421,0.14032057,0.0924336,0.14816247,0.03417445,0.4265403,0.00067595375,0.10329654,0.054396216
422,0.14447439,0.11004573,0.13720399,0.031692035,0.4101897,0.0010050314,0.0964737,0.068915404
423,0.14167494,0.115754135,0.13276532,0.054986205,0.3311276,0.0021840872,0.107414916,0.11409276
424,0.14712386,0.09977969,0.1415871,0.07242186,0.32570213,0.002880311,0.10071023,0.10979488
425,0.16644067,0.07972084,0.13858916,0.034198593,0.34864873,0.0022210286,0.11029253,0.11988847
426,0.15627082,0.0839665,0.15804712,0.04555054,0.365558,0.0023721452,0.10084802,0.087386884
427,0.15065096,0.09599399,0.1449606,0.04940533,0.36875698,0.0029976582,0.08616317,0.1010713
428,0.1724195,0.108385935,0.122785084,0.029643288,0.28031376,0.0039518108,0.15083446,0.13166614
429,0.14521322,0.10259501,0.1426861,0.036003873,0.40641442,0.0011726309,0.09443347,0.07148126
430,0.13145676,0.11587962,0.13911381,0.03427958,0.4017944,0.0010928226,0.11269038,0.06369259
431,0.13437387,0.11936898,0.105802074,0.038374696,0.3898478,0.0024436575,0.12529151,0.084497444
432,0.20272854,0.40839082,0.04114177,0.018194688,0.22774027,0.0012003501,0.059919596,0.040683985
433,0.19546074,0.40118814,0.04734463,0.021186419,0.26344836,0.0026756052,0.045678277,0.023017835
434,0.24553812,0.533053,0.033211686,0.0051768874,0.12152038,0.0047750957,0.0411236,0.01560127
435,0.1842391,0.5910444,0.019311033,0.005687284,0.12979056,0.010192839,0.047499754,0.012234992
436,0.14260714,0.322182,0.13622409,0.07617659,0.11328319,0.036140364,0.1417681,0.031618584
437,0.12866284,0.5231228,0.057915654,0.039804578,0.07853482,0.071385995,0.08903756,0.011535813
438,0.09277338,0.41000968,0.06774103,0.20659272,0.15625909,0.022257542,0.032720633,0.011645964
439,0.08709046,0.42258966,0.137203,0.15798944,0.11483178,0.019297043,0.04675571,0.014242962
440,0.12928754,0.79668176,0.004319019,0.013051845,0.00458925,0.005847762,0.04621291,9.925836e-06
441,0.03493508,0.9201063,0.00044279767,0.0024839218,0.00648245,0.0060701133,0.029465348,1.3997957e-05
442,0.106433034,0.64109457,0.035910625,0.084127255,0.07263502,0.024553442,0.03445765,0.0007885024
443,0.07766793,0.4895979,0.06457411,0.15773338,0.16951963,0.023182517,0.015617495,0.002106996
444,0.0896168,0.5059142,0.042244185,0.047239713,0.16495498,0.13954438,0.007760763,0.0027248946
445,0.10297312,0.6599071,0.01095534,0.014561856,0.13293056,0.046436906,0.029789945,0.0024451273
446,0.08090239,0.60799664,0.018743377,0.022232123,0.2313912,0.025286105,0.012520711,0.0009274341
447,0.12236107,0.5975865,0.02341845,0.0357592,0.15589157,0.016708836,0.046355262,0.001919041
448,0.1176619,0.44432592,0.028306538,0.123800926,0.22921553,0.014738491,0.035514068,0.006436637
449,0.21951093,0.48707473,0.033393048,0.024534103,0.19464725,0.0029558972,0.02732263,0.0105614215
450,0.20155613,0.4659818,0.07011937,0.035694446,0.17240217,0.0072565014,0.037362725,0.009626814
451,0.20812647,0.52740115,0.03817948,0.028327662,0.14420903,0.0021287508,0.036043018,0.015584461
452,0.21278751,0.47724098,0.063057095,0.022432396,0.15516418,0.0028683157,0.05076918,0.015680302
453,0.24063829,0.52348536,0.04145531,0.018197704,0.13526364,0.002868656,0.021246608,0.016844472
454,0.22982077,0.51517,0.05886397,0.014457682,0.116758324,0.0021843296,0.04743695,0.0153079415
455,0.21580875,0.49739137,0.042821042,0.011702936,0.13758841,0.005821308,0.06356417,0.025302043
456,0.2002033,0.45031026,0.07936304,0.008796961,0.11599245,0.025725735,0.099368945,0.020239307
457,0.14725722,0.23220201,0.12703605,0.102717236,0.13760847,0.066869766,0.11263196,0.0736773
458,0.15713607,0.22041978,0.09671043,0.039511643,0.30802274,0.0025529542,0.11577504,0.05987135
459,0.15951641,0.12279302,0.13792986,0.05231925,0.35455576,0.0017732136,0.093835436,0.07727706
460,0.14071617,0.10229196,0.0997478,0.0538102,0.37392363,0.0023932601,0.12897596,0.098141074
461,0.15830782,0.10399571,0.12189703,0.03496864,0.35297647,0.0019991798,0.1313993,0.094455816
462,0.1473283,0.08345518,0.15385926,0.038988188,0.4294205,0.0006770742,0.07479197,0.071479514
463,0.14120892,0.11515086,0.12833224,0.049894676,0.2861884,0.0046911216,0.14112784,0.1334059
464,0.16163072,0.09698993,0.12260388,0.032087907,0.33325183,0.0034700024,0.12232581,0.12763987
465,0.15125103,0.07958449,0.1460535,0.035365354,0.39189693,0.0018464951,0.09982366,0.09417849
466,0.14429456,0.089074194,0.15731733,0.045158263,0.3899028,0.0013366145,0.09446265,0.07845355
467,0.14700988,0.08909214,0.12508646,0.040199086,0.4085694,0.0015826583,0.111084566,0.07737576
468,0.14360164,0.09359792,0.16577105,0.04280193,0.4059306,0.0009872748,0.06881813,0.07849143
469,0.1463833,0.097591184,0.1680175,0.0268585,0.44023928,0.0007717152,0.058762662,0.061375834
470,0.14364386,0.13972163,0.11057674,0.028800065,0.37109002,0.0018937333,0.13098586,0.0732881
471,0.13583566,0.18131393,0.09896706,0.033471867,0.35835484,0.0014575233,0.11658607,0.07401306
472,0.20130481,0.354522,0.040346183,0.015234036,0.27939725,0.0018598944,0.071511075,0.03582476
473,0.19204374,0.34437117,0.08226675,0.02231785,0.29331878,0.001680324,0.03893713,0.025064195
474,0.2080216,0.4432324,0.052358255,0.017277064,0.21936248,0.00182729,0.041016255,0.016904727
475,0.19024323,0.5122961,0.023510577,0.015966177,0.20300832,0.0055004926,0.036455203,0.013019926
476,0.13438638,0.43278375,0.048515208,0.075026184,0.18714257,0.07936201,0.028488807,0.014295126
477,0.1314977,0.4632769,0.04334729,0.094111905,0.2025961,0.014879237,0.04587895,0.0044119577
478,0.11561641,0.47158763,0.06208224,0.07881928,0.12804958,0.060968924,0.0700774,0.012798569
479,0.1243443,0.6122821,0.06502236,0.099031426,0.060530294,0.014115554,0.023828436,0.00084553333
480,0.09303344,0.8498376,0.001241581,0.011034161,0.014208368,0.0033700871,0.027264675,1.00993275e-05
481,0.08104105,0.80088997,0.004348044,0.0038975237,0.07312375,0.03380428,0.002785775,0.00010965805
482,0.107774384,0.41081247,0.06605737,0.090004675,0.10208768,0.18471448,0.024309807,0.01423905
483,0.10849738,0.49809024,0.035101842,0.06794513,0.16100277,0.09903073,0.022287332,0.008044602
484,0.06463838,0.62545526,0.011992414,0.04993434,0.22091301,0.020235322,0.00514985,0.0016814215
485,0.08277958,0.5355549,0.019347606,0.08867051,0.22782725,0.029764675,0.011494208,0.0045612627
486,0.087338716,0.58241445,0.049893763,0.02907919,0.23323527,0.017090311,0.000716186,0.00023220632
487,0.10873837,0.6756094,0.00616225,0.011383188,0.17496024,0.0050592693,0.01701988,0.0010674354
488,0.17044577,0.35341465,0.07278887,0.05794857,0.16403775,0.017143754,0.1366485,0.027572157
489,0.16188964,0.46229506,0.015193919,0.023969403,0.28649372,0.0033759724,0.034726642,0.012055631
490,0.20184042,0.4232129,0.056183558,0.037648696,0.22588788,0.0030553592,0.035194438,0.01697673
491,0.2100335,0.4356028,0.08062483,0.032086175,0.18373188,0.0032880136,0.03997818,0.01465468
492,0.23452377,0.5499888,0.038942136,0.014627992,0.12061139,0.0029525058,0.03084846,0.0075049377
493,0.21279155,0.41547126,0.048121035,0.021532388,0.23404063,0.0025858795,0.041991882,0.023465427
494,0.23430365,0.4966972,0.03147992,0.02289806,0.15775813,0.0019249339,0.02846932,0.026468746
495,0.2596133,0.47530192,0.030419001,0.0055798288,0.15621573,0.0072942073,0.049514536,0.016061414
496,0.1344347,0.300739,0.08586001,0.11667367,0.17500678,0.012322976,0.11731355,0.057649314
497,0.14426208,0.15431137,0.114932105,0.087519825,0.24433815,0.0060481164,0.15408719,0.094501145
498,0.14497675,0.095216095,0.13974322,0.034422755,0.41611758,0.0010986446,0.10285485,0.0655701
499,0.13708323,0.06788212,0.15699074,0.030452896,0.45539945,0.00045032342,0.10391409,0.04782713
500,0.17593476,0.11755013,0.14991117,0.021584364,0.26483986,0.003650703,0.17275745,0.09377156
501,0.17457943,0.10926167,0.14963019,0.03700607,0.28001872,0.002709584,0.10454171,0.1422526
502,0.14386009,0.08127177,0.14540915,0.046004493,0.35879537,0.0019675954,0.08347296,0.13921855
503,0.14626467,0.07310413,0.09580139,0.034130126,0.40027368,0.0012573143,0.10891885,0.14024986
504,0.145455,0.08256468,0.13903809,0.041415952,0.4116298,0.0012154479,0.0866848,0.091996275
505,0.14697339,0.06786367,0.13494056,0.036954377,0.40854493,0.0010080354,0.07742479,0.12629017
506,0.17057055,0.09371056,0.1563353,0.032108925,0.3203217,0.0043705744,0.119917095,0.10266531
507,0.16342336,0.102258995,0.12472308,0.033420958,0.2862629,0.003547349,0.16177407,0.1245893
508,0.17674878,0.103622764,0.14951724,0.023673542,0.2599877,0.002787929,0.15951447,0.12414757
509,0.14301832,0.10355012,0.14918314,0.029293032,0.42908025,0.0011149298,0.082767196,0.061992947
510,0.13305296,0.12053662,0.12805663,0.024069434,0.40320957,0.00162261,0.13126662,0.058185533
511,0.16701327,0.30272987,0.06776947,0.027857553,0.25532168,0.0020734477,0.1132149,0.06401975
512,0.23900065,0.5353753,0.03731311,0.009596,0.12355774,0.002683507,0.035420515,0.017053181
513,0.22985715,0.53359336,0.06497872,0.012074041,0.112672634,0.0019918338,0.029523043,0.015309151
514,0.22662689,0.4794477,0.066767775,0.013688863,0.15744896,0.0016203447,0.040588923,0.013810469
515,0.18575199,0.4245465,0.07599623,0.02962969,0.2184692,0.0046646334,0.045278598,0.015663182
516,0.12545395,0.47454935,0.028394986,0.091618106,0.22464629,0.008792473,0.040917065,0.0056277523
517,0.11252684,0.36168578,0.102206044,0.14100532,0.109702945,0.05701744,0.092706576,0.023149053
518,0.10661645,0.6302344,0.040715955,0.057269827,0.07621662,0.05246429,0.032244917,0.0042375326
519,0.035236284,0.40144327,0.14803873,0.2754341,0.023949843,0.0130535625,0.10245153,0.00039257278
520,0.0047879736,0.99310064,4.8953003e-05,0.0004221483,0.000256435,0.00066963356,0.0007141813,2.8196818e-09
521,0.07787796,0.7898643,0.0032368158,0.0068932483,0.041568667,0.047011457,0.033498697,4.889198e-05
522,0.09953008,0.5547409,0.092775665,0.08661318,0.04208707,0.028572077,0.07827977,0.017401233
523,0.07053023,0.6604294,0.026607053,0.09895283,0.10989273,0.015946507,0.012170917,0.0054703704
524,0.095930874,0.44583035,0.05689441,0.075311236,0.26480156,0.016779002,0.025227724,0.019224837
525,0.10996112,0.5739961,0.019568667,0.05297557,0.20268981,0.014098048,0.025661917,0.0010487015
526,0.12538293,0.45528725,0.038205113,0.12903771,0.15122135,0.043033928,0.04541483,0.012416873
527,0.10028242,0.45960996,0.14323832,0.05281447,0.11621124,0.04455467,0.08258555,0.00070341444
528,0.18300073,0.45634514,0.043752506,0.039349698,0.22799638,0.0047124033,0.028601931,0.01624115
529,0.19273053,0.42403778,0.045441184,0.054062102,0.19688307,0.0053173346,0.06208791,0.019440064
530,0.1945585,0.4149762,0.04937535,0.048639033,0.21485855,0.00505441,0.059630614,0.012907295
531,0.20506513,0.41910234,0.090350516,0.04033602,0.19158627,0.0018727531,0.029943166,0.021743849
532,0.2170939,0.4461862,0.039222684,0.029270675,0.21406832,0.002315889,0.02970849,0.02213384
533,0.2359367,0.5100538,0.04273245,0.011926442,0.12011667,0.004703956,0.056272525,0.01825749
534,0.22168893,0.4249696,0.0503584,0.008423386,0.17494512,0.0054495456,0.08713419,0.027030824
535,0.16373673,0.2840455,0.0821458,0.035179503,0.29354215,0.002349457,0.09929135,0.03970956
536,0.15669544,0.29496086,0.06254148,0.03271361,0.24032699,0.0028192117,0.12046313,0.089479305
537,0.15276901,0.1198104,0.11460919,0.0736991,0.27312198,0.005036846,0.1404513,0.12050216
538,0.15205884,0.10466459,0.10344125,0.07099722,0.34583244,0.0016491788,0.1103996,0.11095686
539,0.14100224,0.087290004,0.157141,0.031203689,0.45828,0.00067372463,0.074466094,0.049943306
540,0.14726594,0.07404713,0.17977217,0.033656042,0.42510322,0.0006115991,0.080216005,0.05932789
541,0.16479611,0.099833585,0.11833582,0.025885027,0.36672202,0.0020473064,0.1310839,0.09129616
542,0.17278971,0.102522835,0.13422611,0.03489728,0.276928,0.0030519334,0.12946911,0.1461151
543,0.14643045,0.06471435,0.16797152,0.031231316,0.4239565,0.0010825472,0.073570475,0.09104288
544,0.14107008,0.08009099,0.14995247,0.04619465,0.3971973,0.0014904963,0.0815778,0.10242623
545,0.14799462,0.090052344,0.1410639,0.049109325,0.3700091,0.003380317,0.09843805,0.0999524
546,0.15482646,0.08248786,0.14841583,0.049951106,0.33979923,0.0033421894,0.09962607,0.12155126
547,0.14447229,0.08808377,0.123045795,0.048351046,0.3898358,0.0018552124,0.10259255,0.10176361
548,0.14428312,0.102261715,0.120051354,0.04308006,0.32935783,0.0032228602,0.12006331,0.13767973
549,0.14577752,0.114570715,0.123597644,0.037529424,0.33719864,0.0016682474,0.11626011,0.12339772
550,0.15176104,0.10623841,0.17202066,0.032892764,0.3850345,0.0019505547,0.08171227,0.06838975
551,0.12636252,0.1594851,0.11999573,0.02999662,0.3670197,0.0017013509,0.13391794,0.061521057
552,0.2158128,0.36692244,0.06276787,0.015631082,0.2664274,0.0021798539,0.047666896,0.022591645
553,0.1549702,0.32269314,0.079197735,0.022758186,0.33412823,0.0027650003,0.05181038,0.031677105
554,0.22017676,0.46105117,0.05536999,0.015573969,0.1772271,0.0016850646,0.052250244,0.016665755
555,0.18659754,0.41854158,0.059132468,0.055448737,0.21694957,0.003007032,0.0427431,0.017579978
556,0.14165373,0.46037465,0.030870518,0.06447425,0.22798231,0.017883118,0.04642947,0.010331958
557,0.116638735,0.38379687,0.0584886,0.13447285,0.20689134,0.029240299,0.061462175,0.009009108
558,0.10291119,0.48011073,0.04798572,0.09754705,0.21121657,0.022021288,0.03307976,0.0051277415
559,0.11470857,0.33383828,0.103719674,0.20745568,0.13768162,0.05049272,0.044654146,0.0074492996
560,0.13027675,0.7825796,0.00530491,0.011912532,0.010581977,0.0019127219,0.057414863,1.6671518e-05
561,0.14804402,0.5477589,0.035311766,0.048145425,0.0106497,0.032327473,0.17669567,0.0010670451
562,0.09582788,0.601976,0.013917743,0.048316,0.17522134,0.032920126,0.02570706,0.006113904
563,0.11248047,0.30910015,0.105201825,0.18774298,0.17399368,0.07136045,0.02803192,0.012088512
564,0.05089759,0.6519501,0.015661078,0.1049293,0.14014868,0.008967991,0.022032915,0.005412263
565,0.1636617,0.3999017,0.04141838,0.057450883,0.26366317,0.00343759,0.058048673,0.012417854
566,0.112840734,0.43319672,0.04840976,0.13151132,0.14480859,0.023733191,0.089570455,0.015929246
567,0.11116084,0.31719112,0.25901598,0.0744653,0.035997603,0.04015769,0.13470612,0.02730537
568,0.11743823,0.11593113,0.18195522,0.094522625,0.034145508,0.23528545,0.20771368,0.013008131
569,0.18193913,0.4583409,0.04050206,0.067960404,0.1922034,0.014871663,0.028162435,0.016020002
570,0.21117964,0.47290125,0.042709205,0.043367278,0.19388974,0.0010406907,0.02603473,0.008877406
571,0.23664644,0.51569444,0.024725324,0.024168726,0.14719915,0.0023010646,0.034631085,0.0146338055
572,0.23329495,0.49542966,0.07678296,0.016116954,0.11790504,0.0057208,0.040230293,0.014519365
573,0.23494212,0.49682018,0.039037656,0.013738161,0.1483736,0.0059934733,0.04838942,0.012705434
574,0.18452701,0.35610342,0.06105599,0.021173393,0.26699793,0.0038133326,0.072104484,0.03422438
575,0.1988499,0.32355294,0.070950024,0.010170213,0.18985452,0.0061007477,0.15993857,0.040583078
576,0.13244593,0.12711374,0.10012913,0.035006892,0.42426488,0.0012617637,0.1306037,0.049174003
577,0.13849865,0.11751009,0.1296197,0.03784236,0.41906732,0.0014820519,0.11212795,0.0438519
578,0.13678151,0.13000454,0.107816234,0.053502947,0.31978673,0.0018185425,0.123689525,0.12660004
579,0.1679036,0.11842302,0.10303708,0.048456114,0.27138153,0.004024865,0.14073367,0.14604008
580,0.15118344,0.10110742,0.11812401,0.05434685,0.34694886,0.0016880909,0.11334071,0.11326066
581,0.14374375,0.0705651,0.12725596,0.039239336,0.41955593,0.0010430561,0.09241699,0.10617988
582,0.13489917,0.06946449,0.12633367,0.034049325,0.42957032,0.0007666394,0.09033773,0.1145787
583,0.14155142,0.070856445,0.10524131,0.029383473,0.4425888,0.0020382956,0.07842615,0.12991413
584,0.14697252,0.072675094,0.13719083,0.04369549,0.39020574,0.0019018535,0.078678906,0.12867956
585,0.14001733,0.07024541,0.13779646,0.033308186,0.4387285,0.0008800178,0.07947134,0.099552736
586,0.14768624,0.08631992,0.16617316,0.053497314,0.35105503,0.0040329937,0.08621815,0.105017185
587,0.15446866,0.10199427,0.15284522,0.045691133,0.3428829,0.0042866073,0.1026913,0.095139876
588,0.14127651,0.09333807,0.1270189,0.047312845,0.35534653,0.003188359,0.120392144,0.11212667
589,0.13816822,0.09826524,0.14963754,0.04344842,0.4004781,0.0013783094,0.09423283,0.07439134
590,0.15337983,0.10351644,0.17203368,0.028525084,0.40523672,0.0018051475,0.078794256,0.05670879
591,0.13382582,0.11923452,0.14370933,0.01792793,0.41405353,0.0017041935,0.11501034,0.054534327
592,0.14544664,0.12937212,0.17414266,0.036235247,0.38591483,0.0010209323,0.073888324,0.05397922
593,0.23420063,0.46316466,0.038898356,0.008833117,0.19127849,0.0033665511,0.043329548,0.016928617
594,0.21886724,0.49306664,0.054267194,0.019282095,0.15542257,0.0022514134,0.040092174,0.01675067
595,0.2222833,0.4395521,0.04219576,0.01819683,0.22241227,0.0024945308,0.03414921,0.01871602
596,0.17096062,0.45764768,0.041952334,0.027556809,0.22545084,0.00466047,0.05082543,0.020945793
597,0.12857693,0.3714831,0.047362704,0.11030914,0.24171762,0.030525481,0.05174471,0.018280314
598,0.10289398,0.3549021,0.097103775,0.1689005,0.16585292,0.014913825,0.07779016,0.017642738
599,0.0682915,0.56881434,0.065514885,0.12264787,0.10851848,0.01213098,0.04409808,0.0099838665
600,0.09163929,0.7727495,0.009731426,0.015376332,0.03307408,0.032777924,0.044419415,0.00023202486
601,0.19823937,0.7405762,0.0070412867,0.044200245,0.00061758055,0.0056368452,0.0036884283,8.480879e-08
602,0.08969027,0.79580396,0.004459442,0.013596433,0.038939007,0.0103290435,0.04702642,0.00015545225
603,0.05528449,0.46971828,0.10036083,0.11024217,0.22834402,0.009089253,0.014719429,0.012241528
604,0.08603851,0.53926367,0.05829631,0.065168984,0.20299433,0.01980629,0.02309583,0.005336118
605,0.08323318,0.6047032,0.010412698,0.058956854,0.21269667,0.007130827,0.017453201,0.005413367
606,0.18460879,0.4980225,0.035916902,0.04625599,0.19522014,0.002346448,0.026842456,0.010786746
607,0.17193748,0.46896455,0.04396144,0.07455646,0.13734232,0.034252573,0.032340124,0.036645073
608,0.194721,0.34200245,0.09360669,0.044507705,0.009351348,0.025880676,0.28955618,0.00037394182
609,0.16620748,0.0901918,0.1851361,0.08635601,0.027555907,0.24658893,0.18876934,0.009194532
610,0.19675705,0.4784258,0.025403498,0.025524223,0.2276265,0.004979409,0.03213989,0.009143714
611,0.20696856,0.4620407,0.04770879,0.039777588,0.20183021,0.0013002746,0.024341293,0.016032623
612,0.22687484,0.42808056,0.03476869,0.022335788,0.25210318,0.00079650886,0.022358961,0.012681455
613,0.2286937,0.5084173,0.07316037,0.014220099,0.12006934,0.0051681837,0.033113133,0.017157923
614,0.23188606,0.44872493,0.04754671,0.021652192,0.16431582,0.0020160875,0.05901922,0.024838978
615,0.15964836,0.2512419,0.093893744,0.045194834,0.29065543,0.002423248,0.10168335,0.055259198
616,0.13593446,0.14079088,0.122407,0.042227384,0.36906028,0.0013073102,0.1238245,0.06444823
617,0.1400175,0.10308731,0.09966271,0.04334158,0.36769417,0.0024407045,0.16398568,0.07977031
618,0.14128214,0.09128135,0.1473404,0.03501013,0.45820716,0.0007990912,0.08252314,0.043556627
619,0.1704417,0.10505861,0.16747175,0.035167687,0.30897978,0.0031561267,0.108711705,0.101012684
620,0.16221206,0.0859439,0.15352912,0.032915495,0.28431034,0.0016630639,0.13704617,0.1423798
621,0.14923017,0.1090663,0.13710314,0.06795974,0.3282017,0.0022634203,0.09231006,0.11386541
622,0.1393581,0.06446714,0.101775594,0.04244945,0.40908998,0.0018643457,0.119587615,0.12140771
623,0.14071111,0.061619394,0.1669229,0.03732145,0.4238588,0.0014022458,0.05630282,0.1118613
624,0.14391129,0.054371204,0.13851565,0.032253075,0.4529334,0.0013714118,0.059246376,0.117397584
625,0.15422188,0.07881611,0.12187444,0.030768909,0.3969768,0.002382185,0.09681983,0.11813989
626,0.14267208,0.07283563,0.12791431,0.045189835,0.36920708,0.0029913515,0.11415745,0.12503229
627,0.14471063,0.088428624,0.11961187,0.029436694,0.40466744,0.001531698,0.10143298,0.110180065
628,0.13912448,0.07896012,0.14790125,0.03819171,0.3960598,0.0023463257,0.108559646,0.08885667
629,0.136317,0.086740576,0.15748648,0.03071995,0.4223051,0.0010415866,0.092465624,0.072923586
630,0.14945062,0.11318146,0.12540202,0.04247648,0.32788455,0.0036207908,0.10481778,0.1331663
631,0.16358347,0.12469245,0.11954643,0.033559773,0.31155252,0.0041851574,0.15045224,0.09242797
632,0.15755773,0.264682,0.07932031,0.030685505,0.26350278,0.002822511,0.121558316,0.07987078
633,0.17183404,0.31406763,0.07927129,0.020845901,0.28650618,0.0017479145,0.08677537,0.03895168
634,0.23864917,0.45169303,0.029708533,0.0067028557,0.21472403,0.0031061883,0.042623702,0.012792417
635,0.2309476,0.5306536,0.05093626,0.010319385,0.0925915,0.0053817895,0.05368202,0.02548788
636,0.17251857,0.49935845,0.022507371,0.03150643,0.22728324,0.0037991223,0.027715199,0.0153116565
637,0.16993615,0.42256165,0.0346386,0.04278541,0.2595124,0.007971231,0.052437436,0.010157126
638,0.1427342,0.48791647,0.025321934,0.05884409,0.22450392,0.009760076,0.045938205,0.0049811164
639,0.0844355,0.5039262,0.060094804,0.11537905,0.14256081,0.01473522,0.063133016,0.015735386
640,0.08364448,0.36289844,0.1722662,0.2159523,0.10994943,0.010661723,0.030834556,0.013792891
641,0.10442792,0.84779143,0.0005018098,0.0128537305,0.008413402,0.0021812238,0.023829756,6.5624266e-07
642,0.40110853,0.21057788,0.024316289,0.008756116,0.0069539314,0.0065300534,0.34163693,0.0001202816
643,0.004240275,0.94730955,0.0006425958,0.042672284,0.0026037006,0.00091052946,0.0016207932,2.1296869e-07
644,0.07483092,0.5068951,0.076425955,0.13744146,0.046251476,0.12137051,0.028019123,0.008765419
645,0.10708356,0.51255405,0.049710665,0.108667076,0.16150269,0.035939395,0.016790401,0.0077521005
646,0.101519294,0.43266493,0.06765844,0.073148265,0.27121392,0.014868187,0.027886404,0.011040529
647,0.19469213,0.6102387,0.0063013127,0.0054103914,0.16297594,0.005877921,0.0107802,0.0037234745
648,0.14691684,0.46456742,0.07913307,0.060541432,0.2057939,0.0026937542,0.016295163,0.024058428
649,0.16905543,0.44065407,0.06844755,0.07899506,0.20439032,0.0009071524,0.028468788,0.009081656
650,0.15456517,0.28973585,0.13939531,0.03026159,0.12351876,0.037694246,0.19588724,0.028941855
651,0.19293298,0.08613388,0.13840581,0.032691944,0.06503395,0.053061,0.26243088,0.16930959
652,0.18874365,0.48631683,0.044910125,0.025547098,0.16428037,0.010549827,0.06056944,0.019082667
653,0.23445931,0.5208311,0.029554185,0.014684575,0.14103176,0.0019270265,0.03529962,0.022212358
654,0.23329136,0.4223025,0.038772177,0.012071529,0.22039956,0.0021522958,0.047413606,0.023596922
655,0.15699646,0.27453536,0.10070439,0.03287085,0.2997388,0.0016871822,0.091097645,0.042369317
656,0.14747497,0.18421304,0.1257308,0.050567586,0.34955594,0.0010125935,0.096775256,0.04466984
657,0.13742007,0.1210951,0.09437111,0.041731536,0.41734305,0.0011808499,0.12457067,0.062287606
658,0.14322166,0.10280765,0.1364864,0.033103675,0.46034294,0.0005891562,0.08524267,0.038205847
659,0.15159057,0.10133814,0.10543066,0.034651045,0.39253822,0.0019125891,0.12365716,0.08888161
660,0.1447694,0.1184666,0.12903784,0.04332587,0.36812928,0.0026499545,0.114888005,0.078733064
661,0.111867666,0.10989361,0.17715424,0.042262163,0.43138236,0.00076372566,0.07109413,0.05558211
662,0.097693674,0.07953032,0.20435172,0.017256455,0.4449156,0.006217669,0.10002325,0.050011292
663,0.1472985,0.09145455,0.12241651,0.03653763,0.44630614,0.0010845097,0.093281224,0.06162094
664,0.14742957,0.07869059,0.15507568,0.036947735,0.43426004,0.0009401622,0.07556178,0.07109445
665,0.14819886,0.067728624,0.14638095,0.038308725,0.40058008,0.0018683627,0.10219137,0.094743066
666,0.14014755,0.06299781,0.14201301,0.03509998,0.42322493,0.0012421063,0.07606052,0.11921406
667,0.14503154,0.06677138,0.15255539,0.037995946,0.41272137,0.0018623974,0.06741601,0.11564589
668,0.14341453,0.07534435,0.15742184,0.045898557,0.3969925,0.0019217972,0.071154885,0.10785152
669,0.14871928,0.090184115,0.1267727,0.052097198,0.3690861,0.0016504597,0.07518555,0.13630456
670,0.15081991,0.10461787,0.114962995,0.041519742,0.29439056,0.0046055764,0.15566353,0.13341983
671,0.17692736,0.124219425,0.16333725,0.03858057,0.2879666,0.0039371317,0.08804784,0.1169838
672,0.15192428,0.12547009,0.1547331,0.028865332,0.37243438,0.0023512712,0.10388896,0.060332503
673,0.17769386,0.20433117,0.10965636,0.032450464,0.19160965,0.008498081,0.14762045,0.12813999
674,0.20012316,0.31247103,0.10763795,0.019539628,0.1727017,0.0064488696,0.13110994,0.04996775
675,0.25246114,0.49574965,0.028139858,0.0183913,0.15446585,0.003045857,0.030553417,0.01719297
676,0.2420698,0.4928758,0.028702676,0.01337976,0.1677929,0.00384325,0.03293198,0.018403815
677,0.2167436,0.49352404,0.048127316,0.015505247,0.1450598,0.0042789658,0.059797086,0.01696396
678,0.14214805,0.5408037,0.03472153,0.05232673,0.16052486,0.015604416,0.047448337,0.0064223004
679,0.11323529,0.3906981,0.05234133,0.123165175,0.24132508,0.012495846,0.04840359,0.018335653
680,0.10115556,0.51738435,0.053173147,0.11109189,0.13810308,0.010416567,0.061489698,0.0071856803
681,0.105996236,0.3255019,0.10348332,0.23758358,0.171022,0.0077878935,0.03472892,0.013896229
682,0.13293746,0.6018384,0.021224137,0.04406517,0.06215637,0.10915365,0.027371643,0.0012530984
683,0.12001721,0.7282389,0.0024856452,0.014101582,0.0013061245,0.0094471015,0.124402136,1.3004232e-06
684,0.0037032922,0.9783922,0.00079715246,0.001235547,0.0053932634,0.0026432092,0.007833884,1.4317758e-06
685,0.060767412,0.5155699,0.039123558,0.22549756,0.12534013,0.014508776,0.015441499,0.0037511247
686,0.07441613,0.5104719,0.047167297,0.17649867,0.1438733,0.009249349,0.025592327,0.012731048
687,0.082250334,0.35820577,0.038689084,0.2796985,0.19627234,0.011185418,0.027244955,0.0064536687
688,0.22951156,0.5629098,0.02079488,0.007445857,0.16765411,0.0042033056,0.0041730404,0.0033075537
689,0.20081101,0.5884323,0.03125741,0.021910248,0.15229873,0.0005552069,0.0035882539,0.0011468023
690,0.18137258,0.41839373,0.06968888,0.07476418,0.19900358,0.0024567163,0.0403382,0.013982116
691,0.14613709,0.30169332,0.1320045,0.04618996,0.14591652,0.10463374,0.09747791,0.025946993
692,0.14463127,0.2821317,0.1704705,0.021752732,0.06242589,0.04821451,0.22426948,0.046104
693,0.16390195,0.312848,0.075000055,0.06030152,0.14130837,0.028531663,0.1586425,0.05946593
694,0.24025542,0.52475363,0.02363004,0.010730681,0.13901052,0.004545849,0.038432565,0.018641276
695,0.2311012,0.47497627,0.028641,0.018330188,0.16943906,0.0017696703,0.049376402,0.026366204
696,0.14559922,0.18677557,0.10272927,0.04321224,0.35632762,0.0024431825,0.10070633,0.062206566
697,0.14756957,0.11989902,0.13381816,0.037012342,0.42678678,0.00072194845,0.08276138,0.05143079
698,0.14530447,0.10319956,0.1139327,0.033247724,0.3981823,0.0016231363,0.14166716,0.06284297
699,0.16326678,0.101997845,0.09182066,0.051087394,0.35171676,0.0021438452,0.11709946,0.12086731
700,0.11499958,0.07163257,0.12387008,0.050369684,0.50961465,0.0002906549,0.07999278,0.049229994
701,0.13300465,0.09798631,0.10026368,0.051337034,0.37294894,0.0016812586,0.100208946,0.14256915
702,0.14565171,0.098350756,0.0865535,0.049839698,0.3930121,0.002448494,0.10913404,0.11500972
703,0.12256765,0.07365906,0.12836227,0.037269916,0.49909627,0.000763957,0.08524438,0.053036466
704,0.13372271,0.07489893,0.14348769,0.047238164,0.44394082,0.000911454,0.08448724,0.07131299
705,0.15297428,0.079180546,0.15529943,0.04140571,0.34582087,0.0027972956,0.12471543,0.09780644
706,0.14134745,0.067647055,0.1330403,0.045840576,0.40421146,0.0019612291,0.09880174,0.10715023
707,0.14263615,0.0661194,0.14870809,0.038805686,0.4254956,0.0018926761,0.06842466,0.107917756
708,0.13786371,0.06294138,0.12140045,0.038194895,0.4137927,0.0019809336,0.09812674,0.12569919
709,0.13997065,0.07161036,0.15414146,0.045729578,0.42547175,0.001703769,0.06035035,0.10102213
710,0.16461007,0.096361525,0.11184021,0.033921964,0.2989473,0.002593986,0.10124319,0.19048171
711,0.14472559,0.086191386,0.19317506,0.03585666,0.27001148,0.005593465,0.17067347,0.09377282
712,0.15497807,0.118606545,0.13125362,0.027333375,0.2954318,0.00467947,0.16857842,0.09913865
713,0.13612834,0.11914651,0.13361493,0.023695612,0.40841436,0.0019099117,0.12952173,0.047568582
714,0.14432064,0.23402165,0.11048926,0.023048667,0.32735336,0.0023078178,0.10388287,0.054575726
715,0.24692865,0.5496353,0.029163286,0.0035312204,0.101850495,0.0022309094,0.044186343,0.022473836
716,0.21689227,0.3752034,0.0500405,0.009144602,0.24813776,0.004248987,0.076877244,0.019455157
717,0.21903622,0.45970294,0.017214997,0.014527099,0.22678363,0.0037365786,0.037116326,0.02188222
718,0.25089604,0.50739866,0.035441034,0.0077458625,0.1529198,0.004306329,0.027463319,0.013828935
719,0.2043991,0.49664152,0.023377096,0.015914386,0.19536741,0.010390743,0.038758643,0.015151083
720,0.09835453,0.45115322,0.045440093,0.13608454,0.1999588,0.019236557,0.041969057,0.007803181
721,0.09133228,0.37276345,0.093533486,0.21434972,0.13820396,0.01261279,0.06631484,0.010889462
722,0.08079638,0.19615638,0.1707566,0.35714927,0.14274298,0.016008383,0.02680653,0.009583521
723,0.029921163,0.7174726,0.055884246,0.035109464,0.107145734,0.00488905,0.044837307,0.0047403974
724,0.32339743,0.39108863,0.079304546,0.013837733,0.002638944,0.016260596,0.17342117,5.0915416e-05
725,0.07461967,0.7273452,0.019911852,0.047246456,0.09984726,0.010686482,0.017786868,0.0025561645
726,0.039513085,0.58872443,0.055761058,0.09480675,0.12468048,0.049336623,0.02155048,0.025627099
727,0.097144715,0.5031836,0.04107762,0.17364436,0.118182264,0.021588752,0.03329898,0.01187973
728,0.07475105,0.72114336,0.010505659,0.021501819,0.12986141,0.009061866,0.03227805,0.00089676166
729,0.16623911,0.48902056,0.08526209,0.025578285,0.10642139,0.03125554,0.08075382,0.015469225
730,0.25110546,0.5263792,0.053806134,0.005601239,0.15074745,0.0007533418,0.011001575,0.00060548366
731,0.19550589,0.41551661,0.055126294,0.07360889,0.19010584,0.0034243434,0.052491587,0.014220516
732,0.24466152,0.5381974,0.027984425,0.009744254,0.11086516,0.004415977,0.045293484,0.018837811
733,0.21930131,0.48404232,0.04646557,0.014936558,0.12134197,0.005548223,0.081577376,0.0267867
734,0.12957542,0.31946468,0.07051267,0.026209457,0.1309108,0.030631369,0.20426461,0.08843102
735,0.21172656,0.4444266,0.028016074,0.039776538,0.19502501,0.0017865858,0.048108347,0.031134358
736,0.22659156,0.49184197,0.035535153,0.012914175,0.122148365,0.002556114,0.06606466,0.04234801
737,0.14255866,0.14151375,0.10124379,0.057497606,0.35682347,0.0015911574,0.106830455,0.091941126
738,0.14950381,0.12348812,0.12354997,0.027094763,0.402083,0.0015551919,0.12027128,0.05245382
739,0.14869551,0.10012899,0.14346509,0.035571862,0.4267378,0.00080072985,0.0892184,0.055381574
740,0.14274451,0.1334846,0.10931929,0.05709243,0.2964677,0.0033579483,0.1333271,0.12420634
741,0.13455558,0.10870655,0.11616098,0.06900285,0.3825537,0.000668847,0.09311453,0.09523698
742,0.16388968,0.11129871,0.12317478,0.042205043,0.31588084,0.002684495,0.124907516,0.115958974
743,0.15479012,0.10506523,0.14876826,0.046350896,0.36424318,0.0048745032,0.10494751,0.070960365
744,0.147372,0.09470473,0.14784114,0.047592536,0.36488134,0.0031117338,0.10163508,0.09286141
745,0.14693265,0.092910215,0.12109731,0.057533246,0.37542233,0.0036603438,0.108184725,0.09425924
746,0.1510255,0.09930503,0.1263462,0.040662654,0.33890912,0.0041418932,0.14419003,0.09541966
747,0.16298702,0.084318615,0.13860783,0.042537913,0.33602917,0.0034959088,0.1233859,0.108637735
748,0.14724582,0.0833603,0.11235504,0.025560148,0.399792,0.001282891,0.13017519,0.100228645
749,0.15438305,0.10032507,0.098640844,0.02838793,0.33951172,0.0026318976,0.1405172,0.13560231
750,0.13797224,0.10070724,0.1467734,0.037782416,0.4101453,0.0015847054,0.06755222,0.097482525
751,0.14574236,0.105554156,0.11365218,0.02710212,0.38093898,0.0026640212,0.12374574,0.100600466
752,0.13880065,0.12720314,0.10577589,0.040435623,0.35758096,0.0030478218,0.12585813,0.101297796
753,0.15215307,0.12869114,0.13116777,0.03567985,0.34054622,0.002698075,0.1392331,0.06983076
754,0.15597701,0.2920333,0.07449037,0.03362107,0.28777075,0.002034123,0.09542899,0.058644358
755,0.19142804,0.3207296,0.07697976,0.017802214,0.2750127,0.0036116901,0.07958316,0.03485286
756,0.23909962,0.57139397,0.036232065,0.0051875347,0.099283524,0.0048533906,0.026318518,0.017631397
757,0.23177877,0.448442,0.03529248,0.0110242255,0.21134175,0.0029428953,0.04208777,0.017090118
758,0.23137744,0.5165804,0.02694261,0.009638134,0.15699142,0.0040957634,0.036246244,0.018128056
759,0.22792317,0.43101475,0.034753762,0.016370812,0.2416465,0.002901562,0.027735874,0.017653612
760,0.21380095,0.49405956,0.025208768,0.008469126,0.20625037,0.008114602,0.035485603,0.008610996
761,0.13524583,0.50211686,0.042012155,0.031470474,0.20250332,0.010660846,0.06622373,0.009766798
762,0.10442958,0.40577516,0.066974424,0.10080566,0.17430423,0.057593115,0.070401825,0.019715972
763,0.0701385,0.52055156,0.030656071,0.16718452,0.17254643,0.006068491,0.021331813,0.011522658
764,0.10022279,0.841103,0.00047486136,0.013846638,0.002115856,0.0010687191,0.041167688,3.9451552e-07
765,0.027839273,0.93661493,0.00030659253,0.01006102,0.0038751091,0.0016176967,0.019683491,1.8609989e-06
766,0.09166226,0.27780658,0.09041523,0.30141738,0.16240051,0.037311975,0.03186722,0.0071187834
767,0.10712153,0.36008206,0.06818553,0.22739895,0.1259743,0.04519208,0.055358823,0.010686725
768,0.1199113,0.4212153,0.043237798,0.136466,0.2099119,0.014540763,0.05111547,0.0036014481
769,0.08847099,0.5746724,0.03216929,0.06274555,0.18269801,0.016823335,0.03927357,0.003146782
770,0.17759094,0.5175957,0.039240714,0.034765188,0.19998558,0.0010832099,0.025481114,0.0042576003
771,0.24644834,0.6012588,0.031087853,0.008094918,0.08730544,0.0008856279,0.019069964,0.00584905
772,0.22790538,0.5514983,0.037379526,0.011922188,0.14004058,0.0012978377,0.024351027,0.0056052133
773,0.23603256,0.47868857,0.061118368,0.020562703,0.14927489,0.0025287003,0.039051432,0.0127427755
774,0.21906719,0.42742467,0.052837912,0.027762715,0.19326445,0.0035611494,0.05559194,0.020490037
775,0.16032797,0.2705564,0.08421287,0.06223803,0.20497155,0.006028463,0.12939018,0.08227455
776,0.1466777,0.15102808,0.09009595,0.0702596,0.29086208,0.0029792686,0.12790446,0.12019279
777,0.15776953,0.15444607,0.14722659,0.07198401,0.21951604,0.008891661,0.15185586,0.08831026
778,0.16514666,0.16888013,0.08935565,0.045720328,0.21909142,0.0033546898,0.12827575,0.18017533
779,0.13007975,0.107209474,0.12964669,0.04031969,0.44467798,0.00074320356,0.10365802,0.043665227
780,0.14998342,0.11279153,0.10486888,0.04313785,0.3992988,0.001125681,0.10884164,0.07995216
781,0.1571455,0.14064331,0.08270962,0.04317411,0.2714658,0.0030895933,0.14008704,0.16168495
782,0.14149211,0.103788376,0.101992145,0.059340935,0.3432516,0.0020828699,0.11671025,0.13134174
783,0.12632316,0.11517582,0.14813474,0.03928828,0.39035422,0.0016651307,0.106162265,0.07289637
784,0.14335167,0.08338013,0.1482251,0.044213567,0.43156344,0.0017242379,0.08343818,0.0641037
785,0.14944714,0.08870029,0.12683855,0.044900473,0.39334524,0.002896959,0.117890224,0.07598113
786,0.14031203,0.09810626,0.13804166,0.032695394,0.339548,0.0023393948,0.12818636,0.12077093
787,0.15923783,0.09850585,0.12550536,0.03666738,0.35927624,0.0048081866,0.122915745,0.09308343
788,0.13507755,0.085763216,0.12701736,0.040081937,0.3904491,0.001760791,0.09387363,0.12597641
789,0.13730314,0.08326838,0.15306626,0.029920533,0.4272701,0.0011285736,0.080247484,0.08779553
790,0.14340629,0.09205768,0.17188016,0.038871214,0.40568057,0.0027017754,0.060280308,0.08512196
791,0.1329642,0.11023332,0.15866108,0.033513002,0.41168365,0.0022143796,0.07956263,0.07116771
792,0.13658528,0.10941005,0.14736304,0.027849644,0.41955596,0.0010594657,0.077730045,0.08044651
793,0.1405283,0.10537855,0.14024274,0.032546706,0.4273405,0.000842319,0.07598367,0.0771372
794,0.13660008,0.16720569,0.11022174,0.040849425,0.39118046,0.0013732933,0.09210187,0.060467478
795,0.2036844,0.34932435,0.08108931,0.028500032,0.2054476,0.007444003,0.0979423,0.026568078
796,0.22862075,0.4932329,0.043382555,0.010276419,0.14965054,0.0045851585,0.051043537,0.019208144
797,0.21109301,0.37571433,0.0404634,0.011830419,0.2990963,0.0048287483,0.042268958,0.014704813
798,0.23435496,0.46221647,0.06871803,0.015076135,0.16159703,0.0018383889,0.037613913,0.018585127
799,0.20801401,0.45666984,0.049422264,0.035370126,0.19118209,0.0035858487,0.045746807,0.010009001
800,0.15302369,0.56968564,0.025307387,0.0098494645,0.19266841,0.007979295,0.03339136,0.008094708
801,0.1351242,0.42297554,0.04142229,0.04111804,0.29373828,0.004692269,0.046876162,0.014053167
802,0.12927647,0.47591457,0.024143215,0.047122117,0.2673437,0.010180958,0.04095436,0.005064531
803,0.14561921,0.4779426,0.053124163,0.039616007,0.23030016,0.008141461,0.041127216,0.0041291737
804,0.1380881,0.63105214,0.0125069665,0.0106423665,0.16093329,0.012642341,0.033916555,0.00021827462
805,0.03446542,0.90671384,0.0013272956,0.00626471,0.049969986,0.0007709986,0.00048525727,2.5016927e-06
806,0.038182665,0.93774635,0.0014105359,0.0026830384,0.017612103,0.0018353576,0.0005265348,3.3419344e-06
807,0.091221064,0.566764,0.058398783,0.093383506,0.13557804,0.014363275,0.033108596,0.0071826777
808,0.07104038,0.5250182,0.033689145,0.18053874,0.13504685,0.009997194,0.038445007,0.0062244614
809,0.13856126,0.41661775,0.052334595,0.10467105,0.20981343,0.016801069,0.053719234,0.007481566
810,0.10507997,0.4865672,0.040402927,0.09701225,0.1924907,0.025654497,0.041495666,0.011296783
811,0.16912864,0.56295544,0.046671975,0.04905099,0.15044138,0.003673336,0.008713374,0.009364806
812,0.20671134,0.40521201,0.0877505,0.04991652,0.2176621,0.0024036686,0.01698054,0.013363312
813,0.20566139,0.5046158,0.054880068,0.021124596,0.18850955,0.0025646896,0.0143417725,0.008302121
814,0.18544263,0.3305418,0.07405264,0.031304058,0.2718214,0.0016173759,0.07683389,0.028386153
815,0.17083584,0.34347367,0.076434515,0.04400806,0.20844598,0.0033256076,0.08279257,0.07068378
816,0.13254169,0.11428447,0.09895624,0.053881902,0.4213956,0.0013515212,0.107908,0.06968056
817,0.13564156,0.12241425,0.09203317,0.05466086,0.3675316,0.001232179,0.11942801,0.1070583
818,0.14933096,0.12753683,0.10374416,0.061106134,0.32281277,0.0018703403,0.12431129,0.10928755
819,0.13669184,0.10906847,0.08729268,0.05145607,0.403991,0.0012240206,0.114727065,0.09554882
820,0.14346114,0.10593473,0.1451429,0.043400172,0.43754774,0.00068789994,0.07164343,0.052181955
821,0.14459522,0.103231095,0.15764926,0.039724924,0.3983883,0.00084493984,0.08407008,0.07149618
822,0.13278924,0.095618635,0.092521876,0.060015686,0.43154433,0.0007748543,0.100659385,0.08607596
823,0.13633798,0.11144842,0.1391054,0.062685065,0.34620026,0.0014932427,0.08975696,0.11297274
824,0.16101445,0.09769008,0.10738422,0.042554993,0.3136349,0.0030521245,0.12582706,0.14884214
825,0.15158087,0.10912352,0.12463104,0.05025139,0.3005674,0.007589638,0.15098469,0.10527148
826,0.15928791,0.09796174,0.122666486,0.03811574,0.3797421,0.0024183705,0.109584354,0.09022324
827,0.13943289,0.09966282,0.13645567,0.029941129,0.3684889,0.0021772978,0.12069263,0.10314871
828,0.15195733,0.11680515,0.11130661,0.04711412,0.30636537,0.0033869129,0.13147597,0.13158861
829,0.14895982,0.104298234,0.09212022,0.033904657,0.3349727,0.0025509517,0.1378817,0.1453117
830,0.15335518,0.1232392,0.09134077,0.03421725,0.31418628,0.0024528187,0.113299526,0.16790898
831,0.14290196,0.09164996,0.14223392,0.026210941,0.4106656,0.0024642705,0.075626604,0.108246714
832,0.13149726,0.13353233,0.13395211,0.021924023,0.41736117,0.0017126481,0.1025086,0.057511855
833,0.12327266,0.1278378,0.12431973,0.027647559,0.43420503,0.0013020032,0.102025725,0.059389412
834,0.13593803,0.13718365,0.10076519,0.014197456,0.41496217,0.0015925047,0.11767762,0.077683374
835,0.17019583,0.313782,0.056089815,0.02417573,0.27591088,0.003461894,0.102461435,0.053922366
836,0.22279721,0.45900217,0.04203463,0.018887382,0.15461414,0.006049314,0.075285435,0.02132968
837,0.22580665,0.5231227,0.03301179,0.0044163424,0.12349399,0.008023159,0.059753627,0.022371633
838,0.20738967,0.49298155,0.071685545,0.024977079,0.15574583,0.0035374966,0.02652001,0.01716282
839,0.24229088,0.4896673,0.020033816,0.008873647,0.19337437,0.003493411,0.028764432,0.013502086
840,0.21052851,0.43095955,0.05308417,0.024934331,0.22551477,0.0093132015,0.035505418,0.010160095
841,0.122422464,0.38259754,0.078407615,0.05756123,0.24639456,0.029562622,0.054407656,0.028646387
842,0.08606075,0.5059127,0.04130623,0.12534106,0.17877895,0.010038796,0.046061218,0.0065002833
843,0.11422172,0.4748701,0.0289539,0.08654315,0.16931266,0.0843812,0.03069578,0.011021564
844,0.10674408,0.5032291,0.019208886,0.15048726,0.15388854,0.036845062,0.024877395,0.00471967
845,0.08958635,0.8692621,0.0013103577,0.002357756,0.007459163,0.00057588064,0.029446987,1.411125e-06
846,0.14909251,0.7663703,0.007941511,0.019461457,0.036760792,0.012496421,0.007747646,0.000129388
847,0.12084432,0.663812,0.03000634,0.051139455,0.09697342,0.010022265,0.026822709,0.00037952754
848,0.10064694,0.6025321,0.023522552,0.031113192,0.19436815,0.028492175,0.014646911,0.0046779276
849,0.09568858,0.39132,0.08435234,0.22271296,0.1089642,0.019188875,0.06815733,0.009615786
850,0.11276154,0.5432445,0.039040085,0.07641726,0.15315865,0.008841652,0.060005434,0.0065309345
851,0.15052815,0.40078926,0.0608176,0.104355566,0.2366033,0.0009816901,0.034554653,0.011369755
852,0.1976142,0.5305245,0.06623607,0.035240363,0.13313457,0.0024565866,0.031017821,0.0037759657
853,0.22815473,0.5447363,0.042762484,0.015757414,0.12873606,0.0023419075,0.028895676,0.0086154165
854,0.20390396,0.42412603,0.08839942,0.03477521,0.20713155,0.0029727856,0.022622403,0.016068567
855,0.15321964,0.21050602,0.12200667,0.038418908,0.3601627,0.00415233,0.061325457,0.05020826
856,0.030524401,0.07886315,0.35992557,0.0038572226,0.5153531,4.2710202e-05,0.008309335,0.0031245202
857,0.13608812,0.11524188,0.1303303,0.039370663,0.41704568,0.0008385357,0.10226625,0.058818504
858,0.14831077,0.10435142,0.1464478,0.0424079,0.42354295,0.0007799016,0.085859135,0.048300184
859,0.13396291,0.10704068,0.1314271,0.053559374,0.42574152,0.0008164322,0.06991484,0.07753714
860,0.17542733,0.12963736,0.13777047,0.044096947,0.28889674,0.0029812278,0.10139219,0.11979775
861,0.13796014,0.09581617,0.14147623,0.032376293,0.4613869,0.00038794242,0.09257147,0.03802484
862,0.15502447,0.123318054,0.10473078,0.05170628,0.35784736,0.0007441557,0.09063512,0.11599377
863,0.16130984,0.10016282,0.096788526,0.050673857,0.32839006,0.0017986376,0.11891972,0.1419566
864,0.15026489,0.119995385,0.12784803,0.050148953,0.32929713,0.0041254777,0.10419651,0.1141236
865,0.13804825,0.10217788,0.15970194,0.05777753,0.38959798,0.0013574999,0.07960033,0.07173857
866,0.13958766,0.107785985,0.10353628,0.043767553,0.35336804,0.0017606368,0.13069817,0.1194957
867,0.14493045,0.12399353,0.12934889,0.05867637,0.2910438,0.0062145656,0.13402762,0.111764796
868,0.1437158,0.11996856,0.14034407,0.045053203,0.32725966,0.003935159,0.11177728,0.107946284
869,0.14404264,0.10263668,0.13213114,0.046528246,0.3647794,0.0041375123,0.12226921,0.08347517
870,0.14156145,0.10334332,0.13913868,0.034549013,0.4330513,0.0008676306,0.09166753,0.055821054
871,0.16578223,0.116563104,0.10069337,0.03363056,0.3193904,0.0033591287,0.122451805,0.13812943
872,0.14254627,0.15573575,0.10146198,0.023964612,0.35319862,0.001977378,0.11955323,0.101562195
873,0.13232978,0.12631427,0.14166772,0.026749471,0.4203414,0.0008660462,0.08796521,0.06376604
874,0.12879498,0.14911453,0.113180906,0.031656936,0.38227788,0.0033612081,0.115578376,0.07603517
875,0.14825606,0.2562133,0.07340498,0.033549674,0.29552293,0.0020588937,0.1001829,0.09081127
876,0.17702961,0.3549233,0.07110018,0.030266333,0.26485208,0.0018320972,0.057217736,0.04277862
877,0.23225419,0.41973066,0.031456266,0.009154933,0.23741695,0.0031047012,0.04473116,0.02215115
878,0.17579919,0.46969485,0.025412137,0.014199954,0.2519293,0.01233165,0.045473836,0.005159128
879,0.1640026,0.40244254,0.042034917,0.03838064,0.22083569,0.08724844,0.027643912,0.017411256
880,0.19004823,0.43208805,0.042808753,0.041441303,0.24856317,0.001995691,0.031137493,0.011917377
881,0.20027632,0.45933783,0.029635353,0.008002414,0.24909133,0.0066921255,0.039643876,0.007320666
882,0.14235257,0.4256747,0.060901478,0.049311765,0.26853234,0.008489901,0.03522172,0.009515533
883,0.12284004,0.29461142,0.12232473,0.14813045,0.20137034,0.04654023,0.028620334,0.035562452
884,0.113610744,0.753485,0.005812273,0.009746616,0.044582464,0.016925018,0.055547956,0.0002898971
885,0.14627025,0.5544727,0.050881803,0.033868834,0.046535406,0.10294909,0.061022848,0.0039990423
886,0.025278913,0.894353,0.001257902,0.0037113738,0.0011275428,0.017682508,0.056586858,1.8984622e-06
887,0.08374839,0.6402593,0.068526834,0.031759534,0.004222456,0.002059312,0.16914475,0.00027933257
888,0.07642278,0.57248497,0.09714944,0.09964067,0.10565902,0.012206447,0.03371034,0.0027263723
889,0.092576034,0.44646025,0.048279844,0.18508407,0.14970545,0.014553403,0.05846535,0.0048756087
890,0.098441325,0.36018187,0.051749017,0.1714257,0.1877797,0.040831305,0.07236038,0.017230773
891,0.13399096,0.5453875,0.013832244,0.023379568,0.23883235,0.0056920415,0.03389799,0.0049873623
892,0.20266756,0.5850806,0.014805292,0.018617708,0.1740961,0.0006082411,0.0030418737,0.0010826149
893,0.23483105,0.5694883,0.045772035,0.0053114058,0.104993545,0.0025764164,0.031175952,0.0058513144
894,0.22432643,0.5007561,0.059465908,0.012661187,0.14838257,0.003703851,0.043948997,0.006754939
895,0.21738788,0.43679434,0.09036004,0.041827902,0.15927592,0.0014807984,0.04518678,0.007686331
896,0.21143854,0.40162843,0.041271605,0.050521377,0.24468271,0.0008701914,0.032845348,0.016741838
897,0.08133768,0.06329925,0.22264007,0.0147316195,0.4960814,0.0006853603,0.08354423,0.03768047
898,0.13714088,0.098616846,0.19463441,0.052366566,0.40431675,0.0014273227,0.06143248,0.05006481
899,0.13429499,0.093568735,0.12666593,0.03682579,0.46296838,0.00084415433,0.093709625,0.051122382
900,0.13886967,0.12144203,0.12714414,0.035107166,0.4316153,0.0006708483,0.096007064,0.049143814
901,0.13637108,0.09517852,0.14669104,0.036104366,0.4462539,0.00068871287,0.086597666,0.052114718
902,0.14169239,0.1150966,0.15600117,0.02798162,0.43795282,0.00061235885,0.07775688,0.042906143
903,0.15079531,0.112707384,0.13083923,0.03529907,0.42608115,0.0010560689,0.09418851,0.04903332
904,0.13596438,0.106064186,0.13302732,0.050549556,0.4052855,0.0013837058,0.08337519,0.08435024
905,0.15456192,0.10836888,0.118890636,0.053221464,0.35505405,0.0029650144,0.10418872,0.102749296
906,0.15094545,0.09809239,0.11740913,0.02953047,0.3015108,0.0028309813,0.14830567,0.15137513
907,0.13570215,0.12063804,0.11597841,0.041404307,0.3422702,0.0020495744,0.12883422,0.11312318
908,0.13895994,0.095888145,0.118424445,0.041429512,0.41631836,0.0017520797,0.09399489,0.09323264
909,0.15642998,0.108556084,0.14163795,0.040780086,0.37114313,0.0026071866,0.09454448,0.084301054
910,0.14161316,0.155457,0.10801529,0.035668,0.2792866,0.0026462546,0.1440038,0.13330995
911,0.14996123,0.09518599,0.16610087,0.03799104,0.42113495,0.0010440684,0.06639379,0.06218805
912,0.15458462,0.1176926,0.13499777,0.046096396,0.37659693,0.001323762,0.071871564,0.09683636
913,0.14240827,0.13653475,0.10108889,0.04761328,0.35009912,0.004345744,0.09362083,0.124289125
914,0.12965223,0.12881851,0.11953345,0.023085598,0.39887905,0.002706759,0.118681066,0.078643374
915,0.1387528,0.2610471,0.07114071,0.030717734,0.32999706,0.003775995,0.09198821,0.07258035
916,0.21032545,0.50685674,0.02896338,0.0181714,0.17325032,0.0021923233,0.01514995,0.045090456
917,0.19797313,0.42647728,0.052494228,0.023291826,0.23811284,0.0037016561,0.029497385,0.028451636
918,0.2280467,0.45063075,0.031252533,0.009970284,0.21854842,0.0027012422,0.039731268,0.019118782
919,0.20562059,0.53053296,0.03997481,0.016059658,0.16988713,0.00422492,0.023498828,0.010201111
920,0.13714685,0.35025913,0.08736613,0.05187357,0.21232939,0.017045982,0.11907222,0.024906788
921,0.12343834,0.24715236,0.10157012,0.09511328,0.2070165,0.032532778,0.13910201,0.05407451
922,0.14068654,0.42617464,0.030877901,0.05390729,0.28066382,0.008223639,0.052295793,0.007170316
923,0.13768078,0.5548538,0.03422326,0.016787792,0.18952665,0.026875636,0.03248394,0.0075681484
924,0.12122241,0.4581222,0.053308148,0.06745923,0.17387843,0.07871736,0.037434164,0.009858105
925,0.14378656,0.6019838,0.0118930945,0.050339133,0.10908683,0.011856633,0.07088168,0.00017229117
926,0.103932425,0.7788964,0.0032630796,0.039375883,0.0029086757,0.0096369255,0.061984286,2.2935767e-06
927,0.1279537,0.82271516,0.00012332773,0.014342679,0.0017536072,0.02984841,0.0032630565,2.9965676e-08
928,0.00553139,0.9892631,4.996906e-05,0.00044208558,0.0041578473,0.0004821192,7.348004e-05,1.27459e-09
929,0.058587547,0.7567772,0.027097106,0.099706106,0.034745228,0.013944127,0.008633948,0.00050868466
930,0.13415718,0.76850456,0.00035451286,0.044022907,0.0057753213,0.002432855,0.04475154,1.1528465e-06
931,0.10538607,0.4134926,0.05645129,0.22105692,0.1586982,0.0068127303,0.03428534,0.0038168966
932,0.11877816,0.43838736,0.022608086,0.095368035,0.26454738,0.016924864,0.033381663,0.010004532
933,0.15719083,0.5892268,0.03776749,0.020622116,0.185487,0.0020888562,0.0037426765,0.0038742647
934,0.21671338,0.5366757,0.051692583,0.027602777,0.14526315,0.0008000052,0.018716294,0.00253618
935,0.23199709,0.5245006,0.045282517,0.008865928,0.14379406,0.0020723217,0.035562135,0.007925343
936,0.20424287,0.4063709,0.08762939,0.047636807,0.2079435,0.0011945672,0.028190354,0.016791612
937,0.24569912,0.4580168,0.07443918,0.012440629,0.18212412,0.0018107289,0.021600217,0.0038691342
938,0.20118617,0.38180068,0.08435418,0.027715832,0.20468248,0.0043998,0.06908796,0.026772862
939,0.15834837,0.27959317,0.0722449,0.049798463,0.26683125,0.0018301173,0.1097418,0.061611965
940,0.14521852,0.103007816,0.09568928,0.05042145,0.41953936,0.0010603028,0.10686411,0.07819915
941,0.13891137,0.105058745,0.091684304,0.035715666,0.44613257,0.0006727991,0.10442886,0.07739572
942,0.13709608,0.1223482,0.10453238,0.043029215,0.4131542,0.00088442635,0.1165181,0.062437404
943,0.14724527,0.095754646,0.13447121,0.040014695,0.44267884,0.00055043795,0.089501865,0.04978307
944,0.14916039,0.111184254,0.0923703,0.055860706,0.34155285,0.0018851188,0.117125124,0.13086122
945,0.15753593,0.121330805,0.11407296,0.047158808,0.33445808,0.002995715,0.124419965,0.09802775
946,0.13910075,0.110051304,0.12011199,0.043373123,0.40694106,0.0012492875,0.11833571,0.060836803
947,0.13757895,0.119933106,0.15496527,0.042865876,0.42765048,0.0010039166,0.06833291,0.04766944
948,0.151548,0.12210015,0.13197635,0.043798562,0.376332,0.0022390883,0.105035745,0.06697008
949,0.12410724,0.10727254,0.1566467,0.02879675,0.46606067,0.00047695162,0.06897682,0.047662366
950,0.14678764,0.12973782,0.090269916,0.039828874,0.28911945,0.0025172469,0.14996573,0.15177333
951,0.1502038,0.10685015,0.16333039,0.040593795,0.4130501,0.001179255,0.06964452,0.05514808
952,0.1415249,0.11964423,0.12816201,0.024545962,0.4088981,0.0010483082,0.12069191,0.055484645
953,0.14597274,0.1420303,0.11012634,0.030189771,0.3885158,0.0019098433,0.11351606,0.06773915
954,0.14455444,0.14503244,0.13916868,0.032976113,0.3796291,0.0015119672,0.09775722,0.059370033
955,0.14561039,0.16307268,0.099687405,0.044990838,0.32442728,0.0028492163,0.12191154,0.097450696
956,0.15564278,0.19880061,0.12567487,0.03178601,0.33626398,0.0019248315,0.08772794,0.062178984
957,0.18094651,0.33865172,0.052423403,0.032367893,0.27476686,0.0030437466,0.061579805,0.056220036
958,0.20896438,0.41596124,0.056376494,0.01968963,0.2448747,0.0010858981,0.030125534,0.022922168
959,0.23834892,0.5008666,0.022118043,0.0061838413,0.18773572,0.0025318912,0.024328876,0.017886106
960,0.24899746,0.4904071,0.027253477,0.0074795494,0.18818983,0.0055590714,0.018831532,0.013282032
961,0.20392337,0.47120324,0.06271666,0.027188368,0.17816854,0.003373731,0.040705483,0.012720685
962,0.1898176,0.43058243,0.068304636,0.017286807,0.21049246,0.006965468,0.06336878,0.013181858
963,0.10809708,0.34154138,0.07555098,0.15245032,0.19643371,0.02325679,0.08156387,0.02110592
964,0.108252615,0.54426134,0.020184861,0.06296493,0.21618961,0.01330276,0.033716567,0.0011272999
965,0.1115972,0.45197785,0.02785141,0.11194556,0.22500247,0.031232987,0.03459221,0.005800244
966,0.10793614,0.408916,0.03962246,0.12087833,0.21202843,0.05908589,0.036733754,0.014798916
967,0.1276552,0.50009227,0.04259366,0.08378771,0.18112685,0.006068308,0.05527409,0.003401919
968,0.08625408,0.8755653,0.0002695826,0.0061195046,0.0060548224,0.005343367,0.020392556,7.894892e-07
969,0.008481077,0.98502195,0.00071871333,0.002047312,0.0026724883,0.00050954823,0.00054877135,9.607608e-08
970,0.020196421,0.8442979,0.013798079,0.069741145,0.044358764,0.0055895722,0.0016417882,0.00037632167
971,0.04786738,0.6548286,0.011188291,0.097855814,0.14555286,0.025004886,0.014747744,0.002954417
972,0.079681955,0.51338136,0.0433094,0.085496604,0.24644281,0.003919825,0.015985686,0.011782324
973,0.17302722,0.5372333,0.019042894,0.018752795,0.25005496,0.0004102001,0.0012557951,0.00022289972
974,0.2014611,0.5343021,0.053323526,0.041191787,0.13160251,0.0016765073,0.029703462,0.0067390017
975,0.23510242,0.5511165,0.019335302,0.015980717,0.14743893,0.0006638073,0.023548046,0.0068141986
976,0.2213643,0.56401616,0.047085274,0.016685672,0.10964744,0.0025104005,0.031011108,0.0076796697
977,0.22564617,0.50952196,0.073878504,0.02648958,0.121185414,0.0017762989,0.032979965,0.008522074
978,0.23169346,0.3476068,0.11625509,0.023928722,0.26565906,0.00017173884,0.01020803,0.0044771237
979,0.16912486,0.3714956,0.064465046,0.045295008,0.2416951,0.002835183,0.07593465,0.029154485
980,0.21910462,0.41461203,0.052278735,0.022735462,0.20980504,0.0017257677,0.05664837,0.023090009
981,0.14821862,0.20702952,0.08824277,0.048937794,0.32846972,0.0019378389,0.11215342,0.06501031
982,0.13883257,0.11230949,0.10700894,0.038296364,0.39561445,0.0018968934,0.1327525,0.073288776
983,0.16071828,0.12031118,0.10123787,0.061719213,0.30869326,0.0031282157,0.114607595,0.12958437
984,0.14294612,0.10831792,0.15203953,0.036541898,0.42394066,0.0011343,0.079695344,0.055384286
985,0.13820955,0.101347476,0.16192937,0.023472322,0.36507294,0.0018030038,0.14486596,0.06329934
986,0.16885109,0.12887293,0.14320868,0.042606976,0.2885748,0.0053272704,0.11922444,0.10333383
987,0.15309334,0.111542046,0.1490237,0.04016282,0.37019134,0.0020430272,0.09969813,0.07424563
988,0.15123945,0.11832274,0.106006145,0.051024325,0.31122455,0.0025202062,0.12832043,0.1313421
989,0.16612422,0.1377302,0.12198923,0.030048097,0.31839207,0.003012582,0.12958534,0.09311821
990,0.13918565,0.11971353,0.098865345,0.037494544,0.4232283,0.00093859516,0.121767044,0.05880692
991,0.1603948,0.115273386,0.1289688,0.04919216,0.2752176,0.005150418,0.14729731,0.118505515
992,0.15045984,0.11773554,0.1404891,0.023289524,0.4026582,0.0010500674,0.10364653,0.06067121
993,0.13266638,0.121382,0.13606502,0.032769445,0.39635187,0.0013979172,0.12447627,0.05489113
994,0.14180766,0.12839416,0.10910913,0.02227752,0.41907415,0.0018301447,0.11563191,0.061875332
995,0.13259432,0.15307657,0.09994405,0.028357053,0.3902044,0.0028607226,0.12858051,0.06438242
996,0.12631527,0.235108,0.07790085,0.041506294,0.32661185,0.003629943,0.11307264,0.07585517
997,0.23582156,0.47798422,0.033927266,0.017247401,0.18616079,0.004228722,0.026509145,0.018120905
998,0.1794548,0.3251674,0.06535854,0.021813946,0.31054255,0.0041641807,0.060071934,0.033426568
999,0.23096383,0.5173205,0.040128484,0.008274623,0.15651011,0.0037322333,0.029332882,0.013737348
1000,0.24741256,0.4766639,0.041099094,0.006708551,0.17951812,0.005251749,0.03171922,0.01162681
1001,0.23513034,0.5080577,0.024755724,0.011097176,0.1675345,0.0049311304,0.031538986,0.016954346
1002,0.23389864,0.50658673,0.027189752,0.019678136,0.16739854,0.005813239,0.029163787,0.010271075
1003,0.21619317,0.4439853,0.035108604,0.02203667,0.22655152,0.0028429725,0.037829056,0.01545271
1004,0.15159169,0.54082143,0.034523048,0.013387421,0.19823441,0.010053558,0.03924272,0.012145698
1005,0.07813531,0.4753995,0.04802273,0.15864421,0.16625093,0.025056925,0.0305592,0.017931197
1006,0.111148775,0.40438005,0.051288884,0.1526689,0.17955893,0.038000096,0.054516036,0.008438369
1007,0.11128452,0.4860983,0.028903523,0.093405314,0.20300908,0.021518849,0.04923663,0.0065437504
1008,0.122261316,0.39366132,0.06895863,0.08941411,0.06372383,0.17496964,0.08107145,0.0059396788
1009,0.105468124,0.5762958,0.009188982,0.066586465,0.11377975,0.032585654,0.0959579,0.00013733814
1010,0.0901071,0.5363171,0.029101657,0.14587429,0.14210878,0.0065261046,0.047701743,0.0022632494
1011,0.053723793,0.688643,0.0067804735,0.043990597,0.19906068,0.0046873516,0.00232823,0.00078594015
1012,0.10132731,0.45459372,0.057205442,0.0866004,0.2635759,0.0035634611,0.018518372,0.014615424
1013,0.100015685,0.5388863,0.05792064,0.06649798,0.2317065,0.0010014448,0.002722945,0.0012485535
1014,0.15927821,0.53152275,0.01826574,0.025843639,0.22360617,0.0067338385,0.028949142,0.005800508
1015,0.20399955,0.48639908,0.050008837,0.031447973,0.1839141,0.005422108,0.02995389,0.008854516
1016,0.2160844,0.43571433,0.05431759,0.03831309,0.20623626,0.0012320571,0.033609614,0.014492654
1017,0.22422332,0.5027619,0.039323535,0.030239562,0.16950817,0.0020460703,0.023492618,0.008404841
1018,0.25141388,0.41650587,0.06882837,0.018152617,0.22711892,0.00052135094,0.012782976,0.0046760677
1019,0.22628623,0.47244945,0.05842364,0.016893683,0.13823654,0.0032655096,0.068559214,0.01588573
1020,0.1865208,0.3441212,0.06287425,0.036421705,0.2510294,0.0021046735,0.07502938,0.04189857
1021,0.15175802,0.233366,0.07831722,0.0430769,0.29128093,0.0025821151,0.119250946,0.080367856
1022,0.17998584,0.23510006,0.10869719,0.027516784,0.17575286,0.0060457666,0.17031316,0.09658826
1023,0.16036597,0.13844219,0.108584575,0.036390807,0.24717447,0.0063877925,0.17453983,0.12811437
1024,0.13937755,0.107979104,0.14097296,0.031452812,0.44586036,0.00089629117,0.093159705,0.0403012
1025,0.123583555,0.10282711,0.1760757,0.041747347,0.4001844,0.0019322963,0.09109223,0.06255732
1026,0.1542181,0.12985043,0.105735414,0.05418794,0.35777926,0.0021930651,0.11315302,0.08288281
1027,0.13747835,0.11250466,0.14070228,0.03937713,0.42385042,0.00076360645,0.09643917,0.04888433
1028,0.14021873,0.12747005,0.13685092,0.028384967,0.42979103,0.00092983665,0.09234719,0.044007313
1029,0.1345898,0.12829228,0.0911157,0.051368862,0.37722567,0.0023835632,0.12174307,0.093281046
1030,0.13494337,0.12515607,0.114899,0.038740795,0.4016597,0.0012791316,0.121843986,0.061477985
1031,0.14575963,0.13347253,0.10688959,0.05518675,0.31810078,0.0033485242,0.1345296,0.10271263
1032,0.13691612,0.12975383,0.123843454,0.030613484,0.39107808,0.0013583775,0.11856571,0.06787088
1033,0.13544457,0.13062279,0.12780038,0.03763288,0.42319036,0.0010132517,0.09628788,0.048007872
1034,0.14750023,0.13448343,0.11256572,0.028776396,0.3725109,0.0029642761,0.13222888,0.0689701
1035,0.14593217,0.25902793,0.07034984,0.045967728,0.26900294,0.0042282483,0.12893306,0.07655814
1036,0.17790593,0.3704601,0.068327315,0.02841644,0.24055094,0.0020381168,0.07912754,0.033173565
1037,0.22558121,0.45489043,0.0694078,0.008511462,0.14101231,0.005313848,0.07864139,0.016641548
1038,0.20544936,0.3972442,0.056823436,0.028177341,0.24812314,0.0037920228,0.036790796,0.023599682
1039,0.1970718,0.4603539,0.053520013,0.02306546,0.20735049,0.0032052917,0.03296893,0.022464007
1040,0.23948243,0.56257755,0.02104758,0.0055547133,0.12775853,0.005137167,0.026423523,0.012018544
1041,0.23396745,0.48422,0.017439114,0.011131117,0.2070252,0.004084365,0.021655474,0.020477185
1042,0.20892249,0.5380227,0.016463805,0.005351998,0.18091112,0.01156347,0.03411978,0.004644629
1043,0.15559238,0.41080156,0.036908228,0.071548805,0.26435685,0.009554941,0.03966215,0.01157513
1044,0.18612003,0.6059185,0.016864445,0.0061478936,0.13665922,0.01709794,0.028886897,0.0023050152
1045,0.09529829,0.49479574,0.04247332,0.15225387,0.15644847,0.010813764,0.038431924,0.009484578
1046,0.08580526,0.40432164,0.038228873,0.18953681,0.21210225,0.033577736,0.030368987,0.006058426
1047,0.11530098,0.44625768,0.047743738,0.13385588,0.114233606,0.10273036,0.030602533,0.009275266
1048,0.13375771,0.47656873,0.13734405,0.10529914,0.052260626,0.0073901666,0.08666976,0.0007098024
1049,0.015695931,0.7797551,0.04333168,0.059341487,0.07115013,0.0043773623,0.021896662,0.0044515845
1050,0.07143566,0.5430414,0.04154352,0.16689649,0.15169984,0.00533682,0.0151698,0.0048764097
1051,0.0972702,0.39211547,0.11476549,0.16738862,0.13931857,0.02374231,0.05157957,0.013819805
1052,0.123524,0.4027889,0.06531678,0.097685,0.16891189,0.042477436,0.079894066,0.019401925
1053,0.1774461,0.45690352,0.04996204,0.05393149,0.21178117,0.004680268,0.026882755,0.018412627
1054,0.21052355,0.52553743,0.053662863,0.031941053,0.14101955,0.0042210696,0.023534346,0.009560092
1055,0.22356254,0.4895334,0.040671848,0.03149125,0.17456141,0.003211157,0.029209303,0.007759067
1056,0.21590765,0.4653371,0.06522319,0.027307607,0.1452272,0.0052806875,0.05692134,0.01879526
1057,0.21318652,0.45229083,0.070782,0.01965066,0.123187765,0.00754646,0.09513127,0.01822452
1058,0.2403063,0.52189344,0.02797501,0.008283874,0.12922747,0.0047958675,0.051481806,0.016036222
1059,0.20701984,0.3833372,0.07034484,0.03833598,0.21851344,0.002671978,0.045379363,0.034397326
1060,0.20757066,0.44657454,0.051730048,0.02428802,0.17736122,0.002940443,0.054804612,0.034730498
1061,0.21097104,0.40656176,0.059377067,0.030556008,0.15807413,0.002653734,0.09280699,0.038999185
1062,0.15600573,0.26519957,0.092338674,0.04626766,0.2529023,0.0027510242,0.11485922,0.06967578
1063,0.13654256,0.15035293,0.102788314,0.053530063,0.36524767,0.0015635301,0.119722165,0.07025275
1064,0.15271398,0.119182564,0.11883803,0.0582099,0.3091924,0.0037035134,0.15691632,0.08124325
1065,0.14890504,0.1485287,0.08816188,0.04869535,0.32460603,0.0020580138,0.1519447,0.08710024
1066,0.1406952,0.13331698,0.127582,0.03814961,0.41225347,0.0011414826,0.10431801,0.04254325
1067,0.14007416,0.12540586,0.13324885,0.04595372,0.42440885,0.0011395045,0.08563668,0.04413237
1068,0.1429071,0.14760803,0.104110055,0.046073653,0.317576,0.0031082076,0.14109297,0.09752391
1069,0.15148301,0.13731574,0.11034345,0.03506993,0.35882592,0.0020450647,0.1440346,0.060882296
1070,0.16459745,0.14911732,0.096070044,0.046097968,0.2646155,0.0038289118,0.14985281,0.12581994
1071,0.15241319,0.14161299,0.10002016,0.028964806,0.35474426,0.001920998,0.15101653,0.069307074
1072,0.14761026,0.16654633,0.118125655,0.037258767,0.3334365,0.0023519215,0.13730581,0.05736471
1073,0.14379428,0.166628,0.10345329,0.04189381,0.36189198,0.0017367532,0.12526041,0.055341497
1074,0.20235161,0.368168,0.05509895,0.024458233,0.25468776,0.0024002364,0.06463115,0.028204104
1075,0.2139063,0.4345054,0.080310486,0.025205225,0.16233182,0.0035831134,0.057360727,0.022796907
1076,0.2076543,0.42846,0.081566475,0.025683668,0.17284383,0.0057133124,0.054783482,0.023294983
1077,0.24253544,0.4778598,0.03796054,0.009185121,0.17481796,0.0034572368,0.03812375,0.016060116
1078,0.23023392,0.44130644,0.06766489,0.012158983,0.20513465,0.0028478156,0.02977096,0.010882362
1079,0.21421711,0.5537936,0.022393549,0.011060854,0.15703526,0.009477182,0.021879891,0.010142622
1080,0.21690334,0.5354171,0.019496731,0.017956972,0.15655607,0.006997297,0.033051636,0.013620817
1081,0.20021965,0.4416774,0.027062945,0.039285906,0.24025264,0.01009406,0.028068861,0.013338453
1082,0.1313399,0.41746378,0.027140902,0.15110075,0.21982107,0.00726812,0.035040423,0.010825102
1083,0.12549093,0.33559373,0.08130034,0.11489612,0.21480973,0.045630988,0.059236478,0.02304165
1084,0.1129613,0.6289919,0.028370934,0.06931456,0.10836043,0.010688194,0.04030293,0.0010097577
1085,0.077133976,0.51941687,0.030674186,0.12929064,0.1704981,0.010453234,0.04756591,0.014967133
1086,0.11608864,0.70224845,0.063761525,0.022195319,0.018266387,0.009558296,0.06721729,0.0006640961
1087,0.18512093,0.74954176,0.007839539,0.014422452,0.023066372,0.008831986,0.011171947,5.086513e-06
1088,0.55375236,0.19117448,0.032266084,0.0030567301,0.003029914,0.00072695967,0.21598378,9.713832e-06
1089,0.0019952562,0.9927218,0.00018377323,0.0034435596,0.00046184182,0.000459144,0.0007346153,1.9096841e-08
1090,0.054868788,0.6897114,0.048405174,0.1298107,0.046785757,0.0074485005,0.020837504,0.0021321992
1091,0.098491475,0.24258193,0.16553698,0.28912744,0.11309969,0.03006603,0.038827095,0.022269366
1092,0.08311467,0.5162054,0.076176055,0.1822513,0.08439841,0.010348428,0.045877106,0.0016286618
1093,0.118069686,0.66304654,0.014024805,0.016180743,0.14868276,0.008831387,0.029826358,0.0013377098
1094,0.13428128,0.43411297,0.04018743,0.08508241,0.23778814,0.011546221,0.053399082,0.0036023832
1095,0.18708913,0.5268676,0.027110966,0.026762543,0.15373006,0.03377054,0.034425907,0.010243153
1096,0.17542467,0.6112475,0.012543864,0.0032224655,0.14983976,0.009777248,0.032478645,0.0054658684
1097,0.20775439,0.54116285,0.035591513,0.011011732,0.101694144,0.011398644,0.07516725,0.016219523
1098,0.21917838,0.51638246,0.035286553,0.023239003,0.11424088,0.004297632,0.07113582,0.016239274
1099,0.2278462,0.5059625,0.032074414,0.013787431,0.15795878,0.0035502692,0.038261246,0.020559188
1100,0.1795469,0.35726604,0.09523114,0.04777246,0.24392807,0.0014123777,0.042364705,0.032478333
1101,0.19973731,0.3813255,0.04866135,0.042397812,0.21555795,0.0030128423,0.07774472,0.031562526
1102,0.198392,0.45569015,0.046912383,0.022818241,0.2154161,0.0015472476,0.040710144,0.018513706
1103,0.19344255,0.35589427,0.057958014,0.022505559,0.24734017,0.003034464,0.09678132,0.023043647
1104,0.20331432,0.42225987,0.053256847,0.029873459,0.14942305,0.006305203,0.10131209,0.034255214
1105,0.1808736,0.4178022,0.051362563,0.027004857,0.20246333,0.0022348056,0.080236964,0.038021605
1106,0.14558183,0.18938895,0.105874605,0.053663213,0.31566188,0.0022435084,0.115172185,0.07241385
1107,0.14127146,0.13284081,0.11309529,0.026052913,0.4330776,0.0010919047,0.106889926,0.04568008
1108,0.15398341,0.18800965,0.08425264,0.0315272,0.3460747,0.0028389164,0.13955195,0.053761598
1109,0.1383559,0.18254867,0.08815704,0.05709936,0.30789497,0.004336525,0.14215712,0.07945037
1110,0.13880435,0.1744166,0.13316523,0.03351898,0.34842333,0.0028799095,0.115186155,0.053605467
1111,0.15716386,0.22619165,0.08072798,0.036375828,0.2308332,0.0037387547,0.15409395,0.11087479
1112,0.16415974,0.34920436,0.048686836,0.034658324,0.23361287,0.0018962224,0.09765275,0.0701289
1113,0.13918085,0.2741974,0.088634476,0.039461598,0.25764152,0.0022393588,0.120457135,0.07818766
1114,0.19318572,0.36739358,0.07881942,0.029889138,0.26188833,0.0030149973,0.03806637,0.027742397
1115,0.199217,0.38394052,0.08487469,0.03156898,0.22984588,0.0026075027,0.047755223,0.02019009
1116,0.23124528,0.51078504,0.03896038,0.008190876,0.14577116,0.0031272506,0.04497627,0.016943712
1117,0.2207561,0.45579025,0.059790332,0.014815374,0.18148983,0.0046883426,0.049211342,0.013458466
1118,0.24197741,0.51115894,0.02514351,0.009522433,0.15899488,0.0033596524,0.032572784,0.0172704
1119,0.20701654,0.5017353,0.053951714,0.017835803,0.16485891,0.005240184,0.032509197,0.016852243
1120,0.22986235,0.56519437,0.027011901,0.0040049814,0.121948294,0.010731185,0.03451256,0.006734375
1121,0.16117188,0.52864134,0.01764521,0.031153528,0.18443254,0.025624683,0.047796167,0.0035346546
1122,0.14594531,0.4062918,0.023110006,0.034566842,0.3258656,0.0059899804,0.046771962,0.011458432
1123,0.14004464,0.5031354,0.027120156,0.07466644,0.20771746,0.0032818248,0.042685084,0.0013489837
1124,0.08822935,0.42216176,0.09496084,0.14368804,0.10975982,0.033431802,0.090213954,0.017554384
1125,0.092605494,0.29435778,0.07979497,0.23775384,0.17625071,0.052913003,0.05041368,0.015910422
1126,0.06130344,0.53588885,0.05699726,0.2187515,0.08440569,0.01172283,0.026593937,0.0043364745
1127,0.08853859,0.78942055,0.0023514922,0.025638076,0.0033518914,0.0056504076,0.08504445,4.597334e-06
1128,0.119088195,0.86719257,0.00048824018,0.002304163,0.004429736,0.0031368125,0.0033600784,2.5466304e-07
1129,0.14812246,0.521359,0.05688734,0.051533714,0.063227676,0.09221934,0.062088203,0.004562144
1130,0.0842734,0.5774867,0.029449603,0.08613683,0.19566941,0.010849559,0.014144645,0.001989842
1131,0.08650283,0.3045575,0.07503515,0.27150053,0.12639679,0.017488334,0.09802697,0.020491868
1132,0.120085396,0.40741676,0.060510695,0.17918578,0.13882443,0.024213096,0.06026704,0.009496799
1133,0.11744519,0.52560836,0.02484449,0.09976753,0.18231663,0.010626482,0.034655064,0.004736173
1134,0.13086751,0.41116387,0.054833952,0.0912264,0.14359081,0.08162748,0.06321123,0.023478754
1135,0.2246456,0.5235768,0.025562348,0.011323569,0.15912265,0.009791125,0.033723846,0.012254053
1136,0.2114516,0.48145437,0.059870888,0.02783836,0.16249897,0.0021039078,0.035668604,0.019113326
1137,0.24337271,0.53873974,0.03339981,0.01043626,0.111336194,0.0025842278,0.042201802,0.017929357
1138,0.22153096,0.43172857,0.045147028,0.03218345,0.19516915,0.0028259635,0.05168054,0.019734351
1139,0.24973227,0.5191997,0.03373959,0.013561294,0.13851339,0.004226093,0.028483992,0.012543637
1140,0.22872058,0.47093892,0.05341996,0.01401175,0.16039816,0.0017754885,0.04985636,0.020878794
1141,0.225115,0.43514165,0.047707096,0.022025798,0.20883,0.0011034437,0.04229847,0.017778486
1142,0.22717793,0.576771,0.031034907,0.008472471,0.09810036,0.0027419354,0.03445101,0.02125034
1143,0.21150157,0.37675992,0.060922436,0.029864201,0.22603087,0.0028084123,0.06724847,0.02486412
1144,0.23735647,0.4542493,0.03286987,0.012058964,0.20289966,0.0039642635,0.045136686,0.011464773
1145,0.17472073,0.33511573,0.08636567,0.028372388,0.26016703,0.0029575794,0.08161741,0.030683521
1146,0.19666764,0.38446048,0.05008797,0.041249957,0.23163575,0.0035310453,0.059503257,0.032863867
1147,0.24813293,0.48962793,0.040215965,0.014669951,0.1525376,0.008894318,0.023427613,0.022493701
1148,0.24357897,0.39813042,0.033143282,0.016164554,0.265586,0.006649179,0.024490887,0.012256712
1149,0.22189453,0.4719385,0.041677356,0.023380658,0.15601844,0.0073939166,0.055735465,0.021961128
1150,0.23545486,0.48910514,0.0740064,0.01122411,0.08103376,0.004083149,0.063516416,0.041576177
1151,0.21555673,0.41612288,0.043614823,0.012444284,0.22481078,0.0064236633,0.0614975,0.019529395
1152,0.22003843,0.41741684,0.054799087,0.028825019,0.19755161,0.002182167,0.061967716,0.017219087
1153,0.18873021,0.4338407,0.084381215,0.028436173,0.19451635,0.0037322235,0.045457248,0.02090585
1154,0.22011012,0.44005814,0.06989254,0.024138633,0.18502022,0.0028857316,0.03880716,0.01908742
1155,0.21801813,0.44522694,0.069035605,0.0134561695,0.15099843,0.008822028,0.07242797,0.022014733
1156,0.22471263,0.57331693,0.030525567,0.008651455,0.10628025,0.008034604,0.036030028,0.012448522
1157,0.23429322,0.49588516,0.04470179,0.021957057,0.16108696,0.0022644128,0.024837289,0.014974152
1158,0.20517536,0.5333557,0.050238676,0.01933133,0.13139233,0.0041280943,0.0444057,0.011972871
1159,0.16181763,0.4364947,0.0490035,0.06723647,0.20138955,0.0077396436,0.05858456,0.017733946
1160,0.120052814,0.30485386,0.043980617,0.15632951,0.21785463,0.10173107,0.034861397,0.020336129
1161,0.12141952,0.44948798,0.040957022,0.13001142,0.19124442,0.012624539,0.052296977,0.001958158
1162,0.08921827,0.4275978,0.061774977,0.07494598,0.29274344,0.00480391,0.031313214,0.017602412
1163,0.09189673,0.39904422,0.11181013,0.19885159,0.107922666,0.032968104,0.0406041,0.016902445
1164,0.08997608,0.5383623,0.07380097,0.13946159,0.10413993,0.013275393,0.038165543,0.00281814
1165,0.0729993,0.739891,0.0073940735,0.13413906,0.009587538,0.0023252997,0.03366047,3.2731946e-06
1166,0.0044916454,0.95779085,0.00023565756,0.010707843,0.00019414633,0.025360825,0.0012189518,9.333562e-08
1167,0.013908282,0.71604836,0.03158292,0.18351158,0.043766636,0.0076736435,0.0026779163,0.0008307338
1168,0.11260243,0.55516046,0.015395493,0.073053144,0.17808402,0.009267217,0.055838905,0.0005983439
1169,0.078727424,0.47069243,0.08259877,0.12344712,0.10554109,0.088005945,0.024868855,0.026118405
1170,0.06698363,0.5596127,0.069305785,0.11403404,0.10299405,0.023407707,0.05990502,0.0037570796
1171,0.0894575,0.36672902,0.07145888,0.21558501,0.11499229,0.06457289,0.055449776,0.021754693
1172,0.12047652,0.45194876,0.039692402,0.08286343,0.16851926,0.0694443,0.05805592,0.008999369
1173,0.1543851,0.44259697,0.03343733,0.098254725,0.19302744,0.008117902,0.048424806,0.021755727
1174,0.18449388,0.5326514,0.035888556,0.033258792,0.18813087,0.0006968383,0.015609694,0.00926995
1175,0.21400513,0.4445363,0.035360325,0.02929921,0.22282617,0.0032534155,0.036613874,0.0141055845
1176,0.20814182,0.48253843,0.052756056,0.031477146,0.15752728,0.0071347277,0.04373818,0.016686376
1177,0.21665779,0.44751632,0.05272312,0.03565818,0.19117224,0.002608795,0.03528707,0.01837649
1178,0.22104163,0.44172713,0.060828898,0.030667482,0.17647275,0.0032141428,0.045416757,0.02063119
1179,0.23035425,0.53323865,0.04965368,0.011608505,0.10854198,0.003361036,0.046452053,0.016789889
1180,0.24591799,0.53159046,0.024635816,0.010447829,0.13916564,0.0025959697,0.030819578,0.014826683
1181,0.19890065,0.37775895,0.08551531,0.019900085,0.1608956,0.0069008768,0.11186889,0.03825963
1182,0.23557173,0.51285493,0.047530416,0.0077223894,0.111948505,0.00447537,0.06359455,0.016302066
1183,0.24656884,0.5285312,0.022492051,0.011118087,0.13696356,0.0034786288,0.03515307,0.015694525
1184,0.2220792,0.44193536,0.059861567,0.021433298,0.1759927,0.0045918087,0.055329625,0.01877649
1185,0.2378334,0.49539033,0.058779273,0.0054236897,0.14886238,0.0020615968,0.040979944,0.010669389
1186,0.28249493,0.44543317,0.05436671,0.010839618,0.1693794,0.003343828,0.017247083,0.016895318
1187,0.25951976,0.44984972,0.06456182,0.017019903,0.17499305,0.0069356626,0.015764419,0.011355659
1188,0.24600962,0.5006552,0.038331848,0.010195965,0.14036179,0.0052594664,0.050273716,0.008912378
1189,0.2331144,0.5298979,0.028278604,0.012704519,0.11367142,0.0063057155,0.054767083,0.021260314
1190,0.23768976,0.52089715,0.03102198,0.008896285,0.13757126,0.003367375,0.04068933,0.019866865
1191,0.20423417,0.40556508,0.06861381,0.034531172,0.21455972,0.0013617619,0.047964748,0.023169562
1192,0.22199903,0.4929022,0.05313548,0.026027858,0.15120804,0.002621997,0.03880938,0.013296074
1193,0.23031294,0.48006108,0.027023217,0.019430785,0.18959011,0.0051292237,0.033509657,0.014942966
1194,0.24044251,0.5757332,0.015193494,0.0065588807,0.11572443,0.0022142564,0.028870547,0.015262708
1195,0.13671444,0.52366865,0.022016283,0.026223315,0.22224073,0.010289587,0.047557727,0.011289339
1196,0.17770666,0.43926263,0.071432985,0.02196521,0.23474197,0.004461782,0.03801908,0.012409758
1197,0.13696958,0.4512664,0.04185514,0.042942654,0.26764128,0.007972909,0.04428127,0.0070707966
1198,0.13373044,0.54440784,0.027535377,0.048970852,0.17283623,0.020619873,0.048405416,0.003493911
1199,0.0888936,0.2924774,0.06938203,0.31340405,0.15488064,0.04170434,0.029548977,0.009708961
1200,0.07773229,0.5219189,0.027224751,0.18460058,0.14706755,0.009281202,0.0259739,0.006200871
1201,0.11370311,0.49206606,0.022486016,0.108608715,0.20989795,0.016381169,0.035667773,0.0011892203
1202,0.12901102,0.53886855,0.013499077,0.06826356,0.20054546,0.01352754,0.035876717,0.0004080395
1203,0.12835458,0.6997787,0.015731702,0.01493793,0.00405654,0.01216254,0.12492751,5.054282e-05
1204,0.00830121,0.97937953,0.00039330882,0.0042009344,0.0033855422,0.002705333,0.0016327357,1.3689024e-06
1205,0.10588379,0.64345187,0.026014363,0.07947627,0.11341782,0.011724967,0.019752974,0.00027794435
1206,0.1060179,0.25770372,0.15291148,0.2388737,0.10709469,0.06009,0.041412584,0.035895903
1207,0.080165386,0.49694985,0.04170024,0.16472286,0.16389233,0.012543355,0.029765598,0.010260403
1208,0.08813435,0.45268762,0.041192856,0.19010252,0.14273939,0.03335315,0.039146833,0.012643312
1209,0.10698412,0.52832645,0.027608564,0.11991563,0.17530106,0.010599044,0.02931645,0.0019486636
1210,0.1290951,0.48319906,0.038929347,0.054218907,0.24895912,0.0025536562,0.020379733,0.02266496
1211,0.21056235,0.5201186,0.031599425,0.02228385,0.16443384,0.0021706067,0.030835055,0.017996266
1212,0.122106455,0.36091688,0.093740955,0.06988464,0.14836584,0.12753057,0.051847287,0.025607418
1213,0.22700387,0.5099386,0.025080917,0.028466092,0.13425928,0.012473165,0.043046318,0.019731695
1214,0.24288912,0.5370313,0.022149641,0.018624801,0.13245411,0.002899978,0.029277157,0.014673919
1215,0.20723264,0.43849635,0.06988561,0.03216578,0.1570797,0.003979179,0.06986607,0.021294689
1216,0.23824124,0.53128016,0.039141927,0.0148224505,0.12861897,0.0021321494,0.030134553,0.015628582
1217,0.21918043,0.47506672,0.04567894,0.0261639,0.16637482,0.003185838,0.04742575,0.016923621
1218,0.2105302,0.49039954,0.03717783,0.0152468225,0.14095244,0.0068809125,0.080248676,0.018563567
1219,0.23149271,0.5150984,0.025437638,0.02103706,0.15910445,0.004621608,0.026843028,0.016365135
1220,0.24221332,0.47417474,0.024524057,0.0135817155,0.18174429,0.0033973325,0.040407516,0.019957049
1221,0.23938903,0.53569764,0.032128766,0.011627386,0.111714765,0.0040974887,0.04584209,0.019502817
1222,0.2485884,0.50220263,0.033869024,0.009672862,0.15104808,0.0045434376,0.03716797,0.0129077025
1223,0.23878317,0.50422907,0.07549604,0.008268551,0.10232648,0.007213645,0.041275803,0.022407178
1224,0.2776329,0.4375709,0.03281428,0.009372961,0.19810586,0.0060233613,0.017281502,0.021198256
1225,0.21470025,0.39397848,0.059226055,0.016774792,0.25506085,0.0026527015,0.04845264,0.009154274
1226,0.22583826,0.49303094,0.027854705,0.025851367,0.14813857,0.004809603,0.04831091,0.026165713
1227,0.2386223,0.49425703,0.027484844,0.013885036,0.17656234,0.0033774115,0.032178406,0.013632599
1228,0.21825378,0.45060545,0.03693856,0.030467506,0.19717485,0.003563824,0.043571457,0.019424569
1229,0.21916433,0.4484598,0.042654146,0.032656953,0.19477364,0.0030225809,0.043535754,0.015732773
1230,0.20638421,0.42161128,0.05368708,0.03106546,0.2303118,0.0031311787,0.033361945,0.020447066
1231,0.21564773,0.49217817,0.05559648,0.01426388,0.16131224,0.0026556216,0.044740006,0.013605895
1232,0.11919308,0.6038353,0.03204455,0.023324508,0.15114778,0.0120843975,0.0536891,0.00468129
1233,0.19863735,0.46699739,0.03845786,0.021817813,0.22157298,0.005940279,0.034255933,0.012320432
1234,0.15010202,0.4414488,0.033007484,0.037236575,0.22836219,0.05779183,0.03937723,0.01267392
1235,0.11832533,0.36651045,0.056534156,0.08687833,0.18760884,0.107978106,0.060735602,0.015429284
1236,0.11504413,0.46144864,0.027234634,0.101111345,0.22815414,0.010107432,0.050651245,0.006248399
1237,0.08850797,0.34725162,0.08193509,0.2500504,0.17350495,0.011966745,0.034326278,0.012457004
1238,0.066708095,0.27190936,0.08427746,0.3396168,0.18608524,0.0054878215,0.03838879,0.007526426
1239,0.1029366,0.7932208,0.0018491809,0.020449292,0.025862116,0.0031456768,0.052528292,8.028942e-06
1240,0.0061446023,0.9133364,0.003753284,0.003632984,0.0005937768,0.031418327,0.041119944,7.068778e-07
1241,0.011675318,0.96513814,0.00047604681,0.012347594,0.0019143083,0.005736775,0.0027105026,1.2539095e-06
1242,0.123152316,0.5084965,0.051690087,0.05903016,0.10800806,0.11666996,0.017860757,0.015092182
1243,0.073771596,0.6045731,0.00425645,0.079575025,0.22387739,0.009067712,0.0042211344,0.00065764773
1244,0.105093405,0.39530438,0.079987764,0.17532004,0.19753702,0.020959385,0.021125657,0.0046723406
1245,0.09982452,0.5859128,0.032456484,0.08475957,0.12688665,0.03448969,0.02828056,0.0073897275
1246,0.105684236,0.36756295,0.11283887,0.10576298,0.25518316,0.009403105,0.027141761,0.016422944
1247,0.120283306,0.37358707,0.049695082,0.11807122,0.21361616,0.03111825,0.077086106,0.01654281
1248,0.16775525,0.4633159,0.027013274,0.031530578,0.19500184,0.050227664,0.05179712,0.013358357
1249,0.22960265,0.5053386,0.029393466,0.032084398,0.156155,0.0031568396,0.02854143,0.015727699
1250,0.23089598,0.5341292,0.061861414,0.017110497,0.11268745,0.0035901014,0.028845893,0.010879525
1251,0.228926,0.50283563,0.037674665,0.029645674,0.14396098,0.0042453287,0.03608262,0.016629083
1252,0.2005699,0.41328236,0.07495063,0.04008261,0.20767991,0.0041085677,0.04059271,0.018733287
1253,0.17607498,0.4817056,0.031132465,0.048367288,0.18172891,0.009373767,0.05675269,0.014864263
1254,0.19620268,0.56502056,0.014185343,0.0038382371,0.1690425,0.005175428,0.02977149,0.016763758
1255,0.21280348,0.47383606,0.048882235,0.028522383,0.18741351,0.0056000394,0.027902732,0.015039561
1256,0.2373668,0.4942263,0.043230005,0.013519436,0.13257264,0.0022520646,0.049323507,0.027509162
1257,0.21983412,0.44776538,0.05534253,0.025496919,0.18833345,0.0026126804,0.04549436,0.015120589
1258,0.2372703,0.5374448,0.030939624,0.012137048,0.1333028,0.004144849,0.02888562,0.015875015
1259,0.21021995,0.43049067,0.049468484,0.018968735,0.21561226,0.0051289806,0.056944415,0.013166522
1260,0.23863241,0.57714045,0.02394116,0.019129856,0.10974491,0.005014218,0.014329478,0.012067564
1261,0.22724667,0.4716052,0.045125533,0.029141482,0.16841903,0.010258942,0.037808828,0.010394321
1262,0.22919716,0.52994376,0.04087695,0.011765187,0.11132403,0.0088615725,0.048479713,0.019551657
1263,0.22146378,0.5068735,0.086322,0.019403895,0.11887293,0.0075656413,0.022894317,0.016603943
1264,0.23540643,0.52384037,0.039302193,0.014091424,0.12771747,0.004688604,0.03985261,0.015100828
1265,0.24017935,0.5018838,0.068767294,0.02031478,0.122435704,0.0021035639,0.033485133,0.010830342
1266,0.22194153,0.42480588,0.036052097,0.01786303,0.24354167,0.0035694505,0.035709564,0.016516708
1267,0.17778595,0.40705663,0.07446128,0.03009799,0.22953793,0.009147185,0.055672094,0.016240971
1268,0.15004286,0.4672605,0.046658598,0.018064756,0.11423996,0.107554406,0.08134405,0.014834898
1269,0.15823822,0.43306613,0.02583449,0.035265848,0.2844812,0.008975694,0.04581322,0.008325167
1270,0.13126418,0.39857215,0.076446,0.07687576,0.19893791,0.042493396,0.059479732,0.015930869
1271,0.07610975,0.42879283,0.059517134,0.23472245,0.14442793,0.014221381,0.031176351,0.011032174
1272,0.09055862,0.6343795,0.015889036,0.055164713,0.14885436,0.011098421,0.04126963,0.002785714
1273,0.088381216,0.5499204,0.034019426,0.116662666,0.11831517,0.04538688,0.039448053,0.007866199
1274,0.06840583,0.5977589,0.081487,0.13806175,0.04176531,0.023588294,0.029994702,0.018938208
1275,0.046483453,0.8227264,0.0029714215,0.0055163326,0.005145113,0.012397328,0.1047104,4.958223e-05
1276,0.061009694,0.7240893,0.0036986961,0.16682586,0.037742164,0.0040177,0.002608167,8.419546e-06
1277,0.10066896,0.5459832,0.057702847,0.081009306,0.18335763,0.010922081,0.017827526,0.002528538
1278,0.08017199,0.4523467,0.053902764,0.22279346,0.16487657,0.004700158,0.018726552,0.002481847
1279,0.0978765,0.2704411,0.14248359,0.25741392,0.14355446,0.011368111,0.060618084,0.016244225
1280,0.08617083,0.4408762,0.08643679,0.17970206,0.12344598,0.0094761215,0.06317075,0.010721261
1281,0.11345264,0.34250024,0.08453339,0.19730146,0.13918291,0.014483026,0.09188855,0.016657716
1282,0.1567205,0.4229388,0.050882034,0.070825994,0.19965822,0.040180646,0.04229582,0.016498022
1283,0.16190414,0.48203108,0.016504606,0.04870167,0.24856809,0.0044567375,0.026637428,0.011196213
1284,0.22627808,0.54489195,0.038898163,0.014474552,0.12423971,0.005061685,0.034168378,0.01198745
1285,0.19542989,0.47621098,0.040147316,0.03329005,0.16354443,0.0145374015,0.061784707,0.015055244
1286,0.1604025,0.43335038,0.04402748,0.040747043,0.222845,0.015731141,0.05910777,0.023788663
1287,0.13647902,0.5166269,0.03342219,0.08053535,0.16767755,0.007730168,0.048295863,0.009232994
1288,0.19466677,0.5042944,0.018842334,0.013688141,0.20879962,0.007903959,0.04304212,0.008762635
1289,0.22088252,0.4681849,0.044311866,0.02584787,0.18464978,0.0039562774,0.038533397,0.013633373
1290,0.22635801,0.55199045,0.02815073,0.0116305845,0.12073707,0.007074444,0.03720783,0.016850943
1291,0.22731347,0.50057685,0.04088993,0.013982672,0.15615946,0.0049290066,0.04320552,0.012943076
1292,0.2420971,0.518077,0.045437578,0.0031763725,0.15396465,0.0071108397,0.022254195,0.007882278
1293,0.14266922,0.3333106,0.09661383,0.056190483,0.22655596,0.05943162,0.070914686,0.014313685
1294,0.24142386,0.5425011,0.040867403,0.014887397,0.11101336,0.0036652081,0.032413874,0.01322784
1295,0.23582295,0.513906,0.025398832,0.026438886,0.1541881,0.0034161177,0.030953268,0.009875889
1296,0.18621488,0.49352875,0.034655996,0.03468712,0.12400439,0.015690815,0.07908377,0.032134328
1297,0.18737158,0.38858175,0.06913967,0.05363678,0.23149197,0.0069815684,0.035587408,0.027209323
1298,0.21139601,0.50692433,0.018353296,0.005511717,0.20176707,0.007837165,0.04004674,0.008163647
1299,0.19110242,0.47638395,0.068364434,0.03738051,0.16874158,0.0094159255,0.031867877,0.016743343
1300,0.21807043,0.47426,0.024601901,0.019599162,0.21837245,0.0027450635,0.023836555,0.018514438
1301,0.20936236,0.49400848,0.018049104,0.016059572,0.21642348,0.0050265533,0.028140659,0.012929863
1302,0.13451885,0.42558783,0.031841177,0.05680857,0.24255097,0.06726879,0.029898703,0.01152509
1303,0.13735741,0.49037972,0.02384016,0.040305752,0.23894213,0.011197431,0.05407941,0.0038980213
1304,0.118485086,0.49504817,0.049884614,0.046149243,0.23552908,0.0050641377,0.04224384,0.0075958217
1305,0.09116793,0.3887848,0.060304713,0.1839572,0.18131165,0.018693415,0.054766703,0.021013547
1306,0.09757462,0.36743677,0.08429285,0.17101236,0.13094617,0.038094588,0.08255812,0.028084567
1307,0.07187559,0.6415413,0.015134261,0.14232394,0.0931702,0.009379176,0.026386041,0.0001895656
1308,0.058773667,0.8867966,0.0005700394,0.01587639,0.0046458864,0.003755373,0.02958089,1.1699127e-06
1309,0.09658258,0.86977893,0.00026838976,0.014860602,0.0052500675,0.0015012126,0.0117574055,8.245834e-07
1310,0.10360656,0.5563688,0.0264222,0.08733734,0.12262382,0.07437314,0.02012056,0.009147568
1311,0.07740894,0.48501784,0.079137586,0.107505105,0.08203005,0.119678035,0.035080515,0.014141879
1312,0.09916131,0.20477647,0.17766735,0.2714526,0.12522435,0.02074018,0.07772497,0.02325277
1313,0.096236356,0.40257254,0.07899815,0.16446944,0.14316446,0.05228887,0.043224666,0.019045489
1314,0.085054524,0.59646094,0.019163633,0.06367055,0.19239792,0.006542503,0.031029137,0.0056808176
1315,0.12511198,0.3678044,0.05383735,0.09159507,0.20506541,0.06833166,0.064123474,0.024130613
1316,0.18065795,0.47358298,0.026873102,0.033463646,0.22672841,0.007118232,0.04207558,0.009500137
1317,0.14156066,0.39462733,0.08140813,0.08113793,0.15615441,0.07572902,0.049042128,0.020340351
1318,0.14293891,0.4076987,0.035072174,0.07167977,0.25404286,0.054335587,0.023060843,0.011171152
1319,0.1482733,0.5712948,0.02558083,0.018972958,0.10680318,0.035388194,0.084272794,0.009413965
1320,0.17922214,0.36691517,0.07380486,0.053839084,0.2318489,0.015115068,0.06287289,0.016381871
1321,0.18412729,0.44762388,0.06533409,0.045062944,0.20430768,0.002286164,0.032394584,0.01886342
1322,0.17658192,0.4066909,0.05995274,0.044894807,0.2482773,0.0041936263,0.04330641,0.016102294
1323,0.22346984,0.5029273,0.038284898,0.03429846,0.1597553,0.0033421528,0.02596458,0.011957441
1324,0.21194726,0.51208824,0.059135396,0.0032912584,0.1742372,0.017762749,0.013998482,0.0075394125
1325,0.15572976,0.45671108,0.07817969,0.020948987,0.07203955,0.10595346,0.09760343,0.012834053
1326,0.20803511,0.5376338,0.027948307,0.012220097,0.11582601,0.02945847,0.0526072,0.016271027
1327,0.23627207,0.568832,0.017444003,0.004663887,0.12957706,0.0037730022,0.027391668,0.012046297
1328,0.16771924,0.4460666,0.0632073,0.03214918,0.1665991,0.01735176,0.09098653,0.015920281
1329,0.15328562,0.34471786,0.09560941,0.05853694,0.27739045,0.0043405644,0.04784393,0.018275235
1330,0.20791458,0.43377885,0.043123685,0.035688438,0.21206166,0.00534745,0.04984924,0.012236082
1331,0.15003961,0.44067988,0.066905834,0.071585946,0.18486434,0.007984277,0.06354193,0.014398141
1332,0.1590001,0.43900716,0.044260573,0.07171519,0.22735827,0.008619331,0.03743435,0.012605015
1333,0.1440765,0.48650953,0.030620063,0.036492713,0.2493157,0.008635114,0.026709836,0.017640622
1334,0.1029276,0.41865262,0.05802669,0.14969578,0.19519328,0.016035628,0.050548065,0.008920319
1335,0.11482344,0.4026931,0.04404704,0.13973513,0.2122111,0.0069193025,0.06515319,0.014417726
1336,0.12936911,0.489954,0.04190369,0.0778366,0.21218453,0.008792204,0.036646716,0.003313192
1337,0.07839419,0.44581154,0.037096158,0.16478094,0.22398566,0.010485589,0.03285705,0.0065888697
1338,0.07005544,0.4461439,0.0462845,0.24316691,0.14556366,0.010246522,0.029930446,0.008608629
1339,0.14581236,0.6702931,0.032904904,0.035963673,0.021422626,0.018835677,0.072895885,0.0018718225
1340,0.015777523,0.19732709,0.015759574,0.5623395,0.20741421,0.0006244503,0.00074790587,9.72219e-06
1341,0.11023595,0.66369903,0.004805459,0.13656722,0.069125436,0.0023790167,0.013090971,9.689017e-05
1342,0.045278966,0.6799653,0.06051166,0.107534714,0.09220148,0.00858452,0.0028691138,0.0030542451
1343,0.073259376,0.46723673,0.10178419,0.18731155,0.07958097,0.06094631,0.0107730115,0.019107908
1344,0.0999054,0.335028,0.078385375,0.22862399,0.14347601,0.03975673,0.061411895,0.013412597
1345,0.08345513,0.54390115,0.0357019,0.14038378,0.12557212,0.020981241,0.041281197,0.00872347
1346,0.09812125,0.49394143,0.026474627,0.13528743,0.1825379,0.008822068,0.046940513,0.007874754
1347,0.124302916,0.43336123,0.03819553,0.11684776,0.2279675,0.009277718,0.042922053,0.007125256
1348,0.11441712,0.49708575,0.047384296,0.11948679,0.16424818,0.017127732,0.033992343,0.006257779
1349,0.11725433,0.5264631,0.022906577,0.057682496,0.21870509,0.01543079,0.03910298,0.0024546776
1350,0.1254494,0.37745818,0.07459534,0.14390194,0.093830496,0.050301317,0.11443752,0.020025795
1351,0.14618513,0.4482423,0.02924435,0.06859026,0.23986237,0.0050750664,0.04600392,0.016796576
1352,0.18572201,0.43921533,0.033721205,0.03698316,0.24257667,0.0053293426,0.04070977,0.015742524
1353,0.18545973,0.52029717,0.016089272,0.010104434,0.19598818,0.010182909,0.0504922,0.011386022
1354,0.23087342,0.53225046,0.021716673,0.019525314,0.1513775,0.004991505,0.027788678,0.011476369
1355,0.1656254,0.43920842,0.07872551,0.044297896,0.2193909,0.021917336,0.023331553,0.007503041
1356,0.12213528,0.2846319,0.11120832,0.14321029,0.14687304,0.056974635,0.11141373,0.023552751
1357,0.17637937,0.47332495,0.021139447,0.058188576,0.19685647,0.032894958,0.032235626,0.008980606
1358,0.24120548,0.5172936,0.018990394,0.024858542,0.15295273,0.004681387,0.026313461,0.013704397
1359,0.15979186,0.478603,0.056514367,0.033631995,0.12343682,0.027895408,0.093743496,0.026383044
1360,0.1769785,0.48370713,0.038532943,0.0319734,0.20715778,0.009890653,0.03560292,0.016156629
1361,0.20028728,0.4620111,0.026784005,0.030334245,0.22419068,0.0073496057,0.03973106,0.00931202
1362,0.122433275,0.48405194,0.03950949,0.07884543,0.21123964,0.012526778,0.047173556,0.004219895
1363,0.14674705,0.41474092,0.049122576,0.057185046,0.21114847,0.07969465,0.033963464,0.007397795
1364,0.11419194,0.5044014,0.016998423,0.044369165,0.28089547,0.0021981644,0.02592906,0.011016401
1365,0.0968666,0.3047064,0.10565309,0.17502457,0.16699623,0.018231152,0.11219075,0.020331217
1366,0.07806389,0.46700838,0.031172805,0.18575394,0.18201776,0.012375881,0.03886125,0.0047460496
1367,0.07603146,0.29222462,0.08242217,0.34411725,0.15157925,0.008041668,0.039650794,0.005932798
1368,0.06013926,0.77077174,0.023603601,0.014179396,0.10197396,0.0039770775,0.024261614,0.0010933434
1369,0.12937987,0.7238806,0.010699704,0.018500447,0.020716285,0.016133795,0.08058391,0.00010536668
1370,0.28317213,0.48486134,0.014905708,0.0051428336,0.013977132,0.00184753,0.19609007,3.235423e-06
1371,0.033278372,0.69309634,0.057082526,0.04315248,0.006641519,0.0077066,0.15642358,0.0026185883
1372,0.080203906,0.8483517,0.007315915,0.0058465907,0.04993738,0.0043499805,0.0026539846,0.0013404951
1373,0.090080634,0.836696,0.017077506,0.005699934,0.033551645,0.0047138776,0.011984646,0.00019574245
1374,0.07477217,0.67089266,0.015299516,0.07147309,0.04470824,0.08901168,0.030694816,0.0031478615
1375,0.08482601,0.26973903,0.16019285,0.27468666,0.10083666,0.039080866,0.045991085,0.024646869
1376,0.07741152,0.5293471,0.044736277,0.14559105,0.11947671,0.046064734,0.022112785,0.0152597455
1377,0.11062772,0.45608863,0.05971154,0.084587745,0.24842152,0.0066817417,0.022667376,0.011213747
1378,0.086046815,0.53605866,0.023450345,0.14431916,0.17047076,0.008476434,0.026841508,0.0043363417
1379,0.081533365,0.53853506,0.038273975,0.15269575,0.13714826,0.012391863,0.03244184,0.006979954
1380,0.091654226,0.65391916,0.021239344,0.06685336,0.115109205,0.015938794,0.0329541,0.0023318138
1381,0.10447001,0.4687641,0.06569666,0.11868656,0.106004566,0.038138397,0.08485069,0.013388984
1382,0.12120449,0.3676938,0.06777133,0.0971097,0.1965324,0.06535154,0.05879869,0.025537955
1383,0.13472483,0.4328752,0.025783584,0.058120985,0.28436357,0.008764993,0.043876737,0.011490091
1384,0.1270533,0.53919333,0.039786853,0.04598633,0.14897875,0.033566132,0.056770787,0.00866453
1385,0.15835208,0.4978559,0.024382602,0.018998457,0.25177827,0.006277107,0.02436288,0.01799273
1386,0.15004312,0.46212104,0.07212369,0.041969102,0.23013036,0.004682626,0.035139315,0.0037907946
1387,0.13041466,0.4646518,0.037231512,0.13151143,0.1808466,0.008551603,0.043115653,0.003676748
1388,0.14373422,0.5093444,0.019473262,0.07912432,0.18597256,0.010386741,0.048121795,0.0038427056
1389,0.20147729,0.43743792,0.067010984,0.04233924,0.1943758,0.003427701,0.041240428,0.012690654
1390,0.13884692,0.54024667,0.012389603,0.058116976,0.20431156,0.011934295,0.02989365,0.004260325
1391,0.16095054,0.40976495,0.06555377,0.04956777,0.2381786,0.008630976,0.05665146,0.010701913
1392,0.1717834,0.44168037,0.10327488,0.043636248,0.17928043,0.015399799,0.034221735,0.0107230805
1393,0.105693966,0.46303844,0.039267685,0.094392024,0.13474636,0.105494484,0.049746424,0.007620633
1394,0.13638389,0.5145544,0.015898203,0.023850769,0.19729188,0.06702737,0.041047838,0.003945697
1395,0.15319781,0.4207169,0.07642723,0.04383801,0.25160474,0.0051755155,0.036566548,0.012473227
1396,0.11025502,0.32979876,0.10940384,0.14214113,0.18717659,0.0120215425,0.08581667,0.023386452
1397,0.07280949,0.5270722,0.040843986,0.12849091,0.1832069,0.02536547,0.015527113,0.0066839103
1398,0.1239452,0.4209038,0.06793492,0.10052359,0.11695299,0.07387905,0.084524855,0.011335578
1399,0.10439802,0.76567304,0.007710657,0.00982892,0.068789445,0.012690397,0.030865854,4.3699227e-05
1400,0.22918913,0.46990046,0.045234617,0.018631965,0.016035186,0.017692436,0.20154512,0.0017710316
1401,0.03945485,0.9201849,0.0012030343,0.0027436947,0.020021353,0.013490193,0.0028919268,1.0029291e-05
1402,0.10651452,0.60795933,0.028646776,0.08935504,0.104518935,0.01078653,0.052083433,0.00013536365
1403,0.06718876,0.5405969,0.06651866,0.1704724,0.10758693,0.008043745,0.025411224,0.014181401
1404,0.07467955,0.5516954,0.11749561,0.0888751,0.1242939,0.007965101,0.008734116,0.026261164
1405,0.10158214,0.39842448,0.06421595,0.1826439,0.13195565,0.054591917,0.054013643,0.01257227
1406,0.084471695,0.48676625,0.05929126,0.20072941,0.12172058,0.009304448,0.029945713,0.0077706645
1407,0.09019606,0.5061823,0.028092818,0.21425037,0.11938796,0.007848549,0.031001177,0.0030407752
1408,0.09088305,0.45427585,0.08542264,0.15786977,0.098191924,0.016102888,0.08029741,0.01695649
1409,0.117428824,0.62674856,0.020373754,0.04289695,0.13525105,0.009375884,0.045945533,0.0019794232
1410,0.118521266,0.41710824,0.03870461,0.13682783,0.22306155,0.010821368,0.03709296,0.01786221
1411,0.09427636,0.44665363,0.11877196,0.060530476,0.1851973,0.028149048,0.06382312,0.0025981332
1412,0.12859151,0.5028576,0.023389973,0.062921405,0.23609602,0.0076552895,0.032413073,0.0060751024
1413,0.13481174,0.67131007,0.010162481,0.004699221,0.12280349,0.008907236,0.04616615,0.0011395675
1414,0.13530196,0.541506,0.04610239,0.03175154,0.10814239,0.05705498,0.06741108,0.012729663
1415,0.12797953,0.55386406,0.017946396,0.022891195,0.2209758,0.011472471,0.041303404,0.0035671564
1416,0.20011476,0.47627994,0.023484373,0.0391339,0.21272318,0.006198259,0.034722257,0.0073434054
1417,0.124118514,0.40987265,0.06513781,0.070293374,0.15669678,0.10038857,0.060866076,0.012626209
1418,0.14901406,0.3680075,0.046031393,0.11757151,0.21736094,0.011543986,0.072844565,0.017626012
1419,0.12698282,0.40523618,0.070252806,0.07218933,0.24911954,0.0117501365,0.043989982,0.020479193
1420,0.14432113,0.64920914,0.011472235,0.020530181,0.059209805,0.064367026,0.05036537,0.0005251975
1421,0.063207544,0.5867253,0.03553571,0.11484493,0.13018261,0.012438548,0.052270193,0.004795145
1422,0.10681967,0.45984697,0.028237937,0.10931917,0.25933287,0.011421924,0.02245389,0.0025675225
1423,0.094350725,0.48277605,0.05413093,0.10868203,0.19426642,0.044991728,0.01463306,0.0061690426
1424,0.043905098,0.22790946,0.08742441,0.37501177,0.18801083,0.06250262,0.0068615917,0.00837421
1425,0.16575217,0.54661214,0.058948573,0.06780417,0.02527412,0.014595951,0.10681441,0.014198445
1426,0.08444567,0.6014817,0.024960699,0.0101037165,0.021461919,0.005131502,0.25230563,0.000109190194
1427,0.07666416,0.8511302,0.010653095,0.010713808,0.01681555,0.029005567,0.0044384636,0.0005792374
1428,0.11817699,0.7242391,0.013264567,0.0059783095,0.10462102,0.00640398,0.027241925,7.402509e-05
1429,0.07245203,0.6553409,0.04479159,0.101676,0.07326187,0.037750997,0.008672449,0.006054196
1430,0.11593637,0.49769762,0.034716822,0.11345818,0.15603715,0.0470354,0.028330179,0.006788357
1431,0.087764144,0.3458255,0.10303755,0.25725377,0.13817987,0.011377311,0.041953664,0.014608225
1432,0.08295707,0.4190408,0.09037967,0.23248646,0.10598644,0.014095854,0.03799576,0.017057935
1433,0.11487423,0.24842972,0.13830772,0.2744371,0.12578104,0.021718746,0.056539807,0.019911697
1434,0.07646645,0.5835091,0.03414195,0.14017306,0.12015641,0.012877147,0.02529739,0.007378498
1435,0.09439127,0.38984492,0.08806663,0.15939537,0.13091202,0.02606897,0.0827595,0.028561363
1436,0.11449307,0.34304458,0.14148608,0.14346266,0.14202692,0.01654248,0.08687595,0.012068269
1437,0.085333295,0.5339211,0.041054007,0.12323114,0.12584624,0.05751732,0.015960155,0.017136691
1438,0.1182385,0.53413177,0.027109824,0.07102225,0.15336789,0.057616703,0.032567292,0.0059458
1439,0.10977969,0.5954348,0.022956984,0.07405008,0.14619675,0.027823318,0.02130948,0.0024488866
1440,0.09091284,0.5302456,0.0492802,0.10271913,0.14596927,0.028228188,0.044174746,0.0084700305
1441,0.13909218,0.5700918,0.02066482,0.014285164,0.20972577,0.00861662,0.033480372,0.0040433444
1442,0.1434156,0.58107734,0.027936218,0.03153352,0.13554212,0.044278737,0.030442715,0.0057737487
1443,0.09913454,0.5850176,0.014441656,0.097928576,0.15019928,0.013019645,0.038868662,0.0013899847
1444,0.087255165,0.45422912,0.04941465,0.085943304,0.274966,0.0051631383,0.025510352,0.017518288
1445,0.109684505,0.5619898,0.030712344,0.078336604,0.084315576,0.054699007,0.065925,0.014337157
1446,0.08253276,0.448866,0.037205633,0.19116679,0.15993123,0.021903666,0.039181583,0.019212328
1447,0.072497465,0.6493527,0.005113444,0.01482206,0.23866934,0.008527745,0.009505429,0.0015117174
1448,0.09664892,0.63128567,0.009377566,0.019009199,0.2121897,0.008804944,0.021121137,0.0015628362
1449,0.05721994,0.5953249,0.04324637,0.14235537,0.07488285,0.0046924236,0.07536142,0.006916736
1450,0.073776506,0.75723845,0.037548225,0.014726698,0.01065981,0.0031195518,0.102145195,0.00078559766
1451,0.03436258,0.8714193,0.0012403021,0.0036402422,0.00395738,0.02166163,0.06365983,5.8664427e-05
1452,0.11771449,0.61485267,0.044115,0.114530474,0.061486434,0.009104521,0.035633784,0.0025625613
1453,0.087392785,0.79485613,0.0052408455,0.0031616215,0.0688978,0.0069235833,0.033230413,0.00029685837
1454,0.062747486,0.56953454,0.054911006,0.17310934,0.09298366,0.0080060465,0.035398364,0.003309572
1455,0.07246745,0.45851785,0.10562885,0.20710734,0.10428671,0.010346283,0.032552395,0.009093097
1456,0.07239244,0.4100497,0.14580628,0.24188545,0.08610758,0.014350144,0.02066119,0.008747178
1457,0.10508783,0.3889572,0.0866432,0.1652508,0.13337079,0.03940523,0.056150984,0.025134005
1458,0.09744996,0.39916608,0.10292444,0.18732518,0.10786139,0.05322459,0.029748082,0.02230031
1459,0.10812216,0.29307562,0.095564924,0.17837898,0.13927485,0.05725,0.0947613,0.03357216
1460,0.105039865,0.7667564,0.0023938487,0.00964699,0.0696789,0.018845607,0.027290823,0.0003475831
1461,0.098875776,0.5805471,0.022982612,0.09424532,0.15486668,0.00697439,0.035564713,0.0059433985
1462,0.07030858,0.3441424,0.09316727,0.27181044,0.16572869,0.009414066,0.035850607,0.009577932
1463,0.1049827,0.4640617,0.03391831,0.15544373,0.14192899,0.040955227,0.04895201,0.009757279
1464,0.101886556,0.5957008,0.023997175,0.040425345,0.19511873,0.0105438465,0.02816756,0.0041599786
1465,0.10261367,0.50852257,0.03252857,0.09651232,0.21884008,0.010996969,0.027667327,0.002318457
1466,0.09945369,0.47547036,0.05572232,0.12258027,0.15929277,0.012467548,0.06559027,0.009422729
1467,0.12546284,0.6997306,0.0054682465,0.009379761,0.1221941,0.012454909,0.02506489,0.0002446937
1468,0.09198748,0.48420972,0.045448303,0.14541829,0.16862199,0.011430362,0.043276396,0.009607476
1469,0.0819932,0.3415576,0.13822992,0.23600203,0.11741626,0.020220125,0.04935782,0.015223027
1470,0.060106497,0.6911511,0.07939689,0.067538485,0.061616395,0.010789848,0.01423413,0.015166638
1471,0.11415184,0.7159614,0.044989984,0.025378246,0.07388892,0.011061419,0.0127438,0.0018243656
1472,0.07155541,0.67337966,0.07933627,0.055395678,0.055069797,0.0033644596,0.056751937,0.005146784
1473,0.17929949,0.56118506,0.053871524,0.009939585,0.009901824,0.0030355812,0.18216917,0.00059775845
1474,0.23321831,0.6769432,0.0040541035,0.008378929,0.007066047,0.0018497721,0.06848644,3.1652035e-06
1475,0.10386939,0.80326563,0.0052919155,0.0032962146,0.05208849,0.0039084605,0.028109992,0.0001698946
1476,0.059198603,0.8933443,0.0007317058,0.0055330014,0.019063659,0.0033202465,0.018786058,2.2434931e-05
1477,0.11263282,0.5403038,0.04952767,0.07165046,0.1341793,0.0441768,0.04025329,0.0072758994
1478,0.08710562,0.44289193,0.10480726,0.18308763,0.10671127,0.020829529,0.032433838,0.022132915
1479,0.089156516,0.32073253,0.110301144,0.24688962,0.11478014,0.037768476,0.052411884,0.02795968
1480,0.079748735,0.37890604,0.07862069,0.20388322,0.122258924,0.08282462,0.029102793,0.024655
1481,0.09823153,0.535779,0.025154794,0.084617786,0.20916295,0.013240453,0.028827393,0.0049860924
1482,0.0735028,0.44317558,0.08725964,0.21973483,0.11106159,0.013158437,0.03794369,0.014163406
1483,0.093824826,0.44967568,0.038000163,0.2262807,0.12338392,0.012945221,0.050661877,0.005227621
1484,0.08619892,0.6233306,0.010850014,0.05001954,0.19974503,0.010618968,0.017873889,0.0013629957
1485,0.10452227,0.49261454,0.04073186,0.115148485,0.17049973,0.039360054,0.023427386,0.013695695
1486,0.11203488,0.31517056,0.122245185,0.20571743,0.11603161,0.03089829,0.07009604,0.027806057
1487,0.06954128,0.709199,0.008156215,0.053265918,0.13474998,0.006223105,0.017146107,0.0017183651
1488,0.12046883,0.50348157,0.026328238,0.08273458,0.16561359,0.059357014,0.036802534,0.0052136257
1489,0.063323036,0.62971365,0.07007394,0.13070183,0.062312342,0.028068304,0.010261169,0.005545772
1490,0.11217929,0.77106446,0.007671858,0.015625542,0.051898647,0.01814597,0.023334064,8.026092e-05
1491,0.28011748,0.51483214,0.019679412,0.004577105,0.014579175,0.012065548,0.1540806,6.853634e-05
1492,0.054195404,0.70259845,0.009312361,0.025016515,0.0009694864,0.043560922,0.164337,9.786418e-06
1493,0.14896034,0.5631924,0.08510652,0.08642657,0.016193615,0.0030608752,0.09674281,0.0003168451
1494,0.109910786,0.7495922,0.0015032422,0.0012743636,0.01403456,0.0031912131,0.12048522,8.414036e-06
1495,0.08088023,0.72190934,0.036172982,0.03225244,0.07017792,0.007437893,0.038637947,0.01253121
1496,0.06643288,0.5886368,0.05744146,0.12599592,0.09944509,0.008328278,0.044990715,0.008728847
1497,0.087346666,0.63604856,0.032284223,0.10164983,0.111557886,0.010989796,0.019668438,0.00045462282
1498,0.09741344,0.5409808,0.027687663,0.13999641,0.17353919,0.0077587636,0.010721267,0.0019024191
1499,0.07201562,0.8483234,0.0007641331,0.0024411438,0.06128659,0.0059194867,0.009165098,8.43977e-05
1500,0.089751385,0.46826357,0.04371026,0.2617252,0.1081939,0.009878556,0.017641827,0.00083533407
1501,0.099144,0.56890947,0.06440451,0.09295278,0.13433298,0.017220033,0.02210351,0.00093270943
1502,0.1192314,0.60967845,0.04292774,0.07878634,0.106366545,0.017836915,0.02322621,0.0019463769
1503,0.09317873,0.35176852,0.09492414,0.3078673,0.08900597,0.013573505,0.042671524,0.007010353
1504,0.1432545,0.62725633,0.029479673,0.062138528,0.07819658,0.021174537,0.03792381,0.000576058
1505,0.13382806,0.72080404,0.011499958,0.009881243,0.06123858,0.019783331,0.042634208,0.00033050106
1506,0.08492089,0.7160802,0.046994753,0.020732079,0.06554273,0.005814703,0.05916792,0.000746645
1507,0.018969323,0.75152344,0.0046108225,0.05261996,0.17105465,0.0008727885,0.00031144454,3.7536294e-05
1508,0.1388422,0.7203559,0.00014557329,0.004682932,0.00047598174,0.017272253,0.11822512,2.1103325e-08
1509,0.0218454,0.9563943,0.0011090268,0.0010783715,0.010899973,0.0056371666,0.002994823,4.087866e-05
1510,0.096114494,0.80056393,0.003094501,0.0041772434,0.020029632,0.010205089,0.065777086,3.8071736e-05
1511,0.10178146,0.74858236,0.018353056,0.00557554,0.012445654,0.013402859,0.09962473,0.00023440857
1512,0.08197062,0.84250677,0.0022596293,0.0010714052,0.023496218,0.003385169,0.045284778,2.54636e-05
1513,0.13233195,0.70163876,0.026818587,0.006431942,0.020472659,0.015377412,0.094951056,0.0019776144
1514,0.099272035,0.82629764,0.0025583399,0.0040218104,0.011201314,0.005415252,0.05121241,2.1222977e-05
1515,0.06157865,0.8992452,0.0005136778,0.0075661726,0.008414812,0.0030319158,0.019638153,1.1402341e-05
1516,0.003937905,0.9869617,6.0713428e-05,0.0017144802,0.00059384364,0.0064100297,0.00032129567,5.5143103e-09
1517,0.00571532,0.97413284,0.00013597583,0.002182045,0.0009019764,0.016713101,0.00021858464,1.6070767e-07
1518,0.015108825,0.97000974,6.01089e-05,0.0005802615,0.0016385758,0.012501378,0.00010111162,1.38859155e-08
1519,0.6276614,0.2819394,0.014109079,0.0007108132,0.007800072,0.01018131,0.05759614,1.7968125e-06
