,endothelial cell,epithelial cell of proximal tubule,kidney collecting duct epithelial cell,kidney distal convoluted tubule epithelial cell,kidney loop of Henle epithelial cell,podocyte,immune cell,pericyte
0,0.018780116,0.96891713,0.0029903122,0.006711041,0.0014759249,0.0010246169,6.7158086e-05,3.3649405e-05
1,0.08421152,0.8503057,0.03916168,0.012044902,0.0034342592,0.010668745,3.0706346e-05,0.00014253009
2,0.09556153,0.8399559,0.021226408,0.0058499156,0.0045940266,0.03238361,0.00024463332,0.0001839798
3,0.15218195,0.6022142,0.06335557,0.042454753,0.01983515,0.118575156,0.000455153,0.0009281125
4,0.21414147,0.53055143,0.08303872,0.043027602,0.036868554,0.08787921,0.001955915,0.002537107
5,0.06798799,0.65086395,0.03411294,0.08587305,0.1585058,0.00083460263,0.00057967484,0.0012419525
6,0.054952525,0.9148746,0.0069152727,0.015690535,0.003002028,0.004142051,0.00039025626,3.281865e-05
7,0.07432479,0.62867695,0.0965211,0.108583584,0.01876916,0.071302675,0.0006777494,0.0011439681
8,0.024463542,0.9594029,0.00472214,0.008528088,0.002050427,0.0007010122,0.00011679711,1.4983161e-05
9,0.071195394,0.8522744,0.010111009,0.043929424,0.02074632,0.0014540266,8.999689e-05,0.00019933881
10,0.093204826,0.6671448,0.06922542,0.05985083,0.038698748,0.069705375,0.00015033814,0.0020196359
11,0.1802398,0.68423223,0.044517204,0.023086287,0.055292886,0.010877367,7.931513e-05,0.0016748718
12,0.09109499,0.77667284,0.015125246,0.06729708,0.04740064,0.0014932896,0.0006560688,0.00025983836
13,0.06014369,0.9201826,0.005450942,0.0071594953,0.0018476368,0.0039823614,0.0012118891,2.1415934e-05
14,0.071012095,0.808485,0.011838612,0.0686099,0.03814412,0.0010195348,0.0006774631,0.00021335657
15,0.050317265,0.92568564,0.0052809725,0.013561631,0.0025996256,0.0019210428,0.0006183873,1.5566462e-05
16,0.07827424,0.84695715,0.016880652,0.039739706,0.009819809,0.007848166,0.00033067618,0.00014957039
17,0.013074687,0.9550487,0.010617988,0.015627101,0.0016223958,0.0039413976,3.3068518e-05,3.473584e-05
18,0.12304086,0.5601041,0.1450899,0.042820152,0.07146989,0.05327315,0.00022436207,0.003977611
19,0.1524246,0.79794735,0.015199393,0.01660048,0.015029423,0.0025099737,7.1045586e-05,0.00021763406
20,0.16294248,0.61038035,0.046338744,0.064757146,0.10845478,0.005048825,0.00012606989,0.0019515511
21,0.17572248,0.7109632,0.04018643,0.02153423,0.046506714,0.0036974677,0.00012097313,0.0012685048
22,0.18789676,0.61651766,0.040923283,0.053000584,0.0959216,0.003970253,0.000116325566,0.0016535314
23,0.122258276,0.8236214,0.0112755215,0.02564246,0.014487605,0.002305768,0.0002926736,0.00011625146
24,0.08559157,0.8329433,0.03187576,0.0220264,0.026602212,0.000579719,0.0002143063,0.00016679795
25,0.15351023,0.51172584,0.07659207,0.064731985,0.18099672,0.0063548423,0.00018781109,0.005900522
26,0.06854926,0.5997583,0.042419713,0.021546375,0.0039733336,0.26318794,0.00030024917,0.00026472966
27,0.049469013,0.7523697,0.02225821,0.02233014,0.002565763,0.15066022,0.00019430819,0.00015268444
28,0.041353352,0.90702873,0.017140692,0.027082698,0.004456625,0.002756774,0.00015533804,2.5795707e-05
29,0.05158393,0.90121335,0.031259608,0.0073181572,0.0046035293,0.003927982,9.477749e-06,8.390489e-05
30,0.14144447,0.5938809,0.12646301,0.052300576,0.072025105,0.011481771,1.319844e-05,0.002390941
31,0.13348466,0.55965775,0.16201176,0.05102764,0.06629673,0.025553754,5.1293064e-05,0.001916467
32,0.1702543,0.54866093,0.06516633,0.02160105,0.18544991,0.0022203706,0.00017488918,0.0064721936
33,0.14780082,0.5190719,0.09037644,0.026077883,0.20238668,0.0039050137,8.091305e-05,0.010300436
34,0.1562483,0.5161898,0.098609805,0.0241832,0.1999157,0.0014223637,5.723549e-06,0.00342512
35,0.21338327,0.59573644,0.05568118,0.009934,0.115309976,0.005364303,4.8805116e-05,0.0045420844
36,0.16704811,0.5831017,0.08009855,0.010942236,0.14731616,0.0029481708,0.00017119784,0.008373882
37,0.16324426,0.48058113,0.12300915,0.030364463,0.18570417,0.008202387,2.7808412e-05,0.008866663
38,0.12707442,0.7439521,0.04546651,0.0342966,0.042552706,0.005049923,9.566636e-05,0.0015121109
39,0.16807652,0.5948604,0.11039419,0.04653603,0.051251397,0.026633665,0.00021099907,0.0020367836
40,0.10606478,0.7520444,0.084410615,0.017775284,0.0138493255,0.025151243,3.4411838e-05,0.00066994765
41,0.14636746,0.7680239,0.025166702,0.019725857,0.020543128,0.019505255,0.00016408954,0.00050359557
42,0.13984007,0.6746386,0.028669052,0.03818231,0.11282235,0.0031300585,0.0007491263,0.0019683249
43,0.053786747,0.6464848,0.06201021,0.015397537,0.007812934,0.015326593,0.19852857,0.00065265497
44,0.12238962,0.7894269,0.054641336,0.006568326,0.016950205,0.009161174,3.9920797e-06,0.00085840054
45,0.14069545,0.53255856,0.13914624,0.0577248,0.123039186,0.0038385459,4.5612774e-06,0.0029927113
46,0.11433999,0.6638682,0.07096811,0.059146013,0.07778299,0.010802292,0.00012171618,0.0029708082
47,0.15499,0.58338857,0.08205393,0.019246265,0.15608907,0.0009986487,1.989e-05,0.003213627
48,0.1364372,0.63452256,0.086851425,0.009523927,0.12200751,0.002116595,9.667704e-05,0.00844415
49,0.12918872,0.5788225,0.101790026,0.008945547,0.17204061,0.0011825806,2.6251406e-05,0.008003777
50,0.14619333,0.4940761,0.104085125,0.012797338,0.21891154,0.0034062834,0.00015935367,0.020370943
51,0.15063381,0.5764352,0.09976517,0.010321782,0.14815576,0.0029820786,0.0001726888,0.011533559
52,0.17855243,0.61204356,0.058484606,0.010757492,0.12744905,0.0020813313,0.0001343277,0.010497235
53,0.15660462,0.6463363,0.08436635,0.037676487,0.07094892,0.002117417,4.8307964e-05,0.0019014978
54,0.19704774,0.5831863,0.061379302,0.045427572,0.09734917,0.010491289,0.00012218836,0.00499649
55,0.1690289,0.64735264,0.086011305,0.01596943,0.0705208,0.007336296,0.00016407607,0.003616488
56,0.23655127,0.57598835,0.056442123,0.02217762,0.09651978,0.010289166,0.00019350497,0.0018382289
57,0.07019035,0.88778526,0.010446777,0.013055558,0.0032281762,0.014146443,0.0010919366,5.5569544e-05
58,0.122773096,0.8196748,0.035380494,0.0060733003,0.0077532753,0.007969072,1.0290425e-05,0.000365701
59,0.14847247,0.70043176,0.070967115,0.009104229,0.062764645,0.0037095535,2.0328196e-05,0.0045298664
60,0.10729361,0.57882893,0.14518325,0.021105094,0.13603228,0.0053049196,9.787711e-06,0.0062420876
61,0.16156742,0.58277225,0.076046064,0.010104279,0.16126429,0.002301045,4.4681776e-05,0.0058999495
62,0.16122086,0.54408306,0.09939362,0.009157704,0.17200159,0.0025087832,0.00021891991,0.011415404
63,0.118092485,0.59145963,0.111721404,0.00989353,0.15875398,0.0011776197,6.411324e-05,0.008837287
64,0.1308664,0.55883867,0.10979457,0.0081427945,0.17529373,0.001928353,0.0001214197,0.015014131
65,0.13445163,0.59278476,0.09990782,0.0077267783,0.15265551,0.001588398,7.4313764e-05,0.010810779
66,0.12533769,0.6169836,0.10250824,0.007357899,0.13595861,0.0014348105,0.00011169727,0.010307487
67,0.14622378,0.60324425,0.08991994,0.013716762,0.13423246,0.0014689856,0.00018474078,0.011009065
68,0.10146404,0.627697,0.09929841,0.021890404,0.14328258,0.0013105404,6.9236016e-06,0.0050501134
69,0.13348936,0.52515084,0.10646935,0.025782973,0.19428259,0.0024780033,0.00016741206,0.012179455
70,0.12063674,0.44781703,0.10870114,0.06932418,0.24059682,0.002884911,0.00028884548,0.009750438
71,0.13346112,0.70188886,0.053540263,0.04419465,0.056174982,0.008802163,0.00088325323,0.0010547156
72,0.092449114,0.61219174,0.07503274,0.09688527,0.092362404,0.025980193,0.00034991844,0.004748618
73,0.056533437,0.83321303,0.037659213,0.016378915,0.0043627573,0.051254004,0.0003317507,0.00026691935
74,0.0991834,0.773058,0.061637744,0.028280238,0.03182181,0.0055176574,1.4979047e-05,0.00048622116
75,0.17353378,0.6358778,0.08429753,0.014280021,0.08112756,0.0075999135,1.1268299e-05,0.003272088
76,0.12992798,0.6721383,0.08500583,0.010325311,0.0909994,0.003977519,0.00010448539,0.0075212354
77,0.120476045,0.6353131,0.089919314,0.007862366,0.13437323,0.0015642885,0.00015669051,0.010334997
78,0.111237146,0.49800947,0.14873776,0.01885922,0.19759466,0.0038433685,0.00016889212,0.021549504
79,0.14648114,0.4856313,0.13446063,0.012320371,0.19784252,0.0035092311,0.00028629825,0.019468525
80,0.108006544,0.23567688,0.26501492,0.016161725,0.33512762,0.008461653,5.9790786e-05,0.031490892
81,0.113560185,0.48776177,0.13267104,0.012901391,0.2268074,0.0030825154,7.859034e-05,0.023137076
82,0.11796562,0.5724425,0.11868906,0.007353482,0.16789256,0.0016710615,5.5539393e-05,0.013930149
83,0.12552176,0.5974197,0.10371173,0.0069909873,0.15311481,0.0015267205,6.863885e-05,0.0116456635
84,0.12395976,0.4777734,0.15285844,0.015887694,0.20902443,0.00306352,7.153664e-05,0.017361218
85,0.109025285,0.57685304,0.0917202,0.01602583,0.19582094,0.0005291617,2.0653666e-05,0.01000489
86,0.11451824,0.52319425,0.10009699,0.020806253,0.22599755,0.0007879648,3.2620937e-05,0.014566138
87,0.19986567,0.60254997,0.055006813,0.014986544,0.11516043,0.005016562,0.00016590503,0.0072481385
88,0.16676271,0.5875807,0.069128536,0.06061856,0.10568234,0.0062505896,0.0001119592,0.0038645572
89,0.06613817,0.65289617,0.06745758,0.13979755,0.05091518,0.01959692,0.0004981887,0.00270014
90,0.06013431,0.6794507,0.08375365,0.08950536,0.05110153,0.029947896,0.0011922885,0.004914248
91,0.06974353,0.51221883,0.123385996,0.13175891,0.11441727,0.033567205,0.0020544194,0.012853872
92,0.022427065,0.87843764,0.041648015,0.045982096,0.0023439613,0.0077270553,0.0013007604,0.00013340155
93,0.13440861,0.5727124,0.13438524,0.041102234,0.042742644,0.07238738,5.754583e-05,0.0022038624
94,0.14776792,0.5579849,0.11027502,0.02151132,0.1579501,0.0013199719,1.8885493e-06,0.003188854
95,0.14274944,0.62823313,0.08189578,0.008469288,0.12131279,0.004114246,0.0003319842,0.012893322
96,0.1327574,0.53042656,0.11639996,0.0108566675,0.19485296,0.0017024815,3.300033e-05,0.012970913
97,0.09237556,0.038092095,0.33066314,0.025630731,0.4402185,0.00203725,7.680658e-05,0.07090594
98,0.117791764,0.25378323,0.20869115,0.015030791,0.3297744,0.0055618384,0.00033829492,0.06902848
99,0.10897489,0.014116522,0.3312163,0.02107746,0.47752395,0.0038296906,8.4044055e-05,0.04317715
100,0.14386067,0.007958185,0.24533169,0.024477106,0.501257,0.008423683,0.0005783925,0.06811326
101,0.10473165,0.2659569,0.24009265,0.02142584,0.30193096,0.006394029,0.00043709748,0.0590309
102,0.10092963,0.5659761,0.13172989,0.007990143,0.17252606,0.0025039052,7.0622176e-05,0.018273694
103,0.12694533,0.57399434,0.0933289,0.012487833,0.17268592,0.0017905063,0.00014834917,0.01861879
104,0.10815051,0.5885868,0.1123175,0.01153764,0.16570687,0.0013772878,4.962746e-05,0.012273733
105,0.13139503,0.60237986,0.08802191,0.012784222,0.14705151,0.002953298,0.00028529397,0.015128844
106,0.13837661,0.4754934,0.12614098,0.038758274,0.20133623,0.007569461,0.00030671,0.012018414
107,0.11674461,0.5327436,0.087640435,0.11824495,0.12783577,0.010125503,9.636814e-05,0.0065688347
108,0.060565323,0.49422988,0.10268684,0.17970857,0.140187,0.014626751,0.0004064423,0.0075892457
109,0.07529601,0.4467893,0.1362663,0.15912288,0.12510762,0.040345713,0.0009468983,0.016125282
110,0.016875535,0.94764215,0.010342178,0.015940957,0.0053888788,0.0031223586,0.00024195164,0.0004459961
111,0.061320525,0.5197897,0.061471865,0.021038705,0.008647134,0.027095037,0.29983467,0.0008023816
112,0.052833688,0.64578944,0.13243023,0.10783455,0.04328594,0.013735282,0.0018361249,0.002254714
113,0.076961815,0.63321286,0.10912358,0.07290677,0.08736404,0.017748913,0.0006290934,0.0020529332
114,0.13205546,0.6292712,0.09865556,0.015057601,0.114937715,0.005596132,7.4225914e-05,0.004352078
115,0.13253358,0.6009426,0.11049766,0.013868568,0.1370659,0.001409733,9.088013e-06,0.0036728173
116,0.11666006,0.43127277,0.15478848,0.018960916,0.24397267,0.0055378256,0.00016099706,0.028646262
117,0.09315137,0.28229213,0.23387758,0.041227132,0.26343,0.0064753904,0.0004472518,0.07909916
118,0.10575338,0.007129743,0.31467533,0.025613409,0.49488413,0.0032876146,7.8580524e-05,0.04857781
119,0.1642965,0.02345234,0.23010734,0.035860386,0.46171886,0.011768806,0.00029845402,0.07249733
120,0.12831765,0.0074437116,0.25283295,0.025910633,0.53674066,0.003373058,0.00016311779,0.045218177
121,0.15106627,0.006238114,0.23982078,0.028910888,0.51320606,0.008435015,0.00036704773,0.05195586
122,0.12187304,0.011156341,0.29346678,0.017955346,0.49121258,0.0039013755,0.0001060856,0.060328458
123,0.113474555,0.1862927,0.26089334,0.019723346,0.35685635,0.0062091365,0.00012888972,0.056421682
124,0.1306543,0.47464266,0.13138567,0.01467349,0.22137254,0.0049943845,0.0006146925,0.0216622
125,0.120772935,0.50702775,0.12203962,0.020876527,0.20856743,0.003398203,8.447877e-05,0.017233133
126,0.15949748,0.62052095,0.05330027,0.010021028,0.13682231,0.0031735331,0.00073002453,0.015934328
127,0.1516641,0.51081795,0.0681008,0.07318222,0.18702142,0.003144834,0.00013612847,0.0059324666
128,0.12828612,0.5328381,0.07318886,0.10272209,0.1498406,0.005691578,0.0002128954,0.00721967
129,0.07336865,0.46271145,0.12138382,0.17050627,0.14694357,0.014753107,0.00032671046,0.010006471
130,0.07739513,0.43180367,0.15581857,0.15123154,0.109805696,0.057620358,0.0004075649,0.015917525
131,0.05256226,0.7922752,0.028539982,0.07874273,0.028080111,0.012943064,0.004641025,0.0022156292
132,0.054834634,0.6184196,0.039439786,0.010214475,0.0025068258,0.034092903,0.24004683,0.0004449702
133,0.09289872,0.783407,0.08158745,0.015943559,0.019988976,0.004527995,0.0003511017,0.0012953
134,0.03420838,0.69551456,0.08345512,0.13892724,0.03770988,0.007196933,0.0014611307,0.0015267209
135,0.1699165,0.5829119,0.11135012,0.037352078,0.025295723,0.07062373,0.0009531411,0.0015967683
136,0.11336407,0.69607055,0.09171756,0.03672307,0.040690232,0.01914094,0.00021238973,0.0020812382
137,0.13537174,0.4758256,0.14206323,0.039990373,0.1898696,0.007926648,0.00021492086,0.008737873
138,0.10313561,0.49826717,0.15451068,0.020489024,0.20232551,0.003662112,0.00011716893,0.017492762
139,0.11151537,0.018623283,0.29062775,0.05957239,0.44325817,0.003993938,0.00044657194,0.07196261
140,0.11836304,0.00806723,0.2501746,0.044619355,0.48292065,0.0036427155,0.00041839553,0.091794014
141,0.1180589,0.0042748223,0.24244882,0.040540997,0.53454024,0.0028159283,0.00021823528,0.057102107
142,0.13927962,0.008559414,0.22822262,0.08015196,0.3998211,0.013761784,8.896942e-05,0.13011454
143,0.13659996,0.0053213565,0.2529595,0.029308086,0.5184474,0.005455211,0.00019343082,0.05171505
144,0.14000292,0.0058879117,0.25668272,0.030140454,0.49900565,0.00827085,0.00056065613,0.059448794
145,0.15381561,0.005759469,0.23807018,0.017575042,0.5179473,0.00798253,0.00051214977,0.058337707
146,0.12649225,0.10899235,0.25558043,0.027820306,0.41051263,0.010504791,0.00034622947,0.059751
147,0.13634455,0.49740994,0.106444456,0.013233357,0.22065368,0.003745579,0.00069081207,0.021477709
148,0.13146338,0.5725828,0.08738419,0.010605802,0.17565495,0.0029114957,0.00026262298,0.0191348
149,0.16070117,0.58859277,0.07982165,0.011028987,0.13896634,0.0048955483,0.0003180973,0.01567547
150,0.21125117,0.54750884,0.05110654,0.016540611,0.15959461,0.005853008,0.00018778339,0.00795739
151,0.23456907,0.6231347,0.043398492,0.023667192,0.06711719,0.005946531,0.0001551867,0.002011702
152,0.18730356,0.6741251,0.039424628,0.028874774,0.05559111,0.011846921,0.00027049272,0.002563518
153,0.16581084,0.5443998,0.08021264,0.07395712,0.11305834,0.014349278,0.00029206535,0.00791989
154,0.015136187,0.9689774,0.003370671,0.008615936,0.0021141365,0.00124269,0.0005063986,3.6617894e-05
155,0.07722154,0.7436155,0.07017873,0.026797313,0.009829936,0.04793026,0.022678507,0.0017481808
156,0.022598702,0.8985954,0.021167623,0.0445261,0.011719888,0.0012692905,5.78921e-05,6.506566e-05
157,0.020435054,0.9387893,0.01560108,0.017753102,0.0045633493,0.00271202,7.88593e-05,6.726347e-05
158,0.035149988,0.54965734,0.066006646,0.19961137,0.14798719,4.409168e-05,0.00049543055,0.0010479491
159,0.02643027,0.47848946,0.13016468,0.3173789,0.04401571,0.0025006318,0.000390885,0.00062950124
160,0.044283185,0.678093,0.1163788,0.10885363,0.040182233,0.0023991964,0.0065290346,0.0032808837
161,0.12578683,0.6270525,0.12972143,0.042850252,0.06460638,0.005723104,0.0001745218,0.004085064
162,0.12949228,0.64216703,0.094890535,0.03677681,0.087604254,0.0062266216,6.866604e-05,0.0027738842
163,0.1350195,0.6774748,0.09039404,0.028882768,0.036812082,0.028522078,0.0002626457,0.002632156
164,0.12235894,0.61998755,0.1387346,0.0586814,0.028741032,0.029640215,0.00062995567,0.0012263093
165,0.1612442,0.6035962,0.07255744,0.034916364,0.11302555,0.007113084,0.0005701088,0.0069769598
166,0.0992337,0.2624715,0.2362481,0.04585252,0.2824763,0.0074789873,0.00043291485,0.06580601
167,0.11325541,0.0070673367,0.3058019,0.04999198,0.45662087,0.005115015,0.00034149855,0.06180602
168,0.12541875,0.003126731,0.22666384,0.04933207,0.5366184,0.003988028,0.00020200506,0.05465018
169,0.13037574,0.0032587356,0.22909273,0.040628158,0.5359077,0.004715819,0.00025173288,0.055769343
170,0.14080164,0.009805286,0.25474644,0.040792115,0.4274145,0.0122139715,0.00019387745,0.11403213
171,0.13786359,0.010342779,0.23460619,0.0346346,0.41648802,0.013259956,0.00041544114,0.15238939
172,0.15414621,0.0051882667,0.24595009,0.028401008,0.49586692,0.010298571,0.0007685411,0.05938036
173,0.15294178,0.008447022,0.24338408,0.026716718,0.49211228,0.010468669,0.000687617,0.06524185
174,0.13633011,0.086067215,0.24691977,0.026415514,0.42662895,0.010870341,0.0004325751,0.06633551
175,0.14374505,0.48229077,0.114632025,0.012213471,0.21878491,0.004622458,0.00054851995,0.023162786
176,0.15109381,0.5553249,0.08600502,0.008825456,0.17585993,0.003499499,0.000343433,0.01904793
177,0.17683658,0.58923674,0.054293506,0.0074194665,0.14744568,0.0050255614,0.00069572433,0.019046703
178,0.2363555,0.53821266,0.041620657,0.01679995,0.15134507,0.0067143086,0.00037627888,0.00857553
179,0.18100297,0.54643095,0.047532402,0.032459572,0.17732127,0.0041581406,0.00072210084,0.010372619
180,0.16045809,0.7245573,0.046416603,0.0151321,0.026394844,0.025781684,0.00032803704,0.0009312762
181,0.0853156,0.6934351,0.06543154,0.06917573,0.058022197,0.02458474,0.00052358274,0.003511524
182,0.058950763,0.8629474,0.012243384,0.04843788,0.01408154,0.0020167453,0.0011814329,0.00014088517
183,0.016311597,0.85795236,0.022446949,0.03351336,0.0023074853,0.002700988,0.06465441,0.00011276172
184,0.004575509,0.9685588,0.0061597563,0.01739,0.0016584528,0.00041462292,0.0012116884,3.1232925e-05
185,0.0110565955,0.93761563,0.012606795,0.026841149,0.0070051216,0.004145079,0.00017836572,0.0005512881
186,0.030834766,0.5244203,0.07196122,0.32544574,0.044045746,0.0028760259,2.9630621e-06,0.0004132643
187,0.0347648,0.7952672,0.049095336,0.088036105,0.0296315,0.0026969514,9.7423996e-05,0.0004106332
188,0.021139057,0.9022517,0.019800149,0.037746362,0.013501144,0.005239995,0.00014949335,0.00017207417
189,0.02799132,0.5335551,0.10283029,0.27530348,0.047852755,0.00853448,0.0016344063,0.0022983293
190,0.02787761,0.41419053,0.15338683,0.34515464,0.043615304,0.011975134,0.0009861575,0.002813753
191,0.040705882,0.6063617,0.076525606,0.16345344,0.1115393,0.00050844764,4.1032337e-05,0.0008646544
192,0.05907744,0.56536704,0.09258829,0.16487327,0.11291694,0.0030325786,0.00026019846,0.0018842464
193,0.112011574,0.512505,0.13624537,0.10484353,0.120651454,0.010581644,4.0852046e-05,0.0031205148
194,0.15434302,0.48718643,0.13490517,0.102369435,0.095439695,0.021020828,0.00055789255,0.004177611
195,0.10682008,0.56434894,0.1832222,0.03241073,0.10807618,0.002159333,3.000695e-05,0.002932502
196,0.106847055,0.58893186,0.13525131,0.06272353,0.1042965,0.0004118521,9.339173e-07,0.0015369717
197,0.16316989,0.6894227,0.05374971,0.013498803,0.06913425,0.0046352,0.0007965006,0.0055930424
198,0.1500746,0.48786598,0.13574462,0.060420554,0.13136905,0.020637639,0.00054001354,0.013347559
199,0.13393529,0.41114193,0.16949084,0.11473722,0.07156108,0.081531174,0.00043298927,0.017169418
200,0.14017482,0.017539568,0.2565568,0.062212233,0.44767776,0.008677494,0.00043377205,0.0667276
201,0.1229558,0.008567617,0.28784043,0.047554526,0.42467073,0.010313643,0.00031973034,0.09777757
202,0.13248271,0.0035354889,0.26916125,0.035197645,0.45397514,0.009063604,0.0003729843,0.09621119
203,0.12558737,0.004279489,0.26527983,0.026352707,0.48003063,0.005766219,0.00026863843,0.09243517
204,0.15187988,0.0034277795,0.23297416,0.042034253,0.46949428,0.009512158,0.0005008009,0.09017666
205,0.1424662,0.021712815,0.2636993,0.039790735,0.3871916,0.020589175,0.00033596365,0.12421423
206,0.1635543,0.008353295,0.24637505,0.02738795,0.47064573,0.011973457,0.0008620078,0.07084824
207,0.15732725,0.04025691,0.24928242,0.026616348,0.40243015,0.019242449,0.00054197613,0.10430253
208,0.1339444,0.0911442,0.25540847,0.022170795,0.39770436,0.014386036,0.0005343895,0.08470731
209,0.1354689,0.43290913,0.1451224,0.01362558,0.24077956,0.006346546,0.00083923637,0.024908694
210,0.14219546,0.51254624,0.110564955,0.014988458,0.19091798,0.005421416,0.0011441682,0.02222135
211,0.12203474,0.57262695,0.08363163,0.024152128,0.16766061,0.0042723347,0.0014144573,0.024207242
212,0.19254291,0.55674404,0.054756574,0.025215378,0.15348534,0.0068206913,0.0005438889,0.0098911
213,0.2000947,0.5366644,0.050885525,0.019132013,0.17543857,0.0052522346,0.0012510491,0.011281382
214,0.17333512,0.53303033,0.06898256,0.07441437,0.13679706,0.0070684436,0.00013232639,0.0062397695
215,0.106908515,0.6312142,0.05541741,0.095740035,0.09548117,0.009931675,0.0005472182,0.004759819
216,0.030612698,0.9529088,0.0034336704,0.008077275,0.0018989475,0.0006358326,0.002425423,7.3283586e-06
217,0.067128874,0.9165663,0.0051030507,0.004716927,0.0016281945,0.0027071217,0.002142512,7.0139417e-06
218,0.012811839,0.9705819,0.0039894143,0.008388879,0.0007657739,0.0033442979,9.797724e-05,1.9951582e-05
219,0.026081277,0.94898003,0.009488893,0.007864535,0.0010218811,0.0060496596,0.0004653727,4.833582e-05
220,0.024215542,0.9521192,0.009899504,0.00814219,0.0015700394,0.0036750634,0.00033482243,4.3632717e-05
221,0.067535624,0.45847094,0.15746339,0.115797885,0.099290006,0.093804285,0.00017676747,0.0074610864
222,0.023419369,0.48921385,0.08585619,0.3299472,0.067662686,0.003323164,3.4072584e-06,0.00057416526
223,0.021947538,0.73898697,0.025009524,0.16836435,0.044506565,0.00074910535,0.00015195919,0.00028394288
224,0.07006577,0.8043528,0.052822676,0.033808887,0.018830013,0.019624347,0.00025155014,0.00024395993
225,0.054210085,0.5900561,0.09087126,0.16614714,0.07495887,0.021944737,0.00012351922,0.0016882907
226,0.046021458,0.6108823,0.10267196,0.17247614,0.040719006,0.02318019,0.0010184562,0.0030305837
227,0.0368178,0.67540354,0.06667202,0.16694058,0.050359707,0.0032347601,6.820898e-06,0.0005647558
228,0.115746066,0.45143434,0.12457501,0.15046665,0.13898791,0.015015349,6.103315e-05,0.003713629
229,0.09302568,0.404467,0.20431885,0.13044667,0.1581615,0.0054978537,7.2933653e-06,0.0040751323
230,0.15200481,0.5548336,0.11783276,0.03045385,0.13329305,0.006745875,0.00019957409,0.0046365047
231,0.09054528,0.5058989,0.1740819,0.027163675,0.19714399,0.0005450785,2.6405364e-06,0.004618461
232,0.0845532,0.481964,0.22642542,0.019521821,0.17125814,0.0043862467,4.7069003e-05,0.011844097
233,0.17984511,0.62624776,0.05468092,0.0075001162,0.111578956,0.005352294,0.0006209956,0.014173837
234,0.15066357,0.56629276,0.10005961,0.012044692,0.1432586,0.0067716925,0.0005110306,0.02039803
235,0.16920781,0.5361974,0.11014885,0.09111737,0.037938956,0.044684786,0.0008224765,0.009882243
236,0.14678335,0.010865175,0.24376461,0.07006798,0.43107966,0.009546326,0.00048158236,0.087411284
237,0.12504923,0.0073689194,0.2366903,0.0378488,0.41789296,0.009146521,0.00041507112,0.16558816
238,0.14418218,0.006584631,0.23826084,0.03862163,0.4430174,0.0112719955,0.0003991744,0.11766218
239,0.1331339,0.0041500917,0.26807374,0.026737245,0.45014215,0.008535521,0.0003933369,0.10883396
240,0.1299712,0.0031821418,0.24312471,0.06303304,0.4357483,0.0093172155,0.00056000263,0.11506336
241,0.15032889,0.003564223,0.24330965,0.03630683,0.45984334,0.01044199,0.000584277,0.095620774
242,0.14748232,0.020656476,0.23166007,0.064802505,0.3747613,0.022759357,0.00016986618,0.13770811
243,0.15149844,0.02178215,0.20943591,0.02600565,0.4723613,0.011629503,0.0012515517,0.10603552
244,0.12817019,0.27470425,0.21007799,0.019123398,0.28864914,0.012991338,0.00094098004,0.06534271
245,0.164972,0.60118437,0.08482108,0.008652169,0.11234994,0.00903522,0.0017491397,0.01723602
246,0.17407034,0.6330618,0.077339165,0.012383055,0.08409605,0.0069722016,0.0006371947,0.0114402
247,0.1803674,0.63833934,0.067234434,0.017329423,0.077156976,0.007512607,0.0027273623,0.009332485
248,0.1978824,0.70250016,0.038287077,0.020167243,0.034817833,0.003615781,0.0013807045,0.0013487643
249,0.12777394,0.59141976,0.09103294,0.057516374,0.12011778,0.0058112494,0.0010058102,0.0053221453
250,0.1695812,0.5360593,0.07248199,0.05478244,0.14538723,0.014980113,0.00027598857,0.006451689
251,0.10967344,0.7567702,0.04600319,0.028998587,0.047127735,0.009256161,0.00090062193,0.0012701054
252,0.051655415,0.9342547,0.004374229,0.0018181241,0.00079346396,0.006228689,0.00086388894,1.1420604e-05
253,0.0646442,0.8661031,0.022289226,0.033793636,0.006349041,0.006385614,0.0002659828,0.00016927335
254,0.021113306,0.89582074,0.016436594,0.051257133,0.0055850246,0.009451617,0.00015292891,0.00018270458
255,0.046502452,0.5167158,0.08994017,0.32160693,0.015778344,0.009314628,3.1043596e-06,0.00013848043
256,0.05360652,0.68209445,0.041886006,0.10387601,0.11579593,0.0010680445,7.886195e-06,0.0016651863
257,0.0363547,0.8338793,0.023157826,0.07091443,0.033746146,0.0013789564,7.28124e-05,0.0004958506
258,0.021914857,0.48693973,0.09253732,0.36357787,0.03168166,0.003154634,6.6774135e-07,0.00019323126
259,0.10757122,0.5394411,0.10324945,0.13061558,0.072700545,0.044051073,6.363549e-05,0.0023074215
260,0.07261814,0.7141528,0.047243815,0.11211525,0.04696352,0.006203767,5.0926785e-05,0.00065179094
261,0.11177863,0.5702575,0.087671794,0.084307455,0.09349227,0.049009554,0.00034604006,0.0031366919
262,0.04256414,0.6002664,0.07077374,0.20081292,0.07349258,0.010377131,0.00014414401,0.0015689997
263,0.12183881,0.7437546,0.04203449,0.04523524,0.034240123,0.011849712,1.7975739e-05,0.0010289839
264,0.13129781,0.5076459,0.16903202,0.07690416,0.06729681,0.044006802,0.0003157566,0.0035007838
265,0.052868716,0.59013844,0.17840914,0.06153485,0.11203002,0.00212526,3.7450088e-06,0.0028898353
266,0.14000036,0.5249012,0.12978844,0.016177654,0.17607829,0.0040100194,5.240246e-05,0.008991666
267,0.105052486,0.49640986,0.19413105,0.017505828,0.17920393,0.0024370067,7.0876786e-06,0.0052527483
268,0.07314615,0.43337032,0.20487139,0.027699575,0.24142586,0.0016933748,3.923905e-05,0.017754193
269,0.13330989,0.57536715,0.09434524,0.019338213,0.1519223,0.0034401622,0.002832948,0.019444093
270,0.13250926,0.66443264,0.07156788,0.007032863,0.10367277,0.0023854454,0.0019496998,0.01644945
271,0.21164604,0.3090262,0.16671446,0.15994546,0.108549766,0.029544534,0.0002292767,0.014344259
272,0.16407675,0.010871463,0.23201673,0.06900516,0.42955777,0.014858761,0.00036246912,0.0792509
273,0.15033929,0.005342687,0.27322066,0.044466287,0.4359889,0.016757682,0.00021628784,0.07366821
274,0.13640249,0.0036446135,0.26336417,0.04368116,0.44078675,0.011193533,0.00036797632,0.100559294
275,0.14225848,0.0065702153,0.2638642,0.033258125,0.43116125,0.0115141,0.00027536458,0.111098245
276,0.14264783,0.0040595466,0.25493014,0.04082806,0.45686492,0.009719366,0.0005226309,0.090427525
277,0.14943826,0.005100396,0.24435212,0.03329662,0.47519365,0.012460881,0.0008084247,0.0793497
278,0.14521965,0.02532851,0.22335386,0.06926418,0.36502814,0.023232067,0.00015085346,0.1484227
279,0.15426742,0.022619547,0.22654977,0.019919764,0.4703409,0.013223361,0.0010842825,0.09199494
280,0.14717405,0.37468725,0.16328153,0.030511523,0.22636831,0.015197351,0.0008853484,0.041894704
281,0.16447385,0.6030634,0.07651569,0.011328375,0.11438562,0.009223105,0.0015332998,0.019476654
282,0.16651943,0.5325596,0.08842017,0.018212978,0.16803795,0.010074394,0.0004820419,0.01569347
283,0.12090297,0.20982578,0.23967847,0.055314396,0.059326693,0.30386224,1.1423218e-05,0.011078003
284,0.123618565,0.28864288,0.24242295,0.12066008,0.0464066,0.16989727,0.00012994927,0.008221716
285,0.05982488,0.53197074,0.11698252,0.15543057,0.1100085,0.017381711,0.0006200862,0.0077809184
286,0.06670777,0.53085655,0.10366322,0.107809015,0.09544224,0.08683638,0.000603112,0.008081755
287,0.09177935,0.5144239,0.098413385,0.1175906,0.13159692,0.035335585,0.00040983784,0.010450367
288,0.11220319,0.7774992,0.04877208,0.022562932,0.026904613,0.010058335,0.00068089104,0.0013187265
289,0.049444582,0.85125744,0.029961433,0.052919872,0.002888724,0.011774054,0.0016977539,5.6107878e-05
290,0.066497125,0.89868665,0.011860412,0.01459722,0.006159302,0.0018497048,0.00025116644,9.847111e-05
291,0.042475037,0.8016193,0.020466484,0.11077944,0.022817375,0.0014189042,0.00020471161,0.00021872172
292,0.06549593,0.8654431,0.02772883,0.017247755,0.010867935,0.012869219,5.635986e-05,0.00029094185
293,0.052337725,0.6335327,0.06678838,0.18176995,0.060404945,0.0045874515,1.1909455e-05,0.00056695397
294,0.054269265,0.8296716,0.04034036,0.053404916,0.018202204,0.0036268693,4.8301124e-05,0.00043647148
295,0.024459409,0.59823203,0.09421803,0.24967325,0.027865514,0.005223706,3.7918405e-06,0.0003242742
296,0.019946743,0.7917772,0.05505284,0.10667673,0.024468713,0.0018220467,1.6892473e-05,0.00023885614
297,0.09345781,0.6859832,0.09417594,0.04882674,0.054236144,0.021382818,6.65241e-05,0.0018708602
298,0.13743043,0.6889809,0.047172133,0.032367922,0.086299196,0.004049776,0.00013180252,0.0035678232
299,0.119497046,0.61141133,0.08222455,0.09583564,0.06582633,0.022044454,0.0006931154,0.0024674973
300,0.113808654,0.67788875,0.06309123,0.072538435,0.05773198,0.01335422,0.00015606184,0.0014306072
301,0.07272852,0.5134137,0.110781334,0.16183092,0.11774179,0.017725905,0.0003514723,0.005426359
302,0.08857,0.67347103,0.10626796,0.031923514,0.094601505,0.0015120617,1.1351449e-05,0.003642623
303,0.1275079,0.5025118,0.13661627,0.012165196,0.1996513,0.003936165,0.00020426836,0.017407084
304,0.11773072,0.6343329,0.13005506,0.009295218,0.093035236,0.0040380363,0.0010293745,0.0104833925
305,0.0988064,0.3980702,0.19900379,0.022033857,0.25190768,0.003691606,0.00063396426,0.025852505
306,0.104768716,0.38746896,0.18740395,0.02418933,0.25987673,0.0040347693,0.001137457,0.031120088
307,0.1201064,0.56955516,0.1202168,0.011148797,0.14719363,0.0056393463,0.001103411,0.025036547
308,0.17699538,0.2212188,0.15307835,0.079458766,0.32111254,0.00823611,0.0010636325,0.038836345
309,0.15155135,0.00563349,0.24170454,0.060706306,0.44774336,0.0107383495,0.00048551316,0.08143706
310,0.14520815,0.0024455735,0.23509346,0.055411216,0.47095573,0.008775477,0.00043865817,0.08167167
311,0.13511017,0.002872904,0.26274443,0.043185923,0.45445132,0.010132375,0.0003529752,0.09114986
312,0.13814534,0.0023845902,0.24949737,0.044646315,0.46461487,0.009533631,0.00056774664,0.09061016
313,0.14715144,0.005059546,0.2315026,0.041637037,0.45411366,0.012721503,0.00053709856,0.10727721
314,0.14946224,0.007904999,0.2241704,0.046635244,0.445818,0.012742693,0.00089976005,0.11236669
315,0.16784406,0.011810368,0.21858636,0.028997803,0.48568526,0.013220293,0.0009384549,0.07291741
316,0.15210356,0.018366402,0.24992782,0.031762045,0.47138384,0.01107154,0.0006125639,0.06477227
317,0.12718707,0.24109487,0.22006895,0.01994125,0.32178763,0.009353173,0.0006548124,0.059912257
318,0.15466048,0.3737837,0.15726797,0.014685062,0.2599432,0.009239212,0.001401148,0.029019145
319,0.15305078,0.58836716,0.08256627,0.007765365,0.14291313,0.0062111667,0.0010131161,0.018113075
320,0.1566576,0.4726658,0.11142842,0.019469872,0.20243968,0.012066107,0.0012290741,0.024043411
321,0.15135977,0.4005952,0.12637173,0.06210407,0.23158568,0.01395805,0.0007718441,0.013253708
322,0.16858763,0.5171372,0.08492343,0.052894942,0.154364,0.014718774,0.00056106644,0.0068128174
323,0.16683978,0.5723118,0.09050367,0.061492573,0.02749449,0.07904023,0.00083412067,0.0014833023
324,0.07102721,0.7436398,0.0793668,0.049842183,0.017516093,0.03728081,0.00027223726,0.0010548739
325,0.06990742,0.8849445,0.00933852,0.014357245,0.0037563602,0.01499572,0.0025778632,0.00012239313
326,0.063799724,0.79421645,0.09123462,0.02337762,0.009697833,0.012712603,0.0039239484,0.0010372251
327,0.007847104,0.96724075,0.0041560754,0.018539967,0.0005719393,0.0007454428,0.0008890629,9.703109e-06
328,0.07832189,0.5935837,0.090273485,0.15042262,0.024490744,0.061032,9.3484734e-05,0.0017820287
329,0.054026987,0.66643804,0.024953034,0.13160788,0.12206992,0.0002296923,3.968209e-05,0.00063475705
330,0.03267639,0.662558,0.040642504,0.2279024,0.033087496,0.0027046893,0.0001380648,0.00029043734
331,0.09919866,0.613594,0.09507929,0.12896797,0.036131863,0.02604055,4.3394473e-05,0.000944313
332,0.10381151,0.62687594,0.09498938,0.09814953,0.029054914,0.045889426,0.00010542096,0.0011239183
333,0.047230244,0.67764485,0.11714578,0.12361385,0.027727516,0.006092287,7.0714837e-06,0.0005384453
334,0.018919187,0.7044568,0.040398415,0.18958582,0.044966742,0.001261043,6.777558e-05,0.00034422573
335,0.104658075,0.42041433,0.1481583,0.15235622,0.034715325,0.135706,1.4369904e-05,0.003977396
336,0.14726798,0.5545369,0.06434089,0.057049446,0.16055515,0.008715651,0.0006956688,0.006838292
337,0.12323901,0.5198269,0.13654621,0.10894332,0.053514134,0.054534893,0.00031898113,0.0030766134
338,0.08616524,0.6067008,0.038136154,0.14553471,0.121580966,0.00086394825,0.00022725548,0.0007909467
339,0.091511205,0.5719051,0.06623852,0.08342871,0.17439125,0.004385067,0.00052167807,0.0076184473
340,0.12579152,0.61845994,0.07971531,0.022277052,0.13800882,0.0035277014,0.00014266622,0.012076954
341,0.11631105,0.56303626,0.12810998,0.014218425,0.15241978,0.005316857,0.0011066408,0.019481057
342,0.12918323,0.57299614,0.13333343,0.015896719,0.12643303,0.004350562,0.0011774298,0.01662956
343,0.09863128,0.18567918,0.27650407,0.028041754,0.33959383,0.0069522103,0.00031342957,0.064284235
344,0.0955149,0.19989607,0.27977002,0.039544467,0.3071034,0.007193559,0.00055335835,0.0704242
345,0.13526344,0.110646054,0.24969426,0.057813987,0.3670749,0.01019086,0.00079107104,0.06852542
346,0.14231913,0.016549002,0.21728285,0.06802748,0.45513642,0.010816477,0.00048567686,0.08938299
347,0.14529446,0.0027026744,0.25929022,0.04733789,0.45649156,0.010352082,0.00047996352,0.07805118
348,0.14349699,0.0024436836,0.26657566,0.046622064,0.45139083,0.012842443,0.00037542844,0.07625295
349,0.14011241,0.0013021994,0.24953985,0.054217875,0.47383144,0.009178349,0.00035989608,0.071457945
350,0.14054301,0.005253419,0.24786249,0.044124164,0.4432209,0.010609508,0.00031045417,0.10807603
351,0.14565492,0.011478153,0.23371556,0.04265284,0.4496659,0.011596978,0.00062490994,0.104610704
352,0.15006946,0.016992377,0.24172924,0.038201127,0.42917755,0.013446986,0.00064419466,0.10973909
353,0.1562356,0.013314971,0.2319499,0.027794788,0.4656589,0.015143671,0.0011738129,0.08872835
354,0.13084617,0.20385262,0.20560504,0.0215718,0.34985632,0.010636902,0.0008350913,0.07679604
355,0.14348188,0.4637172,0.1131979,0.015073587,0.23599438,0.005226343,0.002094196,0.021214552
356,0.12360844,0.55259705,0.10579468,0.012055424,0.17982852,0.0043407325,0.0012419475,0.020533143
357,0.14001316,0.4823724,0.11687721,0.015896084,0.2214877,0.005227082,0.00082429644,0.017301967
358,0.1631154,0.5191197,0.08059712,0.027596323,0.18688923,0.0076540685,0.00033919772,0.01468902
359,0.18492453,0.52432317,0.05913588,0.024785142,0.18549497,0.0064324923,0.0009563987,0.01394735
360,0.123569846,0.53170234,0.0604508,0.07827769,0.19419688,0.0051967544,0.00094597664,0.005659725
361,0.14647639,0.63326114,0.04928736,0.061137762,0.09582566,0.009753078,0.00094947085,0.0033091377
362,0.08523817,0.72716755,0.057370692,0.06770997,0.033334147,0.026888667,0.00067894574,0.0016118134
363,0.09294007,0.8341907,0.03586251,0.011575465,0.008629865,0.015955552,0.00048815808,0.00035764516
364,0.014859115,0.9302312,0.008452507,0.036112536,0.002026503,0.002845848,0.00538665,8.56489e-05
365,0.055361275,0.87950927,0.024689103,0.025691206,0.007228271,0.0047610407,0.0024088225,0.0003509877
366,0.049978532,0.79973096,0.033640828,0.08809972,0.025215426,0.0021921175,0.00044580916,0.00069660315
367,0.062218696,0.48906735,0.1553284,0.18660985,0.02716906,0.077659465,2.444832e-05,0.001922682
368,0.038399715,0.8233858,0.04264519,0.06441811,0.027654469,0.0027392108,0.00011214469,0.0006453822
369,0.109422736,0.65242064,0.06963806,0.09606971,0.06401475,0.00712657,0.00015055499,0.0011568977
370,0.14196663,0.57422066,0.086494826,0.08906062,0.09280104,0.0128171025,0.0001632362,0.0024758917
371,0.18472742,0.54307795,0.080471225,0.08519434,0.08518516,0.018282527,0.000108349974,0.0029529657
372,0.13205731,0.6885181,0.06006953,0.04106117,0.066227704,0.0079083275,0.00019753758,0.0039603584
373,0.1363172,0.48991796,0.1353037,0.081999995,0.056235243,0.096660644,5.6094177e-05,0.003509173
374,0.08982457,0.6200548,0.17354327,0.0486077,0.05043707,0.014513115,1.7065584e-05,0.0030024475
375,0.10429473,0.5456355,0.12910305,0.046935022,0.15836738,0.006129027,0.0002242458,0.00931101
376,0.10806893,0.69874215,0.07400586,0.052395202,0.047161195,0.015776409,0.0011140695,0.002736255
377,0.11445574,0.40003714,0.18438159,0.1649686,0.07096286,0.059772134,0.00029717086,0.005124764
378,0.12254814,0.49549493,0.09969385,0.04185632,0.2020139,0.008937455,0.0005460209,0.028909365
379,0.11146152,0.68183506,0.07051142,0.0075744553,0.1091583,0.0033240793,9.1863796e-05,0.016043296
380,0.13216771,0.32884273,0.19718571,0.014797534,0.280858,0.009029044,0.00052520016,0.036594052
381,0.11015313,0.2609537,0.2553478,0.017968759,0.30876005,0.0072877123,0.00015927899,0.039369576
382,0.10224503,0.017504014,0.36209092,0.03032095,0.4364552,0.0046927948,0.00020568413,0.046485398
383,0.11194399,0.01572968,0.34888145,0.031191602,0.41506034,0.00673211,0.0007008776,0.06975993
384,0.1289335,0.00965172,0.29675072,0.037485432,0.46020386,0.0076304446,0.0007234219,0.058620907
385,0.14017192,0.026104977,0.20571359,0.094302095,0.4315995,0.008723621,0.00057530106,0.09280905
386,0.14179349,0.003190349,0.2577011,0.05146684,0.45531726,0.010993359,0.00049035397,0.07904722
387,0.14766638,0.0053096325,0.23849398,0.052231733,0.45559075,0.010488118,0.0005151211,0.08970432
388,0.1387394,0.0036772517,0.26240882,0.0441768,0.44302714,0.013117515,0.00030132354,0.09455175
389,0.13694364,0.0062262025,0.22689031,0.05513458,0.4293875,0.011400119,0.00043864196,0.13357903
390,0.1375749,0.007080994,0.23718438,0.05579342,0.43893525,0.010953299,0.0007454982,0.111732304
391,0.16110551,0.008031161,0.2144896,0.029472494,0.49072275,0.012755331,0.0011952014,0.08222798
392,0.16287917,0.068471216,0.23373099,0.02959298,0.4059489,0.014377684,0.00071137596,0.084287636
393,0.15759094,0.35757837,0.23016277,0.019513996,0.20247768,0.012354306,0.0008302854,0.01949165
394,0.15288933,0.56756926,0.106517196,0.009396193,0.13227381,0.010018302,0.0019516458,0.019384267
395,0.144642,0.7108204,0.04815607,0.0065330057,0.07794255,0.0022213082,0.002170436,0.0075142276
396,0.19037263,0.57259893,0.059577033,0.032732088,0.12946643,0.0073001813,0.0007384398,0.007214252
397,0.24550028,0.57407707,0.042118654,0.022907037,0.097351484,0.012809421,0.0003688857,0.0048671244
398,0.19730474,0.56213284,0.07309822,0.062154993,0.07705264,0.024383131,0.0005758906,0.00329751
399,0.17663641,0.5814515,0.054555822,0.07378369,0.094912425,0.0138564445,0.00052864436,0.0042751376
400,0.0785097,0.7785865,0.05024322,0.04669663,0.034683023,0.009188368,0.00043592855,0.001656647
401,0.08399586,0.8170305,0.028682314,0.036851767,0.024353206,0.0072134705,0.0013588689,0.00051391363
402,0.065586306,0.8220203,0.049825534,0.02428755,0.0075914576,0.02483065,0.0046979515,0.0011603055
403,0.052977517,0.8860283,0.037492137,0.008917401,0.003902037,0.005881301,0.0046572164,0.00014410446
404,0.061823413,0.6628004,0.0551982,0.18351135,0.018579038,0.01717397,0.00024447578,0.0006691912
405,0.07170414,0.62090474,0.08724892,0.12085221,0.033914536,0.063286096,0.000120382305,0.0019690136
406,0.013432027,0.8576105,0.014085549,0.1062855,0.006319787,0.0020827546,5.7119087e-05,0.00012672742
407,0.059610236,0.45572755,0.10862919,0.29900575,0.03165735,0.043745037,4.7548e-05,0.0015774068
408,0.11638878,0.8213913,0.027996898,0.010963204,0.013999544,0.008828544,7.837657e-05,0.00035340746
409,0.16919696,0.5452437,0.08372498,0.057509653,0.12665507,0.013313688,0.00022535055,0.0041306056
410,0.13518876,0.52936184,0.10030189,0.06007566,0.15719105,0.010775334,0.0005329279,0.006572499
411,0.107058994,0.7452292,0.063990586,0.020306388,0.054255795,0.0038406055,0.00015339727,0.005165036
412,0.15991499,0.72763014,0.053347185,0.014556714,0.034957796,0.006538285,0.0006395498,0.0024153867
413,0.08650188,0.63734585,0.13358988,0.02928874,0.10606487,0.0020819649,2.1029351e-05,0.0051058643
414,0.07631115,0.6098209,0.12707378,0.05283356,0.122692116,0.0030205566,9.94553e-05,0.008148492
415,0.19542713,0.42597994,0.10221918,0.07745914,0.106957965,0.08294473,0.00027725054,0.008734615
416,0.1355945,0.2964564,0.19472504,0.060240045,0.050847337,0.2447414,9.443776e-05,0.017300809
417,0.14291896,0.48772267,0.10430985,0.026508847,0.20373368,0.010451882,0.0005962028,0.023757888
418,0.11801646,0.37660846,0.1534289,0.021055572,0.27723086,0.011601272,0.00043753476,0.041620906
419,0.10514475,0.19962037,0.25243834,0.028089177,0.34203544,0.007451617,0.000309081,0.06491128
420,0.14110954,0.023719298,0.31162575,0.038604792,0.42021036,0.009979093,8.517753e-05,0.05466601
421,0.12840745,0.012288308,0.3006373,0.02968435,0.46825135,0.0073618,0.00050372316,0.052865684
422,0.1479284,0.006013506,0.26831418,0.03706497,0.4772434,0.0100114895,0.0007153224,0.05270869
423,0.14088944,0.015665015,0.2622641,0.051614102,0.41561726,0.014003475,0.0006443246,0.09930228
424,0.13616388,0.010015246,0.25317737,0.068498224,0.41180345,0.012234835,0.00039432856,0.107712634
425,0.1398236,0.010792298,0.2760071,0.043660518,0.4053399,0.01714162,0.00023410474,0.10700085
426,0.14098111,0.0027157671,0.2697407,0.03902476,0.44956246,0.013349238,0.00036857746,0.08425735
427,0.13789834,0.0030357307,0.24810454,0.05479956,0.44973227,0.01289296,0.00042176008,0.0931148
428,0.14188734,0.013412623,0.26987284,0.03226648,0.40642196,0.015411947,0.00030662274,0.12042015
429,0.15569384,0.0051905722,0.23920968,0.035521228,0.47507665,0.010468405,0.00075036706,0.07808922
430,0.15226497,0.0091852145,0.23711018,0.03690133,0.48213953,0.0101018315,0.000920001,0.07137691
431,0.15485398,0.025337698,0.21528128,0.029005717,0.48553857,0.012068976,0.0009303034,0.07698352
432,0.15515275,0.37252727,0.13544838,0.014470811,0.2901956,0.005759134,0.0011729475,0.025273066
433,0.13707519,0.43236807,0.121561415,0.013770373,0.26558912,0.0064972695,0.0009783182,0.022160225
434,0.16643071,0.6413001,0.0679912,0.0091488445,0.09703829,0.0058127292,0.0017343631,0.010543727
435,0.20932576,0.6511756,0.059530754,0.015181755,0.05474288,0.007647835,0.0005466703,0.0018487874
436,0.17543536,0.39027935,0.15072691,0.117489785,0.046330698,0.11521747,0.0002271506,0.0042932285
437,0.18006755,0.59117556,0.069255486,0.049443834,0.028663395,0.078893594,0.00072625495,0.0017742787
438,0.048129354,0.57967746,0.06950122,0.2019662,0.08909063,0.007168529,0.0011349899,0.0033316729
439,0.05474944,0.55867815,0.05490701,0.23334812,0.08898853,0.0054793735,0.0014568061,0.0023924995
440,0.076026365,0.89511347,0.008669496,0.0031191548,0.0014555632,0.013548083,0.002043083,2.476946e-05
441,0.04798075,0.8959865,0.026599897,0.015814643,0.00292637,0.009453932,0.0008225636,0.00041538477
442,0.06962811,0.78854287,0.048654396,0.061811972,0.016129827,0.010793682,0.0035791192,0.00086005655
443,0.024378357,0.7564201,0.04435534,0.16377158,0.0072987755,0.0032836942,0.00034247976,0.0001496448
444,0.079390205,0.6895989,0.058694284,0.08098348,0.016743971,0.07310195,3.7794478e-05,0.0014493552
445,0.06985082,0.7916663,0.06590268,0.047679443,0.0093370285,0.015027392,5.676293e-05,0.0004795665
446,0.02102118,0.80122805,0.023986695,0.13931945,0.011197483,0.0029969348,6.18043e-05,0.00018837392
447,0.092995904,0.77147055,0.062662706,0.037930697,0.022043003,0.011776237,6.7074245e-05,0.001053838
448,0.09396558,0.58314264,0.079953544,0.14178981,0.08135749,0.01650982,0.000529019,0.002752089
449,0.15064971,0.5305011,0.0965852,0.043787528,0.16156732,0.009426556,0.0004288996,0.0070536844
450,0.122067444,0.47880253,0.12023383,0.044309758,0.2172707,0.0065069,0.00048803384,0.0103208255
451,0.11695027,0.60273254,0.09206715,0.01642697,0.15274633,0.0043641864,0.00033680483,0.014375748
452,0.10359676,0.5309168,0.12388385,0.02762552,0.18961677,0.004671289,0.00083519577,0.018853763
453,0.08190178,0.6624592,0.105463825,0.021332068,0.109120704,0.0035809367,5.7154386e-05,0.016084326
454,0.09485988,0.6048551,0.1473849,0.019688064,0.10908335,0.007197698,0.0002022305,0.016728744
455,0.15751764,0.6170616,0.082641624,0.020864714,0.0908606,0.013825611,0.0011591569,0.016068978
456,0.14788815,0.59320486,0.1412387,0.029785804,0.05366051,0.027220778,0.00015047309,0.006850698
457,0.13316327,0.31736398,0.19501036,0.10187599,0.12565991,0.080091625,0.0001773658,0.046657424
458,0.12904494,0.1288525,0.26745373,0.02460736,0.35709512,0.016543567,0.00033662326,0.07606613
459,0.12675156,0.013125083,0.31477728,0.039955545,0.43355322,0.010274333,0.000655385,0.06090762
460,0.1605503,0.009359059,0.22521272,0.04981472,0.4503653,0.013609326,0.00024280444,0.09084582
461,0.1539188,0.015462082,0.23570465,0.04334959,0.42753825,0.015805965,0.0002054422,0.10801523
462,0.12626633,0.0041514416,0.23041491,0.061912846,0.47343498,0.007461348,0.00079817395,0.09555996
463,0.13955097,0.017110275,0.2403686,0.05766963,0.40028912,0.014342681,0.00051766384,0.13015106
464,0.1434627,0.00938957,0.2686527,0.04050158,0.4174738,0.016807292,0.0003230408,0.10338929
465,0.13897495,0.0041265213,0.2701362,0.037656404,0.4457548,0.012308861,0.00039551902,0.09064674
466,0.1482241,0.0035651077,0.25882822,0.046778776,0.46020707,0.010997026,0.00033378677,0.07106595
467,0.1403868,0.00496852,0.25976917,0.042032357,0.45008066,0.012042698,0.00048277105,0.09023702
468,0.14534417,0.004216051,0.25207657,0.04571926,0.45865467,0.009884189,0.00046857016,0.08363649
469,0.15385066,0.004821691,0.22795103,0.031621464,0.51175964,0.008005265,0.0006974501,0.061292723
470,0.15662259,0.015180649,0.2187447,0.025680821,0.48702526,0.012762908,0.0011074159,0.08287561
471,0.12773845,0.1143751,0.21601635,0.024275098,0.40868518,0.011970742,0.0007876052,0.09615145
472,0.14909498,0.35182184,0.1444318,0.015142369,0.30182135,0.008440259,0.0012353485,0.028012026
473,0.13000655,0.38270634,0.14895403,0.018528003,0.28719357,0.006615068,0.0011402925,0.0248561
474,0.14616893,0.49554703,0.10126783,0.022400811,0.21335231,0.0052939304,0.0008740701,0.015095129
475,0.210313,0.5409923,0.04258899,0.022793973,0.16452771,0.008528465,0.0007118643,0.0095436955
476,0.115097456,0.5334702,0.09775044,0.0945136,0.0563763,0.09786876,7.0088594e-05,0.0048531746
477,0.14368232,0.59247065,0.07156677,0.09712507,0.07816087,0.014136651,0.00022901494,0.002628615
478,0.11341898,0.597383,0.09419726,0.08535827,0.030915009,0.07434233,0.0020477627,0.0023372825
479,0.024989288,0.81615335,0.037177768,0.096089594,0.018680828,0.0044853315,0.0015888342,0.00083505834
480,0.03871085,0.9273118,0.0068691527,0.01824956,0.0029747817,0.0044303187,0.0014163809,3.719087e-05
481,0.04907846,0.87587833,0.020233557,0.03024492,0.0046520517,0.018800313,0.00070643774,0.00040598653
482,0.082840145,0.5128622,0.09634868,0.11080853,0.02346858,0.1710011,0.0006901224,0.001980609
483,0.07008921,0.6866316,0.057443313,0.07921936,0.015032001,0.08999082,6.004114e-05,0.0015335759
484,0.051254537,0.8294636,0.030646972,0.06883136,0.010252392,0.009148853,4.690491e-05,0.00035538865
485,0.061767723,0.6420818,0.04243512,0.2158736,0.022004256,0.015193857,1.9951183e-05,0.000623722
486,0.026912518,0.6844208,0.048966072,0.21104236,0.022302195,0.0059895595,1.2782131e-05,0.00035381454
487,0.047145143,0.84590137,0.024919875,0.051952887,0.027560636,0.0018134573,0.00016971705,0.00053686294
488,0.14372282,0.44334108,0.15383656,0.079788685,0.124640375,0.043603502,0.00023233885,0.010834642
489,0.17627479,0.5751602,0.056689497,0.02625573,0.14837512,0.0080848895,0.0004052016,0.008754598
490,0.13632388,0.43080842,0.13718715,0.02778027,0.24101724,0.011004223,0.0005681435,0.015310671
491,0.10625534,0.43468234,0.1675675,0.030521648,0.23507091,0.007191787,0.00052250223,0.018187962
492,0.10629663,0.6543749,0.085702725,0.012380043,0.1259931,0.0031113098,0.0003440567,0.011797246
493,0.110071346,0.467342,0.14410694,0.016633216,0.23592831,0.004582827,0.00077041367,0.020564955
494,0.11260577,0.59772456,0.09073857,0.013860451,0.16174026,0.003172266,0.0006271317,0.019531047
495,0.110621765,0.59388953,0.1366811,0.014601875,0.11438269,0.008376596,0.00046155092,0.020984884
496,0.16694744,0.3646493,0.17788702,0.06681496,0.14725533,0.035062343,0.00046081078,0.040922794
497,0.1545914,0.18295352,0.20941627,0.12033337,0.22198336,0.033900484,9.316493e-05,0.0767284
498,0.14486131,0.008927491,0.28534833,0.045858905,0.44754177,0.01364501,0.0005398962,0.05327725
499,0.1576546,0.0048257653,0.23044099,0.042213187,0.49868527,0.0136960205,0.00043227026,0.052051913
500,0.17089573,0.025315035,0.24129853,0.03356061,0.40363413,0.024848191,0.00033550075,0.100112274
501,0.13845891,0.020323124,0.20101462,0.049231704,0.3628705,0.020335516,0.00023117334,0.20753446
502,0.13341638,0.007995611,0.22525877,0.07709001,0.4245921,0.011095069,0.0003305012,0.1202215
503,0.12869532,0.0041768886,0.23038083,0.071283706,0.43306693,0.009262466,0.00059816684,0.1225357
504,0.13948545,0.002344907,0.23671782,0.06400377,0.45978492,0.00887595,0.00048373657,0.08830346
505,0.13767804,0.0022053444,0.25776345,0.054311365,0.45960587,0.010322443,0.00040827613,0.07770518
506,0.14109893,0.0073682405,0.2614418,0.051624313,0.41451827,0.017242232,0.00024529157,0.1064609
507,0.14299671,0.014928234,0.27916887,0.04121333,0.38227794,0.022719448,0.00023474294,0.116460636
508,0.13835436,0.021251082,0.269196,0.031836197,0.37809575,0.02033045,0.00031780184,0.14061828
509,0.16023795,0.0063271224,0.24075213,0.029543767,0.49394464,0.009673185,0.0006995546,0.05882166
510,0.14154401,0.07676926,0.22825584,0.017478857,0.43801907,0.012867871,0.0006678224,0.08439724
511,0.12944762,0.27603427,0.1875671,0.018686008,0.31794047,0.010543656,0.0009629035,0.05881794
512,0.12815988,0.5713597,0.096143864,0.009558753,0.16802399,0.0052453084,0.00061385875,0.020894598
513,0.16353111,0.58520794,0.05866962,0.007599651,0.15413508,0.008127646,0.0009830992,0.021745937
514,0.121094905,0.5079866,0.11938939,0.022420561,0.20299321,0.0061035845,0.0010830527,0.018928714
515,0.12655093,0.4708099,0.125843,0.03977254,0.2150737,0.007759651,0.0002994135,0.013890781
516,0.12851924,0.62352777,0.05129924,0.08550792,0.10220576,0.006074713,0.0005799537,0.002285402
517,0.05516406,0.4384886,0.15347444,0.17346737,0.11338448,0.05237557,0.00022460966,0.013420834
518,0.059708215,0.797539,0.047872752,0.05259066,0.013406291,0.026534727,0.0014828419,0.00086547143
519,0.03771366,0.6346069,0.07432831,0.17330241,0.06866446,0.0032824187,0.005964159,0.002137691
520,0.015915733,0.956916,0.00525323,0.017208213,0.002387108,0.0011601871,0.0011302256,2.9324312e-05
521,0.024498349,0.9408488,0.009232349,0.014177248,0.0007961901,0.010377257,5.064509e-05,1.90743e-05
522,0.06533242,0.6685841,0.11108091,0.073504545,0.034516945,0.04368546,0.0005605784,0.002735102
523,0.040510375,0.8074814,0.04419034,0.0713188,0.024218842,0.010821557,0.00044477737,0.0010138873
524,0.10305556,0.5393597,0.072377436,0.13231051,0.1429322,0.0049593775,0.00015633233,0.0048488434
525,0.073329486,0.69655985,0.059110016,0.13028702,0.028373342,0.011651695,4.7602825e-05,0.0006409601
526,0.068093106,0.5120453,0.10382172,0.22748828,0.036249824,0.05055552,3.945904e-05,0.0017067654
527,0.038912937,0.3952719,0.2066702,0.28538153,0.03408613,0.0379708,3.8791277e-06,0.0017026181
528,0.14754759,0.5283143,0.08751695,0.054186877,0.1627361,0.010169266,0.000517496,0.009011383
529,0.18727127,0.4575634,0.10511613,0.04800493,0.17481832,0.0171736,0.0010759634,0.008976446
530,0.16055115,0.4939995,0.111358784,0.055448044,0.14766507,0.021130651,0.000898441,0.00894841
531,0.10463593,0.4667544,0.14491744,0.03739454,0.22247422,0.005126709,0.00042369223,0.01827304
532,0.100179166,0.51450527,0.14695549,0.014024047,0.19636144,0.0047027604,0.00059962826,0.022672314
533,0.105923064,0.5825891,0.13020112,0.012880313,0.14502116,0.0040078727,0.00091547775,0.018461946
534,0.12030006,0.44924933,0.196965,0.018703122,0.16941836,0.012570515,0.0005984534,0.032195214
535,0.107560046,0.16426177,0.27052236,0.041571975,0.34205383,0.009486562,0.00048381314,0.064059645
536,0.10045906,0.27683717,0.22489077,0.03699774,0.26215145,0.010488963,0.00056595827,0.08760894
537,0.13672274,0.08209751,0.24372417,0.08109487,0.28225133,0.020420657,7.305366e-05,0.15361562
538,0.15319385,0.06254595,0.1679393,0.09111973,0.38822168,0.016550992,6.72739e-05,0.12036117
539,0.1666973,0.0045658075,0.19305344,0.06267536,0.5048439,0.011821212,0.0002113906,0.056131568
540,0.15886725,0.0045533143,0.19169721,0.061003987,0.50524485,0.00829828,0.00019539385,0.07013972
541,0.15746766,0.009525753,0.21771632,0.031935122,0.46099368,0.015737897,0.000402646,0.10622095
542,0.15580335,0.025515415,0.2216712,0.0328336,0.39699104,0.028153308,0.00033447673,0.13869764
543,0.14204222,0.0032109553,0.21265778,0.0802944,0.45847744,0.007938624,0.0003914757,0.09498712
544,0.13998263,0.0022126385,0.21600059,0.07588021,0.47324926,0.0073133665,0.00049081934,0.08487046
545,0.14250481,0.005439717,0.22542454,0.076581046,0.44881293,0.0110299075,0.00047645325,0.08973067
546,0.13959913,0.007862034,0.27234045,0.04162957,0.42016268,0.015456955,0.00036127292,0.10258791
547,0.13199276,0.0036587128,0.24095088,0.06760382,0.46015084,0.009130601,0.00038647652,0.086125925
548,0.12828846,0.009264127,0.23198834,0.049425915,0.40160796,0.012168063,0.00032385692,0.16693324
549,0.13446043,0.010253974,0.22284538,0.047035884,0.41523802,0.01418097,0.0005459587,0.15543947
550,0.14958549,0.006487866,0.25635037,0.042393316,0.46172142,0.011894592,0.000556202,0.07101073
551,0.13012946,0.07958379,0.2668226,0.020404177,0.42133132,0.009810014,0.00046393267,0.07145472
552,0.12599258,0.33208445,0.17594989,0.014312763,0.30027163,0.008065885,0.0008255502,0.042497266
553,0.13201936,0.32648414,0.1759908,0.013331118,0.30743286,0.007508846,0.001021266,0.036211614
554,0.130911,0.48771608,0.12595427,0.019041656,0.20565659,0.006559861,0.0013464236,0.022814093
555,0.14404458,0.44762665,0.11534252,0.04334415,0.22531478,0.009821394,0.0006679404,0.013838041
556,0.18074189,0.5206666,0.064431176,0.04734748,0.15338531,0.021300761,0.0005744767,0.011552282
557,0.1247953,0.50765854,0.08979043,0.121623255,0.10118093,0.047679953,0.0003225474,0.006949014
558,0.06136384,0.70687354,0.048050493,0.12118663,0.048184533,0.012471414,0.00045325884,0.0014163429
559,0.06803498,0.48954526,0.14895874,0.16640839,0.09211237,0.02735589,0.0015127825,0.006071525
560,0.026976064,0.9492248,0.014573161,0.0038598538,0.0018617422,0.001451693,0.002031843,2.0859436e-05
561,0.052073203,0.6515736,0.12970428,0.080329984,0.023460755,0.05922172,0.0018520874,0.0017843525
562,0.057721235,0.7506677,0.091649555,0.037074424,0.042222098,0.01714347,0.00022533217,0.0032961417
563,0.07507346,0.4356754,0.1431539,0.1887184,0.10658165,0.04282623,0.00010872702,0.007862269
564,0.026888821,0.8115386,0.028791085,0.10414319,0.024061458,0.0036237934,0.00045551345,0.0004974806
565,0.14366697,0.48724797,0.086090885,0.090367936,0.18050838,0.0067621404,0.00023312835,0.0051225345
566,0.08365927,0.53418475,0.11289987,0.19483556,0.028835362,0.04395724,0.00011336594,0.0015145924
567,0.078959905,0.28231582,0.21201839,0.17310697,0.04209002,0.20423248,2.9132958e-05,0.007247237
568,0.118978426,0.1908776,0.2836225,0.119437315,0.05132893,0.2182491,0.00010270215,0.017403489
569,0.11689514,0.448621,0.12891054,0.030103184,0.24326767,0.0105878925,0.00081017567,0.020804366
570,0.109188624,0.51895785,0.093018785,0.034453195,0.21254098,0.0057473416,0.0010017533,0.025091434
571,0.1174767,0.57855403,0.12247287,0.012592191,0.15207171,0.0033473491,0.0005685066,0.012916574
572,0.11779882,0.54389715,0.14665852,0.017018024,0.14460753,0.009337223,0.00051718624,0.020165551
573,0.10654566,0.53715587,0.15342557,0.01653282,0.15571903,0.007417686,0.00054799137,0.02265529
574,0.108659364,0.3763574,0.20683762,0.023756733,0.23876247,0.00903844,0.0007139717,0.03587402
575,0.12875623,0.13594769,0.29064187,0.036565717,0.33766764,0.00966029,0.00043853864,0.060322087
576,0.1269264,0.007834401,0.28260282,0.052131582,0.46174955,0.008301902,0.0003590223,0.060094327
577,0.12320743,0.005227911,0.2926414,0.059863545,0.42918506,0.012083993,0.00029853804,0.07749208
578,0.13030069,0.012097257,0.19616055,0.06015804,0.39490226,0.01835794,0.00025686642,0.18776639
579,0.1345999,0.04650416,0.20009929,0.04250265,0.33847386,0.027141914,0.00032144075,0.21035677
580,0.13092937,0.012728966,0.20538367,0.0865263,0.43323463,0.010941961,0.00018095938,0.120074175
581,0.15733846,0.0031721366,0.19554958,0.05125862,0.50783575,0.008112013,0.0003293813,0.0764041
582,0.14780754,0.002609516,0.20485786,0.059216756,0.48984748,0.008003285,0.00025585748,0.0874017
583,0.14314196,0.0023245348,0.19674152,0.0403954,0.5206863,0.0061490354,0.00042415856,0.090137035
584,0.15905344,0.0016914967,0.21418597,0.036942083,0.49857217,0.009965834,0.0009834578,0.078605555
585,0.15366161,0.0015506973,0.20531072,0.06012902,0.48721626,0.008583207,0.00057554495,0.08297296
586,0.15199362,0.003848732,0.22679041,0.0549961,0.46120545,0.011787538,0.00082360464,0.088554524
587,0.14051856,0.0048584244,0.2389307,0.045638803,0.46527147,0.011357917,0.0004785979,0.092945546
588,0.1312767,0.0065895105,0.25801077,0.052645225,0.42953682,0.011402408,0.00034200735,0.1101965
589,0.13567019,0.0042494233,0.24722145,0.054233313,0.44860002,0.011050606,0.00051186036,0.09846307
590,0.16061036,0.0086094085,0.23198223,0.033018928,0.48342487,0.0137614785,0.0008030377,0.06778973
591,0.13989535,0.018008417,0.2686483,0.035130847,0.4547652,0.009793972,0.0005496538,0.073208265
592,0.1198584,0.05013378,0.31514767,0.028903179,0.42294538,0.0076461965,0.00034810093,0.055017307
593,0.11927632,0.5191364,0.12672652,0.00911422,0.19543661,0.004725347,0.00048008535,0.02510449
594,0.13946158,0.5649033,0.0846805,0.014416935,0.17445119,0.0046377187,0.0020142235,0.015434535
595,0.1418421,0.49202123,0.09893564,0.017055219,0.22601673,0.00555525,0.0010326596,0.017541163
596,0.15898716,0.510282,0.07024445,0.045946274,0.19253697,0.006575669,0.0020411885,0.013386322
597,0.13708733,0.51260126,0.0802721,0.11350601,0.118644804,0.031047825,0.00064199936,0.006198635
598,0.067258194,0.54209596,0.09709246,0.16465472,0.10735043,0.014062242,0.0009849998,0.0065010088
599,0.036533713,0.7287785,0.048850935,0.13687669,0.03945317,0.007484283,0.00090856204,0.0011141828
600,0.05172857,0.8813067,0.029437581,0.019449499,0.004857187,0.01192815,0.0011417847,0.00015050372
601,0.020485744,0.95277137,0.015218278,0.0056569027,0.0010329228,0.002530385,0.0022928808,1.1543438e-05
602,0.026632924,0.87338203,0.04871874,0.009806996,0.0024431024,0.038759395,8.5957865e-05,0.00017087327
603,0.066925034,0.54377526,0.08000222,0.13444641,0.16897175,0.002815812,0.00017881871,0.0028846695
604,0.13081335,0.6178454,0.057882126,0.07344438,0.10772996,0.008401901,0.00046772158,0.0034150758
605,0.06560246,0.8008473,0.030997127,0.06195389,0.036348995,0.0030104162,0.0002718024,0.0009680235
606,0.14140774,0.5805183,0.06379281,0.04442028,0.15497294,0.004846672,0.00073978276,0.00930143
607,0.16889217,0.4883402,0.0839217,0.101919524,0.1263817,0.018760951,0.00043195917,0.011351854
608,0.12804434,0.37278816,0.26414773,0.10041114,0.04737595,0.08000364,4.7456666e-05,0.007181559
609,0.108137526,0.20473075,0.2650618,0.13700077,0.028178908,0.24795677,2.4572306e-05,0.008908918
610,0.12750566,0.5111702,0.089876816,0.04728398,0.19701679,0.010550724,0.00048017997,0.016115643
611,0.116832495,0.52723235,0.08549359,0.034315396,0.21206911,0.0028777556,0.0021471614,0.01903224
612,0.10989585,0.47235212,0.12413145,0.029194776,0.23518021,0.005331678,0.001160413,0.02275348
613,0.09843198,0.5657229,0.14159216,0.015992885,0.15349731,0.004339991,0.00047370666,0.019949088
614,0.11569879,0.466958,0.16125432,0.02196173,0.20121053,0.00659122,0.00091000804,0.025415469
615,0.10425952,0.20654678,0.24182256,0.03217852,0.31919673,0.009938274,0.0006793466,0.08537823
616,0.111152545,0.015850604,0.30424288,0.058083985,0.42599416,0.008222881,0.0003812241,0.07607174
617,0.14687294,0.004752794,0.261537,0.0544975,0.4105732,0.025970677,0.0002573602,0.09553858
618,0.14489879,0.0030185722,0.2252011,0.06775758,0.4900674,0.011415911,0.00023557198,0.057405114
619,0.1410376,0.011060707,0.22704628,0.06693951,0.3748106,0.023058226,0.00015477007,0.15589225
620,0.15341453,0.017904397,0.21286008,0.05788106,0.35965306,0.029444069,9.2292204e-05,0.1687505
621,0.123221606,0.013984542,0.24268213,0.055418726,0.38571027,0.017435484,0.00024183089,0.16130547
622,0.14594652,0.004316851,0.18473543,0.054574125,0.5133648,0.006219828,0.00031346426,0.09052904
623,0.14508381,0.0018187168,0.18594024,0.054522827,0.5163914,0.006751131,0.00040603077,0.08908588
624,0.14417669,0.0015349148,0.18724455,0.04501132,0.52455056,0.0062199063,0.00041199752,0.09085007
625,0.15553173,0.0015347493,0.2130633,0.035378452,0.50251245,0.009331596,0.0011324863,0.081515156
626,0.16038205,0.0021652372,0.21435782,0.040827285,0.4947658,0.009255745,0.0010774988,0.07716862
627,0.14916633,0.003261358,0.22024648,0.0544801,0.48275843,0.009632134,0.00086321996,0.079591945
628,0.13336185,0.0048801894,0.2364947,0.058828887,0.47169632,0.009364168,0.00048041213,0.08489346
629,0.13906623,0.0044591217,0.24438179,0.0558844,0.44951174,0.010758503,0.00042202006,0.09551618
630,0.13333817,0.017678421,0.22500217,0.0392294,0.39545822,0.015143206,0.0005977358,0.17355265
631,0.15570228,0.02473978,0.25287765,0.035812587,0.39613575,0.024056206,0.00031799692,0.11035772
632,0.1308667,0.1632231,0.2300728,0.01842391,0.3438007,0.017036114,0.00062531634,0.09595129
633,0.114051685,0.28579086,0.21656913,0.013506015,0.31229335,0.008500298,0.0006853252,0.04860326
634,0.1314172,0.5321805,0.09864141,0.013776566,0.19684535,0.005587695,0.00066222297,0.020889087
635,0.16427661,0.61408126,0.079315625,0.013428975,0.104099676,0.009121447,0.0019533113,0.013723145
636,0.1741555,0.5586084,0.053881906,0.027266964,0.16736384,0.005881183,0.0018368771,0.0110053085
637,0.1901907,0.48844984,0.06558295,0.050296605,0.17898831,0.014822799,0.0013998983,0.010268893
638,0.15302856,0.61885446,0.05882719,0.07441737,0.082416214,0.009003072,0.00063657376,0.0028165139
639,0.044407737,0.71660894,0.063653186,0.12855737,0.034182537,0.010719588,0.0005868246,0.0012838444
640,0.051350363,0.5728613,0.093106985,0.17821796,0.09226324,0.007197741,0.0018097614,0.003192583
641,0.04138531,0.9280193,0.01605908,0.0060137697,0.0011468331,0.006569924,0.00078520935,2.0577243e-05
642,0.14794047,0.47476807,0.17346789,0.03536238,0.047444608,0.08979125,0.01660999,0.014615351
643,0.0072669466,0.96468866,0.0030222249,0.010530812,0.00029299164,0.014000865,0.00018110195,1.6400878e-05
644,0.057512492,0.54785895,0.08457176,0.132514,0.032716207,0.14194722,0.00024273041,0.0026365477
645,0.04620841,0.6294707,0.085772425,0.12750809,0.06126405,0.04440241,0.0001693791,0.005204494
646,0.10229484,0.548923,0.07277777,0.09350808,0.17011711,0.0055657583,0.00025047007,0.0065630055
647,0.14357536,0.67813426,0.045587536,0.046700947,0.08021156,0.0029426464,0.00022550696,0.0026222595
648,0.079929516,0.5047122,0.11536077,0.059502993,0.20824216,0.0045818165,0.00014654481,0.027523944
649,0.11239588,0.54574835,0.0833962,0.09463896,0.1502535,0.0048872554,4.2334545e-05,0.008637538
650,0.16629723,0.5245982,0.11678343,0.09953882,0.027365662,0.06152946,9.71489e-05,0.0037900864
651,0.14247468,0.49923918,0.17258194,0.0866439,0.02687346,0.06487771,0.00041731918,0.006891862
652,0.14729051,0.54437774,0.10229378,0.043982916,0.13825022,0.009391845,0.000614232,0.013798707
653,0.11523616,0.5699773,0.090200946,0.0239251,0.17435488,0.0047324076,0.00062066666,0.020952553
654,0.10912775,0.45313293,0.1676707,0.024387946,0.21339487,0.0059964014,0.00073119556,0.025558226
655,0.09629501,0.2525141,0.22821407,0.037634727,0.31304184,0.0058338167,0.0008822436,0.06558423
656,0.102349944,0.047364414,0.27863973,0.05887913,0.42845398,0.005730689,0.0006351761,0.0779469
657,0.1339238,0.007493776,0.20825396,0.05978554,0.5054365,0.010060918,0.0006677429,0.074377805
658,0.12625484,0.0036626416,0.24675047,0.053241022,0.49074975,0.010530211,0.0003143999,0.06849668
659,0.13177805,0.005105197,0.22055595,0.043734364,0.4285271,0.016710464,0.00021851773,0.15337034
660,0.12155523,0.0048627527,0.19856668,0.059131924,0.43691128,0.013829504,0.00014870743,0.16499393
661,0.10964263,0.0034848074,0.19132434,0.07346805,0.48357585,0.007734812,0.0002686335,0.13050081
662,0.13554358,0.013164808,0.20803249,0.07814708,0.48161253,0.013886937,0.00015063578,0.06946191
663,0.1379913,0.0011879206,0.25149903,0.06634481,0.46309328,0.011689549,0.00010270661,0.06809141
664,0.14388302,0.0013314324,0.22300655,0.064731635,0.48489162,0.007253302,0.00026859212,0.07463389
665,0.16011842,0.0013962319,0.20549236,0.041791696,0.50801396,0.007876564,0.0005536059,0.07475713
666,0.1441067,0.00137754,0.19961314,0.05852681,0.5025059,0.0070420536,0.00048473582,0.086343125
667,0.15691867,0.0013974311,0.20349969,0.04881895,0.50352556,0.008468712,0.0006108104,0.07676017
668,0.1464203,0.0021986845,0.21792912,0.057679303,0.49135423,0.007796082,0.0010815555,0.07554073
669,0.13450658,0.010914698,0.19002137,0.0673075,0.45160422,0.009938873,0.00077517866,0.13493164
670,0.14580348,0.020470679,0.2518856,0.03956395,0.39500242,0.019131728,0.0003160168,0.12782617
671,0.14318572,0.0125021385,0.24289748,0.038777217,0.4130159,0.020268628,0.00038442152,0.12896849
672,0.15134323,0.014284869,0.255932,0.02645928,0.45298302,0.014615422,0.00079563516,0.08358654
673,0.14171399,0.14066574,0.26798123,0.031029256,0.27699515,0.032326672,0.00026613937,0.1090218
674,0.15747905,0.33698288,0.22614515,0.026984975,0.19198208,0.029226068,0.00053036335,0.030669495
675,0.13436417,0.5969397,0.0901863,0.008825393,0.14090215,0.007207226,0.00048506382,0.02109011
676,0.14746453,0.5639039,0.08399197,0.009624463,0.1693697,0.005680663,0.0015262851,0.018438462
677,0.1719388,0.6004176,0.087459885,0.0188159,0.10054552,0.009987235,0.0008328347,0.0100022275
678,0.13831466,0.66803795,0.073583454,0.022345448,0.08015706,0.011277828,0.0011072231,0.0051763137
679,0.10240774,0.517881,0.07496648,0.1349388,0.14708363,0.01548681,0.000704769,0.006530853
680,0.07828135,0.65231436,0.06896991,0.11809298,0.06374526,0.01610409,0.00034972708,0.0021422573
681,0.047470063,0.4209438,0.12102938,0.28468072,0.10910083,0.009648771,0.0010044924,0.006121899
682,0.10103442,0.7564182,0.04777315,0.022208666,0.0069372426,0.064536884,0.00062053045,0.00047084296
683,0.107487366,0.8029844,0.039488416,0.010629593,0.011220267,0.02594059,0.0019721962,0.00027716934
684,0.010387646,0.94458485,0.003045227,0.03727081,0.0038325829,0.0006623868,0.00016019381,5.6291497e-05
685,0.025932109,0.65413576,0.060274713,0.20072603,0.049689908,0.0069711767,0.00024976328,0.0020205579
686,0.04092061,0.6486835,0.058963876,0.17211501,0.067769386,0.009525107,0.0001809006,0.0018416769
687,0.044179637,0.5182185,0.099976376,0.19892663,0.12207023,0.0073241754,0.00030991275,0.008994447
688,0.09123446,0.73869133,0.06214449,0.0643511,0.039505616,0.002971479,1.2924938e-05,0.0010885904
689,0.07670956,0.6536763,0.09969691,0.04998115,0.11444545,0.0015614806,4.040908e-06,0.0039251186
690,0.09163122,0.44674394,0.13226195,0.101244606,0.20487958,0.007985629,2.9364332e-05,0.015223652
691,0.15042931,0.362936,0.17696501,0.09560907,0.08845599,0.10783802,0.00013618854,0.017630478
692,0.15588407,0.5256138,0.1444402,0.07236596,0.035053838,0.06181996,0.00013264672,0.004689526
693,0.16866641,0.51913,0.12998794,0.07260866,0.065745406,0.034905076,0.0008482424,0.0081082
694,0.11372682,0.6224547,0.094332054,0.014962159,0.13375309,0.0034127517,0.00061767705,0.01674079
695,0.10327068,0.56636786,0.12888904,0.01948429,0.1545517,0.0047446783,0.0005348742,0.022156872
696,0.1208313,0.10599968,0.2358992,0.053745657,0.3890243,0.0088427765,0.0006256424,0.08503148
697,0.143153,0.006771352,0.24140047,0.0379824,0.48324376,0.013513449,0.00082145416,0.07311412
698,0.1512944,0.0067369784,0.24728173,0.02648225,0.46825862,0.017614642,0.00080107467,0.08153035
699,0.13186902,0.007090142,0.22708213,0.049605295,0.38383117,0.02947028,0.00019285046,0.17085907
700,0.13431017,0.0045210514,0.2025766,0.051662613,0.5099553,0.008347931,0.00026973654,0.0883566
701,0.12051659,0.0077326763,0.182331,0.05594381,0.43051836,0.010971259,0.00022114633,0.19176514
702,0.1262612,0.0036315739,0.21382698,0.073142976,0.4391701,0.009290688,0.00026140304,0.13441506
703,0.119957626,0.0017060697,0.20610522,0.08540232,0.49125487,0.0070656654,0.00010916209,0.08839905
704,0.14726786,0.0028159488,0.24411651,0.068254486,0.45979753,0.015649356,0.0001348828,0.06196349
705,0.14918643,0.002366788,0.26873747,0.0427819,0.44602272,0.017749103,0.00034854314,0.072807066
706,0.13951574,0.0021972463,0.23045282,0.050909664,0.48534852,0.008267195,0.0007451287,0.08256369
707,0.14382735,0.0016894545,0.19802217,0.0460045,0.52039576,0.006163501,0.0005922652,0.083305076
708,0.14870286,0.0042423857,0.186073,0.04304304,0.5104386,0.008228775,0.00069958967,0.09857181
709,0.14833002,0.011405735,0.18355827,0.06264169,0.48261806,0.008594047,0.00078146375,0.10207076
710,0.14384283,0.026558869,0.19397615,0.02690621,0.4023257,0.01904086,0.00089081534,0.1864586
711,0.16830896,0.029783837,0.2844717,0.023391614,0.34565282,0.039928164,0.00028045668,0.1081825
712,0.1712137,0.02223362,0.24898878,0.027369628,0.41603398,0.023168297,0.00039513045,0.09059682
713,0.14572273,0.024544677,0.27509925,0.023497216,0.44718358,0.013533596,0.0005855182,0.0698335
714,0.11752775,0.17882943,0.2730572,0.02026447,0.3314573,0.011168046,0.0006452275,0.0670506
715,0.1105195,0.654827,0.10415345,0.0068071266,0.09795189,0.006031144,0.00015798576,0.019551862
716,0.15899886,0.4176237,0.14154519,0.014647873,0.23431253,0.010602554,0.0006582808,0.021610975
717,0.14022866,0.51691914,0.089147456,0.014303798,0.22012644,0.0036777046,0.00028631618,0.015310394
718,0.15651962,0.54142725,0.091380455,0.013147611,0.17642811,0.0073045273,0.0006003437,0.0131921
719,0.20996235,0.5482984,0.06808066,0.020816056,0.13314408,0.013065477,0.0008449884,0.005787987
720,0.085715376,0.5648168,0.07842005,0.1380971,0.11479721,0.014125952,0.00023689115,0.0037907034
721,0.05533492,0.45565534,0.12697324,0.19803032,0.13322315,0.020128256,0.00031416328,0.010340704
722,0.03344443,0.33952266,0.12011353,0.3682374,0.12598875,0.0071123387,0.0015300723,0.0040507885
723,0.019486034,0.8552608,0.039477676,0.07043436,0.010930018,0.0034728937,0.00034714202,0.000591003
724,0.23675473,0.45726997,0.10104175,0.058328684,0.020530108,0.12333728,0.0011571835,0.0015803411
725,0.014763279,0.9014399,0.007967099,0.065780856,0.00769959,0.001939865,0.00016530696,0.00024406418
726,0.042024206,0.692892,0.072877705,0.1271209,0.044577748,0.017691901,0.00016544704,0.0026501056
727,0.05748016,0.5847619,0.081751466,0.20586449,0.056102708,0.011950433,0.00013733239,0.0019515842
728,0.052298833,0.89145416,0.019006792,0.024785455,0.0074943663,0.004380938,0.00026129684,0.00031817146
729,0.09060649,0.5289437,0.07246373,0.23158519,0.064662226,0.010178985,6.8896996e-05,0.0014906895
730,0.081710264,0.5484,0.16386801,0.12627488,0.072963335,0.0052490467,1.3969623e-06,0.0015331552
731,0.1468706,0.3936686,0.118508406,0.13963294,0.18147714,0.014271343,4.6716603e-05,0.0055242926
732,0.095705576,0.6710733,0.14717379,0.019020569,0.0578274,0.0025243945,7.779152e-05,0.0065972586
733,0.18884607,0.64135826,0.07445727,0.0372932,0.04057494,0.010173032,0.0004738805,0.006823354
734,0.17974792,0.5852844,0.08161425,0.049821064,0.05915281,0.028753238,0.00068678975,0.014939534
735,0.12399283,0.5420883,0.116376385,0.027912492,0.15840097,0.00641687,0.00049705704,0.02431503
736,0.10160623,0.54001063,0.15904501,0.014492271,0.15255749,0.0063063954,0.00043612608,0.025545822
737,0.12436324,0.031263527,0.21468823,0.05779885,0.4526718,0.008447182,0.0007877836,0.10997939
738,0.13752602,0.007899407,0.2483308,0.03460702,0.48884112,0.011832287,0.00067359884,0.070289776
739,0.14673182,0.005634073,0.22648017,0.046561655,0.450177,0.019865368,0.00030741267,0.1042425
740,0.111939885,0.011236487,0.20240644,0.07128036,0.3517334,0.024275802,0.00011100919,0.22701657
741,0.124303825,0.008046633,0.19253495,0.04824378,0.43120787,0.01755382,0.0002655694,0.17784357
742,0.1287975,0.006893544,0.21667095,0.047488622,0.4075437,0.018013574,0.00020609814,0.17438598
743,0.12173787,0.0031158028,0.2636893,0.06545656,0.4226736,0.015382933,9.737796e-05,0.10784649
744,0.12926547,0.0025961753,0.26243094,0.047788754,0.45206797,0.011080448,0.00035542896,0.094414815
745,0.1391331,0.0039080633,0.25516212,0.05230145,0.45481184,0.017981853,0.00028342605,0.076418124
746,0.14140528,0.004394962,0.27996922,0.03891089,0.42645222,0.019579262,0.0002895287,0.08899862
747,0.13634783,0.005714556,0.27813056,0.0482355,0.41932955,0.017059527,0.00041488194,0.09476757
748,0.15697919,0.0036936589,0.23033914,0.040089186,0.47250706,0.012573088,0.00092791783,0.08289073
749,0.14928782,0.01864902,0.23659797,0.042307753,0.42678878,0.014868555,0.0004763521,0.111023776
750,0.13628595,0.007926473,0.19680002,0.049479388,0.51029074,0.008026775,0.0012153307,0.08997525
751,0.15427528,0.012635472,0.19552477,0.035045,0.46398622,0.012455365,0.0005864844,0.1254914
752,0.154519,0.014011887,0.20173119,0.039696198,0.4771282,0.014281329,0.0006207773,0.098011434
753,0.17736262,0.04543524,0.22463933,0.028326603,0.42027754,0.025493119,0.00035880084,0.07810673
754,0.11902885,0.23825195,0.21204853,0.019204618,0.3306985,0.010107056,0.0010522229,0.0696083
755,0.13474947,0.30786285,0.19455832,0.009508162,0.30188954,0.008879471,0.00095294026,0.041599303
756,0.13072605,0.6421644,0.06849415,0.006535745,0.12281445,0.0053120786,0.0005209756,0.02343215
757,0.13386191,0.4910714,0.111501694,0.016780363,0.2189065,0.006506325,0.0006907283,0.020680986
758,0.14610879,0.57224166,0.09027318,0.011581982,0.16052935,0.004228421,0.00093559525,0.014101053
759,0.12432691,0.5135001,0.09359826,0.02034184,0.2273873,0.0036564192,0.00036482923,0.016824324
760,0.18010864,0.5672818,0.075989515,0.023390785,0.13855866,0.008715104,0.00022806099,0.005727498
761,0.16495341,0.5675566,0.081350006,0.041822944,0.11927343,0.020343918,0.0002625126,0.0044371234
762,0.06643648,0.5620577,0.0929236,0.11819621,0.07242566,0.082514256,0.00032325045,0.005122857
763,0.024459261,0.6736559,0.046683684,0.18347912,0.06737929,0.0020516494,0.0006182517,0.0016727962
764,0.031061146,0.94553924,0.0054945564,0.008541211,0.0013971691,0.0060228244,0.0019271913,1.657396e-05
765,0.0072149266,0.9782303,0.002242492,0.009996285,0.00048392132,0.0016382316,0.00018780888,6.0655666e-06
766,0.034886867,0.36067364,0.11203516,0.37219673,0.104452595,0.011411985,0.0004022505,0.003940846
767,0.062177457,0.4233496,0.1292936,0.2634845,0.08852706,0.02931272,6.351783e-05,0.00379156
768,0.08662055,0.50178957,0.08056134,0.23288354,0.076897725,0.019594772,0.00011806836,0.0015344301
769,0.0892232,0.6720805,0.06070373,0.11548901,0.052817464,0.00840601,3.2343876e-05,0.0012477539
770,0.10383787,0.6187119,0.04997058,0.04830977,0.16701491,0.0034460032,0.00042752316,0.008281449
771,0.12566581,0.71013904,0.06528234,0.014706673,0.077605456,0.0031214305,5.3536146e-06,0.0034738972
772,0.096792005,0.6706367,0.10776274,0.01916771,0.097581945,0.0031041224,2.2912398e-06,0.00495254
773,0.10760286,0.5356808,0.155373,0.016392147,0.15515067,0.008110344,0.00027810707,0.021412123
774,0.088671006,0.4649324,0.21567269,0.022793636,0.1698143,0.0067979484,0.00025946545,0.031058533
775,0.16916904,0.3469182,0.15638559,0.080918446,0.17791358,0.021715552,0.0005549725,0.046424672
776,0.11140491,0.08805723,0.22854143,0.10005125,0.3435626,0.011461845,0.00024887733,0.116671905
777,0.13281904,0.077219516,0.28738502,0.05410169,0.31475276,0.020366639,0.00024358893,0.11311176
778,0.12329928,0.011966746,0.24428275,0.052339613,0.34961247,0.025331687,0.00023377409,0.19293372
779,0.13806777,0.0059147286,0.20650133,0.056278534,0.51220715,0.010241752,0.00038435755,0.0704044
780,0.12574285,0.0076277633,0.2274311,0.07879023,0.39827904,0.018427275,0.00017386308,0.14352782
781,0.12543647,0.010121781,0.20185117,0.049639795,0.355766,0.024423147,0.00017755217,0.23258407
782,0.112972274,0.008148872,0.18603566,0.067825474,0.39062595,0.017437303,0.00013203584,0.21682243
783,0.11576995,0.006224964,0.20862566,0.06684864,0.43447402,0.014247334,0.00017362549,0.1536358
784,0.1329114,0.0053545465,0.25025207,0.06632784,0.44171357,0.014574394,0.00017595282,0.088690236
785,0.13940321,0.0026390236,0.26154286,0.055866096,0.447222,0.017972767,0.00017003079,0.07518399
786,0.13184498,0.0059736497,0.26040542,0.046515416,0.44562757,0.016178777,0.00030043392,0.093153745
787,0.1410127,0.0071348073,0.27372825,0.040322408,0.4194768,0.020172657,0.00032053457,0.09783183
788,0.14633057,0.0058707744,0.18922783,0.053800423,0.47597975,0.011202019,0.0005947155,0.116993934
789,0.13567047,0.008155972,0.18370244,0.06030647,0.4916556,0.0076148068,0.0006679463,0.11222626
790,0.15156671,0.008038777,0.19721219,0.054279696,0.4666016,0.011536993,0.00069520174,0.11006885
791,0.15533094,0.0056152665,0.19028305,0.040472835,0.505037,0.011800066,0.0012973537,0.09016353
792,0.15539819,0.0047250655,0.18918794,0.031596314,0.5214687,0.01055528,0.0013922374,0.08567629
793,0.17023014,0.020061346,0.18281272,0.036175054,0.51486385,0.012851073,0.000791658,0.0622142
794,0.17718649,0.11179897,0.14580199,0.03303687,0.4787181,0.010292369,0.000688341,0.04247686
795,0.15733722,0.366015,0.16816859,0.029338228,0.22763927,0.01643633,0.0009781845,0.03408721
796,0.14092547,0.5898488,0.11136784,0.0091673685,0.120949335,0.008464446,0.0018155153,0.01746126
797,0.13659358,0.42953885,0.1257546,0.011809697,0.2636359,0.007398386,0.00044367506,0.024825292
798,0.13466619,0.49945095,0.124114454,0.011918763,0.21037336,0.004788839,0.00020883951,0.014478518
799,0.1577387,0.53075475,0.08384795,0.02455155,0.18794538,0.004964953,0.00056893623,0.0096277725
800,0.14739756,0.6785667,0.085039556,0.013703445,0.068095446,0.0038918853,0.0007500041,0.0025554039
801,0.15259612,0.49695083,0.06326262,0.057671778,0.21898536,0.005548347,0.0003649762,0.0046199216
802,0.10600507,0.68301433,0.04694809,0.06404485,0.09269969,0.0039914427,0.0008946067,0.0024019058
803,0.12591541,0.63051695,0.064450145,0.05859605,0.10220089,0.014947916,0.0004298666,0.0029427598
804,0.07994016,0.82724917,0.023332495,0.034569934,0.020558031,0.01020062,0.0036061078,0.0005434434
805,0.013596978,0.97171175,0.0028004928,0.008582969,0.0010457146,0.00031692162,0.0019422576,2.9533794e-06
806,0.023472937,0.9530042,0.004226025,0.012032531,0.0029220541,0.0018094375,0.0024141327,0.000118767544
807,0.06340283,0.703186,0.055581193,0.124186166,0.04446389,0.0074617257,0.00026424517,0.0014539968
808,0.045138773,0.65194756,0.074786775,0.16294701,0.056555208,0.006799538,3.891216e-05,0.0017861575
809,0.07694583,0.4745149,0.11316447,0.2549739,0.059850156,0.019063989,5.1108975e-05,0.0014355814
810,0.13657248,0.4709349,0.06048424,0.20998481,0.11138039,0.007872514,0.00013037701,0.0026403053
811,0.08929845,0.6347892,0.07309013,0.032849666,0.16210857,0.0017762765,5.295131e-05,0.0060347207
812,0.07864063,0.46769762,0.15815078,0.05982771,0.22300959,0.0027794647,6.784245e-05,0.009826359
813,0.08442473,0.5966357,0.11186868,0.016370367,0.17833273,0.0010757281,6.804118e-06,0.01128527
814,0.11310382,0.32068372,0.20841698,0.02085945,0.2968167,0.0074348794,0.0004349608,0.03224951
815,0.07590804,0.3162875,0.30328187,0.020506654,0.22196464,0.0056110267,0.00015420566,0.05628605
816,0.10367699,0.01782499,0.23052812,0.10228614,0.4617102,0.005610249,0.00042825306,0.07793503
817,0.1067863,0.015839301,0.21772084,0.085935414,0.4315828,0.0073746294,0.00030253243,0.13445821
818,0.12167201,0.020897223,0.27012762,0.06567064,0.37127954,0.019903107,0.00014047557,0.13030937
819,0.11910064,0.009161233,0.21166486,0.06494873,0.45254427,0.00960618,0.00021487806,0.13275923
820,0.13683191,0.005347412,0.20570295,0.05994173,0.51033103,0.009715033,0.000402569,0.07172736
821,0.13547324,0.0075780954,0.20754005,0.084659494,0.44162348,0.01442309,0.00016146345,0.1085411
822,0.11294277,0.0069334833,0.19002077,0.08022251,0.43074322,0.011475703,0.00017175115,0.1674898
823,0.11657005,0.0071174004,0.20236419,0.06003614,0.39893955,0.018785078,0.00014415906,0.19604345
824,0.13103883,0.0072211986,0.24621415,0.057691846,0.37602937,0.02334814,0.00011691756,0.15833956
825,0.13279139,0.005510059,0.26566485,0.061586518,0.39669475,0.018247508,8.753938e-05,0.11941738
826,0.13096884,0.0024183046,0.26129955,0.05955011,0.44510722,0.016728222,0.00019563787,0.0837321
827,0.13743496,0.0038493539,0.25401843,0.04409954,0.44662273,0.0141018145,0.000288366,0.09958475
828,0.13361405,0.012671569,0.23604898,0.047204733,0.41102436,0.01517862,0.0004498433,0.14380786
829,0.13550451,0.013478863,0.24208431,0.043406844,0.40692827,0.015441892,0.000410255,0.14274505
830,0.14328289,0.021971704,0.17973663,0.031459518,0.430303,0.014059753,0.0010957044,0.17809084
831,0.14290267,0.0151775945,0.20412116,0.03748612,0.46807498,0.012719022,0.0012094192,0.11830897
832,0.16395552,0.0073127183,0.1975149,0.024857977,0.50294954,0.013205132,0.0012563851,0.08894782
833,0.16921933,0.0083118165,0.18554752,0.024442434,0.51882535,0.0127906455,0.0010160125,0.079846896
834,0.16780826,0.018940497,0.1963285,0.025574842,0.49256143,0.015037405,0.0009618708,0.082787134
835,0.1413133,0.288897,0.1575908,0.018050574,0.33506268,0.010537154,0.0013271192,0.04722136
836,0.17499042,0.5197266,0.10145094,0.020160638,0.15212941,0.011529905,0.002523361,0.017488766
837,0.1923236,0.64335597,0.070985064,0.015074262,0.06324523,0.009299444,0.00066564966,0.005050869
838,0.12422189,0.60652614,0.06710538,0.021506378,0.1543252,0.0039340495,0.0014069687,0.020974003
839,0.13557944,0.6003175,0.08390911,0.0073074265,0.16212228,0.0028976838,0.00015475121,0.007711873
840,0.13929553,0.46382806,0.11824883,0.017419696,0.24382281,0.0049335756,0.000281157,0.01217041
841,0.122799955,0.4913797,0.12056925,0.054995723,0.18943045,0.013216227,0.0006068113,0.00700184
842,0.053541943,0.68681353,0.04829723,0.13534683,0.06071217,0.0130871115,0.00036967872,0.0018315574
843,0.090602964,0.6449199,0.06921293,0.08626112,0.03587687,0.07034584,0.00077210827,0.0020083438
844,0.09018615,0.744333,0.04499805,0.07943066,0.024721991,0.01451688,0.00074756704,0.0010657184
845,0.024194065,0.9617188,0.004938374,0.0046885107,0.0015509545,0.0020827772,0.00080644054,2.0050966e-05
846,0.09890587,0.7184532,0.03442794,0.044516444,0.019953663,0.023591202,0.05527085,0.00488081
847,0.06505805,0.8459496,0.023727966,0.0386069,0.014593828,0.009199772,0.0023530337,0.0005107857
848,0.086330846,0.7682863,0.03246971,0.058261704,0.048869453,0.0042434433,0.00033988064,0.0011986792
849,0.06611454,0.47095087,0.116836905,0.22446609,0.08773233,0.031018624,0.00012217894,0.0027585162
850,0.10479416,0.6140298,0.094775945,0.10754133,0.06865389,0.008227303,0.00014184168,0.001835701
851,0.10280267,0.47946075,0.090872854,0.13416393,0.17994569,0.009288572,7.366166e-05,0.0033918575
852,0.09234943,0.6583615,0.108755,0.021855675,0.1135986,0.0021911992,3.581e-06,0.002885058
853,0.10467679,0.6395854,0.123487115,0.014636938,0.10860153,0.0038719464,7.757615e-06,0.0051324805
854,0.09011174,0.42029488,0.20264801,0.02113527,0.2398348,0.0047284565,3.227397e-05,0.021214498
855,0.08495847,0.1591036,0.26569605,0.042288348,0.3928382,0.0044799913,0.00017925339,0.050456103
856,0.04770179,0.015476091,0.44712928,0.044770822,0.41081038,0.002658678,3.0419544e-05,0.031422548
857,0.11058842,0.006589249,0.2747761,0.053693652,0.48922405,0.007740887,0.00012979786,0.057257876
858,0.12905137,0.0044158464,0.24807635,0.051013336,0.4936751,0.008875124,0.0005468563,0.064345926
859,0.11295038,0.006953875,0.22804119,0.06382632,0.489319,0.0062735225,0.00029003213,0.09234569
860,0.1274323,0.010746128,0.198915,0.0658348,0.38918793,0.016968878,0.00017393395,0.19074096
861,0.14863509,0.007948874,0.19523692,0.0688916,0.4852811,0.009711385,0.0002692795,0.08402576
862,0.1325762,0.00998823,0.17927994,0.056429192,0.45693913,0.013075342,0.00029948176,0.1514125
863,0.13095292,0.015610643,0.1943946,0.056779575,0.38531974,0.020363603,0.00023371173,0.1963452
864,0.1184622,0.01016234,0.20849065,0.05991553,0.37073,0.022173665,0.00017540346,0.20989019
865,0.12249004,0.008063379,0.18982856,0.07720129,0.45599112,0.01069116,0.00019081906,0.13554367
866,0.125713,0.0062318584,0.21148011,0.050962012,0.3977186,0.019736027,0.00021120463,0.18794711
867,0.13463376,0.011251761,0.23636036,0.05947187,0.38626722,0.019430887,0.00022911985,0.15235509
868,0.12504716,0.0112613235,0.21555008,0.06066631,0.39780226,0.017260427,0.0002799477,0.17213254
869,0.14818287,0.0105321575,0.23014608,0.03794421,0.43828174,0.017393049,0.0004287464,0.11709117
870,0.14354055,0.004221591,0.21696997,0.053127248,0.48485732,0.010185872,0.00049416686,0.086603254
871,0.14699568,0.01040893,0.19844003,0.063468374,0.39046216,0.021217734,0.0001529243,0.16885419
872,0.15288915,0.025028627,0.17473157,0.031476136,0.45552126,0.015859557,0.00177359,0.14272018
873,0.16233969,0.00832289,0.1888923,0.029348625,0.5094618,0.013101758,0.0013290367,0.087203875
874,0.15217632,0.015123316,0.19549187,0.028278403,0.4908192,0.010946393,0.0011528885,0.10601167
875,0.10702545,0.27444568,0.16282235,0.030361071,0.34789038,0.0066613327,0.0009298702,0.06986383
876,0.11973121,0.34321693,0.13649738,0.021192485,0.33300266,0.006378283,0.0013296884,0.038651377
877,0.15005083,0.4237819,0.11820633,0.016790953,0.2672722,0.007172208,0.0005367865,0.016188798
878,0.14252025,0.58721304,0.08097155,0.016872136,0.1548058,0.0071862224,0.00061409693,0.009816829
879,0.16545951,0.3763833,0.11453453,0.07536939,0.18449926,0.06419138,0.00010935893,0.01945324
880,0.12271476,0.46586654,0.11356035,0.023516627,0.25020656,0.0047627483,0.00040322272,0.018969165
881,0.16337572,0.53691703,0.07483915,0.028520474,0.18323298,0.005289114,0.00048167538,0.007343825
882,0.13124768,0.5087955,0.09102272,0.056555897,0.19000374,0.014198421,0.00093556923,0.0072404016
883,0.093256116,0.43743208,0.12936518,0.12885232,0.14818573,0.053677443,0.00032851816,0.008902645
884,0.07123079,0.87109995,0.03239662,0.009738921,0.0024873517,0.012240104,0.0006447029,0.00016157387
885,0.14899473,0.66156656,0.04877545,0.026705528,0.006931184,0.10553025,0.0011254125,0.00037090442
886,0.06613542,0.90392685,0.013832949,0.0018473405,0.0003521666,0.012856618,0.0010365439,1.2130408e-05
887,0.06139289,0.8140778,0.05986852,0.039640136,0.007932377,0.0114023965,0.0053594704,0.00032641712
888,0.07830156,0.6697103,0.07436225,0.10625557,0.055577286,0.009957618,0.003804165,0.0020312406
889,0.0708146,0.51654845,0.09648533,0.2106165,0.08242757,0.020248612,0.00016880604,0.0026901246
890,0.092905186,0.43242106,0.10769379,0.20347685,0.10332389,0.05609963,0.00011587863,0.00396374
891,0.10220517,0.6228088,0.07599575,0.08447181,0.105581716,0.0055223363,2.1521446e-05,0.0033928882
892,0.10431612,0.62285954,0.09881869,0.026735045,0.13896841,0.0041944683,9.133949e-06,0.004098473
893,0.09512461,0.67540264,0.12833087,0.018489596,0.06909536,0.007697331,5.727647e-06,0.0058538117
894,0.09057099,0.5247275,0.19012,0.018822897,0.16179986,0.0035815174,4.00051e-05,0.010337223
895,0.08749671,0.44402844,0.24085973,0.017874485,0.19201626,0.0053306287,2.6960804e-05,0.012366781
896,0.070566826,0.3859397,0.2321588,0.023609769,0.26506272,0.0025522104,0.000114312235,0.019995712
897,0.08351834,0.015811086,0.363982,0.0510883,0.44054434,0.003689588,4.290607e-05,0.04132346
898,0.10592579,0.0029043662,0.28509247,0.0493173,0.49460116,0.005267999,0.00012862291,0.056762308
899,0.1284346,0.0042914534,0.2415346,0.050255477,0.50809205,0.0076640993,0.00045065113,0.05927707
900,0.13314557,0.0051523643,0.23830271,0.044818163,0.5047785,0.009519255,0.00043597535,0.06384745
901,0.143543,0.004990432,0.23290853,0.0376964,0.5135146,0.009463697,0.00050686405,0.05737648
902,0.1474739,0.006987027,0.21589124,0.061896075,0.47141072,0.012069783,0.000336252,0.08393499
903,0.14526045,0.009077502,0.20338878,0.06666313,0.47214413,0.011432249,0.00028970593,0.09174403
904,0.1305718,0.0070668017,0.20294434,0.06918371,0.45832518,0.014639647,0.00020572754,0.117062785
905,0.12952854,0.0076451073,0.22839539,0.055659465,0.39519572,0.022325642,0.00018650427,0.16106361
906,0.13231944,0.012141746,0.2012315,0.053705867,0.36561805,0.02437478,0.00013947317,0.21046911
907,0.13083766,0.008883409,0.17221275,0.058325943,0.43088916,0.009550435,0.00030245478,0.18899819
908,0.12754922,0.00597006,0.20828815,0.07456865,0.44287872,0.008692331,0.00032686724,0.13172601
909,0.13631304,0.007276287,0.22803983,0.057614032,0.40890628,0.019619212,0.0002669952,0.1419643
910,0.1438075,0.01299294,0.22206369,0.035373557,0.4037467,0.020742843,0.00032680092,0.16094601
911,0.14681837,0.0044674072,0.23502938,0.035474848,0.49302086,0.012385568,0.00077087665,0.07203274
912,0.14889678,0.012562217,0.21568218,0.031788632,0.47601515,0.014400718,0.000805905,0.09984846
913,0.14671856,0.015707454,0.20246579,0.03184723,0.45392725,0.016295874,0.0015060876,0.13153176
914,0.16059783,0.013044289,0.18219347,0.023514062,0.50815064,0.012480535,0.0014558458,0.09856339
915,0.105322264,0.19424568,0.18310325,0.02627558,0.40429872,0.005865741,0.000894216,0.07999452
916,0.09144018,0.5809957,0.09797548,0.010854553,0.18629298,0.0024032039,0.00040766143,0.029630225
917,0.105947256,0.45695347,0.11725782,0.021281736,0.26993698,0.0044497605,0.00070404785,0.023468971
918,0.145133,0.49631006,0.08810019,0.015239618,0.22935107,0.0065923273,0.00068352197,0.018590193
919,0.13582495,0.5903256,0.06454486,0.020167345,0.17403583,0.005095573,0.00014454895,0.009861323
920,0.15922777,0.38131902,0.17456701,0.09217749,0.14432137,0.0354134,0.0003410143,0.012632941
921,0.15999295,0.32515213,0.16462652,0.14129038,0.14651161,0.050439496,5.77432e-05,0.011929139
922,0.11581775,0.5454024,0.06941456,0.07992411,0.17735218,0.007935833,0.00091898267,0.0032340896
923,0.11903694,0.7010254,0.06285244,0.036721654,0.07006274,0.007644552,0.0007236457,0.0019326764
924,0.14162827,0.5425503,0.084564365,0.0731417,0.048446745,0.10616543,0.0005417735,0.0029613872
925,0.13990924,0.6994223,0.040576965,0.053048134,0.038277972,0.026358034,0.0007172305,0.0016900742
926,0.057485484,0.8909429,0.023409171,0.008408681,0.0012318083,0.017382756,0.0010778203,6.151924e-05
927,0.07894454,0.89141744,0.013576917,0.0018679991,0.00039625017,0.012007543,0.0017776124,1.1654562e-05
928,0.009935668,0.9283802,0.0067572803,0.046419207,0.008005078,0.0002313944,0.0002140095,5.714142e-05
929,0.022751607,0.89575005,0.012139742,0.052226774,0.011460046,0.0040024123,0.001101207,0.00056817394
930,0.018303214,0.93062127,0.0069076507,0.03602553,0.005958477,0.0017625747,0.000301053,0.00012023445
931,0.06442652,0.49504882,0.09586068,0.22816059,0.10751145,0.0069877505,5.7496964e-05,0.001946705
932,0.09665456,0.5221831,0.07529087,0.13071029,0.1643687,0.004761364,0.00046886696,0.0055621904
933,0.09706491,0.6556609,0.090927646,0.017526707,0.13126312,0.00356056,8.134116e-06,0.003987945
934,0.10450905,0.6322541,0.12485325,0.012532997,0.11985633,0.0026626317,1.0267141e-05,0.003321324
935,0.12266653,0.57467556,0.1003323,0.020251106,0.17428118,0.002703594,4.308683e-06,0.005085418
936,0.088160075,0.47443968,0.19694854,0.018788144,0.20677781,0.0030805352,2.0435184e-05,0.011784775
937,0.09149453,0.44069937,0.24176376,0.026026664,0.1883489,0.004313561,9.336909e-06,0.0073439223
938,0.10800088,0.39783794,0.20159383,0.022278907,0.23417929,0.0074933036,0.00032645414,0.028289437
939,0.09701084,0.24852128,0.25149226,0.032879945,0.3123778,0.0067589316,0.0002719862,0.05068701
940,0.1079387,0.010789193,0.26959467,0.057435803,0.4829798,0.006785264,0.0001324621,0.06434417
941,0.12637742,0.004721163,0.23134658,0.061058678,0.4891241,0.01054728,0.00034212507,0.07648265
942,0.13442723,0.0046789953,0.22899885,0.04510596,0.497586,0.011113272,0.0005338873,0.07755581
943,0.13051288,0.0035091622,0.266604,0.041123644,0.48979273,0.010062212,0.00051232945,0.057883054
944,0.12435529,0.012895347,0.21706723,0.06745738,0.39038277,0.01577425,0.000119955585,0.17194779
945,0.13124633,0.01097753,0.22776209,0.061030447,0.4085887,0.01721976,0.00025974904,0.14291546
946,0.13412647,0.005760247,0.22617576,0.059869263,0.4694755,0.012117819,0.00028656033,0.09218834
947,0.13572977,0.004723667,0.23470283,0.04761291,0.4645823,0.014546264,0.00033251365,0.09776977
948,0.15103178,0.010145537,0.20567699,0.057443175,0.41027927,0.023120202,0.000103055296,0.14220004
949,0.14512499,0.0034716558,0.19529851,0.07132538,0.4952787,0.008660262,0.00023175527,0.08060882
950,0.141626,0.022387499,0.18546425,0.051420137,0.37125543,0.020138534,0.0002105279,0.20749758
951,0.16240104,0.0075714346,0.21543543,0.027751474,0.50161624,0.011520524,0.0008236754,0.07288019
952,0.1451564,0.007278783,0.22912197,0.04320039,0.47036287,0.014895029,0.00039258154,0.08959199
953,0.14192869,0.0064305766,0.25002885,0.03599762,0.492711,0.0098377,0.00085162267,0.062213965
954,0.14213742,0.012969344,0.25166076,0.029528126,0.47871542,0.011644487,0.0010405835,0.07230383
955,0.15188101,0.012699704,0.21339487,0.024756704,0.4787974,0.016628008,0.00089992874,0.10094236
956,0.1423365,0.1086233,0.2007978,0.024630873,0.4350786,0.012054617,0.00096242665,0.0755159
957,0.12076374,0.32799268,0.14998548,0.016161473,0.3408036,0.0060849735,0.0013647776,0.036843233
958,0.11678643,0.4570065,0.11598708,0.014425462,0.26369408,0.0056152088,0.0007218564,0.025763351
959,0.11465793,0.5924218,0.07705137,0.011085216,0.18118404,0.0035495218,0.00078294333,0.019267162
960,0.1500266,0.56164956,0.06324957,0.014764871,0.18680221,0.00763205,0.00061912293,0.01525602
961,0.14140016,0.45775163,0.12385909,0.014473082,0.24527515,0.005314817,0.00020128016,0.01172472
962,0.15003341,0.42845443,0.12781158,0.046572156,0.22170936,0.011442467,0.0010288404,0.012947725
963,0.09855973,0.4027509,0.11019036,0.17354459,0.14616394,0.057523545,0.00022508226,0.011041818
964,0.08390288,0.7610381,0.037279177,0.06441287,0.046703413,0.004800275,0.0009075757,0.00095567474
965,0.14084868,0.55536103,0.058308538,0.11692265,0.101947054,0.023504594,0.00035088134,0.002756573
966,0.106083594,0.5141489,0.07943583,0.13486104,0.08843252,0.07179554,0.0004446086,0.0047979904
967,0.10306131,0.71749854,0.05027222,0.06094948,0.052465174,0.013334644,0.000751699,0.0016669387
968,0.042603932,0.9296613,0.0065959063,0.014091578,0.003846626,0.00243114,0.00070774014,6.1772516e-05
969,0.015294425,0.90928525,0.008110677,0.057283852,0.008801927,0.0004749258,0.00068276597,6.6190645e-05
970,0.008594964,0.9435997,0.0036335366,0.03855263,0.004743636,0.00032613275,0.00049972057,4.9626076e-05
971,0.015008265,0.8330358,0.013393233,0.10130158,0.03657637,0.00017513477,0.0002447203,0.00026482486
972,0.031458948,0.6609505,0.040126584,0.12853432,0.13675982,0.00048763063,0.00085208873,0.00083015556
973,0.06596059,0.5657761,0.06287248,0.19210123,0.1127,0.0003209537,8.021212e-06,0.00026062367
974,0.09922238,0.5601167,0.11080431,0.042402823,0.1785846,0.0033456672,1.3146383e-05,0.005510338
975,0.10519387,0.657421,0.10409854,0.01976319,0.10611921,0.0033526153,3.0335386e-06,0.004048573
976,0.106209576,0.68138754,0.071584016,0.00941648,0.12228656,0.0014083819,0.0001364425,0.0075711287
977,0.086061746,0.5613627,0.17430261,0.014890876,0.14756273,0.004242797,3.7615875e-05,0.011538992
978,0.05858637,0.4124564,0.26039463,0.028029678,0.22238892,0.0020222338,2.6235097e-05,0.016095562
979,0.092287906,0.3883785,0.22472245,0.027658604,0.23194574,0.0052406294,0.0002159564,0.02955031
980,0.105554424,0.44644067,0.18808615,0.017573532,0.20856063,0.0047405814,0.00041878398,0.028625213
981,0.117223494,0.03708276,0.26112238,0.056482974,0.42243108,0.009741921,0.00027464278,0.09564076
982,0.13599396,0.009072373,0.21271408,0.07117389,0.48592246,0.011174864,0.0003918518,0.07355651
983,0.12246729,0.01897342,0.2279743,0.053343248,0.39598915,0.016800981,0.00035425604,0.16409734
984,0.14794822,0.0044369483,0.24212621,0.0393147,0.5019892,0.0119410185,0.00063404953,0.05160969
985,0.114090286,0.005178881,0.3438909,0.04081292,0.41497266,0.01154736,0.00011192581,0.06939508
986,0.14496894,0.020447532,0.27450722,0.043388907,0.3770557,0.02638303,0.00022247515,0.113026224
987,0.13907084,0.0064646476,0.2277616,0.047155738,0.45474467,0.014345302,0.00039009625,0.11006713
988,0.13072549,0.010806776,0.20771067,0.06778497,0.38450444,0.018248312,0.00018605002,0.18003327
989,0.13041188,0.00907923,0.21884853,0.059622973,0.39807665,0.023501173,0.00023983858,0.16021973
990,0.15431227,0.009260572,0.19915734,0.050296772,0.48524207,0.011902626,0.00025874883,0.08956964
991,0.15754196,0.0223814,0.25518742,0.02952745,0.40077558,0.021778084,0.00043429114,0.11237385
992,0.15102334,0.008671328,0.25058895,0.02753172,0.47249693,0.013091211,0.00080493465,0.07579157
993,0.13109244,0.00475424,0.29184714,0.039291054,0.45808485,0.0105404705,0.0006698889,0.06371987
994,0.12811926,0.00947962,0.28178,0.037477218,0.4527084,0.011507112,0.0006782934,0.078250036
995,0.14259636,0.029921899,0.2666288,0.032241438,0.4388567,0.014534772,0.00076300383,0.07445706
996,0.12901668,0.21492237,0.19706275,0.023844037,0.34630567,0.010200026,0.001556171,0.0770923
997,0.12984101,0.54092693,0.08354446,0.0070483987,0.20972586,0.003896588,0.001752408,0.023264317
998,0.13606644,0.3234591,0.17398867,0.014433066,0.30597642,0.009983298,0.0009773974,0.035115615
999,0.13874914,0.58215195,0.06832509,0.0073495614,0.17727919,0.0049320427,0.0010272734,0.02018573
1000,0.15608364,0.55631167,0.08083115,0.007850216,0.17634876,0.0066030803,0.0009013068,0.01507015
1001,0.1737061,0.53608507,0.07891502,0.008235033,0.18268707,0.007911834,0.00090120506,0.011558637
1002,0.16660269,0.52089596,0.07396992,0.0133244535,0.20633745,0.005334837,0.0007857089,0.01274902
1003,0.14259511,0.48691228,0.104030915,0.015672231,0.23269153,0.005032133,0.00026106994,0.012804713
1004,0.13670506,0.7272259,0.04421174,0.029808218,0.05348227,0.006160574,0.00044559696,0.0019606322
1005,0.050169963,0.6376653,0.045112643,0.20540501,0.056059968,0.0041714525,0.000667992,0.00074778474
1006,0.087903745,0.5146467,0.07678991,0.17694104,0.094883434,0.043178625,0.00031444474,0.0053421245
1007,0.08355159,0.65319055,0.047828343,0.123052806,0.05993575,0.028856337,0.0004804935,0.003104152
1008,0.09998768,0.47396147,0.0970743,0.09090769,0.04460921,0.18880895,0.0006687995,0.0039819037
1009,0.039924394,0.81716686,0.02891167,0.078588426,0.014134191,0.019876301,0.00090071943,0.0004973437
1010,0.027416341,0.71436995,0.028763425,0.18006171,0.046850607,0.00093797944,0.0013446576,0.00025529505
1011,0.024920402,0.8701361,0.013212564,0.06260274,0.028048806,0.00028932077,0.0006237276,0.00016630627
1012,0.041836224,0.6102068,0.061355047,0.1318231,0.1525123,0.0006210136,0.0003903468,0.0012552517
1013,0.045839258,0.5415274,0.07802023,0.24247499,0.09102243,0.0007509047,1.450211e-06,0.00036334703
1014,0.11897709,0.67452836,0.06577248,0.041033268,0.09368539,0.0029297469,0.0002725756,0.0028011424
1015,0.115142204,0.6090768,0.075582296,0.029147811,0.16145462,0.0027939004,5.3962685e-05,0.006748399
1016,0.11137569,0.52652985,0.09989816,0.026779043,0.21657315,0.0033435097,0.0001246296,0.01537597
1017,0.09398424,0.57593685,0.13029936,0.018264176,0.17512907,0.001019202,2.608132e-06,0.0053644706
1018,0.06303411,0.47454828,0.23472178,0.044218507,0.1747584,0.002500809,2.0247226e-05,0.0061978335
1019,0.11371968,0.55838346,0.15517306,0.02260561,0.13000327,0.0046193106,0.00061947294,0.014876142
1020,0.13137369,0.3197092,0.21037129,0.012216729,0.28645077,0.008152578,0.00064016745,0.03108557
1021,0.11155882,0.16515775,0.25517857,0.040656686,0.3287578,0.013651812,0.0004983524,0.08454021
1022,0.13603844,0.14968671,0.3008268,0.03397974,0.25856107,0.035601392,0.00016295136,0.08514291
1023,0.14468302,0.046225835,0.25863853,0.037663314,0.37008178,0.023456465,0.00039313093,0.118857935
1024,0.124578215,0.00450582,0.27832726,0.048327044,0.46211514,0.011211654,0.0005660848,0.07036872
1025,0.080883995,0.0050904634,0.35296863,0.07005166,0.43422106,0.005949336,4.4399207e-05,0.050790478
1026,0.13319457,0.0073895217,0.2547505,0.053595964,0.43346676,0.017214004,0.00022136682,0.10016736
1027,0.13697049,0.004837129,0.22615048,0.05292301,0.4925716,0.011358905,0.00047316172,0.07471523
1028,0.13173829,0.005327824,0.22998928,0.059713714,0.48831594,0.009526121,0.00039230706,0.07499651
1029,0.14002378,0.015249315,0.20019618,0.06454452,0.425142,0.016168194,0.0004457458,0.13823023
1030,0.1424449,0.012524282,0.22013824,0.058139246,0.4506314,0.015023909,0.0003025471,0.10079545
1031,0.13635194,0.021597074,0.21787314,0.048093688,0.4353892,0.016009292,0.00037173255,0.124313936
1032,0.13402948,0.008998143,0.30270532,0.025619041,0.45703074,0.009178497,0.0005271078,0.061911736
1033,0.12757188,0.0063787126,0.29438326,0.038692072,0.45891505,0.009967276,0.0005934861,0.06349823
1034,0.14485326,0.011681017,0.26622623,0.030607725,0.44820875,0.018169126,0.0006797566,0.07957414
1035,0.1308734,0.2198996,0.21907343,0.02636152,0.31791106,0.010573333,0.0016616746,0.073646
1036,0.13831942,0.34067973,0.17309953,0.016716024,0.28334433,0.008478029,0.001531951,0.03783102
1037,0.14897019,0.4573107,0.16013311,0.015311178,0.1805221,0.013170173,0.0015283435,0.023054153
1038,0.12729137,0.4214741,0.13966642,0.0128211845,0.26622084,0.008567367,0.0007955177,0.02316321
1039,0.1132352,0.47908154,0.12188608,0.01758014,0.2387254,0.0059647104,0.0008305742,0.0226963
1040,0.17932227,0.6091434,0.04991046,0.0074788164,0.13729599,0.006489462,0.0013101188,0.009049494
1041,0.16112418,0.5433201,0.06303218,0.011562102,0.19728985,0.0086346585,0.00045631288,0.014580623
1042,0.22451006,0.58214813,0.05332215,0.011395442,0.11434797,0.009954724,0.00019557796,0.0041259034
1043,0.17883773,0.46656963,0.073958814,0.0638493,0.20082468,0.009734351,0.00033198198,0.0058934693
1044,0.11106104,0.7757471,0.034670133,0.030258857,0.04084038,0.0054923333,0.00040714757,0.0015230074
1045,0.046241414,0.7000249,0.043969143,0.14867267,0.050421957,0.009238687,0.00040888952,0.0010223229
1046,0.049682762,0.5960886,0.060871392,0.1943586,0.06818927,0.027365271,0.000604208,0.0028399532
1047,0.07489341,0.55098665,0.06752924,0.13361952,0.060097,0.10617168,0.00084151607,0.0058609447
1048,0.05930696,0.65841204,0.078389294,0.12792085,0.03212523,0.040888518,0.00079255505,0.0021645231
1049,0.010203439,0.8824141,0.010103727,0.089174494,0.0069714133,0.0006871424,0.0003452299,0.000100433805
1050,0.026429603,0.7099278,0.042931687,0.17592919,0.040286556,0.0032827863,0.00051564,0.00069671415
1051,0.062489863,0.4844095,0.112910144,0.1948239,0.12446805,0.016701307,0.00015152298,0.0040456825
1052,0.07767814,0.5022294,0.14777523,0.14654407,0.08220026,0.039457195,0.00011932853,0.003996373
1053,0.14612645,0.4853976,0.088310175,0.06957872,0.19468215,0.008787779,0.00011858432,0.006998576
1054,0.11112919,0.56048864,0.10295717,0.030494612,0.1843379,0.0031777818,2.1163796e-05,0.007393577
1055,0.11178891,0.5530765,0.112147816,0.024078535,0.18697418,0.003493064,0.0001445538,0.0082964115
1056,0.14586356,0.53089654,0.11200139,0.02225894,0.16078979,0.008101727,0.00055871723,0.01952927
1057,0.18084435,0.60024935,0.10128795,0.03466606,0.06935743,0.0053068455,0.00060879276,0.00767922
1058,0.11959386,0.6859655,0.09054673,0.0148818465,0.071163505,0.0047141667,0.0011691662,0.011965326
1059,0.08927306,0.46270043,0.19424117,0.019405311,0.19753613,0.0038944718,0.0005135877,0.032435834
1060,0.10415791,0.5116483,0.1481493,0.025547832,0.18070537,0.004834698,0.00081412034,0.024142463
1061,0.11576974,0.46784502,0.1949484,0.016069515,0.17491402,0.00641007,0.00043521292,0.023608007
1062,0.13092062,0.21731523,0.2026451,0.030811472,0.3278146,0.013461809,0.0009668631,0.0760643
1063,0.15193395,0.053286523,0.21507777,0.060917705,0.44601268,0.014753153,0.0003943949,0.0576238
1064,0.14072262,0.06597441,0.24439886,0.052930016,0.4027134,0.013119149,0.00026572612,0.079875894
1065,0.12819129,0.018268814,0.22467586,0.0789324,0.42282227,0.013496699,0.0002577305,0.113354914
1066,0.13832775,0.0053924243,0.25739166,0.057107195,0.47046167,0.010197566,0.00054063596,0.060581103
1067,0.1386171,0.0066905636,0.2609527,0.0500493,0.4624378,0.012432205,0.00044763915,0.068372674
1068,0.12844831,0.031837914,0.24471153,0.061112035,0.39478368,0.020879852,0.00022321836,0.11800348
1069,0.14255762,0.044696152,0.22921963,0.04244266,0.4355818,0.018329808,0.00039023903,0.08678209
1070,0.13775188,0.06276344,0.2445415,0.03765462,0.38432077,0.019984331,0.0002645682,0.112718925
1071,0.1286342,0.021816304,0.29862857,0.034181226,0.40782762,0.018758804,0.00045828638,0.089694984
1072,0.12630343,0.014400296,0.30272776,0.035677887,0.42508036,0.013863846,0.00073423045,0.08121217
1073,0.112720266,0.030033855,0.32440406,0.041835375,0.4000693,0.011239979,0.00081946596,0.0788777
1074,0.11017084,0.38353783,0.1690281,0.023739325,0.2794604,0.0049785883,0.0013678636,0.027717087
1075,0.12942718,0.46061614,0.13870443,0.01918855,0.21577288,0.008080003,0.0026193091,0.025591478
1076,0.14312778,0.4695388,0.12607843,0.01612108,0.20709327,0.009085847,0.0032801093,0.0256747
1077,0.1325193,0.54782677,0.09931167,0.011238593,0.17912744,0.0063389153,0.0015052493,0.022132099
1078,0.13631238,0.45824143,0.12324775,0.013453321,0.24722476,0.004547787,0.00071515085,0.016257465
1079,0.21588086,0.6263402,0.042988896,0.009778405,0.09173672,0.007382079,0.00048346724,0.0054093534
1080,0.22337516,0.5456608,0.05232096,0.011163995,0.15225232,0.0076107406,0.0011056805,0.0065103904
1081,0.18063399,0.50031245,0.058001865,0.024900984,0.21944642,0.0056297947,0.0009897519,0.010084752
1082,0.08724579,0.54082304,0.055897098,0.13588762,0.17345129,0.003973269,0.00037699545,0.0023448819
1083,0.1067218,0.45307416,0.123532295,0.11271038,0.14165577,0.048575446,0.0002810197,0.013449134
1084,0.05733121,0.7948573,0.049257245,0.06266541,0.01845727,0.015950011,0.00090628513,0.00057520234
1085,0.047933586,0.71669334,0.048579443,0.13529341,0.040488172,0.008546566,0.0008881867,0.0015772989
1086,0.050731942,0.7459152,0.06088762,0.08989667,0.031627066,0.017351735,0.00086936273,0.0027204808
1087,0.0550595,0.8670348,0.0271014,0.0123842545,0.0024740805,0.034858443,0.0009702183,0.00011736782
1088,0.12266355,0.5453742,0.15083694,0.06305248,0.030485462,0.07680312,0.0044847955,0.006299377
1089,0.006966003,0.8369535,0.013909877,0.12125968,0.0035901405,0.004279473,0.012727467,0.00031385003
1090,0.012684573,0.82578224,0.038377754,0.10556883,0.013905546,0.0022001225,0.0011386509,0.00034224705
1091,0.0640898,0.2977211,0.1601997,0.3130471,0.13459067,0.023942601,0.00027038367,0.0061386432
1092,0.04067602,0.5747169,0.09194221,0.194663,0.08677087,0.009408937,0.00010865405,0.001713388
1093,0.08167689,0.7814088,0.041155744,0.04841789,0.035666116,0.009683248,0.0001533593,0.0018379969
1094,0.09901908,0.5838356,0.074542,0.10386384,0.1239157,0.011452745,0.00031796272,0.003053096
1095,0.2048512,0.6041463,0.062172793,0.021260118,0.08622282,0.01776932,0.00037878132,0.0031986595
1096,0.21189748,0.6874978,0.03810987,0.0184464,0.037375297,0.0044088736,0.0008832393,0.001381039
1097,0.21003029,0.62187684,0.059347626,0.017698294,0.079408124,0.0033716152,0.0012189919,0.0070481887
1098,0.1843449,0.63875055,0.0643439,0.019641751,0.076424204,0.004416052,0.00264946,0.009429166
1099,0.112294406,0.58358246,0.10561208,0.021569839,0.1529686,0.0038757732,0.00096091686,0.019135922
1100,0.10281825,0.36832926,0.19029349,0.037756983,0.25270623,0.009212287,0.00056523754,0.038318332
1101,0.10002662,0.47544828,0.18331826,0.022395642,0.18651223,0.0045492905,0.00045902788,0.027290693
1102,0.11760804,0.51195323,0.10768244,0.027219312,0.19991854,0.0052986224,0.0015212776,0.02879856
1103,0.13665585,0.35047108,0.1823463,0.018354869,0.27112585,0.007835381,0.0009453046,0.032265335
1104,0.113928355,0.48175755,0.17867266,0.029043883,0.16737922,0.00453275,0.0004423149,0.024243357
1105,0.10740871,0.4607076,0.16310693,0.025224803,0.21354744,0.0032177544,0.00031450606,0.026472248
1106,0.12963894,0.13942342,0.19885892,0.059699282,0.4041903,0.008539013,0.00032697993,0.059323177
1107,0.1415498,0.049652606,0.22851543,0.070944615,0.4435848,0.010267523,0.00028722687,0.055197958
1108,0.12014167,0.07082999,0.30302325,0.037354603,0.3757886,0.014039075,0.00027978513,0.07854304
1109,0.15230729,0.08788791,0.22203381,0.072816245,0.34642726,0.01661546,0.00018755344,0.1017244
1110,0.14778286,0.0800035,0.20987193,0.07414264,0.41402465,0.009593875,0.00019149305,0.06438901
1111,0.13569339,0.20554492,0.23295344,0.02708584,0.2913541,0.023388889,0.0005039787,0.08347547
1112,0.13078445,0.32905266,0.19320528,0.015637636,0.2768151,0.010494894,0.001249745,0.042760246
1113,0.1007687,0.26821157,0.24196506,0.023561338,0.29854926,0.0075977035,0.0007152389,0.05863114
1114,0.10290268,0.35298625,0.18412563,0.03444372,0.28256184,0.007545923,0.00089598604,0.034537937
1115,0.10757046,0.40533215,0.16871972,0.029133387,0.25852782,0.005851501,0.0015911028,0.023273857
1116,0.15639444,0.5784158,0.08317421,0.01017553,0.13993648,0.008774384,0.0028022928,0.02032685
1117,0.1333876,0.501776,0.122253396,0.017746981,0.19355822,0.007295565,0.00265812,0.021324264
1118,0.14314358,0.600068,0.080685325,0.009002612,0.14964321,0.003959756,0.0017314097,0.011766154
1119,0.14941141,0.5527168,0.09233622,0.013573663,0.17378093,0.0052391146,0.0009899233,0.01195201
1120,0.22327502,0.609516,0.051819216,0.012429685,0.08974866,0.008761217,0.0007518288,0.0036984042
1121,0.19137475,0.62594056,0.07601009,0.014044983,0.07962245,0.010443146,0.00028116384,0.0022829021
1122,0.16144286,0.4794551,0.06622794,0.06914054,0.20342003,0.01094695,0.0003325807,0.009034012
1123,0.11373838,0.62966925,0.051538996,0.04462994,0.15278415,0.004551864,0.00018285975,0.0029045662
1124,0.04932445,0.56080616,0.1283786,0.13879056,0.103041895,0.011489594,0.00036250582,0.007806251
1125,0.048606537,0.48509854,0.12291236,0.19354461,0.101547636,0.040046412,0.00037111627,0.007872784
1126,0.022219397,0.71196294,0.048485495,0.18181239,0.027582461,0.005189068,0.0014612434,0.0012869666
1127,0.036010783,0.90357697,0.034180015,0.009108777,0.005985666,0.0096830195,0.0013154666,0.00013932046
1128,0.018711254,0.90700257,0.014129269,0.04876352,0.008660188,0.0020605277,0.00022158987,0.0004509807
1129,0.10425015,0.5494789,0.078747734,0.07270196,0.024728727,0.16545925,0.0021334726,0.002499707
1130,0.042290524,0.75952,0.03636748,0.0770662,0.07900396,0.0036337958,0.00017338815,0.001944707
1131,0.06234933,0.34346485,0.15578897,0.2503004,0.14291719,0.038279794,9.107964e-05,0.006808404
1132,0.06332349,0.4489089,0.12413881,0.23782049,0.08741278,0.035104286,6.129799e-05,0.0032299624
1133,0.08016928,0.70052767,0.05879668,0.08686903,0.05919108,0.0115079535,0.0005934339,0.002344872
1134,0.14979324,0.4700973,0.13928398,0.10018542,0.05942669,0.078111924,0.00021088241,0.002890565
1135,0.15800779,0.6613225,0.05748232,0.013487366,0.09350661,0.007393589,0.0006458015,0.008154018
1136,0.13262883,0.5533893,0.08719966,0.021976454,0.18079525,0.0039909603,0.0010830371,0.018936448
1137,0.1584614,0.6214649,0.079681315,0.019053185,0.10780869,0.0027706253,0.0007364121,0.010023465
1138,0.123567544,0.49198696,0.12935163,0.027241733,0.19533902,0.006845088,0.0006982661,0.024969747
1139,0.092526846,0.6043921,0.11169108,0.025491789,0.14898066,0.0026629623,0.00026106925,0.013993532
1140,0.09760341,0.5476778,0.14636138,0.017090464,0.16388138,0.0052179373,0.00043654855,0.021731094
1141,0.11136033,0.50755805,0.13514443,0.025374122,0.18754666,0.0058565205,0.00073739386,0.026422536
1142,0.10876042,0.67509794,0.07754765,0.011105473,0.10705655,0.0032415437,0.0003040524,0.016886279
1143,0.14934054,0.42719465,0.14480253,0.028861275,0.2092163,0.012140596,0.0011644986,0.027279634
1144,0.13266534,0.5739639,0.10375596,0.014781355,0.15559229,0.0033448415,0.00038194787,0.015514376
1145,0.11729911,0.3755883,0.16465305,0.033243228,0.2619981,0.007862084,0.0011343631,0.038221817
1146,0.115435205,0.37085065,0.18695225,0.027746774,0.26163644,0.007840279,0.00046158486,0.029076872
1147,0.12770104,0.640692,0.109511696,0.01742699,0.086254284,0.008061615,8.546549e-06,0.010343851
1148,0.14373988,0.5177546,0.122314885,0.030692367,0.16235392,0.008683067,3.017646e-05,0.01443108
1149,0.119687006,0.570411,0.13726602,0.017940918,0.122594416,0.008463768,0.00011433525,0.023522537
1150,0.13614093,0.5788222,0.10975415,0.010563886,0.1297421,0.012628764,0.0005447891,0.021803252
1151,0.12570068,0.46611395,0.14995967,0.019990576,0.19827762,0.009684924,0.0018345591,0.028437916
1152,0.10880762,0.46258023,0.15742043,0.024526121,0.2121104,0.00644074,0.0014010805,0.0267134
1153,0.1022072,0.4390856,0.16931844,0.027757045,0.22790104,0.0065118386,0.0010531787,0.02616565
1154,0.1138956,0.47461835,0.14042756,0.020304564,0.22229613,0.005421839,0.0016753695,0.02136058
1155,0.18300708,0.53425276,0.112554915,0.02131645,0.12596188,0.009304856,0.0038961018,0.009706099
1156,0.19142884,0.6096466,0.049301744,0.008932333,0.11985894,0.0090601705,0.0008206638,0.010950642
1157,0.13827349,0.5809385,0.083388574,0.018893292,0.15705958,0.0049542403,0.0020955384,0.014396796
1158,0.19104977,0.55059373,0.07347414,0.0139199635,0.15149263,0.010808748,0.0005067068,0.008154307
1159,0.21607828,0.50046784,0.06448093,0.041519172,0.1525722,0.01884959,0.0004897033,0.005542248
1160,0.08840946,0.4389496,0.09355691,0.12684605,0.12593015,0.11564229,0.000549085,0.01011643
1161,0.08680239,0.59253263,0.05368317,0.13007708,0.1271588,0.0072259507,0.00028669057,0.0022332529
1162,0.075554974,0.57603174,0.050710116,0.1156279,0.17087525,0.005583415,0.0008085799,0.0048080706
1163,0.076276064,0.5142937,0.103111856,0.14246096,0.117987595,0.036660474,0.0004727928,0.00873661
1164,0.024894193,0.6815449,0.05155669,0.19286671,0.04054776,0.005901513,0.0013016165,0.0013865648
1165,0.02612268,0.8652332,0.022763088,0.069939725,0.0075411648,0.0066480716,0.0013353855,0.0004166894
1166,0.0074888766,0.9787352,0.002555321,0.005398135,0.0003864186,0.0044312053,0.00099347,1.1341967e-05
1167,0.044360615,0.83010185,0.018844495,0.08712298,0.015435536,0.0023017041,0.0014541333,0.0003786955
1168,0.050407905,0.7271721,0.06544647,0.08571829,0.038080774,0.030121066,0.0009469276,0.0021065162
1169,0.05958643,0.5500656,0.10267753,0.11020779,0.07484913,0.09786555,0.0002183517,0.004529629
1170,0.043649286,0.6424021,0.10138477,0.10934124,0.08574335,0.0134725105,0.0002828467,0.0037238062
1171,0.05137773,0.3990709,0.14853363,0.18980908,0.12206954,0.07352312,0.00019983035,0.015416246
1172,0.08921853,0.53701216,0.10712996,0.13222924,0.049153257,0.08234818,0.00038663528,0.002522056
1173,0.14471443,0.4322882,0.099531375,0.086306155,0.21024671,0.012594302,0.0008839674,0.0134349195
1174,0.0955291,0.60347766,0.05595946,0.05546174,0.17036295,0.0030553017,0.00033251566,0.015821368
1175,0.12175741,0.48611504,0.11501095,0.042934332,0.20468156,0.009087579,0.0005412256,0.019871822
1176,0.13265805,0.59340316,0.09168005,0.023707172,0.13634244,0.0058229095,0.001178602,0.015207603
1177,0.10789619,0.5314319,0.10894812,0.02962313,0.19000189,0.0052300585,0.0008130839,0.026055593
1178,0.120429285,0.50291455,0.1320344,0.023782974,0.18745743,0.0066989167,0.00090811733,0.025774317
1179,0.15033953,0.5821356,0.06970335,0.010163066,0.14839742,0.010541405,0.0008333583,0.027886286
1180,0.09911196,0.6565553,0.09463134,0.016713632,0.11522049,0.0030941332,0.0003161955,0.014357
1181,0.16016312,0.45185485,0.14572053,0.056636125,0.1437928,0.018105274,0.0005372303,0.023190053
1182,0.13942665,0.60537225,0.11268365,0.014973547,0.101042904,0.009011516,0.0010998901,0.016389647
1183,0.11264725,0.6230611,0.0913762,0.0129344715,0.13690394,0.0034191904,0.0004046256,0.01925317
1184,0.124278896,0.47745508,0.1425383,0.019562101,0.20270704,0.007052006,0.0011020127,0.025304599
1185,0.11611397,0.5689281,0.14960007,0.012111788,0.13147853,0.008000929,0.00013077463,0.01363579
1186,0.121285014,0.5186197,0.19536148,0.030872166,0.10887551,0.01311862,8.4701795e-05,0.011782731
1187,0.11745138,0.6193455,0.13467209,0.021203883,0.09179149,0.00764469,1.8137167e-05,0.007872819
1188,0.1372335,0.5908452,0.12720461,0.020104699,0.10717505,0.0075446335,4.189554e-05,0.009850353
1189,0.13850276,0.6136159,0.09312777,0.0082510635,0.11463364,0.011246591,0.00068812096,0.019934209
1190,0.127034,0.60340106,0.099636704,0.0097534,0.13673203,0.0051543275,0.0013401869,0.016948353
1191,0.11524785,0.47561908,0.15755582,0.018820046,0.20483549,0.005575495,0.0011460437,0.021200238
1192,0.11566958,0.4801793,0.12791423,0.030608982,0.2130763,0.0068348553,0.0009541351,0.024762526
1193,0.12565738,0.5451908,0.10516613,0.01399982,0.18892156,0.00458497,0.0008589854,0.015620295
1194,0.18195114,0.57788134,0.07745671,0.0064042187,0.14058296,0.0048603457,0.0018361344,0.0090271365
1195,0.07241348,0.7165611,0.055321317,0.041603886,0.10464478,0.0019174655,0.0023156295,0.0052223797
1196,0.14828603,0.5307596,0.0922444,0.03125427,0.18396588,0.0051301164,0.0012741626,0.0070854886
1197,0.18846586,0.514815,0.074926674,0.042013817,0.14459047,0.02589382,0.0011373619,0.008157086
1198,0.1557373,0.6403663,0.06577766,0.048106987,0.061508764,0.02464762,0.0009279985,0.002927287
1199,0.053169776,0.39534867,0.10143809,0.29217356,0.14112756,0.011946239,0.00012632432,0.0046697278
1200,0.03751,0.6586258,0.04072028,0.19432278,0.06276856,0.0047259736,0.00037397415,0.00095267675
1201,0.065499246,0.6683485,0.05078786,0.12169572,0.08096551,0.010396314,0.00023143666,0.0020754617
1202,0.06919972,0.7553496,0.042357307,0.07987694,0.036437355,0.015408318,0.00037317068,0.0009974845
1203,0.06840718,0.7867114,0.05979228,0.049278416,0.022906646,0.011222015,0.00051729265,0.001164741
1204,0.022628788,0.9576204,0.006877118,0.009867944,0.001466236,0.0008656568,0.0006502715,2.3547596e-05
1205,0.041181806,0.8321651,0.06601741,0.023520466,0.016628532,0.018964712,0.00026513467,0.0012567324
1206,0.0672972,0.3296039,0.17851034,0.22331513,0.13378559,0.05750723,0.00017479439,0.009805828
1207,0.047361664,0.65515363,0.068726964,0.14784828,0.06628736,0.011768768,0.00022355982,0.002629753
1208,0.06266178,0.5935145,0.07877084,0.1481707,0.097318746,0.015275132,0.00034514652,0.0039431727
1209,0.090476505,0.6715935,0.052079253,0.0887066,0.0866526,0.0076867836,0.00035388718,0.0024509395
1210,0.09987382,0.56365335,0.038682863,0.06664053,0.22572029,0.0005859715,0.0004982761,0.004344935
1211,0.104558855,0.59077203,0.066978194,0.041315485,0.18044011,0.003900695,0.0002618469,0.011772787
1212,0.12173964,0.37836128,0.15893038,0.06368705,0.1251149,0.13451111,0.0002175985,0.017438093
1213,0.12263119,0.5764882,0.099655524,0.023306027,0.15127452,0.00771312,0.0006471311,0.01828434
1214,0.11473504,0.62965006,0.090781085,0.017439488,0.12467495,0.0040305424,0.00047271143,0.018216116
1215,0.13592575,0.50167936,0.12910052,0.022665538,0.17969659,0.007447896,0.0009235797,0.022560732
1216,0.11215383,0.66185164,0.07984291,0.010892904,0.114882745,0.0029344351,0.00037506578,0.017066358
1217,0.12624428,0.53394365,0.10452746,0.02668534,0.18498191,0.006521762,0.00045609009,0.01663953
1218,0.19073635,0.60227,0.08708168,0.023821786,0.08185908,0.0052872333,0.00082410313,0.008119756
1219,0.11778527,0.5839821,0.10039928,0.017416498,0.1549032,0.0056036976,0.0006867586,0.019223213
1220,0.13403642,0.51510835,0.110197805,0.012811818,0.19765404,0.0075804084,0.0006810461,0.021930085
1221,0.1354801,0.62855536,0.084168084,0.0087246755,0.12257062,0.0042361873,0.00061319716,0.015651781
1222,0.11068049,0.59588474,0.15489726,0.014054682,0.10238064,0.009517732,0.00010211131,0.012482339
1223,0.12358803,0.5375712,0.19344802,0.027290344,0.09251277,0.015975982,2.7452752e-05,0.009586238
1224,0.08802391,0.55225366,0.19865413,0.02623918,0.11739804,0.0064156214,9.104943e-05,0.010924416
1225,0.13743487,0.48140135,0.13748221,0.0329312,0.18885836,0.009247871,0.00016550222,0.012478601
1226,0.15118122,0.6065629,0.084563285,0.009160896,0.12785965,0.0051194024,0.00044885188,0.015103742
1227,0.13988876,0.58668953,0.06231101,0.025797505,0.16170159,0.005491275,0.0015560618,0.01656428
1228,0.11969205,0.5109515,0.12300989,0.020694725,0.1998603,0.00588928,0.0011676772,0.018734613
1229,0.120174766,0.4560357,0.13641055,0.017832426,0.24061401,0.0058991327,0.0009997409,0.022033649
1230,0.11848682,0.46063614,0.13032116,0.021360395,0.24359433,0.0053284056,0.0009768794,0.019295862
1231,0.16771625,0.5690856,0.08256659,0.009666744,0.1576526,0.0037020347,0.0019233146,0.0076868692
1232,0.08678428,0.77755255,0.06703804,0.024919992,0.03475953,0.0064640604,0.00050080445,0.0019806495
1233,0.19785154,0.5558169,0.060317703,0.033517774,0.13625053,0.009393666,0.00078194967,0.006069921
1234,0.16135466,0.5579706,0.08077476,0.042247307,0.10358919,0.04642009,0.00044464314,0.007198806
1235,0.10385681,0.43881765,0.117168315,0.115063675,0.06347473,0.15743627,0.00019344321,0.003989104
1236,0.07616618,0.6348769,0.052892786,0.15122716,0.074390635,0.008300857,0.00025410752,0.001891389
1237,0.044467002,0.47901836,0.07606419,0.26667306,0.12294308,0.0066882647,0.0002479959,0.0038980765
1238,0.03840201,0.4203505,0.09124179,0.33281183,0.10227166,0.008802225,0.000687718,0.00543227
1239,0.046315588,0.90442467,0.016980456,0.021780942,0.006335712,0.003189043,0.0008248331,0.00014876154
1240,0.06156043,0.8581296,0.033219125,0.024431802,0.00628733,0.01549567,0.0004026949,0.00047326973
1241,0.023182362,0.9422556,0.0050488277,0.007834379,0.0010973584,0.020379052,0.00013329055,6.911395e-05
1242,0.076764844,0.61894155,0.08224562,0.07191473,0.027511839,0.12096055,0.00021849584,0.001442293
1243,0.05111818,0.79619914,0.024993015,0.06815507,0.056660634,0.0015995565,0.00033290908,0.00094139733
1244,0.0485493,0.49309,0.10842873,0.21232432,0.11450776,0.01783484,0.000105519466,0.005159595
1245,0.086337835,0.71277094,0.055532414,0.067515425,0.062017616,0.012526869,0.0010788068,0.0022200772
1246,0.122850046,0.4279726,0.09831391,0.10980079,0.22391781,0.009130267,0.00044729945,0.007567291
1247,0.1723492,0.40601292,0.08826936,0.09663849,0.14759032,0.07742681,0.00055571715,0.011157185
1248,0.17886496,0.5605236,0.074160844,0.06770504,0.053461134,0.061253484,0.0006700896,0.0033608621
1249,0.16815515,0.56880397,0.06569391,0.02172699,0.14623581,0.012630326,0.0012345705,0.015519198
1250,0.11097479,0.6479586,0.07829921,0.02030595,0.121715024,0.0037037975,0.0006430876,0.016399577
1251,0.12613463,0.6054691,0.092989124,0.021631118,0.1331235,0.0047309627,0.0008195184,0.015102098
1252,0.14162692,0.45000392,0.14538525,0.021791793,0.21881759,0.0068334676,0.0007522011,0.0147888195
1253,0.18136822,0.53325254,0.083851606,0.06308291,0.11979222,0.011384803,0.0008142767,0.006453439
1254,0.18350495,0.69365054,0.04559896,0.020796062,0.04782578,0.004999694,0.0008494812,0.0027745483
1255,0.11252083,0.493966,0.112213746,0.02718225,0.22111212,0.006437493,0.0013965818,0.025171034
1256,0.1271559,0.5717642,0.11389019,0.013899527,0.14117628,0.008281245,0.0012327345,0.022599922
1257,0.12199453,0.52690095,0.12759475,0.016277945,0.17280693,0.009363991,0.000582303,0.02447861
1258,0.100467205,0.6035635,0.12092789,0.05046514,0.105965056,0.0058953376,3.4575063e-05,0.012681287
1259,0.13226964,0.4653376,0.16918954,0.029530004,0.17574246,0.014830104,0.00016369626,0.012936975
1260,0.10390447,0.68014055,0.0738187,0.01575031,0.10924888,0.004635931,4.009889e-05,0.012461008
1261,0.14093024,0.5394703,0.11540509,0.029469889,0.15699077,0.0065999716,0.00011323662,0.011020442
1262,0.17064577,0.5611283,0.08120657,0.016500546,0.13952489,0.010677541,0.0011902754,0.019126052
1263,0.114616185,0.544086,0.10229005,0.024282597,0.18624482,0.0059768697,0.0010477027,0.021455841
1264,0.16456535,0.5868955,0.06773558,0.008861005,0.13644752,0.012343271,0.0006688671,0.022482952
1265,0.14838439,0.54809237,0.09249192,0.015517339,0.17015813,0.007478245,0.0015145274,0.016363025
1266,0.15011078,0.48961282,0.10172947,0.011372657,0.22849081,0.003984416,0.0010340624,0.013664971
1267,0.16088583,0.5041671,0.109813884,0.037612993,0.16640712,0.011694537,0.0018840927,0.007534412
1268,0.13927741,0.4728719,0.097797655,0.03996255,0.054574672,0.19024564,0.00035306875,0.0049171085
1269,0.16836785,0.54312843,0.07183567,0.057935882,0.13828142,0.0149214305,0.0006097773,0.0049195946
1270,0.1279315,0.49832428,0.09532371,0.0757256,0.12265025,0.06925041,0.00036939073,0.010424842
1271,0.049314454,0.5688118,0.07229858,0.19934227,0.09877422,0.007257958,0.0004919193,0.0037089
1272,0.03763279,0.88992,0.032844037,0.027660144,0.00821007,0.0030427899,0.0004960418,0.00019413355
1273,0.045603115,0.73000914,0.045886654,0.12298533,0.023006437,0.030959785,0.00031016616,0.0012394633
1274,0.026868824,0.71047264,0.06128049,0.13420013,0.058280326,0.0054926556,0.00064264756,0.0027623163
1275,0.031338133,0.9169585,0.028537992,0.013660672,0.0041102483,0.004407226,0.00073322805,0.00025401273
1276,0.023275224,0.8053027,0.019264359,0.114042394,0.035956144,0.0005330451,0.0014126202,0.00021362057
1277,0.060130075,0.7188033,0.05753919,0.07395405,0.07427377,0.011974741,0.0005029469,0.0028219519
1278,0.0317696,0.5457768,0.07751885,0.25189927,0.08730829,0.004067654,8.82049e-05,0.0015713524
1279,0.048202418,0.29673767,0.16794778,0.2677993,0.19327581,0.012863525,0.00029563194,0.012877915
1280,0.06914512,0.53031516,0.09887113,0.15890677,0.12659882,0.011387561,0.00028417734,0.0044912645
1281,0.073081516,0.41036,0.12814395,0.1830853,0.15962102,0.031019391,0.00021210015,0.0144767845
1282,0.17143461,0.44399282,0.10594856,0.07151228,0.17037304,0.024667518,0.00050804956,0.0115630785
1283,0.21020229,0.544247,0.03463673,0.043023456,0.15076436,0.008999448,0.0006661716,0.007460615
1284,0.1427006,0.6090329,0.08382411,0.020568555,0.12685819,0.00581202,0.00046142619,0.010742153
1285,0.18987954,0.49905083,0.120846905,0.035586722,0.1257305,0.023754755,0.0002983564,0.004852383
1286,0.21124853,0.42596805,0.07697127,0.04259162,0.2062055,0.0239664,0.00094747805,0.012101084
1287,0.15261659,0.5875359,0.09330444,0.066183224,0.08238238,0.01307654,0.00027279512,0.0046280506
1288,0.1977826,0.5323726,0.08206397,0.04542663,0.118732,0.017659185,0.00037390256,0.0055890684
1289,0.14213887,0.52269626,0.09414401,0.030275164,0.18261941,0.0070305197,0.0018491508,0.019246658
1290,0.099393055,0.650328,0.090908006,0.011761325,0.12551454,0.004246728,0.00027850564,0.017569873
1291,0.109997205,0.5567778,0.12011828,0.014221537,0.1699917,0.0062059253,0.0004686277,0.022218995
1292,0.0871827,0.65624017,0.14311497,0.042862274,0.061331082,0.005281708,3.5216603e-05,0.0039519113
1293,0.15976413,0.40974122,0.15753794,0.08613125,0.104057886,0.07178065,0.000122357,0.010864521
1294,0.13699387,0.61425817,0.10834801,0.025203262,0.09291139,0.0122391805,0.00016681652,0.009879261
1295,0.09750901,0.6770932,0.10336649,0.02062454,0.08915864,0.0040544365,8.21205e-05,0.0081116045
1296,0.18400659,0.47807878,0.1038808,0.0330501,0.16650571,0.016283812,0.0025979606,0.015596231
1297,0.13330178,0.40542147,0.1343245,0.018500619,0.27489468,0.009306697,0.0008422866,0.023407945
1298,0.20223767,0.5424714,0.06401405,0.014756819,0.15282807,0.014734372,0.00033569022,0.008621948
1299,0.13293083,0.49920422,0.115934744,0.037041966,0.19456565,0.0059358007,0.0010460196,0.013340799
1300,0.16262256,0.525842,0.055731338,0.024120584,0.20874022,0.0059033707,0.00064816826,0.016391775
1301,0.1710383,0.58708006,0.04976141,0.024791356,0.1474892,0.0070557287,0.0016165662,0.011167371
1302,0.13503018,0.56571513,0.0676201,0.08466354,0.06838552,0.073269844,0.0007100702,0.004605585
1303,0.1363511,0.682413,0.053296123,0.04660903,0.06510239,0.012769438,0.0007207272,0.0027382744
1304,0.12345779,0.66537434,0.048878096,0.06409819,0.09042452,0.004905586,0.00067521917,0.0021862395
1305,0.06822126,0.5941104,0.068789594,0.17015578,0.08178328,0.012984818,0.00061623345,0.0033385833
1306,0.0650444,0.5119736,0.120213196,0.18841666,0.08037189,0.029080892,0.00031666868,0.004582698
1307,0.028673045,0.8013059,0.020889247,0.11570544,0.027517736,0.004547218,0.00074726524,0.0006140619
1308,0.015525935,0.97134864,0.0033956228,0.0041081794,0.0011887343,0.0029589261,0.0014435467,3.035959e-05
1309,0.011747698,0.9752326,0.0025247512,0.007691748,0.0008727317,0.0012083587,0.0007124321,9.677801e-06
1310,0.055968553,0.78715426,0.0461092,0.052363522,0.011329731,0.045812532,0.0004604409,0.00080179697
1311,0.058273368,0.59727126,0.08459118,0.11805167,0.02926595,0.108800724,0.0012656652,0.0024802228
1312,0.06126844,0.15391792,0.21643391,0.35777217,0.15968166,0.035579026,0.0013269541,0.014019924
1313,0.048243515,0.44824213,0.1386346,0.20070122,0.1113841,0.043392528,0.00024999748,0.009151945
1314,0.05329119,0.76865625,0.024384579,0.09307832,0.056783535,0.0017735509,0.0012447671,0.0007877827
1315,0.15129195,0.38637942,0.14283131,0.07482438,0.15826364,0.070170976,0.0002427979,0.015995504
1316,0.18627344,0.5868528,0.07026712,0.045587998,0.09437011,0.011217606,0.0007481755,0.0046827844
1317,0.15246749,0.43267775,0.14737438,0.09406657,0.08008033,0.088999525,0.00015996002,0.0041740127
1318,0.21221393,0.43476838,0.097990915,0.07554999,0.13389526,0.03882699,0.000631594,0.006123031
1319,0.12576336,0.66989654,0.09858001,0.041159336,0.015184363,0.047501367,0.00090668636,0.0010083421
1320,0.14015344,0.41780338,0.13047382,0.07780589,0.17366977,0.028128862,0.0013376268,0.030627277
1321,0.13006395,0.4202355,0.12848894,0.02770897,0.25573742,0.011008559,0.0010205023,0.025736125
1322,0.13738348,0.45055658,0.12494293,0.031164752,0.23195092,0.008011998,0.00065912545,0.015330155
1323,0.117131636,0.5867228,0.11379449,0.03369347,0.12767693,0.006787558,0.0002235474,0.0139694745
1324,0.09010412,0.61684805,0.1681786,0.083810374,0.030754087,0.008802174,6.8514105e-06,0.0014957462
1325,0.20250328,0.39109084,0.15729551,0.05894729,0.053955957,0.13054281,0.0001667314,0.005497533
1326,0.17823726,0.64459735,0.07709955,0.027577085,0.05426615,0.012432104,0.00031812597,0.0054724156
1327,0.112470716,0.7368253,0.06612115,0.010873713,0.062279653,0.0036936011,0.00021016948,0.007525774
1328,0.16041945,0.49847212,0.12306048,0.04126231,0.13838604,0.021394746,0.0023030872,0.014701752
1329,0.103608854,0.39578792,0.16888125,0.057469092,0.24652068,0.008764692,0.0008813358,0.018086188
1330,0.15573144,0.48518217,0.11174167,0.038311657,0.1836295,0.013563479,0.0008192801,0.011020775
1331,0.16115877,0.44306788,0.10748711,0.05945184,0.20552886,0.013063796,0.0007299897,0.009511776
1332,0.16220777,0.508645,0.076202616,0.052778363,0.18901958,0.0039741173,0.0007389652,0.0064335545
1333,0.19041128,0.5659536,0.032536685,0.041342705,0.14986028,0.007716034,0.002775393,0.009404002
1334,0.09245734,0.54405516,0.084411144,0.14173372,0.118070856,0.014911307,0.00024629408,0.004114074
1335,0.08613793,0.55288315,0.076184355,0.16767304,0.10056774,0.012322889,0.00036179638,0.0038690513
1336,0.119376995,0.6403767,0.0613398,0.08290256,0.07895042,0.014480418,0.00044897015,0.0021241521
1337,0.05155414,0.5910905,0.061337467,0.18308425,0.102814674,0.0066048657,0.00043752504,0.0030765797
1338,0.03315167,0.6087918,0.049835358,0.24273309,0.056694925,0.0065598935,0.0008967801,0.001336469
1339,0.0823659,0.79030156,0.055385627,0.022423973,0.0107156085,0.03715302,0.00087605655,0.0007782018
1340,0.03569916,0.3143247,0.12560992,0.39211783,0.10456545,0.010206471,0.0016470348,0.015829492
1341,0.027129766,0.7614705,0.03348723,0.14759855,0.024322286,0.0036701711,0.0018907404,0.00043081338
1342,0.019675795,0.7725305,0.032314565,0.14374249,0.029015336,0.0010961225,0.0011393743,0.00048589963
1343,0.046594907,0.6392059,0.08045329,0.1415254,0.040115535,0.044507798,0.0038073547,0.0037898405
1344,0.056886513,0.4514388,0.13185568,0.20535503,0.08607068,0.06007921,0.00052571617,0.0077884383
1345,0.04796497,0.68701684,0.0640377,0.13851352,0.04673385,0.013441945,0.0004318022,0.0018594032
1346,0.0700207,0.64054054,0.06633832,0.10416082,0.10587646,0.009283339,0.0005528335,0.0032270215
1347,0.15736711,0.5426907,0.07227474,0.07314975,0.13348505,0.014924517,0.0006381904,0.005469976
1348,0.09431893,0.6028016,0.07985503,0.10890938,0.088950396,0.021539688,0.0004886799,0.0031362057
1349,0.13600281,0.6253581,0.08305214,0.071381874,0.060354117,0.021211846,0.0003438023,0.002295323
1350,0.09356051,0.4275883,0.15708508,0.14505623,0.08812709,0.079967566,0.00021539946,0.008399838
1351,0.105686076,0.5573398,0.06634489,0.10741773,0.14856565,0.007201682,0.0010777003,0.006366455
1352,0.16966708,0.46541813,0.088985056,0.054103173,0.20256323,0.010263966,0.0006839244,0.008315479
1353,0.17306538,0.6562934,0.06046606,0.032072697,0.0692428,0.0054171234,0.0006326556,0.002809904
1354,0.10522168,0.67095184,0.079770535,0.027073983,0.099585906,0.004507908,0.00027761122,0.01261064
1355,0.097343706,0.44844866,0.16593128,0.17265002,0.103631586,0.009714481,1.9046172e-06,0.0022783068
1356,0.09626026,0.3568729,0.18193194,0.22694278,0.057299934,0.07632232,2.237277e-05,0.0043475092
1357,0.20393585,0.5081262,0.07422812,0.09005607,0.090227805,0.02875866,0.00022335976,0.0044439714
1358,0.11118631,0.68051475,0.07905692,0.022459844,0.09475126,0.0042351177,0.00010348335,0.007692326
1359,0.14409953,0.5202787,0.15572861,0.05083831,0.08292686,0.038869374,0.0019718278,0.005286766
1360,0.14825456,0.5177133,0.071198344,0.047225736,0.20028706,0.004671558,0.0016751188,0.008974325
1361,0.17238045,0.5182338,0.08701537,0.0419895,0.16302232,0.011787467,0.00033832752,0.0052327774
1362,0.12293288,0.6004495,0.06816413,0.071579285,0.12711124,0.0063816137,0.0004634028,0.0029179163
1363,0.15876548,0.50323576,0.107961304,0.070594706,0.090003796,0.06399799,0.00029717898,0.0051437705
1364,0.08524992,0.6059345,0.019874327,0.07965105,0.20675108,0.00036056442,0.00023203617,0.0019465333
1365,0.07832002,0.454072,0.1430869,0.15194443,0.13451809,0.028715324,0.00039103994,0.008952268
1366,0.036016364,0.64651734,0.052310273,0.19551025,0.063815355,0.004164906,0.0005125374,0.0011530392
1367,0.042034812,0.28447315,0.12902147,0.40141073,0.12278339,0.01216475,0.00052422297,0.0075873965
1368,0.022938643,0.8947162,0.018077986,0.051109556,0.011096489,0.0009589589,0.0010319185,7.020446e-05
1369,0.078809775,0.83563256,0.05489974,0.012422633,0.0077460767,0.009801032,0.00033689098,0.00035130564
1370,0.21029201,0.54774314,0.08221004,0.044351216,0.022948464,0.0885695,0.0024457283,0.0014399315
1371,0.03358767,0.72095746,0.03179926,0.17785017,0.012886438,0.0055806437,0.017134415,0.00020398252
1372,0.01803549,0.92311144,0.009431865,0.031971004,0.0027791844,0.002076301,0.012519558,7.5143085e-05
1373,0.03790296,0.91893184,0.02230139,0.012716068,0.0021919792,0.005505945,0.00032029534,0.00012960115
1374,0.030983685,0.84757805,0.04704491,0.02309163,0.0035736712,0.04665804,0.0007039815,0.00036610433
1375,0.05825711,0.37672105,0.13495983,0.27627015,0.09012179,0.053302873,0.0006811568,0.009686002
1376,0.053975992,0.6144118,0.07613409,0.15496735,0.08386906,0.013126126,0.00039484043,0.0031207502
1377,0.0579321,0.5893017,0.06441117,0.12496518,0.15492196,0.0040034703,0.0008318515,0.0036325816
1378,0.055905793,0.66510373,0.06336594,0.1199514,0.083720356,0.008503457,0.00024743204,0.0032019522
1379,0.047595404,0.6594503,0.06891155,0.13772087,0.075822026,0.008190345,0.0003375297,0.0019719047
1380,0.06350268,0.7533304,0.06643202,0.051620763,0.053144842,0.009559594,0.00021220554,0.0021975108
1381,0.09269899,0.56080306,0.12338465,0.14288904,0.042695753,0.034873106,0.0006596668,0.001995706
1382,0.105856344,0.43191266,0.16087879,0.085532926,0.13048157,0.072978325,0.00014308302,0.012216328
1383,0.16232905,0.51173645,0.07382968,0.06247035,0.17450073,0.0072303344,0.00016444924,0.0077389027
1384,0.13522258,0.6450906,0.0869944,0.056938555,0.047603495,0.025231961,0.00038413884,0.002534285
1385,0.19922078,0.53626674,0.035759352,0.03991793,0.16764851,0.0078045465,0.0011260316,0.012256143
1386,0.074011385,0.4941149,0.120405205,0.21904497,0.08727153,0.0041316934,1.4158367e-06,0.0010189166
1387,0.08954513,0.5063269,0.09901212,0.18981096,0.10208571,0.010177651,6.86226e-05,0.0029729246
1388,0.1380868,0.59294933,0.08022785,0.07636192,0.10368117,0.0048385034,0.0002471141,0.00360736
1389,0.12020231,0.48950598,0.114919074,0.0734262,0.17903212,0.0082083875,0.00026355902,0.01444239
1390,0.14292301,0.6362613,0.052412968,0.068615,0.09317989,0.0043181074,0.00018098929,0.0021087513
1391,0.15817599,0.47551495,0.098210305,0.068650626,0.18137747,0.010529221,0.0004955211,0.007045851
1392,0.14895761,0.51010555,0.095019095,0.043802653,0.16688846,0.023196226,0.0014768923,0.010553544
1393,0.1387818,0.52059585,0.100109205,0.08375626,0.038059015,0.11531972,0.00059519894,0.0027828256
1394,0.10807546,0.7036443,0.05178853,0.033879805,0.040567126,0.058240294,0.00070004916,0.0031044201
1395,0.14159264,0.5165838,0.08554341,0.072371736,0.16790469,0.008346077,0.0016707809,0.005986886
1396,0.059283484,0.42778704,0.1406168,0.20078047,0.13695905,0.022188744,0.0015016474,0.010882791
1397,0.028467033,0.7056013,0.056681897,0.14874493,0.054988597,0.003383707,0.0005960508,0.0015363799
1398,0.1170742,0.49876228,0.09944902,0.1231989,0.02963534,0.12934482,0.00065905467,0.0018764066
1399,0.05115899,0.9173576,0.010728304,0.0071463184,0.0016561172,0.011236258,0.0006901576,2.6327532e-05
1400,0.15243527,0.5390689,0.107566416,0.051368266,0.02354842,0.124494776,0.00035281116,0.0011651521
1401,0.01743267,0.9338106,0.0076937927,0.030428294,0.0016340251,0.008552596,0.0002922725,0.00015573877
1402,0.05443226,0.71704847,0.045185056,0.10563159,0.046475675,0.027662193,0.00038137974,0.0031833819
1403,0.04711787,0.632813,0.07798783,0.13279362,0.08844063,0.016250584,0.0002359465,0.004360578
1404,0.056045856,0.608229,0.07581281,0.12611796,0.11772288,0.011073786,0.000615009,0.004382639
1405,0.06599681,0.48356682,0.12186891,0.15909061,0.09898449,0.06313567,0.000254233,0.0071024694
1406,0.045621112,0.6113829,0.073024265,0.19102302,0.067404374,0.009548256,0.00017065105,0.0018255318
1407,0.0542018,0.5988681,0.07149936,0.19929254,0.066233195,0.007736373,0.0003171344,0.0018515327
1408,0.056711175,0.55530876,0.11354223,0.16638796,0.091331504,0.011260539,0.00023742177,0.0052205096
1409,0.06788389,0.83226264,0.045200143,0.034836255,0.011617822,0.007396391,0.00031605276,0.00048685228
1410,0.09757922,0.53932965,0.0836462,0.09778517,0.16714422,0.006680502,0.00039715457,0.007437846
1411,0.0679737,0.4557193,0.15455641,0.21219932,0.06324919,0.042800173,1.6468095e-05,0.0034854093
1412,0.13226582,0.6618825,0.036948137,0.042674277,0.120561205,0.0028808124,0.00015713066,0.0026301497
1413,0.11724113,0.7525591,0.061544906,0.04224946,0.016847605,0.0079923505,0.0002525725,0.0013127818
1414,0.15117344,0.67420626,0.061874233,0.03653006,0.015125883,0.059191827,0.0007470362,0.0011513208
1415,0.097039536,0.7255231,0.07786551,0.040028483,0.049883917,0.007463291,8.97503e-05,0.0021064056
1416,0.14967732,0.58203995,0.07587343,0.058154758,0.12159081,0.0076265377,0.00060497184,0.00443216
1417,0.15305361,0.43800548,0.12932561,0.09633158,0.056356035,0.12266898,0.00022512011,0.004033629
1418,0.17516011,0.40425342,0.10643187,0.08002841,0.20239136,0.021698033,0.00050715124,0.009529568
1419,0.16143098,0.46554384,0.10379541,0.057450682,0.16741368,0.033473518,0.0008809239,0.010011023
1420,0.17276639,0.6541711,0.06358345,0.02878408,0.032754533,0.045357056,0.0003546825,0.0022286586
1421,0.040142518,0.7959124,0.054583877,0.07276567,0.024168631,0.009601273,0.0017260005,0.0010995375
1422,0.10696547,0.55473626,0.054770008,0.10171332,0.17398699,0.0030901846,0.0009271468,0.003810621
1423,0.045462232,0.6511907,0.08516723,0.10736248,0.08065201,0.02337647,0.0012662311,0.00552265
1424,0.034423802,0.30997735,0.13915657,0.38028178,0.10929886,0.010038496,0.0017549724,0.015068081
1425,0.04555779,0.76473695,0.08713015,0.060059987,0.012400873,0.028621387,0.0002649825,0.001227831
1426,0.09530518,0.7629369,0.061714116,0.040206403,0.007983798,0.030848974,0.00036518386,0.00063941604
1427,0.021703852,0.950945,0.0035030425,0.009229406,0.0004019049,0.014097774,9.9568584e-05,1.9368677e-05
1428,0.0453931,0.84060955,0.04975197,0.033494994,0.017434604,0.0120831095,8.83355e-05,0.0011444379
1429,0.054184522,0.7535662,0.055327937,0.075402535,0.045283046,0.013125579,0.00038667614,0.002723477
1430,0.07031188,0.6421357,0.08647321,0.10617006,0.05425817,0.03567473,0.00038479286,0.0045915158
1431,0.049288906,0.42290583,0.12896568,0.26804307,0.108685486,0.014457065,0.00092522777,0.006728718
1432,0.050615743,0.4742111,0.11686241,0.2247759,0.11801902,0.008997419,0.00056870613,0.0059496798
1433,0.06258935,0.20911463,0.21267244,0.31334552,0.17262416,0.01892016,0.0003120571,0.010421679
1434,0.043297783,0.7238536,0.08247239,0.07576562,0.06667675,0.004780124,0.000114346454,0.0030393898
1435,0.0605508,0.49559844,0.15078975,0.12146365,0.13209288,0.02516079,0.00018999558,0.014153633
1436,0.057822976,0.4243313,0.14843811,0.15922627,0.13815138,0.05156604,0.00016560081,0.020298256
1437,0.05758007,0.6326471,0.068641394,0.0944375,0.087394804,0.046071704,8.251385e-05,0.013144888
1438,0.08482466,0.6598356,0.07670681,0.10257418,0.021085314,0.053734217,0.00010314103,0.0011360599
1439,0.08155234,0.70525,0.063582994,0.09849806,0.041826967,0.007813922,8.7312794e-05,0.0013884102
1440,0.11548213,0.60636675,0.08726601,0.08774766,0.06143435,0.038595222,0.00036200017,0.002745822
1441,0.16565265,0.6822047,0.0407943,0.044263806,0.059188563,0.005575587,0.0002913477,0.0020289994
1442,0.14594972,0.69692844,0.056154475,0.03373358,0.04496903,0.0190194,0.0010315828,0.0022137105
1443,0.048770275,0.7932108,0.05156906,0.060556877,0.04292295,0.0017613808,0.00024714138,0.0009615119
1444,0.07398215,0.5907266,0.038505647,0.08823942,0.2055342,0.0006180756,0.0002084768,0.002185463
1445,0.09532382,0.6946929,0.05919539,0.053842045,0.023773357,0.07053908,0.00039860173,0.0022348484
1446,0.043199345,0.69282764,0.05696141,0.14112782,0.05316446,0.009998384,0.00087721297,0.0018437083
1447,0.031328227,0.860161,0.019308936,0.06458602,0.02223264,0.0012437939,0.0008495287,0.0002898901
1448,0.053300694,0.84232736,0.016948279,0.054731417,0.029351799,0.0011901985,0.0018507513,0.00029955996
1449,0.01797816,0.79318726,0.058969073,0.10874437,0.010027454,0.009529811,0.0010662196,0.00049762655
1450,0.040182743,0.8836353,0.04160225,0.011667799,0.0048937434,0.015455592,0.002370233,0.00019234417
1451,0.0376658,0.8890362,0.034964222,0.020679016,0.00973337,0.0070988517,0.00017649352,0.00064610556
1452,0.04277819,0.7652216,0.058329243,0.09033557,0.025359299,0.0142858755,0.0017003667,0.0019899046
1453,0.043244585,0.909567,0.02370888,0.01530941,0.003046741,0.0040699653,0.0009417721,0.00011171885
1454,0.022018012,0.71955836,0.061510354,0.16576216,0.026658053,0.0026341064,0.0009292994,0.00092967646
1455,0.056668025,0.5540112,0.09872664,0.20022967,0.076950505,0.0079493765,0.0017852652,0.0036792522
1456,0.054259785,0.5257668,0.10843287,0.20822404,0.090169474,0.0075633,0.0010924388,0.004491323
1457,0.059591096,0.4978406,0.12582377,0.16214693,0.1140616,0.031517617,0.0003269174,0.0086915
1458,0.062444936,0.39528,0.14672934,0.18222862,0.16566233,0.030857945,0.00020814786,0.016588638
1459,0.071651556,0.36283982,0.17590977,0.15274443,0.15026084,0.066561505,0.00019271774,0.019839384
1460,0.053850267,0.88166124,0.034732334,0.0131522,0.0036208539,0.01216646,0.00059001567,0.0002266384
1461,0.057298917,0.70063287,0.045811582,0.12748578,0.06319482,0.003534118,0.00037809237,0.0016638541
1462,0.040663328,0.36793068,0.11337713,0.32777315,0.13243057,0.009844061,0.00045544215,0.0075255884
1463,0.07946538,0.5459346,0.08846076,0.18277691,0.07615888,0.024466656,9.018003e-05,0.0026466772
1464,0.103725635,0.6968768,0.034422997,0.07449897,0.0872673,0.0017955474,0.00034732188,0.0010654333
1465,0.10333821,0.6178396,0.06057289,0.090300776,0.12050863,0.0038470754,0.00068930804,0.0029035504
1466,0.071406454,0.60328496,0.08637328,0.1450905,0.07133638,0.01928056,0.0001571572,0.0030706672
1467,0.06521753,0.8617153,0.036372866,0.019204786,0.008149246,0.008644962,0.00035417124,0.0003412179
1468,0.04831493,0.72210634,0.06025657,0.094454065,0.05806612,0.012494929,0.00041936449,0.0038876606
1469,0.03845288,0.4790283,0.1433052,0.22371125,0.09017087,0.018504964,0.0019068045,0.0049196626
1470,0.026317094,0.8263311,0.05590651,0.07321552,0.0076152436,0.009098593,0.0012088511,0.00030707533
1471,0.04814039,0.8923988,0.012858525,0.03768217,0.0047097686,0.0016838613,0.0024886,3.791788e-05
1472,0.02161201,0.8725063,0.042047553,0.05103278,0.0025760292,0.0080146985,0.0021174846,9.317377e-05
1473,0.08020106,0.73120385,0.0890603,0.051232263,0.011874896,0.027927926,0.007478698,0.0010210685
1474,0.06936435,0.76554227,0.10310284,0.010391379,0.011466188,0.017116444,0.020310547,0.002705938
1475,0.042943206,0.9121672,0.026680313,0.008103689,0.0030534735,0.0038223478,0.0031539313,7.585845e-05
1476,0.029254582,0.9542843,0.008702206,0.001791727,0.0004699314,0.004291037,0.0011959316,1.0307605e-05
1477,0.09340535,0.666699,0.08159182,0.07752649,0.03850016,0.03819617,0.0009071425,0.0031739187
1478,0.0531082,0.56613976,0.10747255,0.18026401,0.075377576,0.01397086,0.00034735113,0.0033197743
1479,0.061888445,0.37462738,0.13646743,0.22086291,0.16531509,0.025864258,0.00011157412,0.014862925
1480,0.06069381,0.44207603,0.1337375,0.13427244,0.12161709,0.09078961,0.00032827727,0.016485188
1481,0.07332665,0.6988594,0.05845469,0.082790434,0.07413308,0.009565777,0.00048879377,0.0023812964
1482,0.045448124,0.48603848,0.08478913,0.25506222,0.11777276,0.0074090464,0.000108265755,0.00337202
1483,0.03538656,0.5412815,0.07014792,0.23128851,0.1120868,0.006003438,0.00011400347,0.0036912526
1484,0.08205317,0.76911867,0.02728621,0.056606382,0.061536886,0.002024215,0.0004131578,0.0009613716
1485,0.080002904,0.58557695,0.088990554,0.09705372,0.1006654,0.04186194,0.00020571944,0.0056428094
1486,0.058011908,0.38801837,0.15845436,0.22567438,0.13639745,0.023854947,0.00018960214,0.009399003
1487,0.02350201,0.92230684,0.0134505695,0.033748433,0.004599925,0.0016551225,0.00061036396,0.00012672762
1488,0.113545254,0.70890486,0.05793137,0.039066605,0.045843307,0.03157201,0.0008210776,0.0023154705
1489,0.04139223,0.76544064,0.0691118,0.06912999,0.04208318,0.010885179,0.00052854087,0.0014284708
1490,0.066425554,0.8738145,0.036774885,0.007105062,0.0028571286,0.0114313075,0.0015223444,6.922547e-05
1491,0.18728618,0.6717959,0.040365256,0.022268904,0.0064011314,0.06717711,0.0043321154,0.0003734905
1492,0.085000895,0.761353,0.06710119,0.01818981,0.009573063,0.03091988,0.024842821,0.0030193024
1493,0.07016752,0.7981126,0.048599694,0.045250874,0.009823406,0.025323274,0.001888994,0.0008335628
1494,0.060148705,0.9041046,0.014992515,0.004786545,0.00078405516,0.015029341,0.00012026258,3.3989385e-05
1495,0.047407962,0.8710855,0.037732396,0.029059008,0.009859094,0.0039016893,0.00055450224,0.00039982365
1496,0.051303193,0.72287273,0.05845812,0.11788167,0.037058137,0.010188589,0.00082583126,0.0014117004
1497,0.043410067,0.7573426,0.043057773,0.11730932,0.027895829,0.009485714,0.00070630707,0.00079238234
1498,0.057144083,0.7050966,0.03239772,0.12867396,0.074993305,0.000770771,0.0002965545,0.0006269828
1499,0.031191787,0.93765414,0.014938724,0.009467006,0.0013290016,0.0051394356,0.00023855691,4.129258e-05
1500,0.042226844,0.56200004,0.07422426,0.21283813,0.09784202,0.008147367,8.91234e-05,0.0026322757
1501,0.06809417,0.68119365,0.06739213,0.09461158,0.06538292,0.01999474,0.00019809895,0.003132599
1502,0.08210241,0.7471876,0.04164759,0.072478965,0.04726939,0.006002554,0.0015949691,0.0017165197
1503,0.042879377,0.50107825,0.10790214,0.24502583,0.09376125,0.0052266554,0.0006860711,0.0034403964
1504,0.06289744,0.7545626,0.06038895,0.062803105,0.02386914,0.033018805,0.00097612565,0.0014838271
1505,0.07697047,0.8578401,0.03535782,0.007296429,0.008310254,0.011211529,0.0027362204,0.0002771834
1506,0.0709609,0.8492276,0.046241418,0.007316665,0.0063707335,0.018958349,0.00062654243,0.00029772066
1507,0.022927515,0.9485837,0.0073340815,0.018068528,0.0015640985,0.0009649343,0.0005475746,9.590361e-06
1508,0.06338267,0.900071,0.021227714,0.0057310476,0.0017510856,0.0073738247,0.00040742598,5.526794e-05
1509,0.04329515,0.9270079,0.010767387,0.011729576,0.004713297,0.0017899788,0.000632801,6.389365e-05
1510,0.07020916,0.88006514,0.031254157,0.0059008365,0.0024289226,0.008749646,0.0012613732,0.00013082946
1511,0.05056658,0.87439555,0.04013014,0.009129585,0.0042899894,0.012518658,0.008580177,0.0003892551
1512,0.034035027,0.9407508,0.013278833,0.0056777126,0.0005876161,0.0052621057,0.0003929617,1.49825955e-05
1513,0.068397656,0.8399545,0.05232829,0.010192961,0.0062055527,0.022024907,0.00060191605,0.00029421144
1514,0.047260016,0.89209116,0.03802349,0.011179915,0.004155881,0.006928517,0.00022461427,0.00013641838
1515,0.014500949,0.96423566,0.0047814436,0.011319562,0.002043576,0.00238488,0.00063981285,9.408712e-05
1516,0.02680714,0.9463415,0.0092637185,0.014136211,0.0011757853,0.0009449788,0.0013261813,4.500233e-06
1517,0.0073463125,0.9761066,0.0020787993,0.011939059,0.00044187065,0.0017487713,0.0003285591,9.933317e-06
1518,0.062174782,0.86965376,0.02248807,0.009346064,0.010270379,0.024755564,0.00093166024,0.00037974602
1519,0.12279492,0.71257055,0.038965825,0.011053365,0.0010995332,0.10754122,0.0059146453,5.9887563e-05
