,endothelial cell,epithelial cell of proximal tubule,kidney collecting duct epithelial cell,kidney distal convoluted tubule epithelial cell,kidney loop of Henle epithelial cell,podocyte,immune cell,pericyte
0,0.033391584,0.00053303904,0.00095976907,0.24107124,0.7028488,0.00044097373,0.0009452935,0.019809343
1,0.060227145,0.0009107757,0.0016635489,0.2229128,0.65323913,0.0006132564,0.0009814099,0.059451938
2,0.053328168,0.0007421537,0.0012572003,0.25398442,0.6310046,0.0004892474,0.0008811895,0.058313012
3,0.09263799,0.0010983818,0.0021179114,0.2583466,0.4953167,0.0009365493,0.0010778034,0.148468
4,0.085836895,0.001421925,0.0024262988,0.304949,0.45105544,0.0008833777,0.0011950955,0.15223198
5,0.032557636,0.00035375266,0.0005976121,0.16463582,0.78036773,0.000219895,0.00053827604,0.02072927
6,0.04511974,0.00052401883,0.0008297608,0.16310692,0.74990886,0.00032394333,0.00067636615,0.03951037
7,0.093434386,0.0011350815,0.002116908,0.23179603,0.5062874,0.00070769317,0.0010386448,0.16348389
8,0.039125446,0.00082312315,0.0012538055,0.2269382,0.7032327,0.0005518833,0.0011877314,0.026887082
9,0.06445852,0.0009929856,0.0017831099,0.28256693,0.57688576,0.0006739587,0.0009953196,0.071643405
10,0.06688412,0.0007938658,0.0013983614,0.25335804,0.58831793,0.0005115937,0.00080860255,0.08792755
11,0.06807682,0.0008315059,0.0014735676,0.27357438,0.563509,0.0005376765,0.0008013234,0.09119571
12,0.05134696,0.0008539466,0.0014813854,0.2309656,0.6608753,0.00059832266,0.0011370304,0.052741513
13,0.041731585,0.0006359048,0.0010064747,0.20825112,0.7098506,0.00041857117,0.0008013312,0.037304346
14,0.05028068,0.000613963,0.0011544107,0.23717076,0.65836966,0.0004485584,0.0007873528,0.051174533
15,0.044426575,0.00060810294,0.0009785633,0.2264453,0.6901017,0.00040445197,0.00078241125,0.036252897
16,0.054927375,0.000676844,0.0011667538,0.2126115,0.6717918,0.00042940676,0.0008224578,0.05757386
17,0.025829019,0.00045178056,0.00072292605,0.18745536,0.7737235,0.0003572055,0.00085070304,0.0106095085
18,0.12014526,0.0018005795,0.0037667118,0.3923012,0.24983673,0.0011926008,0.0012150834,0.22974186
19,0.06826573,0.00089439156,0.0015450995,0.3069048,0.5298128,0.00053786684,0.0008495757,0.09118975
20,0.0782582,0.0010833443,0.0020164757,0.24334154,0.5647293,0.0006670061,0.0010293346,0.108874805
21,0.07348978,0.0011120896,0.0017720462,0.2690882,0.5487201,0.00062011316,0.0010212903,0.10417632
22,0.060861096,0.00067887123,0.0012476536,0.20944218,0.656107,0.00044685183,0.00076982495,0.070446394
23,0.07275014,0.0010257342,0.0017889035,0.22231595,0.5817331,0.00062985095,0.000923734,0.1188326
24,0.06641266,0.0012897031,0.0022094108,0.39799488,0.44287944,0.0007606053,0.0011645315,0.087288745
25,0.094603024,0.0014027987,0.002418258,0.2895814,0.4523039,0.0008863831,0.0013878075,0.15741645
26,0.050374426,0.0013163452,0.0021651236,0.5332709,0.3611826,0.00079923274,0.0010929252,0.04979844
27,0.053582866,0.00079894206,0.0013671657,0.3063926,0.58781517,0.00057710067,0.00097020285,0.04849591
28,0.039647426,0.00063872815,0.0010266544,0.08752737,0.8485745,0.00034537763,0.000979101,0.02126089
29,0.03549569,0.0011371471,0.0015689114,0.7090036,0.21639179,0.00062904647,0.0009697818,0.034803998
30,0.081691235,0.0013452437,0.0024927468,0.29220146,0.49210635,0.0009454171,0.0012969794,0.1279206
31,0.10215552,0.0015589308,0.0030734516,0.32905293,0.38248366,0.0010051867,0.0013778455,0.17929253
32,0.103226475,0.0018729498,0.0029441854,0.23357604,0.4889689,0.001166225,0.0016926557,0.16655259
33,0.1013802,0.0010264905,0.0020343498,0.23483367,0.47307295,0.00069776014,0.00092886516,0.18602566
34,0.107767366,0.001450287,0.0030782898,0.29707506,0.36473066,0.0009947523,0.0011553669,0.22374816
35,0.08892645,0.000973158,0.001910957,0.26432502,0.484049,0.0006454674,0.00088072295,0.15828922
36,0.1032637,0.0017166525,0.0037023441,0.26264665,0.39240608,0.0012030343,0.0013908746,0.2336707
37,0.104648024,0.0015300943,0.0031619454,0.31047696,0.37351835,0.0010784598,0.001274238,0.20431194
38,0.07373845,0.001107695,0.0019311733,0.35979146,0.46388215,0.0006495937,0.0010402059,0.09785929
39,0.077252924,0.0009325795,0.0016815455,0.33276784,0.46881422,0.0006228452,0.00084447645,0.11708357
40,0.061586246,0.0014401294,0.0022418224,0.5062135,0.34301025,0.00076932047,0.0012438177,0.083494924
41,0.056442976,0.00075181236,0.0012741348,0.23087703,0.6502504,0.00048182945,0.00081050233,0.05911133
42,0.072748706,0.0012116716,0.002241824,0.2800966,0.5549832,0.0009310295,0.0013521707,0.0864348
43,0.05674292,0.00037124287,0.001438549,0.04650503,0.84635586,0.0006100803,0.0008605117,0.047115818
44,0.061749883,0.0017459438,0.0029072373,0.538192,0.30934575,0.0010031097,0.0013662007,0.083689906
45,0.098999195,0.0018468661,0.003419635,0.34519893,0.36510617,0.0012512263,0.0012756957,0.18290226
46,0.10426896,0.0016963785,0.0029665036,0.28745645,0.47152534,0.00114563,0.0017042591,0.12923644
47,0.094029255,0.0012913957,0.0023966222,0.28543442,0.44430575,0.0007929522,0.0010974036,0.17065221
48,0.10705555,0.0011582114,0.0026527822,0.25161326,0.4280807,0.0008941025,0.0010440932,0.20750128
49,0.105687074,0.0014858638,0.0029642067,0.29363382,0.37687346,0.0009830813,0.0010316158,0.21734081
50,0.1176247,0.0016953307,0.0036780743,0.24342862,0.40299278,0.0013636367,0.0016187631,0.22759813
51,0.110699534,0.00165633,0.0033943243,0.2867689,0.38305095,0.001136617,0.0012576215,0.21203576
52,0.09518238,0.0012026314,0.0023457492,0.35758337,0.3630218,0.0007533954,0.0009465871,0.17896411
53,0.092016526,0.0011960199,0.0022718427,0.32867846,0.42212287,0.0008149612,0.0010524747,0.15184692
54,0.08583399,0.0010182372,0.0019173918,0.29372492,0.48129937,0.0006384419,0.000974344,0.13459331
55,0.10534346,0.0014711721,0.002648075,0.30673203,0.37804607,0.00094307045,0.001060748,0.20375541
56,0.073530264,0.0010278489,0.0018749345,0.23888811,0.5883778,0.0007728812,0.0012376895,0.0942905
57,0.045734327,0.00062115834,0.0011760661,0.20900765,0.6975983,0.00038451597,0.00076463487,0.04471334
58,0.057220444,0.0012928143,0.002100513,0.603894,0.26389664,0.00076628424,0.0010939928,0.069735326
59,0.0941018,0.0022939765,0.0042144787,0.39305717,0.36644924,0.0013512089,0.0017954697,0.1367366
60,0.10801367,0.0012282693,0.0025859629,0.29165486,0.380357,0.00083444803,0.0010382758,0.21428752
61,0.107464574,0.001574491,0.002831192,0.31561422,0.38920933,0.00099345,0.0013249171,0.1809878
62,0.11006121,0.0015717867,0.0028234725,0.25326174,0.4076231,0.0010667279,0.0012476522,0.22234428
63,0.10462629,0.0010447925,0.0022668224,0.2948987,0.38241324,0.00072531856,0.00088452344,0.2131403
64,0.11331655,0.0018538717,0.0034482593,0.3076469,0.3729547,0.0011658364,0.0016032585,0.19801058
65,0.12140205,0.0017216151,0.003872532,0.28735185,0.3494477,0.0012420503,0.001501925,0.23346025
66,0.11290856,0.0013718872,0.0029289362,0.27590883,0.39245167,0.001088301,0.0014646788,0.21187717
67,0.11382839,0.0014117995,0.003141751,0.2845823,0.37763348,0.0011403715,0.0013913714,0.21687053
68,0.104190044,0.0018693366,0.003576768,0.3376515,0.33011836,0.0011377906,0.0013031072,0.22015311
69,0.11253051,0.0011498901,0.0023935456,0.21464813,0.44989455,0.00087316387,0.00101175,0.21749842
70,0.09929075,0.0010455295,0.0021691571,0.23759146,0.4767089,0.00070960616,0.0009313082,0.18155329
71,0.070196256,0.0007853543,0.0015283077,0.23326689,0.59842235,0.0005585672,0.00088731555,0.094355
72,0.11126913,0.0010509135,0.0021505954,0.16405982,0.57976806,0.0009411774,0.0014296508,0.13933064
73,0.06956307,0.0010330329,0.0016356042,0.21239573,0.6286641,0.00070898846,0.0011494579,0.08485004
74,0.047695592,0.0012640193,0.0021329625,0.66456383,0.22913784,0.0006724724,0.0010660021,0.053467285
75,0.083040476,0.0012762374,0.0026689384,0.4496473,0.32405508,0.00088661315,0.0010504347,0.13737491
76,0.094161406,0.0011971043,0.0022028938,0.28180754,0.43685508,0.00073882105,0.0009861424,0.18205103
77,0.09738282,0.0014299902,0.0028730964,0.27566615,0.42766985,0.0009626158,0.001151155,0.19286437
78,0.1137023,0.0014890335,0.0035967676,0.2776275,0.39947143,0.0013056089,0.0013924121,0.20141502
79,0.110330544,0.0012153717,0.00246634,0.2784308,0.37080872,0.00082548335,0.0011025209,0.23482023
80,0.11777347,0.00096150325,0.002267463,0.24459445,0.37253922,0.0007648803,0.00087456626,0.26022452
81,0.10691553,0.0016190495,0.0030703794,0.26376826,0.40077984,0.0011958985,0.0017371929,0.2209138
82,0.10444381,0.0012558498,0.0025905161,0.31867313,0.37273282,0.00086099724,0.0010600055,0.19838294
83,0.10736554,0.001291437,0.002568718,0.30015138,0.37976956,0.0008601426,0.0009977198,0.20699544
84,0.13044514,0.0011472638,0.0024552657,0.23275985,0.39650697,0.00087648653,0.0011392507,0.23466974
85,0.109469466,0.001982906,0.003952095,0.32666978,0.37446058,0.0015854514,0.0016502865,0.18022946
86,0.10939751,0.0015520627,0.0028972623,0.22600852,0.46644098,0.0011622404,0.0014337995,0.19110759
87,0.10758404,0.0018680491,0.0030733037,0.258834,0.45811355,0.0012275155,0.0016071544,0.16769241
88,0.09413566,0.0014415383,0.0024365964,0.254731,0.51054025,0.00090311957,0.0011978921,0.13461392
89,0.06470388,0.0008192466,0.0015299435,0.21399651,0.6294114,0.0005338849,0.00082189264,0.08818325
90,0.0653932,0.0009554709,0.001662489,0.22266403,0.6245526,0.00062553585,0.0009163314,0.083230264
91,0.09843128,0.0017533153,0.0024360782,0.22031476,0.5437669,0.0008354789,0.0015814997,0.13088061
92,0.022610256,0.00071566965,0.0010226673,0.75949913,0.20019518,0.00043759268,0.00058519543,0.014934227
93,0.0972585,0.0011015229,0.0023112711,0.335661,0.38100603,0.0008059838,0.0010469434,0.18080874
94,0.10808515,0.0017039303,0.0034138449,0.32348418,0.3849083,0.0011595835,0.0015673632,0.17567764
95,0.1052266,0.0010981183,0.0023007833,0.261013,0.42247868,0.0007654814,0.00092469103,0.20619267
96,0.10750067,0.0011259695,0.0024057848,0.24976365,0.44590494,0.00083326607,0.0010005903,0.19146517
97,0.11921446,0.000827062,0.0020403317,0.22231604,0.3768607,0.00063463394,0.00076140196,0.27734533
98,0.11400457,0.0018050254,0.0033568738,0.23004907,0.4363232,0.001153235,0.0016571347,0.21165086
99,0.12475096,0.00092648715,0.0022771067,0.21137263,0.37688676,0.00075382635,0.0008783055,0.2821539
100,0.123983674,0.0006918433,0.0018836863,0.18114834,0.40715054,0.00057951227,0.0006779547,0.28388444
101,0.11798864,0.0009844063,0.0026206386,0.23749587,0.39133686,0.000808737,0.00093543116,0.24782938
102,0.11910859,0.0019423709,0.0033059246,0.28943864,0.3487,0.0011264062,0.0012991689,0.2350789
103,0.10953392,0.0010816943,0.0022405286,0.22182025,0.43514928,0.0007137399,0.00096613925,0.22849447
104,0.10279277,0.0012264965,0.0023876536,0.25591722,0.4092415,0.00078537164,0.00094580813,0.22670317
105,0.101470165,0.0011006203,0.0023280354,0.25316802,0.45537347,0.0008517747,0.001083855,0.18462408
106,0.08805965,0.0011107929,0.0020202748,0.23489782,0.5091294,0.0006971964,0.0009554861,0.1631294
107,0.07814851,0.0009037687,0.0017393153,0.25092247,0.5573963,0.00060228386,0.0009845099,0.10930289
108,0.0730625,0.00094611786,0.0017270233,0.24781244,0.57296264,0.0005675091,0.00085937994,0.10206241
109,0.09507591,0.0012705051,0.0022162711,0.25426823,0.48144004,0.0008864789,0.001396744,0.16344582
110,0.038418073,0.0004942625,0.0008741234,0.16819869,0.7719203,0.0003968962,0.00092854234,0.018769097
111,0.1303765,0.001563766,0.0049417494,0.18623957,0.4934153,0.0026176246,0.002969771,0.17787573
112,0.0695758,0.0011530905,0.0021267848,0.46352378,0.36110407,0.0008729229,0.0010480591,0.10059554
113,0.11953827,0.00083904853,0.002038502,0.2229037,0.3923315,0.000642758,0.00076936104,0.2609369
114,0.0967521,0.001168815,0.002335483,0.26163623,0.46216083,0.0007414657,0.0009925369,0.17421255
115,0.107631125,0.0015392555,0.0030322273,0.3214109,0.36700144,0.0010192925,0.0012428071,0.19712296
116,0.11050299,0.0013285697,0.0028457835,0.22798958,0.41786665,0.0008572126,0.0010860706,0.23752312
117,0.113817774,0.0017839328,0.0040025166,0.26317945,0.35151073,0.0013328559,0.0012943337,0.2630784
118,0.123091884,0.0008867982,0.0023000184,0.24776174,0.33412758,0.0006663273,0.00075193687,0.29041374
119,0.1245564,0.0010257466,0.0029009415,0.22156852,0.36939985,0.00081752415,0.0009334338,0.27879757
120,0.14689015,0.0010106378,0.0026101256,0.21580362,0.34757203,0.00085985556,0.0009730483,0.2842805
121,0.13628323,0.0010121021,0.0028440468,0.2108845,0.36051086,0.0009510992,0.0010412261,0.28647286
122,0.12381113,0.00083428633,0.0022204365,0.22839384,0.36657286,0.0006758369,0.00076194626,0.27672964
123,0.11801528,0.0010882702,0.002561587,0.21283612,0.4031255,0.0008607417,0.0011477955,0.2603647
124,0.10611473,0.0013446622,0.0029079483,0.2265815,0.4511779,0.0009776809,0.0013330058,0.20956264
125,0.10445611,0.001236931,0.0027810654,0.25159612,0.43077832,0.0009079147,0.0011851969,0.20705837
126,0.09182132,0.0010626868,0.0020519781,0.26311272,0.47285724,0.00068450504,0.00092246087,0.16748706
127,0.09764353,0.0011278392,0.0023600021,0.2459085,0.4880771,0.00097445777,0.0010621968,0.16284639
128,0.087680206,0.001314111,0.0027880599,0.21023437,0.57558703,0.0010373025,0.0014643347,0.11989457
129,0.09621699,0.0017093137,0.0038725568,0.24069512,0.50363797,0.001149549,0.001794203,0.15092431
130,0.08824073,0.0012591112,0.002499483,0.2869702,0.47074363,0.000941866,0.0011807275,0.14816429
131,0.045608103,0.0005964901,0.0011932276,0.18589222,0.72603005,0.0005286475,0.0009107049,0.039240576
132,0.03534191,0.0004782873,0.0016720289,0.19008403,0.75137925,0.0008831932,0.0011433347,0.01901802
133,0.052570805,0.0014984176,0.0023197846,0.6872922,0.18381068,0.00072775106,0.0009867473,0.07079366
134,0.075114794,0.0014841743,0.0022305336,0.26452094,0.55904454,0.0008906705,0.0012603312,0.09545399
135,0.09379601,0.0012728428,0.0026096243,0.33339247,0.41905516,0.0009556421,0.0011323076,0.14778595
136,0.078121305,0.0009253269,0.001736113,0.3247848,0.4745734,0.0006188824,0.000860659,0.11837953
137,0.09003348,0.00085208094,0.0017710037,0.23428103,0.51598173,0.0006002549,0.0008268123,0.15565366
138,0.11492929,0.0013242495,0.0028008327,0.2611932,0.40344825,0.00090954476,0.0011450606,0.21424955
139,0.12087616,0.00081591774,0.0021443325,0.18923016,0.4434491,0.0006850031,0.00081061077,0.24198875
140,0.13015284,0.0008280464,0.002225424,0.17663057,0.40546095,0.0007328689,0.00082629663,0.28314304
141,0.13450588,0.0010637906,0.0028927634,0.2327845,0.3260806,0.0008977529,0.0010373745,0.30073738
142,0.12986669,0.00086857536,0.0026180358,0.19868131,0.37054178,0.00078426267,0.0009364043,0.295703
143,0.13557906,0.001102525,0.002802571,0.21333478,0.33868086,0.00086486555,0.0010285546,0.3066069
144,0.13981906,0.0011387818,0.0031052618,0.16695452,0.38752845,0.0011030146,0.0012862058,0.29906473
145,0.12205503,0.00068342476,0.0018981398,0.17970406,0.40834272,0.00057928666,0.0006801,0.28605723
146,0.13003074,0.00102364,0.0025077895,0.19608155,0.40246016,0.00074555376,0.0009565836,0.26619402
147,0.119298525,0.0012301968,0.0026644466,0.20859021,0.4084308,0.000852205,0.0011970148,0.25773653
148,0.10343148,0.0011888328,0.0024935028,0.28054178,0.4153091,0.00076536805,0.0009873484,0.19528262
149,0.118580386,0.0018926433,0.0036325175,0.22722918,0.43080017,0.0014314037,0.0016153012,0.21481845
150,0.10797585,0.0016115921,0.0030318773,0.23968405,0.4295596,0.0011328049,0.0012526532,0.2157516
151,0.08934903,0.0011295837,0.0021061525,0.29586008,0.47519144,0.00072117243,0.0011082568,0.13453433
152,0.06974253,0.0008597572,0.0015861094,0.24791077,0.580426,0.0005775514,0.0009113034,0.09798601
153,0.072314784,0.0007010978,0.001391767,0.22170277,0.60352856,0.00047604364,0.00075469515,0.09913033
154,0.06204486,0.00082022627,0.0013999392,0.15212542,0.7331145,0.0005123177,0.0010011286,0.048981685
155,0.05742279,0.00064433395,0.0011702095,0.20803818,0.6767667,0.00044648242,0.0009628002,0.05454847
156,0.02840709,0.0010598341,0.0013960708,0.7532922,0.19666065,0.0005950865,0.00089825527,0.017690832
157,0.028100003,0.001424156,0.0020566264,0.6808807,0.26853156,0.001125236,0.0015589151,0.016322775
158,0.056762025,0.001681941,0.0026553215,0.5593934,0.31114602,0.0008795786,0.0013901185,0.06609163
159,0.10277146,0.002348059,0.0034743787,0.32086444,0.39886114,0.001261425,0.0015164004,0.16890264
160,0.084749766,0.0013855028,0.0027281097,0.34137782,0.44509318,0.00087077176,0.0012530045,0.12254183
161,0.093093485,0.001774402,0.0028391615,0.43550307,0.33233723,0.0011097434,0.0016403996,0.13170256
162,0.07491929,0.0010148007,0.0018140344,0.3485851,0.46225035,0.0006372662,0.00090635836,0.10987281
163,0.086915664,0.001181336,0.001985297,0.26490977,0.53547907,0.000788783,0.0012384984,0.10750166
164,0.08689901,0.0009733425,0.0021033844,0.3494987,0.41556075,0.0006909073,0.00094222353,0.14333166
165,0.08801482,0.0013027735,0.0023027195,0.26145226,0.4907258,0.0008613012,0.0014073531,0.15393297
166,0.12213729,0.001540382,0.0034680027,0.24564254,0.38761833,0.0011409593,0.0013725859,0.23707989
167,0.11814501,0.0007531325,0.0020573451,0.18595888,0.4373516,0.0007333669,0.0007992264,0.25420135
168,0.12196292,0.00086461206,0.0020753175,0.20208052,0.41711688,0.0007642133,0.0008516907,0.2542839
169,0.12918177,0.00073260674,0.0021171658,0.19551343,0.36646333,0.00076229044,0.000743868,0.30448547
170,0.13081555,0.0008684223,0.0023026455,0.17398846,0.3963631,0.00074650836,0.0007528926,0.29416245
171,0.13698176,0.0010703054,0.0026460702,0.23290078,0.320011,0.0008202712,0.00093409466,0.30463576
172,0.1522584,0.0009980972,0.002459684,0.17204781,0.40745065,0.0008265464,0.0010996958,0.26285908
173,0.13221303,0.0009611225,0.002247203,0.19008471,0.37847662,0.0007305179,0.0009337308,0.2943531
174,0.12258037,0.00113865,0.002436337,0.22565788,0.39989248,0.00095654326,0.00100499,0.24633282
175,0.118437774,0.0017456141,0.0038141268,0.22044633,0.4300441,0.0012304446,0.0017453333,0.22253627
176,0.10231816,0.0013829793,0.0026395961,0.23587915,0.43579793,0.00086685654,0.0011186821,0.21999666
177,0.106226556,0.0010875319,0.0024753949,0.20008647,0.48986524,0.00091874425,0.0010692106,0.19827087
178,0.09306479,0.0012155363,0.0021898525,0.25549227,0.48603928,0.0008461187,0.0010212759,0.16013093
179,0.08601292,0.0009119636,0.0017461763,0.23800896,0.53944,0.0005960834,0.0008890116,0.13239487
180,0.08152381,0.0009753139,0.0017637725,0.24364199,0.5503582,0.0006381398,0.00095259154,0.12014627
181,0.0738719,0.0010164622,0.0017283288,0.24841563,0.5774143,0.0007140796,0.0009890685,0.09585037
182,0.06691745,0.0013252907,0.0018669511,0.35137478,0.49889323,0.0008183432,0.0013604106,0.07744355
183,0.04217014,0.0008954883,0.0014076736,0.4800239,0.4416071,0.00056907965,0.0011091081,0.032217532
184,0.044110082,0.000879943,0.0014761128,0.30235726,0.62368065,0.00062016555,0.0010952584,0.025780462
185,0.03273871,0.00078219007,0.0011551765,0.4805901,0.4647245,0.000444554,0.0009996109,0.018565137
186,0.037446924,0.0013166801,0.0019923684,0.79118943,0.12358324,0.0006172753,0.0007370935,0.043117084
187,0.06456536,0.0011979038,0.0020392116,0.41553867,0.444921,0.00078477454,0.0012191309,0.069733985
188,0.048432563,0.0013800333,0.0018406361,0.5961255,0.2916289,0.0007062508,0.0010529587,0.0588331
189,0.06511001,0.00080952235,0.0013782588,0.31847435,0.5429954,0.00054102135,0.00086842064,0.069823004
190,0.053541534,0.0010676922,0.0021212806,0.6720221,0.20572057,0.0006978663,0.00088414137,0.06394483
191,0.050532557,0.001614849,0.00231971,0.6407742,0.23649685,0.000803979,0.0013009319,0.066156946
192,0.07434519,0.00093667646,0.0017197946,0.30646354,0.50408924,0.0006037343,0.00089346454,0.11094832
193,0.08458688,0.0015827189,0.0028025974,0.44230452,0.3371807,0.0009852148,0.0013173181,0.12923999
194,0.07611801,0.0009972361,0.0017702855,0.3036019,0.5049621,0.00063927524,0.0009383409,0.110972874
195,0.09870992,0.0018074876,0.0034285327,0.39218685,0.31139907,0.0011410031,0.0011921362,0.19013499
196,0.092532404,0.0014333938,0.0028566062,0.34912345,0.37793124,0.00093214965,0.0011351105,0.17405565
197,0.08844053,0.0009182009,0.0018164708,0.24333382,0.5117328,0.00061970117,0.0008692055,0.15226923
198,0.10536651,0.0012947216,0.0027729403,0.30161145,0.3788046,0.0008343295,0.0010548527,0.20826055
199,0.093962304,0.0013002944,0.0026792947,0.31163716,0.43241134,0.00094074983,0.001438304,0.15563053
200,0.14321236,0.0015303248,0.0037928966,0.1910315,0.3877573,0.0014118555,0.001821127,0.26944262
201,0.1231499,0.001079689,0.002621716,0.16723917,0.4181698,0.00090314157,0.0010702787,0.28576624
202,0.12405084,0.0010297312,0.0024335214,0.20870714,0.38079688,0.00086061144,0.0009285223,0.2811928
203,0.16262509,0.0013062361,0.0036623245,0.18995671,0.34523508,0.0013216044,0.0014452876,0.29444763
204,0.14121932,0.0010544066,0.002918607,0.15807906,0.42777017,0.00096378935,0.0010584224,0.26693618
205,0.12425199,0.0012562283,0.0032326118,0.23232777,0.3318125,0.0009385673,0.001009459,0.3051709
206,0.12799601,0.0010196537,0.0024948122,0.16730973,0.41579348,0.0008527624,0.0012613531,0.28327227
207,0.12114965,0.0008456979,0.0021620998,0.2392796,0.35845476,0.00066169264,0.0007837213,0.27666274
208,0.13870114,0.0015023415,0.0033107863,0.21639298,0.3674591,0.0013988237,0.001439246,0.26979557
209,0.113082446,0.001175242,0.002669891,0.20951681,0.4361983,0.0008283669,0.0009874932,0.23554146
210,0.12162538,0.0014670454,0.0027857532,0.22513163,0.4177616,0.0009597533,0.001186336,0.22908251
211,0.09179492,0.0008841677,0.0018049211,0.21096246,0.5277309,0.0005971124,0.0008316325,0.1653939
212,0.09615652,0.0012320719,0.0025599878,0.22172205,0.523958,0.0009585153,0.0013449923,0.15206787
213,0.08998836,0.0010033386,0.0020430104,0.2480555,0.50968313,0.0007372925,0.0010263971,0.14746298
214,0.08253766,0.00087184814,0.0016591148,0.2394133,0.5494479,0.00057786785,0.00083628925,0.124656
215,0.085325785,0.001364072,0.0025245624,0.26779297,0.51994014,0.00097462384,0.0016288285,0.12044894
216,0.03754934,0.0005013574,0.0009420961,0.19442876,0.743065,0.00043940125,0.00090253184,0.022171548
217,0.03824368,0.0006522138,0.0011229533,0.24763538,0.69098103,0.00046954094,0.0010863832,0.019808736
218,0.03303396,0.0007666419,0.0012503543,0.47258982,0.47036368,0.00054363086,0.00089911435,0.020552853
219,0.03536462,0.0006076231,0.000901292,0.42008835,0.51663715,0.00033674165,0.0006406037,0.025423568
220,0.05395874,0.0010543702,0.0017243976,0.36214158,0.52141535,0.0006455574,0.0009718991,0.058088053
221,0.10096089,0.0012625493,0.00223267,0.30347812,0.46929285,0.0009441462,0.0013825597,0.120446265
222,0.02723344,0.0008964499,0.0014603332,0.8574368,0.085309416,0.00043259995,0.0005438273,0.026687225
223,0.08320492,0.0015056737,0.002580321,0.26962817,0.54837865,0.0010722773,0.0016471392,0.09198284
224,0.064354934,0.0013777862,0.0022384147,0.45040268,0.4081797,0.0009572562,0.0012620479,0.0712272
225,0.0638647,0.0014549758,0.0023931263,0.31043103,0.53430104,0.00093724875,0.0013797514,0.08523816
226,0.07246822,0.00081164413,0.0015948755,0.30720317,0.5149965,0.0005611825,0.00084525783,0.10151912
227,0.066885844,0.0013621572,0.0020518268,0.41438794,0.43703952,0.00089735206,0.0011115333,0.07626382
228,0.09577637,0.0013613469,0.0027583267,0.32672697,0.42320323,0.00092687184,0.0013659587,0.1478809
229,0.09748119,0.0013940665,0.0028197784,0.42257726,0.27184245,0.0008182555,0.00092153356,0.20214547
230,0.10819654,0.002044029,0.004502973,0.31009713,0.3962601,0.001503386,0.0020108037,0.17538495
231,0.11244796,0.0010986765,0.002298685,0.2581134,0.3977595,0.00076930446,0.00090278796,0.22660963
232,0.1081617,0.0018212275,0.0038005218,0.3099635,0.3251162,0.0011957587,0.0013221849,0.2486189
233,0.10059558,0.001421686,0.0027777164,0.24289127,0.4406808,0.0008888241,0.0011414394,0.20960267
234,0.106590666,0.0012443819,0.0027218335,0.261703,0.39512417,0.0008860385,0.0011620171,0.23056787
235,0.09963891,0.0011010861,0.0024169807,0.30106187,0.4132573,0.00079971744,0.0010767677,0.18064737
236,0.1295808,0.0009287208,0.0024214077,0.19142704,0.41061202,0.0007853876,0.0009419961,0.26330262
237,0.12154821,0.00074634777,0.002039401,0.1773582,0.43102092,0.0006736397,0.0008299353,0.2657833
238,0.13082704,0.0009322073,0.002535663,0.2060562,0.36727676,0.0008898458,0.00091395935,0.29056823
239,0.12761611,0.00073702104,0.0019712688,0.19777928,0.3736178,0.00061111577,0.0007147167,0.2969527
240,0.12511459,0.00088267657,0.0022736795,0.16904093,0.4232672,0.0008036169,0.0010005466,0.27761677
241,0.13105011,0.0009893978,0.0026344548,0.19537356,0.37511247,0.00081567443,0.001104321,0.29292005
242,0.12764022,0.00082237355,0.002259603,0.20269428,0.37718242,0.0007326127,0.0008654973,0.28780305
243,0.12819631,0.0008256716,0.0020926108,0.1898155,0.3702242,0.0007029552,0.00084063696,0.3073021
244,0.112298205,0.0010028197,0.0022989993,0.20348099,0.40589282,0.0007261463,0.0008635838,0.27343643
245,0.1088444,0.0016845515,0.0034465909,0.28080627,0.38760152,0.0012380745,0.0015273629,0.21485126
246,0.098713934,0.0016307163,0.0032532422,0.2691974,0.43017334,0.0010388645,0.0011549253,0.19483756
247,0.10069595,0.001320481,0.0026673647,0.28994805,0.42837688,0.0010703033,0.0012381104,0.17468286
248,0.07447483,0.000967106,0.0017598509,0.22337729,0.6055467,0.0006074141,0.0009866065,0.09228017
249,0.07245297,0.00084678445,0.001549237,0.23101969,0.59248435,0.00053976773,0.0009201184,0.100186996
250,0.078234814,0.00091592397,0.0016809105,0.19635178,0.6124502,0.00064756686,0.0009713581,0.108747475
251,0.0858563,0.0016849184,0.0023984043,0.2788754,0.5080304,0.00090521487,0.00154785,0.12070145
252,0.043780867,0.0006061171,0.0010152783,0.24957372,0.67847055,0.0005478757,0.000975815,0.025029749
253,0.05189745,0.0010051772,0.0017059267,0.34635085,0.54734176,0.00072826655,0.0011802018,0.049790338
254,0.048078746,0.00067530916,0.0010102266,0.3195552,0.588488,0.0004285915,0.00075619225,0.04100775
255,0.043284398,0.001614289,0.0036084116,0.8313845,0.05266694,0.0009839574,0.0009154443,0.06554208
256,0.06354547,0.0012340987,0.002000113,0.3348231,0.51778615,0.000979559,0.0013870988,0.07824435
257,0.07075145,0.001640535,0.002387905,0.28353396,0.5470036,0.0009617409,0.0016041968,0.09211662
258,0.032121755,0.0010429271,0.0018926897,0.8386878,0.09361259,0.00058495265,0.0007632957,0.0312941
259,0.090668164,0.0012894863,0.0026897169,0.32675624,0.4437338,0.0011709108,0.0012821918,0.13240947
260,0.07596268,0.0017583297,0.0027857118,0.5255239,0.31533664,0.0011083655,0.0016699075,0.075854525
261,0.07685968,0.00107586,0.002017944,0.32704055,0.46375388,0.0007050328,0.0009846995,0.12756233
262,0.08003999,0.0010113055,0.0017708328,0.25823036,0.56467974,0.000678215,0.0010528819,0.09253677
263,0.07392595,0.0011176051,0.0017996844,0.335209,0.49887288,0.0006761086,0.0010644213,0.08733437
264,0.08235397,0.0014028278,0.002643037,0.3449127,0.43261814,0.00091726205,0.0012028408,0.1339492
265,0.08614032,0.0015958499,0.003742121,0.53958285,0.20373414,0.0011509138,0.0012687831,0.16278505
266,0.09915968,0.0013214934,0.002691794,0.28979644,0.41901505,0.0008629939,0.0011018667,0.18605064
267,0.120620936,0.002229061,0.0037409957,0.34301046,0.33023185,0.0013784934,0.00158505,0.19720311
268,0.10452806,0.0017351215,0.0031729294,0.32548445,0.36605367,0.0010059471,0.0011980425,0.19682175
269,0.10162793,0.0010755933,0.0021178622,0.23139608,0.46474037,0.000707375,0.0009754251,0.19735941
270,0.099965766,0.0010726533,0.0020972881,0.24596304,0.45308542,0.0007036266,0.00091858715,0.19619356
271,0.09823646,0.0010464158,0.0026105233,0.29841086,0.4018251,0.00077247655,0.0010537278,0.19604446
272,0.12463846,0.0010950844,0.0026599695,0.20352188,0.3669641,0.0008058342,0.0009200333,0.29939464
273,0.13218708,0.0010570765,0.0026648159,0.19256596,0.40293485,0.0008241492,0.0009313449,0.26683468
274,0.12148266,0.00071430736,0.0018803627,0.18132819,0.41762996,0.00058909936,0.0007039298,0.2756715
275,0.12664244,0.0011291613,0.0029281746,0.20354767,0.34622753,0.00092961494,0.0012182406,0.31737715
276,0.15202208,0.0013364357,0.003279699,0.17213869,0.40066245,0.0010264055,0.0012197342,0.26831445
277,0.12330879,0.0010694375,0.002963575,0.17778727,0.40558934,0.00089038553,0.0010213043,0.28736994
278,0.1270629,0.0010083399,0.0023862738,0.21044864,0.38660255,0.00079540093,0.00096207624,0.2707338
279,0.12528609,0.000859403,0.0023550368,0.19257282,0.39135072,0.0006961759,0.00072720647,0.2861526
280,0.12461701,0.0010959955,0.0024809712,0.23195592,0.38210788,0.00075446704,0.00096509507,0.25602266
281,0.10954377,0.0010624607,0.002330395,0.2619047,0.39607143,0.00074482465,0.0008865904,0.22745582
282,0.1028599,0.0016387445,0.0030659402,0.24128254,0.43883848,0.0009623992,0.001322279,0.2100297
283,0.109354354,0.0011745683,0.002587691,0.28687495,0.36988845,0.0008668225,0.0010320522,0.22822107
284,0.10941808,0.0010309628,0.0023808808,0.29206333,0.36979485,0.00080680376,0.0009687388,0.2235364
285,0.09749028,0.0011582089,0.0024900765,0.19086376,0.5477504,0.00093578553,0.0013895517,0.15792194
286,0.089380555,0.0010027663,0.0022778963,0.21746513,0.54416305,0.00076973357,0.0010488259,0.14389205
287,0.08496836,0.0010982312,0.002167759,0.23403,0.5579159,0.000775791,0.001177104,0.11786683
288,0.076043986,0.00090392266,0.0015966151,0.24424107,0.57482797,0.0005807598,0.0009067595,0.10089902
289,0.05632684,0.0011175001,0.0018107876,0.42308986,0.45969442,0.00064339914,0.0010599169,0.056257293
290,0.035709437,0.0005156425,0.0008166302,0.22428091,0.71708065,0.00038235835,0.00076606224,0.02044834
291,0.059835423,0.00094994495,0.0018164054,0.25936285,0.60699356,0.00062680896,0.0010526954,0.06936236
292,0.04554804,0.0010374796,0.0014704021,0.56694347,0.34255248,0.00054448645,0.0009144838,0.040989116
293,0.06271489,0.0010563917,0.0017111988,0.403448,0.44586292,0.00060330745,0.00096401456,0.08363927
294,0.06549693,0.0017138149,0.0024450733,0.2805788,0.57582515,0.00089395343,0.0018438768,0.07120238
295,0.04229605,0.001123502,0.0022299364,0.79141414,0.10464193,0.00063235604,0.0008846076,0.056777507
296,0.052734938,0.0009660619,0.0014836307,0.28468454,0.6048678,0.00061990746,0.0010149927,0.05362812
297,0.06818495,0.0011017565,0.0018728819,0.51338786,0.31281346,0.0006253023,0.0008435472,0.101170205
298,0.078228615,0.0011474526,0.001943881,0.37576744,0.4187914,0.00069093116,0.0009313796,0.12249887
299,0.08807731,0.0013304079,0.0026162628,0.2939044,0.50235546,0.0009987614,0.0014883503,0.109229065
300,0.076382436,0.0010175282,0.0017640784,0.3703514,0.4329012,0.0006472059,0.00088963483,0.116046496
301,0.08959353,0.0012350489,0.002300544,0.228019,0.54599166,0.0008837974,0.0013448143,0.13063166
302,0.09571686,0.0016853536,0.0032212953,0.36505395,0.34216976,0.0009936581,0.0012978758,0.18986127
303,0.10905678,0.0013997506,0.0028460384,0.27258098,0.4127981,0.0012626342,0.0014068761,0.19864881
304,0.10568525,0.001060442,0.0023258687,0.3093867,0.35508865,0.00072522124,0.00087960967,0.22484834
305,0.1182982,0.0016262655,0.0033619336,0.22653864,0.4300063,0.0011898414,0.0015868775,0.2173919
306,0.115238324,0.0011537843,0.0025350573,0.20988159,0.4124394,0.0008738311,0.000985201,0.2568927
307,0.122990996,0.0014583805,0.0030929786,0.1985403,0.43040988,0.0010720564,0.0011854635,0.24125007
308,0.09986095,0.00076734525,0.001844358,0.23053595,0.47381243,0.0005844026,0.0007711353,0.19182345
309,0.13642068,0.0009806289,0.0025577818,0.18893507,0.39635247,0.00083923835,0.0009521133,0.27296206
310,0.12267389,0.00077084475,0.0019635472,0.16386811,0.41420582,0.0006151121,0.0007210386,0.29518163
311,0.11760719,0.0012952175,0.0028552087,0.25328866,0.4093889,0.00090784545,0.0011428097,0.21351422
312,0.12926313,0.000955391,0.0022542498,0.17909756,0.38998118,0.00077083043,0.0008413958,0.29683626
313,0.12249997,0.0007695965,0.001976349,0.17052174,0.42736775,0.00061030104,0.0007924883,0.27546182
314,0.13549902,0.0011893369,0.0031325698,0.2072495,0.38319132,0.0008682469,0.0010384131,0.26783162
315,0.12373718,0.00081181666,0.0020706465,0.1644425,0.44614172,0.0006713191,0.00076219614,0.26136267
316,0.13277687,0.0009238924,0.002626963,0.18241775,0.37430084,0.0008587231,0.00095592096,0.30513898
317,0.11585691,0.00089929363,0.0023513264,0.18480928,0.44473022,0.0006749584,0.0008816361,0.24979644
318,0.12076371,0.0012392744,0.0025871522,0.2003475,0.40385106,0.0008350221,0.00093329477,0.26944304
319,0.12257564,0.0015100632,0.0033238283,0.22143,0.40070277,0.0010892854,0.001215026,0.24815334
320,0.12340601,0.0013518917,0.0029936724,0.24425122,0.38545603,0.0010232975,0.0012486033,0.24026921
321,0.092058286,0.0011436872,0.0025444035,0.1899877,0.5625477,0.0009106327,0.0011689971,0.14963853
322,0.079621464,0.00071342516,0.0015637378,0.2085008,0.5897216,0.00061602565,0.0008316814,0.118431255
323,0.08347215,0.0008011532,0.0015657123,0.2449709,0.5529696,0.00058329053,0.00088989,0.11474731
324,0.07507863,0.0014162017,0.0023564792,0.24964088,0.5720136,0.000966219,0.0014757499,0.09705219
325,0.042714365,0.00071519986,0.001026106,0.20648585,0.7104525,0.0004561264,0.00093262317,0.037217256
326,0.07398208,0.0010745643,0.0018561069,0.31038105,0.50537676,0.0006617622,0.0010224285,0.10564527
327,0.025443973,0.00045649172,0.0006527205,0.41451156,0.54845196,0.00031220133,0.00069385424,0.009477277
328,0.09430236,0.0012893331,0.0028289726,0.3412963,0.4217558,0.00089095155,0.001171007,0.13646533
329,0.080362834,0.0016345823,0.0029183463,0.37401122,0.4468632,0.0014056858,0.0018734576,0.090930685
330,0.07470645,0.0016721159,0.0027826491,0.4767874,0.36352953,0.0010226308,0.0014817236,0.078017496
331,0.070013195,0.0010899951,0.0018712194,0.46078604,0.36618334,0.0006753336,0.0009031195,0.098477766
332,0.080737576,0.0010935566,0.0020547612,0.3174969,0.48096123,0.00069767906,0.0010233516,0.115934975
333,0.05321681,0.0011008619,0.0021629343,0.67657775,0.1896501,0.0006575908,0.00088754355,0.07574637
334,0.058195233,0.0010829177,0.0016302468,0.3121969,0.5586754,0.000607175,0.0010649466,0.0665471
335,0.08773702,0.0012737793,0.0026308356,0.48281422,0.26550484,0.00082722,0.0009553411,0.15825665
336,0.09768265,0.0018310698,0.0027583304,0.25494242,0.46406552,0.00096947193,0.0014715093,0.17627905
337,0.089907415,0.0010498684,0.0020035005,0.31780306,0.44780135,0.0007583353,0.0010191007,0.1396574
338,0.070620894,0.0010138592,0.00175265,0.35842395,0.48042503,0.0006596035,0.0009444998,0.086159535
339,0.078709155,0.000889352,0.0016898109,0.27274522,0.5251309,0.0005914404,0.00085478177,0.119389355
340,0.10634395,0.0014691625,0.002897599,0.26106858,0.41982326,0.0009788696,0.0012524574,0.20616612
341,0.109677464,0.001625428,0.003346539,0.25224647,0.4011829,0.0009970096,0.0013232944,0.22960098
342,0.11026859,0.0011113663,0.002490282,0.2734034,0.38822898,0.00089798623,0.0010573991,0.222542
343,0.11702595,0.0010188568,0.0025044184,0.20454748,0.44418427,0.0010795024,0.0011846651,0.2284549
344,0.11858734,0.0010740646,0.0025716873,0.18532713,0.45308825,0.0008171262,0.0010915378,0.23744285
345,0.11947801,0.00092673505,0.002279557,0.23108315,0.37790444,0.00071074034,0.0007822759,0.26683512
346,0.11716328,0.0009815888,0.0024711115,0.18174854,0.45317218,0.0008033536,0.0010458744,0.24261406
347,0.124688044,0.0008324925,0.0021877761,0.21237609,0.36644182,0.0006532955,0.00074342225,0.29207712
348,0.13600634,0.00082788337,0.0022538973,0.16101564,0.42506468,0.00070229423,0.00083441025,0.27329484
349,0.1261032,0.000983594,0.0028378987,0.20016153,0.3954724,0.0008870144,0.0010395333,0.27251482
350,0.13032795,0.00250214,0.004614892,0.23044488,0.3884622,0.002443531,0.0024821819,0.2387223
351,0.119414546,0.0010108943,0.002380661,0.19639422,0.40709814,0.0008413855,0.0010455872,0.27181453
352,0.12410713,0.0007089507,0.0019002288,0.18056028,0.40544194,0.0005960753,0.00071135146,0.2859741
353,0.12046198,0.000691457,0.0018286027,0.18361506,0.41854098,0.0005661236,0.00070246356,0.27359337
354,0.12015191,0.00075084664,0.0018816928,0.18769798,0.42154354,0.0006031393,0.00073802605,0.26663288
355,0.11746568,0.0017497084,0.003360181,0.22361284,0.43362418,0.0011718803,0.0015528708,0.2174626
356,0.12116994,0.0012547983,0.0024210783,0.20948632,0.47015947,0.000899131,0.0012662885,0.19334298
357,0.10808943,0.00096972496,0.0020894154,0.22657575,0.43754044,0.00068335683,0.00084929145,0.22320259
358,0.1023289,0.0009788662,0.0020814503,0.219463,0.4720318,0.0006911679,0.0008349038,0.20158994
359,0.09521717,0.0011744484,0.0024136314,0.23117279,0.49587512,0.0010099337,0.001322599,0.17181432
360,0.08496019,0.0012346406,0.0022036151,0.24605961,0.55508024,0.0007826544,0.001269911,0.10840915
361,0.07332198,0.0009099411,0.0017947874,0.23263136,0.5856674,0.00065875996,0.0009608533,0.10405499
362,0.07205403,0.0010831486,0.0018122593,0.21385798,0.6180501,0.00066278904,0.0011281744,0.091351576
363,0.061160844,0.0012242513,0.0020205413,0.27761078,0.5859664,0.00085644843,0.0013689707,0.069791816
364,0.026812442,0.0003316537,0.0005379532,0.19134979,0.7638934,0.00019629646,0.00049489,0.01638359
365,0.038701627,0.000613036,0.0009722753,0.27636254,0.6536475,0.0004716397,0.0007443799,0.028487049
366,0.076292135,0.0015450983,0.0025591948,0.33222574,0.5058024,0.0008497087,0.0015644497,0.0791613
367,0.05994659,0.0013892544,0.0025695562,0.6393593,0.22295956,0.0008731222,0.0011900591,0.071712516
368,0.07772929,0.0012223346,0.0020681291,0.35417724,0.4521183,0.00081779127,0.0011308908,0.11073602
369,0.07283413,0.0015900553,0.0025964275,0.38624683,0.43493184,0.0011319972,0.0013639401,0.09930476
370,0.10112711,0.0015875098,0.002761025,0.32290852,0.42570043,0.0010577764,0.0014476168,0.14341003
371,0.09508942,0.0014243418,0.0024318127,0.32903945,0.42532542,0.0008853506,0.0011707102,0.14463352
372,0.08219694,0.0013577532,0.0023707475,0.5179959,0.29068187,0.0008320723,0.0011488734,0.1034159
373,0.08832416,0.0010569886,0.0020047852,0.32969007,0.42716494,0.00067863025,0.0009785182,0.15010193
374,0.08016151,0.0012961538,0.0026362487,0.524556,0.23286754,0.0007751825,0.0009242138,0.15678315
375,0.09287488,0.0012346864,0.0023527713,0.30418876,0.44841012,0.00085202244,0.0010682083,0.14901862
376,0.07348517,0.00082833867,0.0015228544,0.27381724,0.54784614,0.0005546374,0.00083635305,0.101109296
377,0.09058868,0.0014965506,0.0027421003,0.45018,0.2888596,0.00092640496,0.0011324522,0.16407423
378,0.106615774,0.0011277642,0.0025868113,0.26282158,0.42027435,0.00088430976,0.0010132468,0.20467617
379,0.11236709,0.001773292,0.003599464,0.25937763,0.3862079,0.0011219232,0.0013048868,0.23424783
380,0.11601452,0.00093871076,0.002185797,0.22629032,0.40193975,0.0007489877,0.0008776699,0.2510042
381,0.108123906,0.0013376486,0.0028105003,0.3365244,0.32244363,0.0009954383,0.0010429544,0.22672157
382,0.122886755,0.0009818191,0.0028591845,0.24584599,0.3419855,0.00088095275,0.0009655907,0.28359422
383,0.12789996,0.00092764944,0.002258687,0.16279413,0.44052115,0.000870107,0.0009844681,0.26374385
384,0.11787028,0.0007446841,0.0018881905,0.18925636,0.43340132,0.000597237,0.0007371198,0.25550482
385,0.11385003,0.0010091206,0.0029985902,0.1810103,0.4565451,0.00084436545,0.0010663106,0.2426761
386,0.117077425,0.00096380163,0.0021225656,0.21031322,0.42509377,0.0007413163,0.000867008,0.24282093
387,0.11735387,0.0008133403,0.0020582087,0.17583978,0.42714173,0.00063756306,0.00085551775,0.27529994
388,0.123512745,0.0006813317,0.0018647936,0.18633336,0.39881262,0.000566894,0.00067800906,0.28755018
389,0.15570252,0.0013186403,0.0032435907,0.17983454,0.3881537,0.001326749,0.0015154984,0.26890472
390,0.12154527,0.0010310446,0.00224713,0.20048948,0.4420907,0.0007883174,0.0009786648,0.23082946
391,0.1175189,0.0009763981,0.002631692,0.18875915,0.4181401,0.0008367664,0.0009086916,0.27022824
392,0.12239853,0.001353462,0.00355592,0.23180103,0.36349723,0.0012862941,0.0013896187,0.27471793
393,0.12255413,0.0011179276,0.0029492653,0.25105375,0.33957857,0.00089549564,0.000992923,0.2808579
394,0.106578715,0.0010813497,0.0022603332,0.22788058,0.42509362,0.000737206,0.0009144411,0.23545381
395,0.09015587,0.0010397068,0.0019528915,0.21621922,0.53761804,0.000661775,0.0009568586,0.15139566
396,0.085364014,0.0010336273,0.0020116365,0.22970718,0.52734005,0.0008352123,0.0009901471,0.15271814
397,0.07860042,0.0009216918,0.0017843482,0.27603346,0.5291654,0.0006023347,0.00095376716,0.11193864
398,0.08941628,0.001076863,0.0020081804,0.25305685,0.51325756,0.00080689223,0.0009819635,0.13939545
399,0.09095654,0.0012074414,0.0021608172,0.2539922,0.5164719,0.0007952525,0.001032525,0.13338327
400,0.066862606,0.0010845797,0.001863129,0.24181986,0.60707057,0.0007200188,0.0012676415,0.079311594
401,0.0724808,0.0012752108,0.0019414715,0.2142491,0.6277696,0.0008086038,0.001303214,0.08017201
402,0.047842603,0.00056965445,0.00095685455,0.23265903,0.66958016,0.00037559777,0.00068036903,0.047335815
403,0.053275928,0.0009473079,0.0015837228,0.27866897,0.6143458,0.0005835179,0.0010719568,0.049522806
404,0.07872995,0.0014227076,0.002095352,0.32178587,0.50505674,0.000869461,0.0013391396,0.088700816
405,0.07112856,0.0010661826,0.0019088465,0.29947516,0.53132313,0.0007605075,0.0012068761,0.09313074
406,0.046276703,0.0010515489,0.0015666693,0.58179504,0.32942745,0.00066178845,0.0009923222,0.038228493
407,0.08416841,0.0010386083,0.0019861418,0.3180422,0.47185484,0.0006955217,0.00097583834,0.12123845
408,0.07443051,0.001631676,0.0023271143,0.391088,0.46646288,0.00093157694,0.0016607778,0.06146745
409,0.07850819,0.0015353698,0.0025622104,0.35619688,0.44562176,0.00088637637,0.0010871538,0.11360208
410,0.07972911,0.0011759207,0.0022745861,0.25348654,0.5511469,0.0007630109,0.0012046386,0.110219255
411,0.088338844,0.0014056457,0.003026589,0.39062327,0.35783622,0.0011557974,0.0012532346,0.15636043
412,0.07901556,0.0011534404,0.0020105687,0.27731577,0.5148022,0.0007902317,0.0011276101,0.12378457
413,0.08286493,0.0016051916,0.0032735378,0.54867125,0.20764919,0.0010510116,0.0013607752,0.15352407
414,0.10864312,0.0013024714,0.0024881952,0.2696599,0.39504993,0.0008991328,0.0010332247,0.22092405
415,0.12531212,0.0017643867,0.0034513138,0.25922665,0.45916793,0.0013799056,0.0020307396,0.14766705
416,0.115789,0.0013614347,0.0028548464,0.29487747,0.34612772,0.0010927332,0.0010923381,0.23680444
417,0.106992714,0.0018241504,0.0033730427,0.32661897,0.37814316,0.0010563058,0.0014596505,0.18053198
418,0.10748723,0.0011104661,0.002366778,0.23194599,0.42904386,0.00081383326,0.0009407426,0.22629118
419,0.12970608,0.0012587232,0.003005771,0.20480904,0.3924764,0.0008623184,0.0010860884,0.26679552
420,0.12119812,0.0011205733,0.0029985814,0.31572112,0.28524992,0.00085574394,0.0009292608,0.2719267
421,0.13275276,0.001024242,0.0025982403,0.19799954,0.3658228,0.00084155245,0.00083870906,0.29812214
422,0.12077897,0.0009732377,0.0024046001,0.19706792,0.3980321,0.0008742726,0.000980169,0.27888873
423,0.11908838,0.0010688595,0.0025754848,0.20860702,0.4207611,0.0009229733,0.0009439035,0.24603228
424,0.1376178,0.00088827685,0.0024529763,0.18212488,0.42451018,0.00081777596,0.0010734742,0.25051463
425,0.1327241,0.0010021226,0.0028052323,0.2067572,0.3554727,0.0009410458,0.0010358299,0.2992618
426,0.14445624,0.0008066092,0.002143915,0.16735084,0.4032846,0.00072821986,0.00092270557,0.28030685
427,0.13222606,0.00090027915,0.002233028,0.18854944,0.3796747,0.0007221709,0.0008472235,0.294847
428,0.12728651,0.0007221152,0.0019426132,0.18512848,0.38558373,0.0006012465,0.00070777937,0.29802752
429,0.14016618,0.0011779974,0.0029515135,0.16048558,0.38475758,0.0009619034,0.001021861,0.3084774
430,0.12106376,0.00096200104,0.0023434786,0.1916479,0.40192953,0.00078692,0.0009459826,0.28032047
431,0.13024613,0.0008209961,0.002046591,0.16882001,0.3794939,0.000644506,0.0008786969,0.31704918
432,0.11634146,0.001062998,0.0025872719,0.21259423,0.4100366,0.0009432831,0.0011651049,0.25526914
433,0.11964794,0.0011643502,0.0029339325,0.18762179,0.41882014,0.0010014494,0.0010314583,0.26777896
434,0.10200591,0.0018501631,0.003616989,0.22597872,0.4313434,0.0011448477,0.0016949412,0.23236501
435,0.081355296,0.000931961,0.0018615453,0.2747143,0.52001923,0.0007072687,0.0010268838,0.1193835
436,0.108399235,0.0011229125,0.0029121782,0.27792808,0.42142802,0.001037035,0.0011738072,0.18599863
437,0.08537666,0.00095959153,0.0017943544,0.2558543,0.5174971,0.0006553695,0.0009281122,0.13693452
438,0.086390935,0.00080056355,0.0016615014,0.18432093,0.6020103,0.0006018264,0.00084809324,0.12336585
439,0.07229681,0.00072143367,0.0015982566,0.21257704,0.6176253,0.0007064944,0.000980151,0.09349455
440,0.06416077,0.0009363933,0.0014937083,0.3053483,0.5517834,0.0006546387,0.0010313366,0.0745915
441,0.04065904,0.0006290043,0.0009483761,0.23537834,0.6907065,0.0003613518,0.00078716,0.03053021
442,0.06378323,0.00082345866,0.0013560384,0.27943003,0.5759882,0.00050925964,0.00089090504,0.07721894
443,0.05411862,0.0008431585,0.0013536176,0.2644633,0.61545163,0.0005282576,0.000998095,0.06224332
444,0.06139619,0.0009647689,0.001581773,0.46899062,0.3861893,0.00057624525,0.00084324984,0.07945782
445,0.06394771,0.0013156873,0.0020919505,0.29506683,0.56437755,0.0007847948,0.0014078686,0.07100757
446,0.053740572,0.0014080658,0.0022834914,0.56834024,0.31084207,0.0008524882,0.0012841532,0.06124895
447,0.06763769,0.0009547809,0.001775581,0.3409692,0.4985847,0.0006245969,0.00094729057,0.08850614
448,0.07158019,0.001334489,0.002150848,0.31863436,0.5110176,0.00081550307,0.0013241619,0.09314288
449,0.096376665,0.0014339656,0.0025408857,0.2662493,0.45475996,0.0008837277,0.0012435424,0.17651193
450,0.10474688,0.0010668904,0.0023327773,0.2794035,0.4082343,0.00075927615,0.00089452305,0.2025618
451,0.11141167,0.0013670733,0.0028595696,0.27558556,0.39418182,0.0009840137,0.0012249605,0.21238539
452,0.099476896,0.0014348349,0.002750495,0.26187414,0.43863565,0.000968147,0.0011403102,0.19371957
453,0.09411492,0.0016630592,0.0030744697,0.322497,0.38102913,0.0011936179,0.0011813059,0.19524652
454,0.10828313,0.0011606454,0.0027175415,0.2365891,0.43095917,0.0008792585,0.0010542398,0.21835686
455,0.10804487,0.0013411965,0.0026041954,0.28024375,0.38315776,0.0009317738,0.0010859236,0.22259052
456,0.08934404,0.0022507696,0.0043244725,0.44357583,0.31227398,0.0013705236,0.001625567,0.1452348
457,0.11709344,0.0015624077,0.0031876888,0.27363446,0.39560777,0.0012179319,0.0016303454,0.20606592
458,0.12557885,0.0011937827,0.0030151105,0.23069601,0.37914407,0.0009105267,0.0010845672,0.25837708
459,0.12786448,0.0012306747,0.003085851,0.20235504,0.41951516,0.00091201375,0.0011661439,0.24387066
460,0.120610625,0.0013318543,0.002813234,0.21519966,0.41535088,0.00089376746,0.0010895781,0.24271037
461,0.12823908,0.00089015585,0.0024913931,0.20279701,0.34684008,0.00077083375,0.0008260041,0.31714544
462,0.12866057,0.00137827,0.0034257928,0.19947249,0.38531807,0.0009773982,0.0011807971,0.27958664
463,0.12255235,0.00086957845,0.0024376318,0.20793812,0.41066405,0.0007888618,0.0008871943,0.25386217
464,0.13316543,0.0013918325,0.003418129,0.20614281,0.36869553,0.0010943253,0.0014016891,0.28469026
465,0.13387884,0.0010198853,0.0025992007,0.16940239,0.39116532,0.00083542813,0.0009996836,0.30009925
466,0.12234346,0.00088610454,0.0021512357,0.1829808,0.4495708,0.0006578977,0.00087356864,0.24053617
467,0.12502126,0.0010361145,0.0025906644,0.18508752,0.40949887,0.000863957,0.0008715203,0.27503014
468,0.1195893,0.0008272332,0.0020714588,0.17422621,0.41686836,0.00064136763,0.0008479759,0.28492808
469,0.12623225,0.0007641895,0.002169034,0.16502117,0.42310998,0.00065808126,0.00080060447,0.28124467
470,0.1223972,0.00091131235,0.0022739712,0.20884006,0.3879925,0.0007053637,0.0008535656,0.27602604
471,0.1274848,0.00084070244,0.0020945047,0.16524743,0.40047014,0.00070118427,0.0007796651,0.30238158
472,0.11341154,0.0013832557,0.0029047555,0.24656868,0.41737705,0.0010410455,0.0012683872,0.21604535
473,0.12771021,0.0015749884,0.0035160878,0.23100786,0.39960203,0.0011081692,0.0015728931,0.23390774
474,0.11687624,0.0015425498,0.0032880083,0.20326069,0.4225884,0.0011472307,0.0012243927,0.25007248
475,0.08992509,0.0011961642,0.002131504,0.23349322,0.53149164,0.0008359324,0.0012263298,0.13970008
476,0.086280294,0.00087130506,0.0017832594,0.25377393,0.51501936,0.00063354126,0.000884661,0.14075363
477,0.08250353,0.0010549185,0.0019420938,0.2279281,0.5738167,0.00068465376,0.0011299275,0.11094007
478,0.0829091,0.0009957553,0.0019919747,0.23678428,0.55673546,0.0007403101,0.0011357475,0.11870735
479,0.05245863,0.0007769274,0.0015173722,0.20595722,0.6855126,0.0005680303,0.0010202429,0.052189026
480,0.041335717,0.0005592278,0.0008899715,0.20279029,0.719231,0.00034241448,0.000735531,0.034115866
481,0.05210318,0.0007310897,0.0010806746,0.2641938,0.6392975,0.0004425711,0.0008659927,0.041285284
482,0.115028575,0.0012901336,0.00250562,0.25045612,0.41993824,0.0008427331,0.0012522563,0.20868628
483,0.08019945,0.00127958,0.0021621825,0.36549357,0.44677785,0.00079680415,0.0009777074,0.10231286
484,0.05800645,0.0012622273,0.0017588884,0.37894168,0.49123868,0.00070280995,0.0013352149,0.06675407
485,0.08159828,0.0013865515,0.002308035,0.35490903,0.4577048,0.0009097352,0.0013165221,0.099866994
486,0.060306627,0.0012254374,0.002110223,0.64989257,0.21054249,0.0006588651,0.00094337936,0.074320406
487,0.06746009,0.0015181798,0.002694526,0.30731827,0.54132533,0.0009574784,0.0014407784,0.07728542
488,0.09286772,0.0010154783,0.0020368733,0.29999828,0.44690105,0.00070246536,0.000903754,0.15557432
489,0.08839749,0.0011585978,0.0020762847,0.23682265,0.5299385,0.0006924797,0.001040763,0.13987318
490,0.10951735,0.0010578552,0.0021337732,0.24175443,0.424938,0.0007427966,0.000906058,0.21894978
491,0.10701823,0.0012758471,0.0028140526,0.2529753,0.38818642,0.0008914391,0.0010439722,0.24579471
492,0.098381065,0.0012559209,0.002225776,0.2571047,0.46717215,0.00077745476,0.0010358073,0.17204712
493,0.11772598,0.001625128,0.003087658,0.27875507,0.35750666,0.0011541509,0.0011320335,0.23901336
494,0.12666233,0.002544791,0.0053835283,0.30980852,0.30650544,0.0020784314,0.0021318116,0.24488518
495,0.11042691,0.0013267327,0.002580705,0.26032743,0.37807712,0.00085584115,0.0010222967,0.24538298
496,0.09654547,0.0010926945,0.002479107,0.24281622,0.4611123,0.00074927276,0.0010418185,0.19416311
497,0.104886144,0.0011796941,0.0024106146,0.27932513,0.40304726,0.0007582358,0.0011116,0.20728141
498,0.12618552,0.0009295465,0.0022547573,0.1959983,0.39324227,0.0008240978,0.00085218257,0.2797133
499,0.14529537,0.0017634413,0.0039799153,0.24083062,0.31006372,0.0011918666,0.0016912968,0.29518375
500,0.13182995,0.0010053698,0.0028944944,0.22379889,0.3256482,0.0009929386,0.0009903732,0.31283984
501,0.14251946,0.000933797,0.0023830752,0.16065995,0.40608954,0.00080817344,0.0010471253,0.28555885
502,0.12832999,0.0010379931,0.0025210804,0.18763906,0.40835178,0.0008239392,0.0010127792,0.27028334
503,0.13752738,0.0017211974,0.003912265,0.19822554,0.38747802,0.0011597957,0.0014670419,0.26850876
504,0.11482916,0.0008726326,0.002331301,0.17179558,0.4577663,0.00067624653,0.00084875996,0.25087997
505,0.13382474,0.0009091324,0.002410542,0.19232066,0.3871552,0.0007897904,0.00090058864,0.2816893
506,0.12740408,0.0006697986,0.0018915655,0.17586759,0.39434737,0.0005776899,0.0006815464,0.29856035
507,0.12702054,0.00077565317,0.002138899,0.20586635,0.3453297,0.00067401974,0.00075172074,0.3174431
508,0.12930974,0.0010317336,0.002727248,0.22834736,0.32669425,0.0008969692,0.0009387439,0.31005397
509,0.12563933,0.0009967504,0.0027513274,0.17914486,0.39466035,0.0010308255,0.0010726126,0.29470396
510,0.1406556,0.0008446122,0.0022971998,0.17181928,0.36281893,0.00073470443,0.0007782161,0.32005146
511,0.12125421,0.0010312943,0.002818538,0.20090492,0.40126312,0.00097062165,0.0010110758,0.27074617
512,0.118279055,0.0012836097,0.002794896,0.22613111,0.41350287,0.0009612936,0.0012039272,0.2358433
513,0.09700459,0.0013514002,0.002477071,0.25500527,0.46855348,0.0008779792,0.0013989654,0.17333123
514,0.117454275,0.0012366389,0.0025035236,0.19864553,0.45059887,0.0008295744,0.0011223771,0.2276092
515,0.111097634,0.0013108428,0.002735246,0.22355852,0.4708383,0.0011916703,0.0014115061,0.18785626
516,0.0794866,0.0010977456,0.0019230992,0.23932788,0.5501138,0.0006794878,0.0009806334,0.12639078
517,0.089399874,0.000813925,0.001943368,0.252238,0.519286,0.0007157062,0.0010598217,0.13454336
518,0.06612065,0.0012071128,0.0017973656,0.22677846,0.61846733,0.0007222124,0.0013140131,0.08359284
519,0.044814486,0.00045125533,0.0008569696,0.14123552,0.77525973,0.0003146848,0.00066688505,0.036400415
520,0.03070792,0.00046662943,0.0008469742,0.16931222,0.783509,0.00035794775,0.0010338651,0.013765363
521,0.0441648,0.0006322845,0.0009419225,0.3373751,0.57919854,0.0003791233,0.00073640165,0.036571838
522,0.08324975,0.001389771,0.0021927783,0.3189297,0.48654124,0.0009129635,0.0013567931,0.10542699
523,0.052422468,0.0007362281,0.0011850882,0.28501543,0.6046648,0.00044040577,0.0007393173,0.054796267
524,0.07405061,0.0010555311,0.0020164736,0.27601844,0.54738075,0.00075481687,0.0010746287,0.097648755
525,0.07990994,0.0013912953,0.0022706096,0.35342428,0.43804458,0.00085204677,0.001161164,0.12294608
526,0.09193094,0.0015917637,0.002985817,0.42391285,0.34889552,0.0011513594,0.0013698072,0.12816195
527,0.049560934,0.0009803078,0.0018978574,0.7486418,0.1301637,0.00052339025,0.0006766872,0.06755535
528,0.09742647,0.0017671698,0.003648995,0.32825226,0.4207556,0.0014959454,0.002048238,0.14460535
529,0.08639129,0.0018900377,0.0042462717,0.3315767,0.4403632,0.0015486854,0.0019299075,0.13205387
530,0.10027417,0.0014882023,0.0029318528,0.28686354,0.43601185,0.00096343353,0.0014315376,0.17003539
531,0.100721456,0.0012109125,0.0024938686,0.23472448,0.4655894,0.00096036773,0.0011747521,0.19312476
532,0.12187142,0.0014192474,0.0028398696,0.22181259,0.3925987,0.00093755964,0.0011039815,0.25741658
533,0.11487799,0.0014975753,0.003233717,0.24164107,0.3854651,0.0011359451,0.001197517,0.25095105
534,0.10719283,0.0010630944,0.0023163909,0.30659333,0.35531723,0.00072897464,0.00089237397,0.22589582
535,0.112932175,0.0011725831,0.0026427656,0.24143855,0.40970758,0.0008135365,0.0010356928,0.2302571
536,0.12813094,0.0012445924,0.0027474605,0.19025487,0.3949935,0.0009574144,0.0010760536,0.28059518
537,0.11644464,0.001206566,0.0028226469,0.23047078,0.35671747,0.0008763761,0.0010205308,0.29044104
538,0.12660421,0.0014865126,0.0035926246,0.22363943,0.40152213,0.0011128074,0.0013171771,0.24072516
539,0.12723736,0.00080497895,0.0020607396,0.18646513,0.38808426,0.0006649629,0.0007543702,0.2939282
540,0.13696277,0.0017359895,0.0046946807,0.1779635,0.36687928,0.0013629697,0.0016990275,0.30870175
541,0.13276576,0.00092280324,0.0023334702,0.21459633,0.3571681,0.00075220317,0.0008156055,0.29064572
542,0.16740003,0.0013819833,0.0036749507,0.1954856,0.31048855,0.0012939626,0.0014178755,0.318857
543,0.13674901,0.0011652933,0.002875424,0.18411611,0.43742442,0.000978351,0.0012794201,0.23541194
544,0.13015102,0.0011027587,0.0029162746,0.19586785,0.40732196,0.0008844898,0.001240975,0.26051468
545,0.15127753,0.0013132084,0.0031097936,0.1832804,0.417903,0.0013523351,0.0015696944,0.24019405
546,0.12369045,0.0008017306,0.0019392051,0.17447256,0.43265122,0.00064753444,0.00079477037,0.26500255
547,0.11977131,0.00085576804,0.0022580787,0.17998406,0.43666652,0.00085443107,0.00090285885,0.258707
548,0.118636616,0.00088638614,0.002218909,0.1915378,0.41831273,0.00065274164,0.0007718078,0.266983
549,0.140056,0.001116645,0.0032014465,0.2001555,0.373657,0.0010926931,0.0012729674,0.2794477
550,0.11869193,0.0006542991,0.0017909837,0.16855128,0.43850148,0.00054943387,0.000676312,0.27058434
551,0.13418381,0.0011315052,0.0025661124,0.13975199,0.43016526,0.000975347,0.0010328249,0.29019308
552,0.11827469,0.0012663897,0.003036748,0.22862367,0.39937493,0.001001659,0.0012253195,0.24719658
553,0.10835274,0.0008359672,0.001979352,0.19578747,0.46027714,0.0006085333,0.00076134386,0.2313974
554,0.110413395,0.00087634474,0.002014693,0.20770632,0.44755483,0.0006446507,0.00081245304,0.22997735
555,0.109774955,0.0011063046,0.0022358943,0.208953,0.5103884,0.00081814616,0.0011190997,0.16560425
556,0.09489211,0.0016749328,0.0027594396,0.321965,0.43048978,0.0012859199,0.0015964712,0.14533639
557,0.101789385,0.0011366641,0.0025088058,0.23269875,0.50849366,0.0009518544,0.0014357102,0.15098508
558,0.06845158,0.0006294171,0.0012635218,0.21011601,0.62638474,0.0004383305,0.00070718705,0.09200923
559,0.0816058,0.00080444105,0.0015922257,0.21426871,0.5779614,0.0005742247,0.0007964726,0.122396685
560,0.051720455,0.00086029846,0.0014596361,0.1630957,0.7387114,0.0004841329,0.0009873741,0.04268091
561,0.09278576,0.0010931215,0.0023790086,0.3143845,0.4226984,0.0007770576,0.0009849593,0.1648972
562,0.06343681,0.0010656469,0.0016770073,0.29843956,0.5651814,0.0007519184,0.0010166778,0.068431005
563,0.08025531,0.0008063794,0.001717984,0.2657113,0.5192773,0.00054929365,0.00079101906,0.13089146
564,0.051442284,0.0007465306,0.0013393273,0.25944817,0.6325774,0.0005169351,0.0008516472,0.05307777
565,0.09949871,0.0014095483,0.002550458,0.28353724,0.44386426,0.00092848315,0.0013444471,0.16686684
566,0.07805867,0.0012661836,0.00222885,0.35524982,0.43669474,0.0008305156,0.0011241334,0.12454703
567,0.0908917,0.0017384279,0.0030676087,0.46841,0.28273824,0.001266298,0.001286889,0.15060088
568,0.08914829,0.0010806619,0.0027464607,0.5736637,0.1549307,0.00081770116,0.00097364007,0.17663877
569,0.114816636,0.0011375308,0.0025255145,0.19695064,0.45420548,0.0008660635,0.0010737882,0.22842437
570,0.09597979,0.0012749993,0.002319864,0.2766486,0.45216802,0.00085891434,0.0011361655,0.16961357
571,0.10820211,0.0018804913,0.0039936327,0.3171689,0.34194368,0.0010815304,0.0014159252,0.22431374
572,0.10044784,0.0010970184,0.0022148506,0.24617206,0.44604757,0.0007280658,0.00095977884,0.20233276
573,0.109710276,0.0012620646,0.0025807254,0.27237418,0.36254174,0.00083523686,0.0010766374,0.24961916
574,0.114298485,0.0011818467,0.0023974017,0.23041134,0.43295896,0.0007516506,0.0010770991,0.21692319
575,0.11060518,0.0012767649,0.0030125803,0.3236835,0.31663933,0.0010783003,0.0011435641,0.24256077
576,0.11965664,0.0008517215,0.0021086396,0.23417135,0.37774122,0.0006583289,0.0007860513,0.26402602
577,0.14619173,0.001343335,0.0029332703,0.2156342,0.3570438,0.0010138993,0.001178864,0.2746609
578,0.13215993,0.0012436141,0.0032104421,0.2104838,0.36826,0.0010993595,0.0012311946,0.28231162
579,0.12183103,0.0013108832,0.0031954208,0.238405,0.3824048,0.0009162338,0.0011629617,0.25077367
580,0.14514124,0.0010057187,0.0024436277,0.1755866,0.4008961,0.00085834897,0.0012091912,0.2728592
581,0.115072414,0.00072149513,0.0018214984,0.17408329,0.4677546,0.0005699121,0.0007151375,0.23926161
582,0.12073154,0.000693135,0.0018383854,0.17995115,0.42104402,0.0005738154,0.00068777194,0.27448022
583,0.112288296,0.0010676442,0.002522061,0.24099287,0.41450593,0.0008877518,0.001076207,0.22665925
584,0.12045644,0.0010854857,0.002731662,0.19604564,0.40111163,0.00082998304,0.0009479598,0.27679113
585,0.124829486,0.0010339693,0.0030030871,0.20252344,0.37386358,0.0010670088,0.0010666916,0.29261282
586,0.12616108,0.000782499,0.0020728593,0.18642195,0.41547066,0.0006830708,0.00082652306,0.26758134
587,0.122363046,0.0011186654,0.002800285,0.19095136,0.41854677,0.0010404843,0.001173127,0.26200622
588,0.11580282,0.0008191944,0.0019578023,0.18302125,0.46559003,0.0006339548,0.00079957175,0.23137538
589,0.1404882,0.00079943344,0.002095355,0.16710691,0.42504704,0.0007167718,0.00091614673,0.26283005
590,0.12633397,0.00082647195,0.0023503744,0.1642886,0.42909577,0.0008180237,0.0008903528,0.2753964
591,0.12651694,0.001508262,0.0038301412,0.18106422,0.4105662,0.0011320995,0.0014666495,0.27391544
592,0.12573516,0.0011106867,0.002603789,0.19712506,0.3996701,0.0008127531,0.00096954574,0.27197286
593,0.13998222,0.0024575337,0.0040571024,0.22382951,0.3933934,0.0019089422,0.0021532003,0.23221813
594,0.10484107,0.0013186221,0.0023965472,0.21272233,0.4727377,0.0008204071,0.001071481,0.20409186
595,0.10466316,0.0010412603,0.0023468474,0.2206971,0.4572437,0.00071260013,0.0008561156,0.21243924
596,0.095956706,0.0009615915,0.001980029,0.21683142,0.52387565,0.0006915603,0.0009198209,0.15878323
597,0.085164405,0.0009942017,0.002038757,0.2543801,0.52292895,0.00067073136,0.0009928115,0.13283008
598,0.09580611,0.0012379072,0.0029306163,0.21231273,0.5641126,0.0010225662,0.001655654,0.12092184
599,0.06348022,0.0006987421,0.0014450169,0.22793898,0.6336844,0.00055041484,0.00093874993,0.07126347
600,0.051491294,0.0005732901,0.0010603684,0.21526887,0.67801446,0.00039499594,0.000723863,0.052472834
601,0.07338617,0.0007265566,0.0015312303,0.15230472,0.6741298,0.0004808251,0.0008859428,0.09655469
602,0.054602005,0.0010541258,0.0018432086,0.4356721,0.45145714,0.0007038744,0.0010630458,0.053604476
603,0.05546219,0.0007203483,0.0012858382,0.23491977,0.6506768,0.0004815176,0.0008464994,0.05560707
604,0.086756,0.0012755104,0.0021119185,0.27440554,0.4863273,0.0007714043,0.0011548063,0.14719759
605,0.07400236,0.0015219939,0.0026624228,0.30924404,0.52648646,0.0009917382,0.0014694923,0.0836215
606,0.09339478,0.0011546485,0.0023195257,0.29833403,0.44506735,0.0008278704,0.0010911748,0.15781054
607,0.09950866,0.0010798383,0.002245538,0.3064057,0.3844631,0.00071890914,0.00087237253,0.20470594
608,0.12019635,0.0013333891,0.0041113487,0.38872328,0.13248241,0.0010410717,0.0009912591,0.35112095
609,0.1000941,0.0010915443,0.0026480192,0.50062835,0.17762972,0.0007189371,0.00084225804,0.21634701
610,0.0929199,0.0015155452,0.0029552977,0.31113908,0.43734095,0.0009795957,0.0012591262,0.15189056
611,0.113600224,0.0012404458,0.002586358,0.24204846,0.4209787,0.00090953533,0.0011236138,0.21751268
612,0.109409824,0.0010984037,0.002249811,0.2514445,0.41454574,0.00075014844,0.0009097549,0.21959177
613,0.11617868,0.0015678003,0.0030521883,0.23458835,0.42384878,0.00093496515,0.0012452574,0.21858403
614,0.10767621,0.0012766932,0.0025651178,0.28732368,0.38052395,0.0008586163,0.0011012666,0.21867453
615,0.117624566,0.00091078656,0.0021542767,0.22841772,0.38886222,0.0006893282,0.0008105239,0.2605306
616,0.11343286,0.0014524771,0.002969353,0.24259214,0.40148163,0.0009327428,0.0011683357,0.23597048
617,0.121953286,0.0008773871,0.0024463737,0.23747288,0.32821923,0.0007443734,0.0008120087,0.30747455
618,0.12245581,0.0007391111,0.0019855732,0.19370142,0.41103292,0.0006080186,0.0007095773,0.26876757
619,0.1454443,0.0006149662,0.0018309751,0.17007193,0.33675313,0.00058855105,0.00064275815,0.34405336
620,0.14560845,0.0011777439,0.002856359,0.25934166,0.31979543,0.0010318605,0.0011568812,0.26903158
621,0.12050872,0.0009417623,0.0025614926,0.17421106,0.43473727,0.0007405242,0.00089573755,0.26540348
622,0.13443746,0.0007170655,0.0019943446,0.16986047,0.38554323,0.00065653655,0.0007623439,0.3060286
623,0.122232445,0.00088228827,0.0023213336,0.16438748,0.45295522,0.00073617155,0.0009169969,0.25556806
624,0.12020996,0.0007644232,0.001961987,0.18587293,0.4284182,0.00066690624,0.0007631259,0.26134244
625,0.13206516,0.0010223516,0.0025567978,0.18823484,0.36421058,0.00085374934,0.0011409293,0.30991557
626,0.12784167,0.00094708573,0.0021232862,0.17967007,0.4325335,0.00074455026,0.00085010217,0.25528973
627,0.1275129,0.0008020768,0.0021649792,0.18500999,0.41317698,0.00068189827,0.0009201902,0.26973093
628,0.14775011,0.0010583207,0.0029495445,0.18248914,0.39796254,0.001064499,0.0013408568,0.2653849
629,0.13171014,0.000722975,0.0022469438,0.16851856,0.39969862,0.00070498075,0.000839509,0.29555827
630,0.12951332,0.00089155295,0.002204924,0.17322202,0.39835542,0.00075949094,0.00086826517,0.29418495
631,0.1311155,0.0010235792,0.0027160358,0.17495525,0.38451862,0.000892733,0.0011160447,0.30366227
632,0.13213967,0.0012575006,0.0027339065,0.21961272,0.3795706,0.00097026094,0.0010822661,0.26263306
633,0.12127493,0.0012588227,0.0026810593,0.2241597,0.43516666,0.0009722077,0.0013031941,0.21318337
634,0.11367123,0.0013626039,0.002601709,0.23773651,0.41878346,0.0009633753,0.0010893448,0.22379175
635,0.13920398,0.0016773891,0.003079131,0.23675331,0.390684,0.0011963587,0.0014420026,0.22596379
636,0.091684066,0.0015810458,0.0024917773,0.2029125,0.5549148,0.0011103243,0.0015336217,0.14377189
637,0.08897175,0.0013230616,0.002494357,0.2722875,0.4991366,0.0010150932,0.0012408951,0.13353077
638,0.086182185,0.0012548798,0.0021671795,0.2556427,0.527399,0.00085036975,0.0014853881,0.12501824
639,0.06927387,0.00074193,0.0014573756,0.21423028,0.6219092,0.00054956606,0.00080683373,0.09103096
640,0.073949136,0.00081663084,0.001648982,0.16995741,0.6487906,0.00059283216,0.00092866016,0.103315726
641,0.053324092,0.0007034845,0.0013786651,0.15980996,0.73889655,0.0005881072,0.0010833242,0.044215757
642,0.1434126,0.00058224244,0.0022149254,0.1163085,0.28402248,0.000615666,0.00061853614,0.45222503
643,0.030289022,0.00071929273,0.0010942314,0.3380268,0.6157093,0.0005290311,0.0011863542,0.012445998
644,0.095369235,0.0015334857,0.0024703268,0.28122544,0.5071551,0.0011104788,0.0014737498,0.10966219
645,0.07167855,0.0009122751,0.0016028152,0.26648402,0.56745297,0.00063353725,0.000982286,0.09025354
646,0.069851056,0.0008165995,0.0015175043,0.30770016,0.52493453,0.00052414095,0.0007991296,0.093856856
647,0.0794995,0.0010819015,0.0020375093,0.30716485,0.49411523,0.00072439,0.0010322679,0.11434436
648,0.09909458,0.0014916623,0.0026975707,0.25858775,0.47516447,0.0010737024,0.001202216,0.16068807
649,0.109228835,0.0023560862,0.0038441587,0.3100771,0.3569188,0.0012895981,0.001578609,0.2147068
650,0.09881678,0.0012965963,0.0024330108,0.2907769,0.42915326,0.0009011571,0.0011715291,0.17545076
651,0.11072225,0.0012203291,0.0029984354,0.3983983,0.24075578,0.0008948042,0.0008961041,0.24411401
652,0.10196408,0.0015868256,0.0027885637,0.28256354,0.40585396,0.0009401613,0.0014004706,0.20290239
653,0.10660274,0.0010617651,0.002477755,0.25865084,0.4129262,0.00077595346,0.00096151885,0.21654324
654,0.12376934,0.0013643275,0.0029364391,0.23420988,0.40704888,0.0009109786,0.0012203484,0.22853982
655,0.11360717,0.0011232934,0.002609062,0.22148648,0.42735174,0.00079528405,0.0010776517,0.23194933
656,0.13560262,0.0015543548,0.0032966523,0.24033275,0.35555565,0.0013137312,0.0011566825,0.2611875
657,0.116732195,0.0009383213,0.0021765141,0.1865371,0.42420754,0.00071982195,0.0009162364,0.2677723
658,0.13258433,0.0011945029,0.0033437766,0.21588719,0.37959212,0.0010623889,0.0012031685,0.26513246
659,0.12231946,0.0011512607,0.002808318,0.2019547,0.38149473,0.0009283383,0.0010914354,0.28825167
660,0.124097675,0.0008092521,0.0022123386,0.20488462,0.3965025,0.00075864844,0.0008877093,0.26984727
661,0.13182949,0.0012380031,0.0033069015,0.14407901,0.47651026,0.001187756,0.0014796803,0.24036896
662,0.12615623,0.0012539609,0.0032306828,0.3707921,0.22974873,0.001024117,0.00110869,0.26668558
663,0.12174735,0.0007323346,0.0019139359,0.1888893,0.4092029,0.0005979889,0.0007184411,0.27619773
664,0.12775743,0.001420942,0.004407964,0.1940292,0.4247977,0.0017321478,0.001565781,0.24428886
665,0.14116986,0.0011760812,0.003095535,0.20913482,0.3721867,0.0009927473,0.0010252264,0.27121904
666,0.13476323,0.0013608191,0.0034471937,0.19466284,0.39998427,0.0011825796,0.0013965806,0.26320243
667,0.11411244,0.0010424053,0.0023477178,0.2103851,0.43668362,0.00075984,0.0008763782,0.23379241
668,0.115722544,0.0015089647,0.0038020024,0.26172313,0.3980356,0.0012325775,0.0014900012,0.2164852
669,0.12812445,0.0011867532,0.0024770382,0.1898529,0.4309478,0.0008104897,0.0011403929,0.24546015
670,0.14276811,0.0014274947,0.003470012,0.2205115,0.33823383,0.0011070231,0.001343109,0.2911389
671,0.13416928,0.0007833088,0.0021017087,0.17227831,0.39081728,0.00071061315,0.0008160164,0.29832345
672,0.13073972,0.0010921444,0.002761698,0.19145088,0.40473112,0.00078523054,0.0009420372,0.26749718
673,0.13290045,0.0012131941,0.0030014412,0.22460519,0.34643263,0.000984958,0.001068704,0.28979346
674,0.1268897,0.0011915246,0.0027914415,0.27957216,0.31759945,0.0008844352,0.001123431,0.26994786
675,0.10571335,0.0011284188,0.0023362653,0.27419043,0.38881832,0.00074084295,0.0008972377,0.22617513
676,0.108811125,0.0011346051,0.0024586725,0.25272033,0.3980236,0.0007815728,0.0008750128,0.23519501
677,0.107791826,0.0014652553,0.0028659313,0.25974584,0.42458424,0.0010399828,0.0013679948,0.20113897
678,0.07677129,0.0010461463,0.0020753923,0.24333723,0.5565299,0.00086781394,0.0010334714,0.11833874
679,0.0876615,0.0013663489,0.0027735957,0.2651477,0.5073762,0.0009942347,0.0012804201,0.13340007
680,0.07692027,0.001198638,0.0021396307,0.246473,0.55880624,0.0007492462,0.0011428564,0.11257003
681,0.089226425,0.0011119423,0.0019483686,0.19826826,0.58102155,0.0007697535,0.0010206043,0.1266331
682,0.08153916,0.0010196712,0.0017656334,0.28170994,0.51237,0.0007218355,0.0009801344,0.119893655
683,0.047599725,0.0005929183,0.0010363045,0.25992912,0.6433047,0.00040472168,0.0007568053,0.046375666
684,0.023665935,0.0004929657,0.00071299734,0.19353348,0.7680213,0.0003119445,0.00076429226,0.012497128
685,0.058030732,0.00076655805,0.0013776203,0.26146773,0.61545646,0.00056114414,0.00092676934,0.061412923
686,0.06887357,0.00088302256,0.0015864379,0.25925046,0.58937466,0.00058619614,0.001006014,0.07843964
687,0.0862946,0.00196103,0.0027281595,0.28168646,0.52182454,0.0011176445,0.0017143305,0.102673285
688,0.07359119,0.0010643717,0.0018357636,0.3997649,0.4099092,0.0006500165,0.0008821381,0.11230242
689,0.0933233,0.0015606687,0.002790577,0.3942976,0.32144785,0.000942684,0.0011614609,0.18447587
690,0.1104011,0.0022518486,0.004750278,0.3589283,0.2986601,0.0013255313,0.001885401,0.22179745
691,0.098909765,0.0023556978,0.0040803566,0.47395226,0.24202736,0.0012779902,0.0014862869,0.17591026
692,0.11035874,0.0010473705,0.0024324816,0.3360901,0.30874097,0.0007487923,0.000871128,0.23971044
693,0.1235749,0.0017529591,0.0034379875,0.30978554,0.3649663,0.0014311562,0.0017650883,0.19328608
694,0.11281992,0.0013310906,0.0025583233,0.23516229,0.42904085,0.0009251755,0.0012504148,0.21691193
695,0.1289407,0.0012676467,0.0034213332,0.24228317,0.35761353,0.0011651141,0.0012740113,0.2640345
696,0.11883315,0.0008848208,0.0021244325,0.18058495,0.4297498,0.0006874971,0.000845884,0.26628944
697,0.12949954,0.0010036416,0.0027186384,0.20812832,0.3628674,0.00089604437,0.0010390544,0.29384738
698,0.13293643,0.0008215034,0.0021597473,0.20671815,0.3469143,0.00069368666,0.0008113272,0.30894488
699,0.15324911,0.0015525921,0.0039370153,0.22804856,0.32781583,0.0016110296,0.0015962214,0.28218958
700,0.13987906,0.0008204144,0.0021599953,0.16807805,0.35938278,0.0006879058,0.000863226,0.32812855
701,0.1314289,0.0011888926,0.00326969,0.20754948,0.35509515,0.0010574401,0.0011108067,0.2992996
702,0.12700574,0.0008493421,0.0022553247,0.1868701,0.40700358,0.000764076,0.000862782,0.27438915
703,0.12869696,0.00086915476,0.0023662555,0.21622391,0.3365833,0.0006996064,0.0008266017,0.31373417
704,0.124167666,0.0007880602,0.0021159367,0.17438467,0.4056054,0.00064467965,0.00081128627,0.29148233
705,0.12659003,0.0008493547,0.0021556306,0.18656078,0.3865789,0.00066716917,0.00083214295,0.29576612
706,0.13967052,0.0010590765,0.0032925825,0.19244714,0.36002102,0.0011679674,0.0013284176,0.30101323
707,0.14739339,0.00080443517,0.0021845403,0.1598967,0.41764447,0.0007591291,0.0009297187,0.27038765
708,0.120595396,0.00081841357,0.002051809,0.17955947,0.40307724,0.000645328,0.0007443453,0.29250804
709,0.12785573,0.00076749065,0.0024793104,0.14720953,0.44267628,0.0007969308,0.0008525782,0.2773621
710,0.1459565,0.00090811,0.0025019627,0.1646172,0.3636143,0.00088106043,0.0009491158,0.3205718
711,0.12995929,0.0014944284,0.003344577,0.24435097,0.3160158,0.0010487107,0.0012385555,0.3025476
712,0.15430152,0.0010920072,0.0030766998,0.2108556,0.31879526,0.0009789887,0.00112679,0.30977306
713,0.1319716,0.0006833408,0.0018943333,0.16416226,0.38857865,0.0005828148,0.00068878883,0.31143817
714,0.1261433,0.0011333455,0.0025633548,0.18709502,0.4357094,0.00089119456,0.0011554161,0.24530901
715,0.13526163,0.0014385033,0.0028089006,0.21450496,0.39959484,0.001094195,0.0013104852,0.24398643
716,0.12323513,0.0012833321,0.0026723675,0.20660272,0.3635987,0.0009263031,0.0010829163,0.30059856
717,0.118338756,0.0013625602,0.0030836153,0.23184404,0.39318204,0.000914652,0.0011319235,0.25014246
718,0.124153174,0.001124237,0.0023991622,0.21762414,0.40122378,0.00075854576,0.0009416225,0.25177535
719,0.10080682,0.0011776234,0.0023905332,0.22508875,0.46324292,0.000873385,0.0010942547,0.20532583
720,0.08260752,0.0008315507,0.0016295934,0.23688981,0.5537078,0.00061096664,0.00090153364,0.12282127
721,0.08856212,0.00090064947,0.0018716303,0.27992693,0.4959178,0.0006385737,0.0009375285,0.13124475
722,0.082530886,0.00068326935,0.0014755302,0.16776,0.62352216,0.000523705,0.0008181595,0.12268636
723,0.042735714,0.0006608335,0.0011035467,0.17313375,0.7518572,0.00043849347,0.00080275943,0.029267702
724,0.14136252,0.0010089794,0.0030397486,0.20208451,0.27552214,0.0007576412,0.0010344925,0.37519
725,0.052945435,0.0010010477,0.0015077048,0.26289508,0.63501984,0.00058941194,0.0011257186,0.044915747
726,0.053875767,0.0006737691,0.0012236726,0.2570544,0.6271263,0.0004732447,0.0007858549,0.058786985
727,0.0927703,0.0011559185,0.0019838472,0.26582125,0.52300453,0.0008037965,0.0011771623,0.11328318
728,0.057316747,0.0015851781,0.0023813243,0.38780132,0.49324605,0.0010264622,0.0012837226,0.055359196
729,0.073665656,0.0017426499,0.003298575,0.54282755,0.2626983,0.0010775677,0.0013310944,0.11335861
730,0.06459385,0.0014097319,0.0025964049,0.6190075,0.19910038,0.000805559,0.000954466,0.11153214
731,0.09406246,0.0017932619,0.0031265405,0.43105003,0.3109907,0.0011389105,0.0013667209,0.15647139
732,0.12545644,0.0015631432,0.003047522,0.29895663,0.35451338,0.0011619934,0.0014896863,0.21381123
733,0.11495621,0.0015292761,0.002963731,0.262644,0.37652528,0.0011667956,0.0012471772,0.23896752
734,0.08456405,0.0013331044,0.0024265456,0.3160355,0.46120265,0.0009778452,0.0012276939,0.13223264
735,0.11051166,0.0015726325,0.0035468997,0.28033462,0.3765687,0.0012214018,0.0013948432,0.22484922
736,0.10835336,0.0010676468,0.002400912,0.26118687,0.3798573,0.0007448363,0.0008883999,0.2455006
737,0.13044842,0.0010907729,0.0035248224,0.17477782,0.4092452,0.0010132645,0.0011420407,0.2787577
738,0.13332549,0.0008741313,0.002478567,0.19284427,0.37375465,0.00079632906,0.0008681096,0.29505846
739,0.13172872,0.0009911704,0.002582391,0.23992816,0.3306589,0.0008140377,0.0010298094,0.29226676
740,0.12341487,0.0009894747,0.002613696,0.222592,0.3566089,0.00081184896,0.0008992753,0.29206997
741,0.12198477,0.0012128309,0.0029571606,0.22270986,0.3551691,0.001096961,0.0012030632,0.29366627
742,0.123265095,0.001477165,0.0040838565,0.2358485,0.35355714,0.0017460772,0.0015205003,0.2785017
743,0.11724087,0.0009276709,0.00218098,0.20328712,0.39340124,0.0006931662,0.000814668,0.2814543
744,0.12169134,0.0014121832,0.003081409,0.22424941,0.4206293,0.0010609089,0.0013230263,0.22655232
745,0.13626082,0.00093397155,0.0032355995,0.16468549,0.3828711,0.0010597552,0.0010165621,0.30993667
746,0.14548099,0.0018795494,0.003848536,0.24619049,0.3203204,0.0012950747,0.0018909863,0.27909395
747,0.12662137,0.00085393246,0.0022045276,0.1916011,0.36734504,0.0006811634,0.00077005604,0.30992275
748,0.1268572,0.0013030854,0.0030851252,0.20233567,0.41558677,0.0009936709,0.001221771,0.2486167
749,0.12031213,0.00073851016,0.0019941367,0.18374637,0.41288647,0.0006132728,0.0007172832,0.2789919
750,0.1396068,0.0011103988,0.0029417675,0.17570268,0.41280696,0.00097069214,0.0013154675,0.26554525
751,0.13174616,0.0013783432,0.0038201914,0.19156589,0.37299743,0.0011595547,0.0012901844,0.29604223
752,0.121175855,0.000736653,0.0018935611,0.17918682,0.4174511,0.00058845733,0.00076367176,0.27820387
753,0.13211097,0.00093810837,0.002464138,0.23726775,0.328252,0.0007777596,0.0009715479,0.29721776
754,0.12210776,0.0010499274,0.0026136206,0.20646432,0.40541095,0.0007812513,0.00097583234,0.2605963
755,0.13599937,0.0016142059,0.003510478,0.21681026,0.38690972,0.0011651604,0.0012059538,0.25278485
756,0.10691872,0.0012651992,0.0024156726,0.25628477,0.41988134,0.00080599374,0.0010146167,0.21141373
757,0.11659982,0.0013611342,0.003026365,0.22706528,0.3997137,0.0011368262,0.001462586,0.24963434
758,0.106225744,0.0010380734,0.002183611,0.24947155,0.4193407,0.00072099944,0.00086381385,0.22015549
759,0.10751078,0.00093467324,0.0020041694,0.21061514,0.45190638,0.00065258227,0.00082530826,0.22555098
760,0.09901792,0.0015516836,0.002950325,0.2663789,0.47521263,0.001143406,0.0014449885,0.15230018
761,0.0784259,0.0007859485,0.0015436859,0.24751836,0.5506221,0.0005401897,0.0008097593,0.11975413
762,0.08579818,0.0009962313,0.0021259682,0.24369615,0.53588605,0.0007999834,0.0011060549,0.12959133
763,0.071492165,0.0012009392,0.0018938447,0.18847163,0.6751504,0.0007216275,0.0012355655,0.059833784
764,0.050212502,0.0008264302,0.0015678838,0.23853497,0.6595942,0.0006634319,0.0010782576,0.047522362
765,0.03322704,0.0004146356,0.0007683687,0.17249854,0.7729083,0.00028475828,0.00061619637,0.01928224
766,0.06769659,0.00090776884,0.0015229273,0.24767138,0.6074831,0.00056150986,0.0009578884,0.07319879
767,0.09466101,0.001418541,0.0026298808,0.30834207,0.43557367,0.0009611341,0.0012178579,0.15519579
768,0.087122574,0.0016962797,0.0027424,0.3924361,0.39097935,0.000977438,0.0015509223,0.122494996
769,0.065081105,0.0008221076,0.0014352294,0.30137852,0.54726243,0.00052516826,0.0008238771,0.08267154
770,0.11114907,0.0026567478,0.0056859623,0.34153274,0.3493631,0.0021198085,0.0020793336,0.1854132
771,0.09627765,0.0013180153,0.0025473482,0.34826455,0.3601069,0.00088127074,0.0010464746,0.18955778
772,0.096261956,0.0011277305,0.0023525748,0.37837484,0.31974518,0.00072232884,0.0008722103,0.20054314
773,0.11034484,0.0014402191,0.0031169404,0.301743,0.3588696,0.0010257697,0.0010668552,0.22239274
774,0.12232304,0.0015769773,0.0035894392,0.3129871,0.3218471,0.0011148544,0.0013677564,0.23519371
775,0.10476241,0.0011609236,0.0024168335,0.3184678,0.3677948,0.00078190514,0.0009521239,0.20366317
776,0.12893632,0.0014536092,0.0032447202,0.22564402,0.36094126,0.0012281341,0.0013075514,0.27724436
777,0.11481645,0.00094492553,0.0024136303,0.291441,0.3186765,0.00075277046,0.000871142,0.2700836
778,0.13002618,0.00070801034,0.0019171489,0.17981808,0.37376165,0.000602349,0.0006739513,0.31249258
779,0.13191365,0.0008751737,0.0022053868,0.18655834,0.4021375,0.0006715435,0.0008385144,0.27479994
780,0.12565264,0.00097262143,0.0023335365,0.20578839,0.39222884,0.0008499348,0.0008829306,0.2712912
781,0.12579595,0.0011882448,0.0028889123,0.23320113,0.3412457,0.000838755,0.00097307033,0.29386824
782,0.12574974,0.001022709,0.0027852706,0.19955225,0.36232394,0.0008689745,0.00093647576,0.3067606
783,0.11415645,0.0009863294,0.0021857303,0.20510343,0.40037015,0.00070955965,0.0009361358,0.2755522
784,0.12085491,0.0008057866,0.0020778086,0.2139186,0.38501886,0.000632871,0.00075662567,0.27593464
785,0.12112801,0.00072321563,0.001989857,0.17598233,0.4120825,0.00060478307,0.00072194013,0.28676736
786,0.110419445,0.001221106,0.0024886352,0.21323617,0.44029048,0.00085737515,0.0011948211,0.23029199
787,0.12570621,0.0011362319,0.002863,0.18121213,0.3616502,0.0009644301,0.001377916,0.3250899
788,0.118363746,0.001037921,0.002565751,0.18194737,0.40650508,0.00092204893,0.0011671365,0.28749093
789,0.12669204,0.0009294143,0.0023791997,0.1891989,0.41292033,0.0008463932,0.00089977443,0.266134
790,0.12486931,0.0013921285,0.0029273445,0.19172925,0.44852608,0.0011032324,0.001276217,0.2281764
791,0.124973916,0.00064605084,0.0017952278,0.17206238,0.42110112,0.000560097,0.00066870614,0.27819252
792,0.12024202,0.0006740125,0.0018071199,0.18348773,0.42619267,0.00056050305,0.0006845168,0.26635137
793,0.16359958,0.0017731008,0.003978382,0.16411795,0.42122534,0.0014274244,0.0020744153,0.2418038
794,0.1554888,0.0012660067,0.0034855013,0.19349729,0.36883387,0.0015322786,0.0015892391,0.274307
795,0.119452685,0.0008724907,0.0020634683,0.2238667,0.37912205,0.0006507403,0.0007777185,0.27319422
796,0.12075199,0.0012636075,0.00272647,0.23709519,0.39571312,0.00086960715,0.0010760912,0.24050392
797,0.12364629,0.0012377416,0.0027703156,0.21142027,0.40348732,0.0008791889,0.0010324868,0.25552633
798,0.11412707,0.0010392906,0.0022403467,0.20155196,0.43253803,0.0007575738,0.0009703851,0.2467753
799,0.10306261,0.00112031,0.002296638,0.23359804,0.4724496,0.0008447377,0.0010163393,0.18561168
800,0.0823602,0.00122462,0.001970013,0.30529866,0.48686963,0.00082416576,0.0010923288,0.12036035
801,0.10330866,0.00086990173,0.0019402216,0.19540198,0.52615225,0.0006269325,0.00088381086,0.17081618
802,0.07427798,0.0008801914,0.0017964671,0.2516223,0.5658429,0.0006081032,0.0009289267,0.104043074
803,0.0851396,0.001052194,0.0018611508,0.23305035,0.549319,0.00068227196,0.0009804537,0.12791498
804,0.076154746,0.00091051834,0.001672552,0.21314281,0.6098271,0.0006258942,0.0009680955,0.09669823
805,0.043244842,0.0006995135,0.0012434814,0.23473161,0.68171203,0.00042193077,0.0007638959,0.037182655
806,0.034745157,0.00060352805,0.0009205992,0.1931367,0.75209,0.0003850072,0.00093707955,0.017182017
807,0.07971453,0.0013763912,0.0024020711,0.29184785,0.5309645,0.0009673057,0.0014895278,0.091237836
808,0.066669144,0.00086346804,0.0014514776,0.27073595,0.58037484,0.00054576754,0.00087845745,0.07848092
809,0.08140299,0.0013372974,0.0024557062,0.42641014,0.36121157,0.0008684624,0.0011239467,0.12518987
810,0.07534392,0.0019531976,0.002745481,0.41370526,0.3894362,0.0011477687,0.0014581099,0.114210114
811,0.10365906,0.0015205707,0.002672157,0.341941,0.3709612,0.0009975643,0.0011690757,0.17707938
812,0.11096499,0.0012775324,0.0027458442,0.27696136,0.35781008,0.0008621762,0.0010473559,0.24833064
813,0.13405047,0.001954533,0.0036481875,0.2241114,0.3794865,0.0012975521,0.0017875854,0.25366375
814,0.112391874,0.0010269254,0.0022177498,0.23975524,0.4021747,0.0007188433,0.0009165423,0.24079815
815,0.10765487,0.0010742724,0.002407789,0.32382405,0.33348668,0.0007402564,0.00087657274,0.22993553
816,0.12276342,0.0008275296,0.0021580441,0.20456505,0.39223704,0.0006679139,0.0007322534,0.27604878
817,0.12490256,0.0009943551,0.0025550216,0.17604786,0.41967323,0.00080331694,0.0009894887,0.2740341
818,0.12966299,0.00094532256,0.002636146,0.22701767,0.3364803,0.0008201011,0.0008887584,0.3015487
819,0.12726381,0.00086134026,0.0020665019,0.1876792,0.4126915,0.00068226084,0.000801641,0.26795372
820,0.13020127,0.00090310845,0.0025458452,0.20245618,0.3682994,0.0010416865,0.0010079286,0.29354456
821,0.12515593,0.0009476869,0.0022313285,0.19776295,0.39064378,0.0007079795,0.00090266706,0.2816477
822,0.12917337,0.0009906207,0.002445179,0.23328881,0.34164336,0.00078250305,0.00089832925,0.2907779
823,0.13522527,0.0010302064,0.0024369746,0.19445717,0.38412273,0.0008288989,0.0009030009,0.2809958
824,0.13819012,0.0011474199,0.002775593,0.20809707,0.3622445,0.0009250892,0.0010903224,0.28552994
825,0.13455147,0.001359026,0.003399914,0.2558834,0.31004164,0.0011616733,0.0013859371,0.292217
826,0.1304246,0.0009784785,0.0025004211,0.19761363,0.39912012,0.0007599664,0.0009197759,0.26768303
827,0.13079363,0.0009577493,0.0024504159,0.1781335,0.37173262,0.0007539658,0.0009505243,0.3142276
828,0.13144949,0.00081273355,0.002203312,0.18613705,0.37063843,0.0006868643,0.0008053553,0.3072668
829,0.13010798,0.0013022355,0.002933229,0.19499809,0.39224443,0.0009805646,0.0012125196,0.27622098
830,0.13092323,0.0009766514,0.002520903,0.1586371,0.38840255,0.00086739653,0.0008973517,0.31677482
831,0.13421929,0.0007228734,0.0020435718,0.1525183,0.4170407,0.0006556458,0.00070198294,0.29209763
832,0.14890069,0.0013580647,0.0033192364,0.17561595,0.35071918,0.0011476693,0.0014329754,0.3175062
833,0.12394604,0.0012957507,0.0032361906,0.20140341,0.39512393,0.0011056155,0.0010915049,0.27279758
834,0.12223022,0.00070720434,0.0019909171,0.18751642,0.4002641,0.00062096864,0.00073553115,0.2859346
835,0.1301509,0.0012199922,0.002820003,0.18438011,0.4175131,0.00087070913,0.0010819006,0.26196328
836,0.123512745,0.0013545345,0.002703546,0.2436539,0.34772658,0.00091716606,0.0011335124,0.278998
837,0.10494831,0.0014082047,0.0027054008,0.28278077,0.41739777,0.0010575374,0.001209512,0.18849252
838,0.095702924,0.00092402037,0.0019168744,0.20821951,0.4942304,0.0006177933,0.0008411175,0.19754739
839,0.11055937,0.0012374078,0.0026574847,0.20894775,0.44640157,0.00086829014,0.0010549134,0.22827324
840,0.11893026,0.0012304182,0.0025526744,0.22168934,0.39410856,0.00088090537,0.00095837744,0.2596495
841,0.10547923,0.0013217604,0.0025148764,0.24163835,0.47516933,0.00090737524,0.0010902259,0.17187878
842,0.08063129,0.0012387477,0.0024070372,0.2500914,0.55695283,0.0008948614,0.001213027,0.106570765
843,0.079091445,0.00094796944,0.0017228777,0.25506425,0.55699205,0.00064544566,0.0009810672,0.10455488
844,0.07685449,0.0010135162,0.0017044471,0.27524048,0.5364653,0.0006513038,0.00094425987,0.10712621
845,0.031538628,0.00039005274,0.0007596612,0.18792765,0.7576822,0.00028934548,0.0006116594,0.020800818
846,0.050366253,0.0007057191,0.0013061732,0.16244711,0.74112844,0.00049515604,0.00094266346,0.04260853
847,0.063508525,0.0012311096,0.0018486044,0.24872512,0.61705863,0.00076114514,0.001101184,0.06576576
848,0.061594333,0.00082922407,0.0014792428,0.26417953,0.59812194,0.0005245176,0.000879976,0.072391294
849,0.07791242,0.0012246034,0.0023301027,0.34059423,0.46171013,0.0008079019,0.0010480785,0.11437252
850,0.08790446,0.001121856,0.0019941772,0.2560305,0.5079868,0.0007104382,0.0010519762,0.14319976
851,0.08866577,0.0014969304,0.0029381844,0.46649984,0.28897494,0.001081459,0.0013323078,0.14901057
852,0.09066001,0.0015728672,0.0032975457,0.45352864,0.2853013,0.0010432776,0.0012305109,0.16336577
853,0.09680653,0.0021513759,0.0042849984,0.39452896,0.2922427,0.0014473562,0.001618149,0.20691994
854,0.105667286,0.0012652694,0.0025266218,0.3086215,0.37932405,0.00087645254,0.0010637459,0.20065507
855,0.12184822,0.0010016998,0.002423421,0.2100117,0.40722188,0.00091217825,0.0010318898,0.25554904
856,0.09364408,0.0020520408,0.0044253045,0.5441307,0.111809984,0.0011512582,0.0012260012,0.24156068
857,0.122746214,0.0007499042,0.0020273298,0.21617638,0.37550855,0.0006098278,0.00071490696,0.2814669
858,0.12717837,0.0012014179,0.0029437933,0.21129076,0.36023173,0.00085669843,0.0009795533,0.29531762
859,0.12007333,0.0007483663,0.0019454912,0.18413956,0.42480725,0.0006034763,0.000728903,0.26695365
860,0.13362464,0.0011127177,0.0028506808,0.21630582,0.35275656,0.00087570417,0.0009668857,0.29150695
861,0.12192176,0.0015134352,0.0030514924,0.2203698,0.40336424,0.0012175223,0.0013926626,0.2471691
862,0.12643878,0.00095916924,0.0023563665,0.23403019,0.33902112,0.00073802547,0.0008622282,0.2955942
863,0.12294638,0.00088105426,0.002205212,0.23710428,0.3539401,0.00069521944,0.00079276104,0.28143495
864,0.13689004,0.0010449364,0.0025898772,0.23081328,0.33093426,0.0008083531,0.00094061584,0.29597864
865,0.12674814,0.0009609305,0.0025585354,0.18024503,0.40882272,0.00085041486,0.0009864541,0.27882782
866,0.1293746,0.0012699708,0.002863546,0.17015196,0.39830995,0.00093080144,0.0010703097,0.29602888
867,0.10012072,0.0014137336,0.0026897306,0.23308901,0.46839115,0.00095584657,0.0012666216,0.19207314
868,0.13160765,0.0013480567,0.0034954401,0.20107481,0.36119172,0.0011017228,0.0011376205,0.29904297
869,0.1290181,0.0010384552,0.0027671251,0.18678583,0.41148156,0.0010434769,0.0010619456,0.26680347
870,0.11366537,0.0013142381,0.0030067896,0.26752332,0.384219,0.0009235818,0.0012368144,0.2281109
871,0.14254616,0.0011152673,0.0039519914,0.17148866,0.37390885,0.0013004533,0.0013261177,0.30436245
872,0.12627345,0.0009436663,0.002340943,0.20646742,0.36280268,0.000695452,0.0007719217,0.29970446
873,0.12537818,0.0008993974,0.0024100333,0.18603675,0.40443134,0.0007765542,0.00088824745,0.27917948
874,0.12889186,0.0008946439,0.002301079,0.18553221,0.38776168,0.00066604966,0.0009020782,0.29305032
875,0.11534918,0.00074290653,0.0019193466,0.18525527,0.43759796,0.0006108109,0.00074188726,0.25778264
876,0.106964305,0.000968094,0.0021151889,0.19757947,0.46858957,0.0006679368,0.00091104244,0.22220434
877,0.104922466,0.0015577605,0.0028522722,0.24729104,0.4381892,0.0009540479,0.0012319325,0.20300123
878,0.08825506,0.001042627,0.0019462784,0.26388732,0.50389856,0.0006750053,0.0009932877,0.13930187
879,0.13400881,0.0017458647,0.0037570992,0.21364754,0.38450634,0.0012116357,0.0014696168,0.25965306
880,0.114526495,0.0016544674,0.0031547348,0.24868655,0.42793512,0.0012410174,0.0014035101,0.2013981
881,0.09675264,0.0008381935,0.0017793025,0.21764308,0.49958616,0.0005920931,0.0007848331,0.18202369
882,0.08002222,0.0008910728,0.0017024777,0.22786307,0.5596244,0.00060353405,0.0008629453,0.12843029
883,0.10427661,0.0010310382,0.0022433957,0.24914199,0.44346976,0.0008640996,0.0010665808,0.19790646
884,0.050029207,0.0005703871,0.0009977085,0.2562087,0.64091575,0.0004013228,0.0007259813,0.050151028
885,0.11262408,0.0012721787,0.0025317168,0.24798928,0.44340006,0.00091118366,0.001265049,0.19000648
886,0.031471424,0.0007247006,0.0011872273,0.17989019,0.76393336,0.000500793,0.0011001782,0.021192111
887,0.08228168,0.0008491967,0.0015906296,0.23842303,0.5637503,0.0006837338,0.0010806341,0.11134077
888,0.06109075,0.0009381167,0.0016882101,0.2649021,0.5989661,0.0006625773,0.0010048627,0.07074732
889,0.08436877,0.0009667933,0.0019834407,0.25502324,0.5390079,0.00074075384,0.0009878242,0.11692123
890,0.080055825,0.001279372,0.0024200468,0.3689012,0.4184866,0.001026183,0.0012565594,0.12657416
891,0.1074092,0.0021529116,0.0029900644,0.2896083,0.4770375,0.001363755,0.001960878,0.11747737
892,0.08897969,0.001340375,0.0025040228,0.4069431,0.3309365,0.00077975425,0.0009513844,0.16756514
893,0.10457249,0.0017749715,0.0037827254,0.3768249,0.3072344,0.0011026072,0.0013654474,0.20334245
894,0.105324686,0.0012256458,0.0027475965,0.33776098,0.30733028,0.0008420103,0.0010576962,0.24371108
895,0.09766478,0.001451359,0.0028929405,0.4394216,0.25727412,0.000853761,0.0011533623,0.19928813
896,0.12662804,0.0015199119,0.0029311087,0.23782672,0.40189925,0.0011022534,0.0012753331,0.22681738
897,0.12402744,0.0009467932,0.0025123488,0.34510654,0.23926161,0.0007229461,0.0007976971,0.28662467
898,0.12385947,0.0007083816,0.0019006303,0.17573445,0.41456717,0.0005903607,0.00069989107,0.28193966
899,0.15350442,0.001014925,0.0028936525,0.16892743,0.37031466,0.0009395441,0.0010499972,0.30135542
900,0.11756545,0.0015357649,0.0032540169,0.23954988,0.4194128,0.0012423649,0.0013765505,0.21606316
901,0.115934536,0.0014169842,0.0028287144,0.2102631,0.44481954,0.0011089536,0.0012030902,0.2224251
902,0.13334353,0.001177997,0.002947382,0.20215183,0.35964602,0.0010208039,0.0011965979,0.29851586
903,0.12485516,0.0009836116,0.002416729,0.21752591,0.38382754,0.00077713816,0.00087752286,0.26873636
904,0.12626629,0.00088186254,0.0023992152,0.22620146,0.35111627,0.00073049637,0.0008420501,0.29156238
905,0.13944997,0.0017176685,0.0037945707,0.22101507,0.4005045,0.0015454077,0.0017774081,0.23019542
906,0.1180008,0.0013146308,0.003212506,0.27956387,0.34938666,0.0011144887,0.0012794009,0.2461276
907,0.116033904,0.0007599671,0.0019686506,0.17554606,0.4460221,0.00060877594,0.0007331821,0.25832736
908,0.11804647,0.00082810933,0.0021768387,0.18322638,0.44529986,0.0007937221,0.000958141,0.2486705
909,0.12975354,0.0010414409,0.0027824028,0.19204289,0.37524104,0.00079873117,0.0009809895,0.29735893
910,0.123745926,0.0011769825,0.0025784331,0.23655204,0.377041,0.00087399053,0.0009988091,0.25703278
911,0.1270457,0.00093804684,0.0023688967,0.18263525,0.36412233,0.0006972412,0.00084851106,0.3213439
912,0.12418513,0.00074153376,0.0020121615,0.18116306,0.36880192,0.0005997771,0.00069630094,0.32180002
913,0.14653337,0.0009344015,0.0027832093,0.18237689,0.3415915,0.00096583145,0.0009902458,0.3238245
914,0.12713115,0.0007735735,0.002295664,0.18455517,0.39785585,0.0007108224,0.0008014152,0.2858764
915,0.12964967,0.000989142,0.002842218,0.21128187,0.3800969,0.0010321488,0.0010969527,0.27301103
916,0.11647811,0.0011784866,0.0023390646,0.22742845,0.40907708,0.0007969524,0.0009172183,0.24178457
917,0.11436319,0.0009292836,0.0024288886,0.20224854,0.44275454,0.00078711787,0.0009847039,0.2355038
918,0.10979765,0.0013657302,0.002890179,0.23948993,0.41800022,0.0008782953,0.0011040326,0.22647396
919,0.10855013,0.0017157135,0.0035456228,0.22348085,0.461239,0.0012081289,0.0015071158,0.19875339
920,0.10293206,0.0010898557,0.0025987495,0.25700793,0.43161875,0.0008366312,0.0009998956,0.20291615
921,0.11252988,0.0018017559,0.0040528006,0.25925803,0.42185715,0.0011993144,0.0016479868,0.19765308
922,0.09253465,0.00069164624,0.0015427053,0.20211871,0.5361354,0.00050553004,0.0007121054,0.16575937
923,0.078736305,0.0009718511,0.0018367809,0.23051353,0.5829415,0.0006179508,0.0009800147,0.103402056
924,0.09487406,0.0011070943,0.002391687,0.30277163,0.43826008,0.00084845425,0.0010462771,0.15870072
925,0.091581084,0.0011642245,0.0022100506,0.27459258,0.48647827,0.00082508754,0.0011117117,0.14203694
926,0.05950601,0.0008994373,0.0015139267,0.22147152,0.6627677,0.00056550663,0.0012115642,0.0520643
927,0.07912607,0.0014235603,0.0020494147,0.24265297,0.57330614,0.0007670549,0.0014134605,0.09926133
928,0.056057803,0.0012387149,0.0018705277,0.25480253,0.6377489,0.0006487689,0.0015066396,0.046126112
929,0.049190897,0.00059346115,0.0011108862,0.18307018,0.72574365,0.0003835972,0.0008132757,0.039094083
930,0.054087725,0.0007741212,0.0013025997,0.3341186,0.55967367,0.0005327209,0.0008833213,0.04862725
931,0.080547504,0.000881186,0.0016736916,0.25583163,0.54594284,0.000584223,0.0008959081,0.11364307
932,0.096148945,0.0018057434,0.003486194,0.3072774,0.4721938,0.0015784587,0.001797394,0.115712024
933,0.096308604,0.0017438802,0.0033620824,0.42808473,0.2951837,0.0011171811,0.0013097993,0.17289001
934,0.09059404,0.0018760911,0.0038724318,0.4411789,0.2673474,0.001085492,0.0012049974,0.19284064
935,0.11563438,0.0017168216,0.003790071,0.2781282,0.35473865,0.0011748393,0.0013203844,0.24349658
936,0.10059563,0.00126007,0.0027360052,0.35664058,0.3299709,0.0009910957,0.0010244863,0.20678125
937,0.09345119,0.0015295218,0.0029505177,0.4569979,0.24598601,0.00091606675,0.001133706,0.19703513
938,0.111610085,0.0015512442,0.0031496908,0.2566709,0.3943164,0.0010372256,0.0012964167,0.2303681
939,0.1244209,0.0016032284,0.0034341274,0.29793847,0.33230332,0.0011281667,0.001393406,0.23777832
940,0.12998739,0.0012798181,0.003010992,0.21228059,0.37251136,0.00095163414,0.0010707236,0.27890754
941,0.121023655,0.0010221922,0.0023367158,0.19229364,0.4212794,0.00087768084,0.0010962004,0.26007053
942,0.13155036,0.0010019193,0.002493745,0.20121409,0.39680424,0.0007741742,0.0009315599,0.26522997
943,0.12327968,0.0007701073,0.002034322,0.20410201,0.39248404,0.00063128,0.0007430835,0.27595544
944,0.12119751,0.0007948524,0.0020617489,0.21619473,0.38252214,0.0006296889,0.0007511562,0.27584818
945,0.1293859,0.00094367174,0.0022846719,0.1850298,0.38892597,0.00076590385,0.0008535925,0.2918105
946,0.12470535,0.0009296581,0.0023651181,0.18199696,0.43341067,0.00076986453,0.0010048908,0.25481743
947,0.12695116,0.00094548607,0.002251303,0.2060236,0.3914272,0.00074634416,0.0008374863,0.27081743
948,0.13420977,0.0013303251,0.0030651055,0.21475756,0.3822573,0.0010443268,0.0013410752,0.26199454
949,0.12426254,0.00096900103,0.002477024,0.18706155,0.4219188,0.000753067,0.0009496787,0.26160836
950,0.12321194,0.001037803,0.0028437814,0.23692866,0.36618716,0.00091406045,0.0010828867,0.26779372
951,0.12755382,0.0011822854,0.0026896612,0.17301899,0.40017873,0.00086503534,0.0012246029,0.29328683
952,0.14627379,0.0011367728,0.0030478109,0.17846341,0.39161336,0.0010395487,0.0012726849,0.27715263
953,0.11874299,0.00081530184,0.0020118605,0.20018758,0.42182145,0.000697774,0.00082418654,0.25489888
954,0.14333344,0.0011876954,0.003066966,0.18736142,0.3830591,0.0010302855,0.0013371116,0.27962393
955,0.14680338,0.0012659575,0.0034852233,0.16214879,0.3598069,0.0011301816,0.0012307462,0.32412884
956,0.12779935,0.000740521,0.0019623025,0.18549463,0.38626054,0.0006063705,0.00072168163,0.29641458
957,0.12639786,0.0018928262,0.0036405197,0.2327172,0.4006772,0.0011701948,0.0015772588,0.23192689
958,0.10865007,0.0011131905,0.002516872,0.22037481,0.44761607,0.0007712552,0.0009969324,0.2179608
959,0.10896505,0.0011759556,0.0022903099,0.244078,0.4316674,0.0008176713,0.0009745266,0.21003105
960,0.11463754,0.0014237756,0.0029710904,0.2313616,0.4201563,0.0009887839,0.0012437819,0.22721714
961,0.1102319,0.0012471137,0.0027184552,0.2310564,0.4407791,0.0010770267,0.0011709309,0.21171914
962,0.104299515,0.0008052547,0.0018482888,0.20109454,0.4731225,0.00059418054,0.0007718878,0.2174638
963,0.08730068,0.0009661649,0.0019956508,0.20805104,0.5642414,0.0007087653,0.0010747522,0.13566156
964,0.0710694,0.0010313552,0.0020766822,0.25744316,0.5810391,0.00069952256,0.0011566972,0.08548404
965,0.07908151,0.0008958734,0.0015749718,0.22559719,0.58770293,0.0006084194,0.0009756713,0.10356342
966,0.08649988,0.0009944504,0.0021486168,0.21771283,0.546583,0.0007454506,0.001071152,0.14424457
967,0.07944542,0.0011485099,0.002124184,0.25742015,0.5511635,0.0007817388,0.0013169143,0.10659954
968,0.06138059,0.0012255572,0.0018894383,0.32383892,0.54932326,0.0008437769,0.0014952993,0.060003143
969,0.057133745,0.0015035635,0.0022885494,0.32605842,0.564211,0.0010749893,0.0021992605,0.045530472
970,0.029800702,0.0004124922,0.0006920562,0.20322281,0.7493465,0.00030654148,0.0006440716,0.015574831
971,0.060687717,0.0012987155,0.0016498627,0.2600151,0.6117572,0.000672128,0.0012268836,0.062692314
972,0.06587701,0.0012274006,0.0017698074,0.32569548,0.5173245,0.0008220881,0.0010774757,0.0862062
973,0.06083718,0.0011470484,0.0020781294,0.5648991,0.28075776,0.00071813754,0.00089114637,0.0886715
974,0.09991934,0.0014916848,0.0027675645,0.25948218,0.44496456,0.001121567,0.0015668945,0.18868622
975,0.10611152,0.001461571,0.003348355,0.37060297,0.30753204,0.0010123807,0.0011966174,0.20873459
976,0.10656831,0.0013466236,0.0028020993,0.29353467,0.3847114,0.00088963716,0.0010937246,0.20905352
977,0.09431805,0.0015666416,0.0028934316,0.37853023,0.3555927,0.0010021462,0.0012591752,0.1648377
978,0.087480746,0.0013972502,0.0030385843,0.49223396,0.24290232,0.0009137588,0.0010621449,0.17097127
979,0.115889676,0.0011244834,0.002366475,0.22811903,0.42237929,0.0008890657,0.0009907444,0.22824124
980,0.11607002,0.0013466383,0.0029039858,0.25984347,0.35680726,0.00086355506,0.0009915611,0.26117346
981,0.12029929,0.0008301043,0.0020515674,0.20731807,0.39993787,0.00069671,0.00081026665,0.26805606
982,0.1546318,0.00087784947,0.0023459932,0.16014935,0.38214612,0.00081159174,0.0011148312,0.29792255
983,0.12388183,0.0010444083,0.0026047402,0.21245278,0.37015256,0.00087864517,0.0010809163,0.2879041
984,0.13019255,0.00073499687,0.00201223,0.18027067,0.39790928,0.00065484084,0.0007874356,0.28743804
985,0.14093147,0.0011871739,0.002754596,0.24383782,0.36979088,0.0010400509,0.0012746615,0.23918334
986,0.1276588,0.00076722685,0.0020441334,0.2059006,0.35577095,0.00063311507,0.0007315765,0.30649355
987,0.13616203,0.001395163,0.0034394676,0.18900052,0.39355415,0.0011685916,0.0012787174,0.2740014
988,0.12046853,0.0010090851,0.002277732,0.2049851,0.39709514,0.00078231277,0.0008865607,0.27249563
989,0.11731609,0.00083910563,0.0020355321,0.20301539,0.3950638,0.0006286568,0.0007681646,0.28033325
990,0.13555114,0.0013305105,0.003262745,0.21651672,0.36442465,0.0010474215,0.0012615841,0.2766052
991,0.15349022,0.0011011302,0.0027591658,0.20971128,0.33692536,0.000979093,0.0010931164,0.29394063
992,0.12761056,0.0011263699,0.0028893903,0.19188271,0.37997952,0.0010126866,0.0009798381,0.29451895
993,0.13257492,0.0010749911,0.0029343332,0.17101945,0.41090527,0.001118785,0.0011113379,0.2792609
994,0.12544136,0.0015029752,0.004189806,0.17610878,0.37030002,0.0012255848,0.0013533686,0.3198781
995,0.14097896,0.001107831,0.0028339273,0.19971229,0.38003328,0.0008710773,0.0012393502,0.27322325
996,0.12457531,0.0008184311,0.0021463835,0.18871872,0.42114475,0.00068176683,0.00090813596,0.2610065
997,0.11690398,0.0013467447,0.0027072015,0.22489938,0.40502328,0.0008906704,0.0012682319,0.24696049
998,0.11706337,0.0016082152,0.0031653203,0.21445058,0.4302714,0.001086281,0.0011901048,0.23116475
999,0.13889796,0.0019372008,0.004095309,0.19397287,0.419704,0.0014587956,0.0019024612,0.23803139
1000,0.121120594,0.0018851536,0.0036172685,0.24255915,0.3936884,0.0012017782,0.0014914529,0.23443623
1001,0.120307036,0.0013281464,0.0028249102,0.21131746,0.40654287,0.0011586545,0.001143499,0.2553774
1002,0.11370752,0.0009185448,0.0020886466,0.22514695,0.40736753,0.0006660048,0.00079306867,0.24931176
1003,0.099930406,0.0020776857,0.0037953556,0.22031684,0.46387857,0.0016133559,0.0015765281,0.20681119
1004,0.08267954,0.0011714702,0.0021352745,0.23377803,0.5704674,0.00080512866,0.0011412406,0.10782192
1005,0.09358066,0.0013613087,0.0024999084,0.20031731,0.574701,0.0009167671,0.0016136087,0.12500939
1006,0.090478726,0.0009046573,0.0017923274,0.21867363,0.5301268,0.00063006085,0.00094327563,0.15645045
1007,0.08169308,0.0008925431,0.0016620287,0.21498789,0.605111,0.00068104686,0.001098229,0.09387413
1008,0.09626673,0.00096681085,0.001962873,0.26186728,0.4832575,0.0007009224,0.0010217711,0.15395604
1009,0.06417264,0.0008891949,0.0014943457,0.25241697,0.60329485,0.0005377702,0.0008568518,0.07633746
1010,0.064513475,0.0008508608,0.0015963296,0.23071478,0.633115,0.00066092575,0.0011136717,0.06743486
1011,0.051501457,0.00079296425,0.0012764805,0.25105345,0.6433314,0.00047104486,0.0008276333,0.050745536
1012,0.072935306,0.0019615712,0.003490231,0.30670092,0.5244115,0.001298422,0.0019590089,0.08724307
1013,0.06931846,0.0024485833,0.0036284782,0.52872646,0.30247065,0.0014290317,0.002104337,0.089873955
1014,0.073703036,0.0011253385,0.0021721688,0.36489606,0.45778182,0.00087304285,0.0012009422,0.09824752
1015,0.09577655,0.0011954189,0.002369336,0.36128935,0.35142225,0.00076476723,0.000936417,0.18624583
1016,0.13708241,0.00145706,0.0028523388,0.24458772,0.38664076,0.0010046394,0.0013520845,0.22502305
1017,0.105318435,0.0012898358,0.0025629837,0.31741676,0.36076117,0.0008857546,0.0010608281,0.2107042
1018,0.10082145,0.0016342999,0.0031490729,0.41239467,0.28105435,0.0009953562,0.0012367367,0.19871405
1019,0.11361413,0.0017517996,0.0032282597,0.27807158,0.36902994,0.001273613,0.001246571,0.23178416
1020,0.11596506,0.0008918178,0.0020495167,0.20785774,0.41928235,0.00065384904,0.00078775204,0.2525119
1021,0.121621385,0.00095349835,0.0024007773,0.2424572,0.36626247,0.0007866875,0.00093921734,0.26457885
1022,0.12541242,0.000887501,0.0022304482,0.24998632,0.3226448,0.0006880475,0.00081441225,0.29733607
1023,0.14633198,0.0009058068,0.002383908,0.22161599,0.33451593,0.0007912229,0.0009483654,0.29250684
1024,0.15304296,0.0014041611,0.0032843137,0.2089657,0.3722155,0.0011736503,0.0016991392,0.25821465
1025,0.101943545,0.0010743227,0.0026184048,0.44156754,0.22976047,0.0007477528,0.0008250405,0.22146294
1026,0.124206975,0.00094488385,0.0023715103,0.20746435,0.3951559,0.0007428638,0.0008459129,0.26826757
1027,0.13010797,0.0012205045,0.0029654175,0.20132281,0.35598955,0.0009122635,0.00097576075,0.30650577
1028,0.12123225,0.0008511778,0.002151196,0.1805478,0.41766167,0.00067315745,0.0008507458,0.27603206
1029,0.1257737,0.0008870843,0.0023733606,0.18853642,0.37812772,0.00072707015,0.000925144,0.30264956
1030,0.12181693,0.00096634426,0.0023351337,0.1897793,0.42814773,0.0007243178,0.0009346586,0.25529563
1031,0.13130485,0.00122213,0.0027307735,0.22046176,0.3407447,0.0008533696,0.0011143432,0.30156803
1032,0.12264871,0.0010640564,0.0023428,0.2088313,0.41779086,0.0009341052,0.0009898826,0.24539833
1033,0.123563334,0.0007345621,0.0019053597,0.18283015,0.41172874,0.0006029373,0.0007222786,0.2779126
1034,0.13115163,0.0010800688,0.0025433695,0.18206535,0.39866006,0.0008109724,0.0009684137,0.28272018
1035,0.117551915,0.0009082783,0.0020803588,0.22634408,0.4025877,0.00070547004,0.0008334843,0.2489887
1036,0.11738132,0.00094305567,0.0023232657,0.18380702,0.45054853,0.0008014723,0.0009639918,0.24323128
1037,0.11760247,0.0010116348,0.002264833,0.22671196,0.37213165,0.00072908413,0.0009267833,0.27862152
1038,0.11659407,0.0009545874,0.0021966307,0.19710001,0.4218656,0.00068036775,0.0008833459,0.25972542
1039,0.11072736,0.0015519488,0.0026251152,0.2069915,0.4907181,0.00096693536,0.0013509867,0.18506804
1040,0.10521155,0.0011299098,0.002256153,0.24239205,0.4276748,0.0007841436,0.0009438527,0.21960756
1041,0.11577809,0.0011455882,0.0024139641,0.23175916,0.40985453,0.00079272315,0.0010952224,0.23716067
1042,0.08928877,0.0013497715,0.0024491053,0.31801912,0.43799126,0.00096043147,0.0012350961,0.14870651
1043,0.084423356,0.0009998129,0.0018256318,0.26318917,0.5167759,0.0006636755,0.00093171827,0.13119069
1044,0.08135207,0.0016166245,0.0026753277,0.26323724,0.5389517,0.0010297279,0.0015087138,0.10962862
1045,0.06784613,0.00070089346,0.0013265514,0.22335163,0.6122323,0.0004683348,0.0007675882,0.093306564
1046,0.07215688,0.00063297217,0.0012672725,0.19671515,0.6298032,0.0004570582,0.00073527795,0.09823221
1047,0.101166904,0.0008852071,0.0019686907,0.23031761,0.48485187,0.0008393195,0.0010510435,0.17891939
1048,0.069938764,0.00067393645,0.0013863605,0.1995749,0.62706435,0.00047285136,0.0007866108,0.10010214
1049,0.031187829,0.0005135328,0.0007899729,0.20823142,0.7344456,0.00032089982,0.0007136014,0.023797153
1050,0.056581732,0.0009826487,0.0017171762,0.19595851,0.6795915,0.0005997349,0.0011199999,0.06344872
1051,0.07945794,0.0012692675,0.0022851133,0.29465294,0.5185847,0.0009854371,0.0013964494,0.10136819
1052,0.07889611,0.0010798674,0.0019831655,0.3157519,0.48476,0.0007210258,0.0010720185,0.11573587
1053,0.079676166,0.0009390586,0.0017682946,0.25440323,0.54929316,0.000638281,0.0009468014,0.11233495
1054,0.11305951,0.001888902,0.003859085,0.28673738,0.3873316,0.0013159171,0.0015678754,0.20423968
1055,0.1035331,0.0012635179,0.002377778,0.2844099,0.41324165,0.000829962,0.0010415965,0.19330242
1056,0.13671485,0.0022303648,0.004486763,0.28968418,0.34933686,0.0015994548,0.002155242,0.21379226
1057,0.11102266,0.0018665952,0.0037273797,0.39069813,0.29903978,0.0013351702,0.0018643169,0.19044597
1058,0.1291205,0.0023443294,0.0039851246,0.2584843,0.3919016,0.0015827841,0.0020033964,0.21057796
1059,0.13182038,0.0022071647,0.0044717477,0.22986856,0.4022017,0.0016861699,0.0019194402,0.2258249
1060,0.10440094,0.0013349276,0.0029971127,0.24736454,0.4296722,0.00088382786,0.0011878941,0.21215852
1061,0.119739406,0.0012443848,0.002832701,0.23558718,0.37629637,0.00091018836,0.0011127328,0.26227707
1062,0.122782245,0.0017618614,0.0035673196,0.22572532,0.397102,0.0013045247,0.0017403739,0.24601637
1063,0.119038865,0.0009453026,0.00221991,0.19244908,0.43028495,0.00079235726,0.00096408225,0.2533055
1064,0.11502408,0.0010190377,0.0024678141,0.28537872,0.31287667,0.0007230798,0.0008542058,0.28165638
1065,0.10842019,0.0013965952,0.002975795,0.27323893,0.3842362,0.0010615541,0.0012464841,0.22742423
1066,0.119274996,0.00086510717,0.0022119514,0.18442522,0.4404237,0.0006968885,0.00088543445,0.25121668
1067,0.15278867,0.0017611077,0.0048621916,0.18821569,0.3315912,0.0014179659,0.0015348201,0.3178284
1068,0.1163626,0.0007870217,0.00194885,0.1942714,0.43075314,0.00062296324,0.00077274936,0.2544813
1069,0.12012043,0.0010914942,0.0025250227,0.21887067,0.3849035,0.0008122079,0.0009787901,0.27069783
1070,0.12683347,0.0012216038,0.0028532099,0.22748643,0.31819683,0.0008402097,0.0011599937,0.3214082
1071,0.12724377,0.00083276187,0.002138952,0.20988275,0.36686116,0.0006835522,0.00077144126,0.29158562
1072,0.11855341,0.0011955993,0.0025292088,0.21820404,0.4314399,0.0009551456,0.0011823346,0.22594039
1073,0.11932464,0.00076825405,0.0019371676,0.19285972,0.41538617,0.00060779246,0.0007391562,0.26837704
1074,0.13214108,0.0016500951,0.0037021271,0.2279685,0.40326375,0.001280599,0.0017645725,0.22822928
1075,0.114044845,0.0011055956,0.002411022,0.19992548,0.44974324,0.00079616613,0.0011032171,0.23087044
1076,0.1212443,0.0012930548,0.0028456738,0.21739073,0.40847307,0.0009569488,0.0013560932,0.24644014
1077,0.12815154,0.0013926051,0.0028538266,0.20515467,0.43271104,0.0010751514,0.001553127,0.227108
1078,0.10546114,0.0012640703,0.0025423379,0.18069446,0.48857594,0.0009727805,0.001223421,0.21926585
1079,0.090189606,0.00092865824,0.0019243634,0.23475538,0.5026804,0.0006654824,0.0008920317,0.16796406
1080,0.10549489,0.0013449253,0.0028084076,0.2500015,0.43781382,0.00093682954,0.00121338,0.20038623
1081,0.09196393,0.0010635911,0.0022121486,0.24859132,0.49815848,0.00094916933,0.0010404801,0.15602091
1082,0.0885935,0.0012242501,0.0023370322,0.26146543,0.50491107,0.0009498865,0.0011799238,0.13933897
1083,0.092220694,0.0011622075,0.0023038175,0.27616817,0.46130297,0.000704247,0.00092319294,0.16521469
1084,0.084946714,0.0011242059,0.001854409,0.26109785,0.5685433,0.0007479198,0.0013315843,0.080353945
1085,0.068536,0.00061317836,0.001225158,0.18832518,0.6522199,0.00044022026,0.0007052963,0.08793509
1086,0.05818081,0.00068523333,0.0011915747,0.26744974,0.6016045,0.00045578647,0.00078616163,0.06964621
1087,0.061177008,0.0013234627,0.0018639002,0.36906883,0.4957191,0.0008001223,0.0013674853,0.0686801
1088,0.15944073,0.0011860512,0.0032886271,0.17308919,0.19931315,0.0009915073,0.0009920958,0.46169865
1089,0.019705163,0.00036722384,0.0007090875,0.14202781,0.8285185,0.00030063224,0.0011486531,0.0072230105
1090,0.05768369,0.0011638087,0.0015090944,0.34687155,0.5320017,0.0007092102,0.00121936,0.058841575
1091,0.09800958,0.00091618096,0.001792176,0.18053567,0.55624866,0.00069520395,0.0008904595,0.16091208
1092,0.07619888,0.0009951593,0.0016648431,0.29236233,0.5391575,0.00062828674,0.0009961275,0.08799687
1093,0.061432723,0.0008796901,0.0014264684,0.25803354,0.6042061,0.00058463914,0.00095345924,0.07248337
1094,0.08997643,0.0010402913,0.002113166,0.28560063,0.48689866,0.0008741112,0.0012204442,0.13227627
1095,0.100394115,0.0016500748,0.002734609,0.32673046,0.4088759,0.0011355232,0.0015414084,0.15693788
1096,0.07138938,0.0010358886,0.0016678957,0.31509668,0.51383376,0.0006398602,0.0009488818,0.095387615
1097,0.09076279,0.000937082,0.0019072358,0.27996886,0.46257272,0.0006542148,0.0008634676,0.16233358
1098,0.113008335,0.0022020114,0.0041271946,0.26390257,0.3829031,0.0014790578,0.0018487854,0.23052892
1099,0.10225515,0.0009181582,0.0019633686,0.21970604,0.47540805,0.00065640494,0.00084207545,0.19825077
1100,0.108936876,0.0010969623,0.002441183,0.22223313,0.4459972,0.0007824696,0.0009951317,0.21751705
1101,0.11402443,0.00089518144,0.0020831286,0.23207118,0.40810588,0.00066494686,0.0008199731,0.24133535
1102,0.119662024,0.0015646273,0.0037966107,0.20859669,0.43376583,0.001267021,0.0015291399,0.22981806
1103,0.119170465,0.0011129067,0.0024425485,0.19576703,0.4219187,0.0007992135,0.0010739794,0.25771514
1104,0.11561836,0.0008422923,0.0020051969,0.21338245,0.41423404,0.0006322634,0.0007821698,0.25250316
1105,0.1123655,0.0011321948,0.0025122203,0.2741058,0.36185548,0.00079843955,0.0008701966,0.2463602
1106,0.119290434,0.00091217796,0.0021592707,0.2005536,0.43489167,0.0007166844,0.00087141653,0.24060476
1107,0.12425305,0.0008969087,0.0021764133,0.19180171,0.37167847,0.0006973268,0.0007804567,0.3077156
1108,0.12823914,0.0009762464,0.0026146777,0.2161808,0.36696103,0.000837964,0.0009082748,0.28328186
1109,0.13761802,0.0013433284,0.0030971728,0.22330366,0.35680208,0.0009815409,0.0012660266,0.27558815
1110,0.12216241,0.0008985713,0.0023085712,0.22047438,0.39465997,0.00079357426,0.00094279996,0.25775972
1111,0.121937335,0.0012113368,0.0025819647,0.2641061,0.33428723,0.00081724994,0.0010163472,0.2740424
1112,0.120195426,0.0010552166,0.002555796,0.2179935,0.39711675,0.0009617931,0.0010435133,0.25907803
1113,0.11479711,0.00093961455,0.002168342,0.19784564,0.4201787,0.00069179054,0.0009283,0.2624505
1114,0.12454047,0.0011445731,0.002878803,0.21295929,0.39770833,0.0009741985,0.0011696889,0.2586247
1115,0.10073026,0.0010439269,0.0021699106,0.23660307,0.45887643,0.0007011509,0.00092238066,0.19895285
1116,0.1095465,0.00214434,0.004226267,0.23533502,0.3982269,0.0017051038,0.00165217,0.24716367
1117,0.1188583,0.0012489966,0.0028405054,0.24738935,0.38874123,0.000991011,0.0013458136,0.23858477
1118,0.13255665,0.0018552144,0.0034199776,0.2170066,0.41951182,0.0012769807,0.0016565825,0.22271624
1119,0.107819825,0.0011995579,0.0026593157,0.21916945,0.48930493,0.000980568,0.0012780474,0.17758831
1120,0.103963695,0.0015884733,0.0032454713,0.29011396,0.40279293,0.0011179202,0.0013149951,0.19586249
1121,0.09666263,0.0011046752,0.0025086072,0.2217458,0.5221444,0.00089620455,0.0011503823,0.15378731
1122,0.11580238,0.0011077294,0.002672181,0.19934686,0.45166245,0.00092986296,0.001074923,0.2274037
1123,0.077190645,0.0009776732,0.0017005506,0.23997115,0.56669056,0.00066330907,0.0009524262,0.11185373
1124,0.088147216,0.00097540347,0.0021656326,0.227286,0.5501936,0.0009581654,0.0011287183,0.12914526
1125,0.089367196,0.001754845,0.0035490242,0.21504037,0.56667477,0.0012557843,0.0018172833,0.12054071
1126,0.0589423,0.0007071486,0.0013021324,0.20920794,0.6663848,0.00048424903,0.00084810454,0.06212329
1127,0.04305518,0.00082303374,0.0012231536,0.22320576,0.6934174,0.0005303688,0.000916383,0.036828864
1128,0.049562063,0.00090234523,0.001408432,0.16946715,0.7360366,0.00045881703,0.0011342904,0.04103024
1129,0.09324195,0.0009976474,0.0019588203,0.30130318,0.43730167,0.0006787807,0.00088684144,0.16363119
1130,0.066638954,0.00084004295,0.0016526949,0.21820538,0.6372967,0.00066287135,0.0010526748,0.07365067
1131,0.12894572,0.0011411394,0.0024217118,0.25498205,0.4391288,0.0008717747,0.0012660535,0.17124277
1132,0.08397347,0.000952533,0.0019001077,0.3675795,0.41070095,0.0006544247,0.00086191803,0.13337706
1133,0.06572688,0.0011419712,0.0017817653,0.24008971,0.6032813,0.00076867425,0.0011509045,0.086058825
1134,0.09406113,0.001266556,0.0022208365,0.29694125,0.43278325,0.0008110831,0.0011014993,0.17081441
1135,0.11619505,0.0015908147,0.0031688304,0.24691123,0.4594712,0.001081147,0.001556165,0.17002554
1136,0.1012297,0.0018818291,0.003315158,0.24873641,0.48113453,0.0013867662,0.0017143991,0.16060123
1137,0.10294172,0.0012201271,0.0022684147,0.24225445,0.44381216,0.00079105893,0.0010840275,0.205628
1138,0.12041844,0.0014583087,0.003340098,0.27325115,0.3749971,0.0011595316,0.0012662493,0.22410908
1139,0.099444345,0.0021610188,0.003624759,0.28938776,0.3985957,0.001253627,0.0014993513,0.20403342
1140,0.1023574,0.001666636,0.0030320927,0.28717783,0.4307939,0.0010982121,0.0014200687,0.1724538
1141,0.1129868,0.0016190246,0.0037942065,0.2627567,0.40566707,0.0012201462,0.0012475015,0.2107086
1142,0.10093134,0.0013216902,0.0024935997,0.238607,0.48789912,0.00086160394,0.0011497112,0.1667359
1143,0.104800075,0.001042914,0.0022325127,0.26558414,0.39272717,0.0007061685,0.0008748558,0.23203222
1144,0.11745292,0.0014966091,0.0031619438,0.25981236,0.38494784,0.000941193,0.0012453751,0.23094176
1145,0.10939805,0.0018994297,0.0036590027,0.21784015,0.4488547,0.0011754151,0.0018387061,0.21533453
1146,0.11441456,0.001539444,0.0033859555,0.2608101,0.41384083,0.0013384172,0.0013672941,0.20330343
1147,0.08741443,0.0013873205,0.002608663,0.42970946,0.31093714,0.0008366667,0.0010297911,0.16607654
1148,0.093399815,0.0019051317,0.0033094962,0.37242737,0.34828147,0.0011518046,0.0012366619,0.17828824
1149,0.10235913,0.0010276434,0.0021641725,0.24996124,0.43795627,0.00069497194,0.000890025,0.20494655
1150,0.11039981,0.0016275173,0.0031779467,0.33445743,0.29920092,0.0010220989,0.0011474072,0.24896684
1151,0.11282272,0.0010834845,0.0023062066,0.21149117,0.41074654,0.0007462983,0.000994969,0.25980863
1152,0.13388503,0.0022817897,0.004213306,0.21552587,0.39445442,0.001681917,0.001945138,0.24601252
1153,0.10062257,0.0011442065,0.002351092,0.23198396,0.45725513,0.00078553753,0.00096280314,0.20489468
1154,0.11263302,0.0014168283,0.0031635382,0.24613799,0.4199836,0.0011930601,0.0012310663,0.21424091
1155,0.11277374,0.001396524,0.0030542032,0.272185,0.37149033,0.00085260824,0.0011297886,0.23711786
1156,0.106050715,0.0016060593,0.00320342,0.23607205,0.45139295,0.0012407664,0.0015616702,0.19887239
1157,0.100481026,0.0010024599,0.0020757802,0.18209524,0.5197376,0.0007094466,0.0009522133,0.19294627
1158,0.09583531,0.0011916123,0.0025600884,0.205723,0.5299796,0.00092805625,0.0011017144,0.1626806
1159,0.09860527,0.0010163815,0.0023250498,0.22554782,0.499536,0.00077835115,0.0010192146,0.17117196
1160,0.10452709,0.001123268,0.0024200077,0.21129818,0.484756,0.0007625773,0.0010094371,0.19410338
1161,0.084570184,0.0011403753,0.002085699,0.23423865,0.53128433,0.00074399443,0.001052397,0.14488432
1162,0.08874411,0.001432329,0.0027208014,0.25270098,0.5622346,0.0015885658,0.0020080034,0.08857058
1163,0.07545235,0.0010115218,0.0018342348,0.22116885,0.58251435,0.00069341366,0.0010356542,0.11628963
1164,0.07022354,0.0011890585,0.0021691604,0.23076448,0.6155785,0.00080570555,0.0012716303,0.077997975
1165,0.038907602,0.00047569346,0.00084531197,0.21269692,0.7185107,0.0003223288,0.0006937488,0.027547741
1166,0.030920701,0.00054573955,0.0008478582,0.15593325,0.7950764,0.00037705223,0.0010151084,0.015283963
1167,0.032797694,0.0003104599,0.0005981812,0.12700963,0.8175626,0.00021666731,0.00056970376,0.020935038
1168,0.06640245,0.0012489917,0.0021928018,0.24454503,0.6025907,0.00082076556,0.0012455288,0.080953754
1169,0.07295842,0.0012981835,0.0025253359,0.2750714,0.54508615,0.0008919237,0.0013204147,0.100848176
1170,0.05708683,0.000599693,0.0011010284,0.24205412,0.6378289,0.00041941286,0.00071917626,0.06019081
1171,0.09492,0.001144186,0.0021647543,0.25992537,0.50746787,0.0008411815,0.0011793583,0.13235736
1172,0.08415793,0.001171826,0.0022071307,0.31819034,0.46521935,0.0007670514,0.0011775622,0.12710884
1173,0.10408143,0.0019855723,0.0033590281,0.32899883,0.38408795,0.000991235,0.0014596762,0.17503628
1174,0.10562179,0.0016639022,0.003424199,0.25299886,0.41871077,0.0010713197,0.0013347833,0.21517445
1175,0.109361306,0.0012250788,0.0027790666,0.22267915,0.4273361,0.00091901014,0.0011761442,0.23452412
1176,0.10539017,0.0011304045,0.0022518581,0.28179315,0.41452798,0.0007788391,0.00093637273,0.19319123
1177,0.106976785,0.0015067703,0.0030586338,0.24483763,0.4526433,0.0010088973,0.0014346441,0.18853332
1178,0.10734602,0.0012088219,0.0024948637,0.28341156,0.3809371,0.0007871387,0.001033453,0.22278103
1179,0.11729883,0.0014097915,0.003518679,0.2747957,0.3610408,0.0011613744,0.001454769,0.23932004
1180,0.11256699,0.0022506241,0.0042885477,0.27768216,0.3754426,0.0012129181,0.001483343,0.22507285
1181,0.122732095,0.0014155746,0.0031262555,0.29890114,0.33167365,0.0010734068,0.0010894947,0.23998839
1182,0.11777175,0.0017090569,0.0034504759,0.29443163,0.34402737,0.0011105512,0.0014901578,0.23600896
1183,0.10162311,0.0015607234,0.0027156696,0.25326836,0.43511736,0.00096664735,0.0012620306,0.20348608
1184,0.12253439,0.002030428,0.004153206,0.2584412,0.37208727,0.0013698656,0.001639294,0.23774435
1185,0.10925507,0.0013114937,0.0029580581,0.29038134,0.35303134,0.00094180787,0.0010576884,0.24106315
1186,0.09573285,0.0018876219,0.003650404,0.38043946,0.307884,0.0012446444,0.0014481219,0.20771283
1187,0.10456896,0.0016070735,0.0030214067,0.35486344,0.33215207,0.0009189286,0.0011975488,0.20167063
1188,0.10795687,0.0014630083,0.002904246,0.23881936,0.42898116,0.0010320058,0.0012431189,0.21760024
1189,0.1172628,0.001811109,0.0035766237,0.28573033,0.34918252,0.0011565663,0.0014655556,0.23981446
1190,0.10951679,0.0010048785,0.002116413,0.22706245,0.42768103,0.00070660835,0.0008721372,0.23103978
1191,0.112102576,0.00087776483,0.0020342893,0.21974334,0.4209145,0.00064582133,0.000789554,0.24289222
1192,0.10576589,0.00086728926,0.0019016587,0.2079124,0.46764556,0.0006203599,0.00081248867,0.21447435
1193,0.11743428,0.001240338,0.0027771415,0.22313797,0.41593364,0.0008951556,0.0011366641,0.23744479
1194,0.09236976,0.0014432226,0.0025474082,0.23860914,0.4857776,0.00092552294,0.001101198,0.17722617
1195,0.089848615,0.00083762617,0.0018415502,0.21967004,0.55257756,0.00069672195,0.00091610465,0.13361174
1196,0.104066215,0.0012050874,0.0025967294,0.19406079,0.518399,0.0007674907,0.0011428428,0.17776187
1197,0.13207814,0.0022108727,0.004012161,0.22919983,0.49021673,0.001716329,0.0025054445,0.1380605
1198,0.07842467,0.001007395,0.0019277047,0.25627738,0.5360518,0.00083737704,0.0010285068,0.124445155
1199,0.10037567,0.001049382,0.0020864208,0.26765794,0.4648502,0.0007744696,0.0011363977,0.1620695
1200,0.07008056,0.00076170656,0.0013781629,0.24035516,0.6041748,0.00055463,0.00084850576,0.08184652
1201,0.075899296,0.00092247117,0.0017746441,0.2456626,0.5689379,0.0006253365,0.0009371701,0.105240524
1202,0.078332596,0.0010487868,0.0018405712,0.23413137,0.5813396,0.0007536523,0.0010980263,0.10145539
1203,0.06571824,0.0008347317,0.0014420327,0.22848125,0.62011415,0.0004951797,0.0008968557,0.08201754
1204,0.021035803,0.00035653866,0.0005194847,0.15644498,0.81152433,0.00019741741,0.00056165864,0.009359829
1205,0.050494667,0.00070797064,0.0011412723,0.21973258,0.6751824,0.00043862165,0.0007794363,0.05152307
1206,0.095365025,0.00087102526,0.001855721,0.2080761,0.5423424,0.00064469303,0.00092258584,0.14992236
1207,0.07535845,0.0011097346,0.0023130577,0.26489145,0.56196696,0.000890661,0.0012448704,0.09222483
1208,0.07487645,0.0009895042,0.002075737,0.2615617,0.5641337,0.00092308124,0.0011203117,0.094319485
1209,0.06889014,0.0007798756,0.0014583595,0.25943732,0.58265316,0.00054578314,0.0008151661,0.08542018
1210,0.07456881,0.0015676965,0.0026343288,0.23394182,0.5963431,0.00093338225,0.0017599176,0.08825096
1211,0.10264871,0.001631495,0.0028293012,0.24619588,0.48254213,0.0011669766,0.0013875713,0.16159792
1212,0.09608303,0.000913556,0.0020558068,0.26323345,0.47356665,0.00077082956,0.0010220145,0.16235468
1213,0.10463183,0.0016047003,0.0030967016,0.26501104,0.40276623,0.000965657,0.001347511,0.22057635
1214,0.10212979,0.0012439397,0.0023898575,0.24170363,0.45075312,0.00082078576,0.0010403671,0.1999185
1215,0.10904148,0.0013070358,0.002857739,0.3064227,0.3544723,0.000965629,0.0011309059,0.22380221
1216,0.10508495,0.0013181306,0.0025419686,0.282649,0.42169273,0.0008094623,0.0010912183,0.18481246
1217,0.11714585,0.0014056615,0.0033311776,0.22134055,0.40652266,0.0011634424,0.0014201597,0.24767047
1218,0.10347846,0.0012734327,0.0027374162,0.2697028,0.42241377,0.0009193302,0.0010397565,0.19843508
1219,0.10431001,0.0016656612,0.0032559775,0.27033818,0.4159199,0.0013690473,0.0012712176,0.20186998
1220,0.13464627,0.0024929156,0.004526733,0.26805684,0.39220476,0.001548679,0.0020937605,0.19443008
1221,0.111180276,0.0013795244,0.0027033228,0.22983335,0.4191108,0.00093535625,0.0011382812,0.23371907
1222,0.10340807,0.001996124,0.0044431845,0.38396516,0.30068493,0.0013068927,0.0015544463,0.20264117
1223,0.09827548,0.001717651,0.003904231,0.42616636,0.2626007,0.0010716877,0.0012949649,0.20496896
1224,0.09472177,0.0013340559,0.002720858,0.38420156,0.31816852,0.00084033894,0.001021749,0.1969912
1225,0.117834516,0.0014308334,0.0029478064,0.2524444,0.40826884,0.00094291766,0.0012422496,0.2148884
1226,0.10291798,0.001219407,0.002516107,0.27327687,0.40369186,0.0007670299,0.000940433,0.21467035
1227,0.11017424,0.0010801639,0.002319785,0.24577633,0.410249,0.00076094223,0.00087969034,0.22875983
1228,0.121747896,0.0015070072,0.0029755987,0.21362054,0.40822905,0.0010925492,0.0011532153,0.24967411
1229,0.11544394,0.0015143913,0.0029499868,0.22143556,0.39741534,0.0009098691,0.001219892,0.25911105
1230,0.10908055,0.00091029354,0.0019721023,0.2127189,0.4465294,0.0006493312,0.00082071376,0.22731869
1231,0.100559436,0.0012460793,0.0029490255,0.23193912,0.4914292,0.0010338012,0.0013952933,0.16944802
1232,0.069385424,0.0009656588,0.00156107,0.23262948,0.5910088,0.0006151532,0.0010018077,0.10283263
1233,0.09152478,0.00085776654,0.001776222,0.22551021,0.51458955,0.00058905286,0.0008230305,0.16432932
1234,0.09357792,0.0011741556,0.0021920674,0.22580874,0.510391,0.0007915599,0.0012298445,0.1648347
1235,0.12195293,0.0011094572,0.0025301974,0.20423156,0.46635786,0.0009537741,0.001254872,0.20160936
1236,0.079447806,0.0007691716,0.0016392737,0.24150091,0.55814457,0.0005783571,0.00083295064,0.11708696
1237,0.10966658,0.0015671967,0.0039386167,0.2014606,0.5338765,0.0013504019,0.0016408884,0.14649925
1238,0.062733956,0.0005731602,0.0011659823,0.20027064,0.6564985,0.0004021558,0.0006768202,0.07767875
1239,0.050590236,0.0008051505,0.0012534774,0.24354124,0.65837765,0.00051163475,0.0009818057,0.043938804
1240,0.053742245,0.0007817351,0.0015004668,0.14883932,0.75708914,0.00058681984,0.0012417418,0.036218524
1241,0.023358176,0.0003304411,0.0005124503,0.24337412,0.7231144,0.00025375484,0.0006424888,0.008414158
1242,0.07837631,0.0010738744,0.0021585268,0.22784199,0.5925302,0.00087881595,0.0012366632,0.09590362
1243,0.062283732,0.000835035,0.001352214,0.27115035,0.60707223,0.0005480523,0.0010089187,0.055749495
1244,0.081289046,0.0017184656,0.00335571,0.40080085,0.38196388,0.0012258115,0.0014519505,0.1281943
1245,0.06455282,0.0007757999,0.0013840848,0.24623105,0.60599864,0.00052371336,0.00083426345,0.07969965
1246,0.07782468,0.0010000999,0.0018660894,0.21696296,0.59627277,0.0006918932,0.001017633,0.104363866
1247,0.0817198,0.00080609263,0.0016153008,0.24577951,0.5462951,0.0005703409,0.0008245215,0.1223893
1248,0.08655717,0.0008826333,0.0017925465,0.2922584,0.47214893,0.00061657233,0.00083349337,0.1449102
1249,0.09832353,0.0012483322,0.0023553974,0.28750908,0.42418134,0.00076757825,0.0009701939,0.18464454
1250,0.09872473,0.001282339,0.0023235818,0.19829634,0.5177193,0.0008210715,0.0011493025,0.17968331
1251,0.10326005,0.001798637,0.003213397,0.26465255,0.44419137,0.0011080274,0.001319995,0.18045601
1252,0.11315832,0.0011873582,0.0025311892,0.20544313,0.43596795,0.00085676217,0.00094795437,0.23990737
1253,0.08595178,0.0010046202,0.0019941938,0.29689175,0.46836364,0.00065528246,0.00089047104,0.14424822
1254,0.08517001,0.0019257293,0.0031901416,0.30377817,0.4714668,0.0013852539,0.0017869786,0.13129696
1255,0.111047566,0.0012714774,0.0025223794,0.1981842,0.48736882,0.0007750465,0.0010796349,0.19775088
1256,0.11527699,0.0011678908,0.0026814963,0.25096223,0.38371724,0.00083063386,0.0010215578,0.24434203
1257,0.10796781,0.0010752382,0.0024004309,0.22020385,0.4573847,0.0007985325,0.0011264514,0.20904295
1258,0.10600419,0.0022716916,0.004627457,0.3900457,0.31511506,0.0013280575,0.0018098402,0.178798
1259,0.113368966,0.00177872,0.0034704488,0.26916882,0.3719006,0.0011206227,0.0012742127,0.2379176
1260,0.10621826,0.0014422958,0.0026376422,0.30165794,0.3895961,0.0009300002,0.0010506279,0.19646712
1261,0.11937093,0.0021190376,0.004086733,0.291233,0.3372714,0.0012578162,0.0014940305,0.24316707
1262,0.10711576,0.0011193363,0.002277606,0.25633356,0.4044624,0.00076286745,0.000984194,0.22694428
1263,0.1263109,0.0014004388,0.003272845,0.2150561,0.416431,0.0010345309,0.0013251012,0.23516911
1264,0.10419419,0.0017132243,0.0028349345,0.2652292,0.42829216,0.0011272077,0.0013572912,0.19525182
1265,0.10852112,0.0011261627,0.0025220315,0.21332024,0.45245218,0.00074213656,0.00095563097,0.22036055
1266,0.11095083,0.0010364844,0.0023898208,0.20606585,0.44965386,0.0007295711,0.00094935065,0.22822422
1267,0.09802578,0.0010508612,0.002275405,0.20088565,0.53892136,0.00086654595,0.0011300708,0.15684433
1268,0.10535898,0.0017164476,0.0031557363,0.29127377,0.43006048,0.0012434421,0.0017443119,0.16544689
1269,0.10098909,0.001119673,0.0023016501,0.20089613,0.5676358,0.0010039536,0.0013625306,0.12469115
1270,0.0985715,0.0011991087,0.0026519517,0.21749361,0.52385116,0.00090868294,0.0011993143,0.15412469
1271,0.09133405,0.0016522118,0.002484515,0.2889992,0.51176345,0.001054607,0.00162805,0.101083845
1272,0.07743826,0.00096755824,0.0018733351,0.22842859,0.5788455,0.0006247956,0.00096661784,0.11085529
1273,0.06941798,0.000657545,0.0012860143,0.21957186,0.6138139,0.00046758147,0.0007335339,0.094051585
1274,0.051413916,0.00040993365,0.0008341495,0.12964454,0.76459336,0.00029643634,0.00061548414,0.05219212
1275,0.043366473,0.0005238752,0.00085720187,0.22355035,0.6940779,0.0003467882,0.00066056405,0.03661686
1276,0.039611407,0.0006437918,0.0011037877,0.16757646,0.76474977,0.0003605326,0.0008872742,0.025067028
1277,0.08558087,0.0022235923,0.0037922165,0.2811316,0.5282422,0.0014473317,0.002036517,0.095545694
1278,0.0660627,0.0010047089,0.0019741966,0.3537777,0.4959258,0.00069884956,0.00101793,0.07953816
1279,0.08197476,0.00084685796,0.0018332244,0.23131317,0.5573239,0.00072316756,0.0010093524,0.124975584
1280,0.072305866,0.0008399905,0.0015658824,0.25185868,0.5749736,0.00054331805,0.0009334982,0.09697914
1281,0.11212347,0.0019701812,0.0036899347,0.2563761,0.4444371,0.0012478251,0.0017958657,0.17835957
1282,0.09356619,0.0013077137,0.0027648956,0.26849753,0.46661222,0.00096251146,0.001240711,0.16504823
1283,0.078772016,0.0015752497,0.002532907,0.3160995,0.48590353,0.0010345753,0.001244325,0.11283789
1284,0.1008874,0.0013491864,0.0027272822,0.24621513,0.4694312,0.0010475462,0.0012591558,0.17708318
1285,0.08783658,0.0010536336,0.002120092,0.2632348,0.4850973,0.0008439323,0.001013013,0.15880074
1286,0.1067363,0.0016828761,0.0032678952,0.23008096,0.48720232,0.0012278395,0.0015079452,0.16829386
1287,0.08429655,0.0011850756,0.0020622646,0.24487996,0.55209905,0.00074513565,0.0012233731,0.11350859
1288,0.09492692,0.0015161304,0.0027086723,0.28741196,0.45346683,0.0010182087,0.0015070104,0.15744427
1289,0.10418244,0.0010050928,0.0021078812,0.2372614,0.44882426,0.000702985,0.0008805075,0.2050354
1290,0.1251275,0.002058845,0.0038434092,0.23556921,0.4269381,0.0014824107,0.0021160215,0.20286456
1291,0.14203486,0.0019572207,0.0037420567,0.21898887,0.36982042,0.0013512174,0.0019751175,0.26013023
1292,0.08655006,0.0015195525,0.0029407039,0.46883044,0.2898013,0.0009456558,0.0011140554,0.14829825
1293,0.10069744,0.0010596184,0.002180864,0.33581558,0.36539778,0.0007222868,0.00088224484,0.19324417
1294,0.1119133,0.0018443487,0.0035768484,0.28606623,0.3580134,0.001267208,0.0014391027,0.23587956
1295,0.10292885,0.001256013,0.0023437282,0.25920212,0.41542637,0.0008005943,0.0010757226,0.21696657
1296,0.09951383,0.0010625917,0.0021956877,0.24343954,0.45982808,0.00072949316,0.0009770441,0.19225371
1297,0.113442205,0.0018333405,0.003207619,0.2021304,0.44922486,0.0012584836,0.0013501499,0.22755288
1298,0.1148868,0.0014919913,0.0029306493,0.27472734,0.44052902,0.0010264515,0.0015746629,0.16283308
1299,0.114162646,0.0010480959,0.002155362,0.21432446,0.4869623,0.00079754676,0.0011094477,0.17944014
1300,0.092555776,0.0012060398,0.0023503373,0.22646366,0.51477784,0.0008189091,0.0011023079,0.16072506
1301,0.097000405,0.0012249526,0.0028431138,0.22329424,0.5161883,0.0010193689,0.0013097916,0.15711983
1302,0.08623502,0.0014706126,0.0027123615,0.25477684,0.5079115,0.0009850122,0.0013928816,0.14451578
1303,0.07781216,0.0007918497,0.0015270233,0.24120604,0.5649255,0.00054095377,0.00080506486,0.1123915
1304,0.07040526,0.0006658611,0.0013586776,0.21004194,0.61564726,0.0004688021,0.0007421905,0.100670084
1305,0.09161492,0.0011456314,0.0021693623,0.25762612,0.4998896,0.0008653266,0.0011316761,0.14555734
1306,0.095191166,0.00094456907,0.0019657859,0.21189776,0.52811646,0.0006965758,0.0011892403,0.1599984
1307,0.054012064,0.0007652677,0.0012890281,0.24153648,0.6447374,0.00050508836,0.00084674166,0.05630785
1308,0.04008431,0.0005461474,0.00084612856,0.2176411,0.71232516,0.00037440276,0.0007112913,0.02747151
1309,0.046559166,0.00075965904,0.0013341778,0.2329976,0.6812244,0.00046346284,0.00095713,0.035704404
1310,0.079145014,0.0016080652,0.002576746,0.38235447,0.42562482,0.0011194025,0.0016116218,0.10595989
1311,0.0843407,0.0010915729,0.002035693,0.28663763,0.4970054,0.00077455613,0.0010604699,0.127054
1312,0.10139286,0.0011327417,0.00238384,0.191665,0.5317644,0.0008316676,0.0010611668,0.1697684
1313,0.08232215,0.0012418308,0.002077958,0.23747344,0.54582345,0.0007721864,0.0014327043,0.12885627
1314,0.058911722,0.00074713095,0.0013128791,0.22917692,0.64029783,0.00048439967,0.0008174277,0.06825166
1315,0.08564588,0.00132658,0.0022935641,0.2825102,0.50919026,0.0010229368,0.0014423634,0.116568245
1316,0.09244838,0.0012059783,0.0024088414,0.21526054,0.5382119,0.00094498316,0.0011492363,0.1483701
1317,0.10205366,0.001803563,0.002996638,0.32851416,0.40080634,0.0011033198,0.001455648,0.16126667
1318,0.093424566,0.0009566929,0.002150846,0.26237807,0.48378703,0.0007141309,0.000987853,0.15560074
1319,0.086070746,0.001079415,0.0020252545,0.2584335,0.5229042,0.00084353174,0.0013270294,0.12731633
1320,0.109510235,0.0013598587,0.0032501477,0.25024563,0.4310662,0.0012237339,0.0013933221,0.20195092
1321,0.104285695,0.0015289892,0.0033758285,0.24341063,0.46701702,0.0009814984,0.0014235409,0.17797676
1322,0.105974905,0.0017355132,0.0032612775,0.24414542,0.45868796,0.0010980369,0.0017707443,0.1833262
1323,0.11252988,0.0011080846,0.0025572,0.2150749,0.4440045,0.0008797212,0.0010321506,0.22281359
1324,0.091408886,0.0018291865,0.0033645101,0.51052827,0.24741443,0.0010955537,0.0014914032,0.14286776
1325,0.09518198,0.0012531212,0.0026838593,0.35063666,0.38573042,0.0009438513,0.0010986312,0.16247143
1326,0.102230266,0.0011903337,0.0026429894,0.28773162,0.42317715,0.0009176976,0.0010965164,0.18101344
1327,0.097337,0.0015915346,0.0027721126,0.28581223,0.4166409,0.00094614056,0.0013124988,0.19358751
1328,0.09668411,0.0009337174,0.0018777032,0.24245816,0.47717154,0.0006277463,0.000861372,0.17938563
1329,0.103096895,0.0008900157,0.0019304769,0.20428888,0.48725924,0.0006302694,0.00083329476,0.20107092
1330,0.09700991,0.0011195773,0.0024033654,0.26437023,0.45457336,0.00073341193,0.00096537854,0.17882474
1331,0.08303611,0.0010886238,0.0020612748,0.23796701,0.5331531,0.00070819334,0.00094171974,0.14104392
1332,0.082309976,0.0009361413,0.0018366881,0.23034132,0.5501599,0.0006177887,0.0009406055,0.13285767
1333,0.07917899,0.0013320341,0.0022173813,0.2691255,0.5330218,0.0008316381,0.0015036606,0.11278905
1334,0.078511246,0.0010013492,0.002082491,0.23829971,0.56210685,0.000749704,0.00097324955,0.1162754
1335,0.082885936,0.00073748484,0.0015070413,0.19424883,0.58828866,0.0005137987,0.0007966858,0.13102159
1336,0.08542076,0.0012060207,0.0022904794,0.28789368,0.48452723,0.0008817648,0.0011250693,0.13665502
1337,0.07552846,0.00091948215,0.0017266643,0.20871262,0.5988989,0.00056690775,0.0009137181,0.112733245
1338,0.06015033,0.00058890396,0.001125344,0.1712437,0.69402665,0.00039030312,0.00068668515,0.07178814
1339,0.07156415,0.0009741416,0.0017953959,0.21468823,0.60718954,0.00066451577,0.001181643,0.1019423
1340,0.07982418,0.000622537,0.001847305,0.05598561,0.77486897,0.00048433698,0.00080423796,0.08556279
1341,0.046048716,0.0007327184,0.0012543612,0.23056997,0.6785276,0.0005319951,0.0009251832,0.041409414
1342,0.035933644,0.00044516753,0.0007293252,0.19668722,0.7401839,0.0002791491,0.0006571365,0.025084423
1343,0.059795342,0.0007099627,0.0012557196,0.23232791,0.63488597,0.00046291458,0.000798189,0.06976404
1344,0.080118805,0.00097379007,0.0018048497,0.24202047,0.5563304,0.00067046867,0.0010240314,0.11705723
1345,0.075215854,0.0015212956,0.0022424853,0.28966343,0.54038507,0.00091676036,0.0012546104,0.0888005
1346,0.068817206,0.0008417388,0.0015000133,0.29020387,0.5477015,0.0005578249,0.0008429888,0.08953485
1347,0.07638169,0.0010818755,0.0019327886,0.3043575,0.50915486,0.00070017885,0.0009742758,0.1054169
1348,0.088942364,0.0010636761,0.002211116,0.25027117,0.5280171,0.0008026872,0.0010888987,0.127603
1349,0.08547012,0.0014087853,0.002429301,0.30295682,0.50359803,0.0009821821,0.0013689003,0.101785816
1350,0.089095876,0.0008069421,0.0017277411,0.2728259,0.4841369,0.0005839832,0.00081333594,0.15000933
1351,0.078779936,0.00086264673,0.0015824032,0.23635752,0.5678221,0.0005762264,0.0008500031,0.113169245
1352,0.096222915,0.0010484525,0.0022614861,0.21837108,0.50232357,0.00077929447,0.0010010751,0.17799214
1353,0.08268305,0.0014182332,0.0025784096,0.3205745,0.47940907,0.0009931686,0.0015096948,0.11083391
1354,0.106603324,0.001345138,0.002606565,0.25065154,0.44338372,0.0011087471,0.001131773,0.19316924
1355,0.086690426,0.0014269975,0.0023649754,0.36171925,0.4262521,0.00093612215,0.0011377519,0.11947234
1356,0.09941875,0.0014385355,0.0033239836,0.31496352,0.40406448,0.0009477066,0.0012866755,0.17455639
1357,0.089355156,0.0011191159,0.002020604,0.2881561,0.46956435,0.0007312736,0.0009778833,0.14807549
1358,0.11102706,0.0016020151,0.0031581349,0.2794345,0.3774698,0.0010505955,0.0013583482,0.22489955
1359,0.08326683,0.0014246753,0.002392091,0.36798358,0.39972746,0.0008269174,0.0011760708,0.14320244
1360,0.0818003,0.0010995722,0.0019043126,0.23402975,0.54438025,0.00068616646,0.0010744851,0.13502519
1361,0.087508455,0.00095984014,0.0019222581,0.27850437,0.48770636,0.00066568033,0.000871877,0.14186111
1362,0.09572006,0.0016878274,0.0032301263,0.22173496,0.5257865,0.0010718813,0.0016265735,0.14914206
1363,0.10099274,0.0017879177,0.0034053666,0.31017816,0.41802004,0.0010545002,0.0014988692,0.16306238
1364,0.09290832,0.0013278885,0.0025374815,0.25497034,0.5169771,0.0011694221,0.0012888715,0.1288206
1365,0.095801204,0.0009666612,0.0024336744,0.20570724,0.53801364,0.00086193415,0.001228089,0.15498756
1366,0.06448093,0.00087673735,0.001494092,0.20850877,0.65314597,0.0005405965,0.00093217747,0.07002068
1367,0.086629786,0.0008844821,0.0017470348,0.19300349,0.58847475,0.00066692376,0.00092753174,0.12766601
1368,0.039279003,0.0006681673,0.001125425,0.23533769,0.6946051,0.00041223527,0.000997483,0.027574932
1369,0.07917551,0.00090081996,0.0016675576,0.20787267,0.6046833,0.00068606087,0.0010691654,0.103944935
1370,0.14972928,0.0012377385,0.0032715348,0.17721502,0.36163342,0.0011462845,0.0014172655,0.30434945
1371,0.068835534,0.00084498664,0.001590414,0.22773443,0.613075,0.0005918289,0.0010599224,0.08626783
1372,0.038432613,0.0005877556,0.0009866888,0.22889426,0.7024813,0.00040000267,0.0007453839,0.027471974
1373,0.04403828,0.0009854255,0.0013368005,0.35640788,0.56210315,0.00051293644,0.0010595822,0.03355594
1374,0.041709166,0.0005413927,0.00087097014,0.24562992,0.67768425,0.00034328902,0.00068282906,0.032538213
1375,0.081379324,0.00082752295,0.0016904835,0.21575974,0.5786229,0.0005233095,0.0007922446,0.120404474
1376,0.068574384,0.00090768427,0.0017668885,0.20916827,0.6405581,0.0007452584,0.0011010648,0.07717836
1377,0.07361093,0.0009629125,0.0016978462,0.23867361,0.5932495,0.00059183926,0.00097155257,0.09024183
1378,0.07574538,0.0011717024,0.0021186708,0.25649127,0.56584173,0.00077291444,0.0011787049,0.096679576
1379,0.062297698,0.0007962336,0.0014334463,0.26248315,0.59243584,0.0005301791,0.0008154851,0.07920796
1380,0.062292986,0.0010954281,0.0016017747,0.27958697,0.59327435,0.0006505367,0.001205685,0.06029226
1381,0.08266806,0.00096808077,0.0018168554,0.28632364,0.50025666,0.0006948318,0.0009997949,0.12627205
1382,0.08727344,0.0008531842,0.0017192323,0.26082578,0.50695443,0.0006032602,0.00083733164,0.14093333
1383,0.08136647,0.0009951086,0.0017739962,0.23390345,0.55890214,0.0006749177,0.0009477532,0.121436134
1384,0.08334329,0.0010157137,0.0018620552,0.27138144,0.5152339,0.00065572624,0.0010194818,0.12548839
1385,0.080183975,0.0009539747,0.0017631736,0.2733902,0.5162799,0.00062629674,0.00086947763,0.12593302
1386,0.07614627,0.0014557395,0.002493231,0.52133447,0.2836836,0.000863489,0.0010071318,0.11301603
1387,0.07619362,0.0012227083,0.002547168,0.40784025,0.4002471,0.0009226075,0.001227581,0.10979898
1388,0.08895699,0.0016748413,0.0029115002,0.2259264,0.5408223,0.0010218086,0.0017388539,0.13694727
1389,0.10708616,0.0012466816,0.0023350336,0.2234909,0.46139106,0.0008851607,0.001044989,0.20251998
1390,0.07612213,0.0013757017,0.0023951684,0.29886308,0.50689524,0.00082372717,0.0013158852,0.11220906
1391,0.091977075,0.0013779766,0.0025427567,0.21264808,0.55413413,0.0009900628,0.0015242399,0.1348057
1392,0.09265992,0.0011233618,0.0025779435,0.20285833,0.5423557,0.000978029,0.0013969537,0.15604971
1393,0.103397794,0.0015862684,0.002526245,0.27513736,0.48262662,0.0010822553,0.0014520425,0.1321914
1394,0.077512704,0.0014176068,0.0023546142,0.3134739,0.49608603,0.00083448854,0.0011604854,0.107160136
1395,0.081143826,0.0013785666,0.0024822096,0.24257457,0.5325653,0.0011204336,0.001585168,0.13714992
1396,0.0840094,0.0009791161,0.0018406294,0.23267528,0.53909945,0.0006374449,0.001005776,0.13975285
1397,0.06115654,0.0007412532,0.0014827072,0.21138597,0.65461886,0.00056597433,0.0008975226,0.06915112
1398,0.10315704,0.0010927861,0.002327057,0.18883502,0.532105,0.0008221087,0.0012400469,0.17042093
1399,0.046754465,0.00078705745,0.001283151,0.21064939,0.68935347,0.00048108218,0.0009705049,0.04972097
1400,0.123198844,0.0011381907,0.002267404,0.22000873,0.3991915,0.000763018,0.0010786813,0.25235358
1401,0.029849896,0.000460981,0.00070214126,0.14595294,0.8042895,0.00027660842,0.00077114365,0.01769671
1402,0.06739078,0.00093416957,0.0015640557,0.20684397,0.6410423,0.00059161056,0.000998565,0.080634594
1403,0.068578266,0.0010215542,0.001704454,0.2846745,0.55243427,0.0006481821,0.0010377322,0.08990096
1404,0.07049829,0.0014981505,0.0026443603,0.23306872,0.60044724,0.0009493637,0.0015143902,0.089379504
1405,0.07754027,0.00091485446,0.0017809971,0.24573472,0.5523673,0.0006286674,0.0009616459,0.12007154
1406,0.06823819,0.0010281495,0.001976136,0.25219867,0.58434004,0.0008697689,0.0011168709,0.09023211
1407,0.060179375,0.00067207316,0.0012269387,0.23411784,0.62963855,0.00045134485,0.0007470891,0.0729668
1408,0.08426988,0.0008199025,0.0016631052,0.18850978,0.60136926,0.0005998478,0.0008770702,0.12189115
1409,0.06402749,0.00077063567,0.0013368303,0.26466167,0.5903356,0.0005129649,0.0008220622,0.077532776
1410,0.08389153,0.0015374887,0.0023282652,0.2828545,0.51433855,0.0010113455,0.0014105658,0.11262777
1411,0.053211037,0.0014110551,0.002206299,0.64368385,0.21977183,0.0007595597,0.0009580024,0.07799833
1412,0.07028674,0.0011532656,0.002245474,0.29851308,0.5320449,0.0007283513,0.0011514764,0.093876734
1413,0.07063574,0.0012206701,0.0019343966,0.3428336,0.50243586,0.0007198276,0.0010525157,0.079167396
1414,0.08868827,0.0012576212,0.0022291236,0.31029233,0.45454425,0.00084840885,0.001265719,0.14087428
1415,0.07620968,0.00082546956,0.0015561418,0.2603528,0.5558969,0.00055451796,0.00088426383,0.10372026
1416,0.10674343,0.0016771128,0.0030193508,0.29812568,0.42592528,0.0010993603,0.001304149,0.16210558
1417,0.08645469,0.0009986621,0.0019429782,0.2269114,0.546491,0.00070305547,0.0011157867,0.13538243
1418,0.092150696,0.0010556544,0.0024278092,0.25679177,0.48509476,0.00077647466,0.0010663773,0.16063648
1419,0.082505316,0.0010836924,0.0020210664,0.2180384,0.5764117,0.0007665152,0.001208739,0.117964596
1420,0.07675447,0.0010577475,0.0017731277,0.2822838,0.525549,0.0006594772,0.0010423373,0.11088007
1421,0.058427345,0.0008084357,0.0014599364,0.25667965,0.6182864,0.00051277876,0.0008811792,0.0629443
1422,0.073290154,0.0010844386,0.0017229518,0.2584583,0.57918686,0.0006184755,0.0010386034,0.08460024
1423,0.060124062,0.0007578021,0.0013193703,0.23128934,0.6378324,0.0004940105,0.0008217319,0.06736128
1424,0.06940781,0.0005917331,0.0011714097,0.19265306,0.6487181,0.00042547216,0.0006966034,0.08633576
1425,0.05590638,0.0006693366,0.0012345627,0.18448684,0.696246,0.00041999313,0.0007461579,0.060290683
1426,0.06377159,0.0011493316,0.0019302536,0.37531778,0.48713523,0.0006436558,0.0011067857,0.06894533
1427,0.059707906,0.0013709263,0.0022465454,0.33228275,0.5408922,0.00097374816,0.0013455163,0.061180398
1428,0.052944675,0.00087735546,0.0013523584,0.43571103,0.4518957,0.0005242787,0.00080957566,0.055885013
1429,0.051755846,0.0008329351,0.0012244057,0.27067465,0.6197519,0.0005238111,0.00086726225,0.054369263
1430,0.07650745,0.0009100181,0.0016913208,0.2545873,0.5573778,0.0006078466,0.00090145733,0.10741683
1431,0.0731716,0.0008566285,0.0018101222,0.23607275,0.5932212,0.0008345636,0.0011204872,0.09291271
1432,0.07825588,0.00096815935,0.0016915707,0.2973324,0.5094242,0.00065672124,0.00091922947,0.110751726
1433,0.100497946,0.0009438232,0.002064986,0.23195209,0.49979672,0.00072664366,0.0008947755,0.16312298
1434,0.07648396,0.0013422082,0.0020843626,0.32133,0.49407586,0.00096542307,0.0014439996,0.10227414
1435,0.07854534,0.000821738,0.0015589367,0.24267043,0.55910957,0.000588935,0.0008599582,0.1158451
1436,0.06956261,0.0013086885,0.0022546328,0.48147652,0.33106923,0.0007840028,0.0011111461,0.11243317
1437,0.08250355,0.0012084317,0.0024065077,0.27218792,0.5348129,0.00090103,0.0011777664,0.10480188
1438,0.07880252,0.0010745799,0.0020770282,0.28662214,0.52402675,0.00076857227,0.0011574393,0.105471015
1439,0.062324412,0.0009483095,0.0015816286,0.30008173,0.5550726,0.0006294963,0.0009328339,0.078429095
1440,0.08212361,0.00097598496,0.0018912477,0.2695545,0.5166138,0.00075916696,0.0010319587,0.12704979
1441,0.079871275,0.0011819268,0.0020446137,0.24145094,0.5827487,0.00080786063,0.0013343453,0.090560354
1442,0.076786526,0.0012890833,0.0023341377,0.24692252,0.56501466,0.00086301274,0.0014391477,0.105350904
1443,0.06853247,0.0009160251,0.0017717351,0.22345793,0.62188226,0.000688229,0.0010732567,0.08167804
1444,0.061841376,0.0007233095,0.0013022554,0.2227654,0.63926,0.00046541265,0.00081278285,0.07282943
1445,0.08797406,0.0011225366,0.0022210344,0.22407615,0.558456,0.0009218152,0.001378363,0.12385
1446,0.078420796,0.0009896534,0.0017454971,0.19550474,0.6127134,0.00058378757,0.0012763727,0.10876576
1447,0.0495614,0.00059027877,0.0010383829,0.23425117,0.6619998,0.0003874009,0.0007015736,0.051470015
1448,0.051042076,0.0006515607,0.0012147739,0.20321375,0.6915882,0.00049276266,0.0008944466,0.05090244
1449,0.04113891,0.000524096,0.0009625372,0.18067107,0.7365089,0.00039025638,0.0007827757,0.039021436
1450,0.051879,0.0006020934,0.0011883663,0.22610793,0.67052746,0.00049520103,0.000844865,0.048355084
1451,0.038760472,0.00056994276,0.0010827316,0.2351832,0.69109946,0.000420082,0.0009081265,0.03197597
1452,0.055311967,0.0006487461,0.0011460334,0.23405324,0.6485301,0.0004323663,0.00073489704,0.059142645
1453,0.054313276,0.0008935645,0.0014733502,0.28773728,0.6003478,0.0005414291,0.0009429839,0.053750277
1454,0.0636931,0.001108313,0.0018624741,0.25077134,0.6179828,0.00079981744,0.0011144932,0.062667646
1455,0.058361534,0.00072925916,0.0012428663,0.22881499,0.6462099,0.00047666344,0.0007884757,0.063376285
1456,0.062226187,0.00077447615,0.001320841,0.24027035,0.6240697,0.0004967328,0.0008968188,0.069944985
1457,0.09669189,0.0011733022,0.002643414,0.24417783,0.50599873,0.0010208896,0.0012323,0.14706166
1458,0.07988386,0.0011136855,0.00232292,0.24270234,0.55407053,0.0008459585,0.0011186388,0.11794203
1459,0.0978252,0.0008956966,0.0019386762,0.25504774,0.46594596,0.00064299227,0.0008580396,0.17684565
1460,0.056425024,0.0010689808,0.001664431,0.28872517,0.5973678,0.00063438487,0.0011413053,0.05297286
1461,0.079330295,0.0011661353,0.0023043125,0.3045049,0.49323606,0.0008142946,0.0010623735,0.11758162
1462,0.08061105,0.00092376414,0.0018960458,0.19150159,0.61497176,0.0006933395,0.0010161527,0.10838625
1463,0.075336605,0.00095075043,0.0017995299,0.2689002,0.5444774,0.00062634115,0.00085381354,0.107055336
1464,0.06880389,0.0008677544,0.0016221447,0.2670046,0.5704371,0.00060588383,0.0009522368,0.089706406
1465,0.06554819,0.00078918197,0.0013888224,0.23013213,0.62392884,0.0005304751,0.0008878607,0.07679461
1466,0.091255344,0.00178156,0.002912755,0.28902012,0.49359432,0.0010776443,0.0015256471,0.118832625
1467,0.05919057,0.0009418986,0.00144592,0.29620367,0.57626283,0.0005758324,0.0008684352,0.06451078
1468,0.08637143,0.0013313936,0.0026680941,0.2284782,0.58230036,0.0009103956,0.0016243784,0.09631579
1469,0.07006085,0.0007985001,0.0015495932,0.21240859,0.62311935,0.00055742625,0.0010887192,0.09041701
1470,0.04794966,0.0006535425,0.0011666158,0.22756165,0.6830034,0.00048855157,0.001069903,0.03810664
1471,0.06298631,0.00087066257,0.0014980694,0.19416904,0.6836069,0.0006047763,0.0012306485,0.055033546
1472,0.054177362,0.0011178028,0.0016239292,0.20389418,0.7026976,0.0006978606,0.0014835638,0.03430768
1473,0.10183083,0.0011925345,0.002120028,0.21032538,0.5300378,0.0008546695,0.0011715111,0.15246722
1474,0.0724813,0.0010311477,0.0017196788,0.27494064,0.54487723,0.00066591916,0.0009253723,0.10335861
1475,0.04890368,0.00062229444,0.0011015458,0.22669293,0.6736687,0.00046411873,0.0008013508,0.047745407
1476,0.040851995,0.00060475804,0.0009459288,0.27940935,0.64516234,0.00042318326,0.0008002776,0.031802155
1477,0.091382414,0.0013529757,0.0023962818,0.3208213,0.4753129,0.00090499973,0.0015403596,0.10628879
1478,0.063654184,0.0008269887,0.0014320794,0.23820047,0.61962235,0.00058575213,0.00088331796,0.07479483
1479,0.08526068,0.00080345094,0.001688386,0.23439951,0.5399646,0.0005719946,0.00082314544,0.1364882
1480,0.074375026,0.0010978717,0.0019411718,0.2687685,0.5584315,0.0007736527,0.0010713063,0.093541026
1481,0.07573536,0.0010056618,0.0018686886,0.26949018,0.5767812,0.0009855122,0.0014514588,0.07268193
1482,0.06933921,0.0011944327,0.0019618392,0.22793803,0.5996608,0.0007809001,0.001357053,0.09776774
1483,0.08069515,0.0013634572,0.0021387304,0.34160772,0.46004242,0.00080537575,0.0010803104,0.11226687
1484,0.059840888,0.0008000001,0.001339125,0.2504172,0.6202242,0.0005013573,0.00092260004,0.06595464
1485,0.07339543,0.0012029827,0.0018256699,0.23024122,0.5945365,0.0007601211,0.0011138242,0.096924275
1486,0.112328745,0.001173524,0.0023907057,0.24817806,0.4345116,0.00085698103,0.0011115299,0.19944882
1487,0.045220885,0.0007502377,0.0012405238,0.2425938,0.6701883,0.000618599,0.0010016245,0.038386036
1488,0.07537509,0.0013176338,0.0022201035,0.2402421,0.5756435,0.00091159844,0.0012800246,0.103009924
1489,0.049907397,0.00061230565,0.001027194,0.16645926,0.7337628,0.00038310932,0.0007600567,0.047087885
1490,0.04974916,0.0008194356,0.001275396,0.17641684,0.7245701,0.0004580874,0.0009625424,0.045748405
1491,0.10412346,0.0009468281,0.001860605,0.2533137,0.44801944,0.00072589895,0.00092534156,0.19008471
1492,0.04849084,0.00057822734,0.0010110877,0.2168024,0.69076174,0.0004184636,0.00077111553,0.041166086
1493,0.09486167,0.0010646827,0.0021246006,0.1819421,0.5626938,0.00081624277,0.0013521014,0.15514481
1494,0.04687672,0.00069745386,0.0010824685,0.28590998,0.6227182,0.0004394204,0.000782628,0.041493155
1495,0.04417112,0.0007089424,0.0010687285,0.222283,0.6825079,0.0004218458,0.0007794725,0.048058998
1496,0.058586672,0.00094029563,0.0014843403,0.27045026,0.6029552,0.00061304023,0.0012001082,0.06377006
1497,0.06599094,0.0008549837,0.0015019065,0.20179953,0.6666237,0.0006735027,0.0012930505,0.0612624
1498,0.060298808,0.00095165963,0.0015977604,0.21769908,0.6513524,0.0006651245,0.0011352751,0.06629989
1499,0.045952994,0.00080003194,0.001307412,0.25791642,0.6537867,0.0005555858,0.0010602615,0.038620587
1500,0.07932795,0.0013637574,0.0020895042,0.23327938,0.5899212,0.0008151761,0.001323778,0.091879316
1501,0.05966161,0.00080446113,0.0012981431,0.26237166,0.6109522,0.0005114088,0.0008486542,0.06355181
1502,0.05660461,0.0006869759,0.0013581185,0.22228576,0.65768087,0.00051213976,0.00085570145,0.060015853
1503,0.06985446,0.0007725331,0.0013758139,0.1958667,0.6487808,0.00052650913,0.00088489294,0.08193835
1504,0.090322815,0.0009924325,0.0017477223,0.21736374,0.5882759,0.0007169817,0.001184326,0.09939608
1505,0.062661484,0.0012031362,0.0026152967,0.24969733,0.6175797,0.0010394126,0.0016508134,0.06355275
1506,0.05426068,0.0010356522,0.0015636671,0.26178658,0.62462395,0.00074785535,0.0013876434,0.054593887
1507,0.04009002,0.00065164705,0.0010318715,0.17366195,0.75462115,0.00042700017,0.0008934354,0.028622918
1508,0.11224877,0.0016127698,0.0030764095,0.24672586,0.43786174,0.0011632999,0.0018046127,0.19550659
1509,0.045628976,0.00083872606,0.0013861163,0.23877221,0.6765252,0.0005474473,0.0011448694,0.03515644
1510,0.05436287,0.0009567869,0.0015328785,0.2851039,0.60286295,0.0006469175,0.0011933655,0.053340293
1511,0.060653802,0.0009286321,0.0015353864,0.27851427,0.6000026,0.00059552124,0.0009880057,0.056781825
1512,0.054474115,0.0010945925,0.0017246556,0.35442334,0.53430015,0.0008622308,0.0012327099,0.051888205
1513,0.072737135,0.0009849495,0.001903932,0.2650044,0.57090914,0.0007030575,0.00097600464,0.08678138
1514,0.047776096,0.0007508944,0.001236754,0.25204742,0.6521587,0.0005516942,0.001084087,0.044394344
1515,0.05070986,0.0010488598,0.0015471834,0.32954657,0.5659361,0.0006992779,0.0010396851,0.049472507
1516,0.017526481,0.0004524312,0.0006684742,0.17423308,0.80009055,0.00036313923,0.0009258868,0.005740012
1517,0.025535963,0.00037322086,0.0006398593,0.18308917,0.7803352,0.00026377148,0.0006428735,0.009119908
1518,0.048516724,0.0009628198,0.0017072523,0.21473636,0.6995641,0.0006265029,0.0016533874,0.03223286
1519,0.14271958,0.0011872416,0.0036800194,0.24454173,0.21014212,0.0009339959,0.0012285889,0.39556676
