2025-12-26 14:40:36,534 [INFO] ================================================================================
2025-12-26 14:40:36,534 [INFO] 🚀 空间域识别训练 - V2版本（原型学习 + Warmup）
2025-12-26 14:40:36,534 [INFO] ================================================================================
2025-12-26 14:40:36,579 [INFO] 📱 Device: cuda
2025-12-26 14:40:36,580 [INFO] 
📂 加载数据:  ../data/DLPFC/st/151673
2025-12-26 14:40:37,199 [INFO]   数据形状: (3639, 33538)
2025-12-26 14:40:37,199 [INFO]   样本数: 3639
2025-12-26 14:40:37,200 [INFO]   基因数: 33538
2025-12-26 14:40:37,200 [INFO] 
🔧 数据预处理...
2025-12-26 14:40:37,223 [INFO]   保存原始计数到 adata.layers['counts']
2025-12-26 14:40:37,456 [INFO]   ✅ 归一化完成
2025-12-26 14:40:37,874 [INFO]   ✅ 选择 3000 个高变基因
2025-12-26 14:40:37,875 [INFO]   HVG数据形状: (3639, 3002)
2025-12-26 14:40:44,827 [INFO]   ✅ PCA降维到 50 维
2025-12-26 14:40:44,828 [INFO] 
📊 构建空间KNN图...
2025-12-26 14:40:45,009 [INFO]   ✅ 空间图:  21834 条边
2025-12-26 14:40:45,009 [INFO] 
📦 准备训练数据...
2025-12-26 14:40:45,126 [INFO]   X_pca:  torch.Size([3639, 50])
2025-12-26 14:40:45,161 [INFO]   X_raw: torch.Size([3639, 3002])
2025-12-26 14:40:45,179 [INFO]   参数量: 1,099,727
2025-12-26 14:40:45,180 [INFO] 
🏋️ 开始训练...
2025-12-26 14:40:45,180 [INFO] ================================================================================
2025-12-26 14:40:45,180 [INFO] 🔥 Warmup期:   Epoch 1-30 (只训练重构)
2025-12-26 14:40:45,180 [INFO] 🔥 对比学习启动:  Epoch 31
2025-12-26 14:40:45,180 [INFO] 🔥 初始化原型:   Epoch 31 (K-Means)
2025-12-26 14:40:45,180 [INFO] 🔥 完整训练:  Epoch 32-300
2025-12-26 14:40:45,180 [INFO] ================================================================================
2025-12-26 14:40:45,658 [INFO] 
================================================================================
2025-12-26 14:40:45,658 [INFO] Epoch 1/300 [WARMUP] (0.48s)
2025-12-26 14:40:45,658 [INFO] ================================================================================
2025-12-26 14:40:45,658 [INFO]   Total Loss:              2762.3904
2025-12-26 14:40:45,658 [INFO]   Recon Loss:              2762.3904
2025-12-26 14:40:45,658 [INFO]   GIB Keep Rate:           1.000
2025-12-26 14:40:45,658 [INFO]   GIB Avg Prob:            0.565
2025-12-26 14:40:45,658 [INFO]   Dispersion (θ):          54.578 ± 0.018
2025-12-26 14:40:45,658 [INFO]   Learning Rate:           0.000500
2025-12-26 14:40:46,107 [INFO] 
================================================================================
2025-12-26 14:40:46,107 [INFO] Epoch 2/300 [WARMUP] (0.03s)
2025-12-26 14:40:46,107 [INFO] ================================================================================
2025-12-26 14:40:46,108 [INFO]   Total Loss:              2703.6943
2025-12-26 14:40:46,108 [INFO]   Recon Loss:              2703.6943
2025-12-26 14:40:46,108 [INFO]   GIB Keep Rate:           1.000
2025-12-26 14:40:46,108 [INFO]   GIB Avg Prob:            0.564
2025-12-26 14:40:46,108 [INFO]   Dispersion (θ):          54.559 ± 0.036
2025-12-26 14:40:46,108 [INFO]   Learning Rate:           0.000500
2025-12-26 14:40:46,405 [INFO] 
================================================================================
2025-12-26 14:40:46,405 [INFO] Epoch 3/300 [WARMUP] (0.03s)
2025-12-26 14:40:46,405 [INFO] ================================================================================
2025-12-26 14:40:46,405 [INFO]   Total Loss:              2656.1946
2025-12-26 14:40:46,405 [INFO]   Recon Loss:              2656.1946
2025-12-26 14:40:46,405 [INFO]   GIB Keep Rate:           1.000
2025-12-26 14:40:46,405 [INFO]   GIB Avg Prob:            0.565
2025-12-26 14:40:46,405 [INFO]   Dispersion (θ):          54.540 ± 0.054
2025-12-26 14:40:46,405 [INFO]   Learning Rate:           0.000500
2025-12-26 14:40:46,840 [INFO] 
================================================================================
2025-12-26 14:40:46,840 [INFO] Epoch 4/300 [WARMUP] (0.03s)
2025-12-26 14:40:46,841 [INFO] ================================================================================
2025-12-26 14:40:46,841 [INFO]   Total Loss:              2614.5701
2025-12-26 14:40:46,841 [INFO]   Recon Loss:              2614.5701
2025-12-26 14:40:46,841 [INFO]   GIB Keep Rate:           1.000
2025-12-26 14:40:46,841 [INFO]   GIB Avg Prob:            0.565
2025-12-26 14:40:46,841 [INFO]   Dispersion (θ):          54.521 ± 0.072
2025-12-26 14:40:46,841 [INFO]   Learning Rate:           0.000500
2025-12-26 14:40:47,280 [INFO] 
================================================================================
2025-12-26 14:40:47,280 [INFO] Epoch 5/300 [WARMUP] (0.03s)
2025-12-26 14:40:47,280 [INFO] ================================================================================
2025-12-26 14:40:47,280 [INFO]   Total Loss:              2575.8372
2025-12-26 14:40:47,280 [INFO]   Recon Loss:              2575.8372
2025-12-26 14:40:47,280 [INFO]   GIB Keep Rate:           1.000
2025-12-26 14:40:47,280 [INFO]   GIB Avg Prob:            0.564
2025-12-26 14:40:47,280 [INFO]   Dispersion (θ):          54.502 ± 0.090
2025-12-26 14:40:47,280 [INFO]   Learning Rate:           0.000500
2025-12-26 14:40:47,679 [INFO] 
================================================================================
2025-12-26 14:40:47,680 [INFO] Epoch 6/300 [WARMUP] (0.02s)
2025-12-26 14:40:47,680 [INFO] ================================================================================
2025-12-26 14:40:47,680 [INFO]   Total Loss:              2536.3862
2025-12-26 14:40:47,680 [INFO]   Recon Loss:              2536.3862
2025-12-26 14:40:47,680 [INFO]   GIB Keep Rate:           1.000
2025-12-26 14:40:47,680 [INFO]   GIB Avg Prob:            0.565
2025-12-26 14:40:47,680 [INFO]   Dispersion (θ):          54.484 ± 0.109
2025-12-26 14:40:47,680 [INFO]   Learning Rate:           0.000500
2025-12-26 14:40:48,084 [INFO] 
================================================================================
2025-12-26 14:40:48,085 [INFO] Epoch 7/300 [WARMUP] (0.03s)
2025-12-26 14:40:48,085 [INFO] ================================================================================
2025-12-26 14:40:48,085 [INFO]   Total Loss:              2495.9248
2025-12-26 14:40:48,085 [INFO]   Recon Loss:              2495.9248
2025-12-26 14:40:48,085 [INFO]   GIB Keep Rate:           1.000
2025-12-26 14:40:48,085 [INFO]   GIB Avg Prob:            0.564
2025-12-26 14:40:48,085 [INFO]   Dispersion (θ):          54.466 ± 0.127
2025-12-26 14:40:48,085 [INFO]   Learning Rate:           0.000499
2025-12-26 14:40:48,485 [INFO] 
================================================================================
2025-12-26 14:40:48,486 [INFO] Epoch 8/300 [WARMUP] (0.03s)
2025-12-26 14:40:48,486 [INFO] ================================================================================
2025-12-26 14:40:48,486 [INFO]   Total Loss:              2455.3232
2025-12-26 14:40:48,486 [INFO]   Recon Loss:              2455.3232
2025-12-26 14:40:48,486 [INFO]   GIB Keep Rate:           1.000
2025-12-26 14:40:48,486 [INFO]   GIB Avg Prob:            0.565
2025-12-26 14:40:48,486 [INFO]   Dispersion (θ):          54.448 ± 0.145
2025-12-26 14:40:48,486 [INFO]   Learning Rate:           0.000499
2025-12-26 14:40:48,917 [INFO] 
================================================================================
2025-12-26 14:40:48,917 [INFO] Epoch 9/300 [WARMUP] (0.03s)
2025-12-26 14:40:48,917 [INFO] ================================================================================
2025-12-26 14:40:48,917 [INFO]   Total Loss:              2413.0613
2025-12-26 14:40:48,918 [INFO]   Recon Loss:              2413.0613
2025-12-26 14:40:48,918 [INFO]   GIB Keep Rate:           0.999
2025-12-26 14:40:48,918 [INFO]   GIB Avg Prob:            0.565
2025-12-26 14:40:48,918 [INFO]   Dispersion (θ):          54.431 ± 0.163
2025-12-26 14:40:48,918 [INFO]   Learning Rate:           0.000499
2025-12-26 14:40:49,302 [INFO] 
================================================================================
2025-12-26 14:40:49,303 [INFO] Epoch 10/300 [WARMUP] (0.03s)
2025-12-26 14:40:49,303 [INFO] ================================================================================
2025-12-26 14:40:49,303 [INFO]   Total Loss:              2370.2151
2025-12-26 14:40:49,303 [INFO]   Recon Loss:              2370.2151
2025-12-26 14:40:49,303 [INFO]   GIB Keep Rate:           1.000
2025-12-26 14:40:49,303 [INFO]   GIB Avg Prob:            0.565
2025-12-26 14:40:49,303 [INFO]   Dispersion (θ):          54.414 ± 0.181
2025-12-26 14:40:49,303 [INFO]   Learning Rate:           0.000499
2025-12-26 14:40:49,683 [INFO] 
================================================================================
2025-12-26 14:40:49,683 [INFO] Epoch 11/300 [WARMUP] (0.03s)
2025-12-26 14:40:49,683 [INFO] ================================================================================
2025-12-26 14:40:49,683 [INFO]   Total Loss:              2326.1592
2025-12-26 14:40:49,683 [INFO]   Recon Loss:              2326.1592
2025-12-26 14:40:49,683 [INFO]   GIB Keep Rate:           1.000
2025-12-26 14:40:49,683 [INFO]   GIB Avg Prob:            0.565
2025-12-26 14:40:49,683 [INFO]   Dispersion (θ):          54.397 ± 0.199
2025-12-26 14:40:49,683 [INFO]   Learning Rate:           0.000498
2025-12-26 14:40:50,071 [INFO] 
================================================================================
2025-12-26 14:40:50,072 [INFO] Epoch 12/300 [WARMUP] (0.03s)
2025-12-26 14:40:50,072 [INFO] ================================================================================
2025-12-26 14:40:50,072 [INFO]   Total Loss:              2284.0439
2025-12-26 14:40:50,072 [INFO]   Recon Loss:              2284.0439
2025-12-26 14:40:50,072 [INFO]   GIB Keep Rate:           1.000
2025-12-26 14:40:50,072 [INFO]   GIB Avg Prob:            0.565
2025-12-26 14:40:50,072 [INFO]   Dispersion (θ):          54.381 ± 0.216
2025-12-26 14:40:50,072 [INFO]   Learning Rate:           0.000498
2025-12-26 14:40:50,556 [INFO] 
================================================================================
2025-12-26 14:40:50,556 [INFO] Epoch 13/300 [WARMUP] (0.03s)
2025-12-26 14:40:50,556 [INFO] ================================================================================
2025-12-26 14:40:50,556 [INFO]   Total Loss:              2242.1306
2025-12-26 14:40:50,556 [INFO]   Recon Loss:              2242.1306
2025-12-26 14:40:50,556 [INFO]   GIB Keep Rate:           1.000
2025-12-26 14:40:50,556 [INFO]   GIB Avg Prob:            0.565
2025-12-26 14:40:50,556 [INFO]   Dispersion (θ):          54.365 ± 0.232
2025-12-26 14:40:50,556 [INFO]   Learning Rate:           0.000498
2025-12-26 14:40:50,941 [INFO] 
================================================================================
2025-12-26 14:40:50,941 [INFO] Epoch 14/300 [WARMUP] (0.03s)
2025-12-26 14:40:50,941 [INFO] ================================================================================
2025-12-26 14:40:50,942 [INFO]   Total Loss:              2200.6704
2025-12-26 14:40:50,942 [INFO]   Recon Loss:              2200.6704
2025-12-26 14:40:50,942 [INFO]   GIB Keep Rate:           1.000
2025-12-26 14:40:50,942 [INFO]   GIB Avg Prob:            0.565
2025-12-26 14:40:50,942 [INFO]   Dispersion (θ):          54.350 ± 0.249
2025-12-26 14:40:50,942 [INFO]   Learning Rate:           0.000497
2025-12-26 14:40:51,315 [INFO] 
================================================================================
2025-12-26 14:40:51,315 [INFO] Epoch 15/300 [WARMUP] (0.03s)
2025-12-26 14:40:51,315 [INFO] ================================================================================
2025-12-26 14:40:51,315 [INFO]   Total Loss:              2161.7866
2025-12-26 14:40:51,315 [INFO]   Recon Loss:              2161.7866
2025-12-26 14:40:51,315 [INFO]   GIB Keep Rate:           1.000
2025-12-26 14:40:51,315 [INFO]   GIB Avg Prob:            0.565
2025-12-26 14:40:51,316 [INFO]   Dispersion (θ):          54.335 ± 0.264
2025-12-26 14:40:51,316 [INFO]   Learning Rate:           0.000497
2025-12-26 14:40:51,695 [INFO] 
================================================================================
2025-12-26 14:40:51,696 [INFO] Epoch 16/300 [WARMUP] (0.03s)
2025-12-26 14:40:51,696 [INFO] ================================================================================
2025-12-26 14:40:51,696 [INFO]   Total Loss:              2123.0815
2025-12-26 14:40:51,696 [INFO]   Recon Loss:              2123.0815
2025-12-26 14:40:51,696 [INFO]   GIB Keep Rate:           1.000
2025-12-26 14:40:51,696 [INFO]   GIB Avg Prob:            0.565
2025-12-26 14:40:51,696 [INFO]   Dispersion (θ):          54.321 ± 0.280
2025-12-26 14:40:51,696 [INFO]   Learning Rate:           0.000497
2025-12-26 14:40:52,119 [INFO] 
================================================================================
2025-12-26 14:40:52,119 [INFO] Epoch 17/300 [WARMUP] (0.03s)
2025-12-26 14:40:52,119 [INFO] ================================================================================
2025-12-26 14:40:52,119 [INFO]   Total Loss:              2084.6238
2025-12-26 14:40:52,119 [INFO]   Recon Loss:              2084.6238
2025-12-26 14:40:52,119 [INFO]   GIB Keep Rate:           1.000
2025-12-26 14:40:52,119 [INFO]   GIB Avg Prob:            0.565
2025-12-26 14:40:52,119 [INFO]   Dispersion (θ):          54.307 ± 0.295
2025-12-26 14:40:52,119 [INFO]   Learning Rate:           0.000496
2025-12-26 14:40:52,487 [INFO] 
================================================================================
2025-12-26 14:40:52,487 [INFO] Epoch 18/300 [WARMUP] (0.03s)
2025-12-26 14:40:52,487 [INFO] ================================================================================
2025-12-26 14:40:52,487 [INFO]   Total Loss:              2047.0175
2025-12-26 14:40:52,487 [INFO]   Recon Loss:              2047.0175
2025-12-26 14:40:52,487 [INFO]   GIB Keep Rate:           1.000
2025-12-26 14:40:52,487 [INFO]   GIB Avg Prob:            0.565
2025-12-26 14:40:52,487 [INFO]   Dispersion (θ):          54.294 ± 0.309
2025-12-26 14:40:52,487 [INFO]   Learning Rate:           0.000496
2025-12-26 14:40:52,813 [INFO] 
================================================================================
2025-12-26 14:40:52,813 [INFO] Epoch 19/300 [WARMUP] (0.03s)
2025-12-26 14:40:52,814 [INFO] ================================================================================
2025-12-26 14:40:52,814 [INFO]   Total Loss:              2010.0673
2025-12-26 14:40:52,814 [INFO]   Recon Loss:              2010.0673
2025-12-26 14:40:52,814 [INFO]   GIB Keep Rate:           1.000
2025-12-26 14:40:52,814 [INFO]   GIB Avg Prob:            0.564
2025-12-26 14:40:52,814 [INFO]   Dispersion (θ):          54.281 ± 0.324
2025-12-26 14:40:52,814 [INFO]   Learning Rate:           0.000495
2025-12-26 14:40:53,195 [INFO] 
================================================================================
2025-12-26 14:40:53,195 [INFO] Epoch 20/300 [WARMUP] (0.03s)
2025-12-26 14:40:53,195 [INFO] ================================================================================
2025-12-26 14:40:53,195 [INFO]   Total Loss:              1975.0798
2025-12-26 14:40:53,195 [INFO]   Recon Loss:              1975.0798
2025-12-26 14:40:53,195 [INFO]   GIB Keep Rate:           1.000
2025-12-26 14:40:53,195 [INFO]   GIB Avg Prob:            0.564
2025-12-26 14:40:53,195 [INFO]   Dispersion (θ):          54.268 ± 0.337
2025-12-26 14:40:53,195 [INFO]   Learning Rate:           0.000495
2025-12-26 14:40:53,586 [INFO] 
================================================================================
2025-12-26 14:40:53,587 [INFO] Epoch 21/300 [WARMUP] (0.03s)
2025-12-26 14:40:53,587 [INFO] ================================================================================
2025-12-26 14:40:53,587 [INFO]   Total Loss:              1942.6472
2025-12-26 14:40:53,587 [INFO]   Recon Loss:              1942.6472
2025-12-26 14:40:53,587 [INFO]   GIB Keep Rate:           1.000
2025-12-26 14:40:53,587 [INFO]   GIB Avg Prob:            0.565
2025-12-26 14:40:53,587 [INFO]   Dispersion (θ):          54.256 ± 0.351
2025-12-26 14:40:53,587 [INFO]   Learning Rate:           0.000494
2025-12-26 14:40:53,952 [INFO] 
================================================================================
2025-12-26 14:40:53,953 [INFO] Epoch 22/300 [WARMUP] (0.03s)
2025-12-26 14:40:53,953 [INFO] ================================================================================
2025-12-26 14:40:53,953 [INFO]   Total Loss:              1910.7910
2025-12-26 14:40:53,953 [INFO]   Recon Loss:              1910.7910
2025-12-26 14:40:53,953 [INFO]   GIB Keep Rate:           1.000
2025-12-26 14:40:53,953 [INFO]   GIB Avg Prob:            0.565
2025-12-26 14:40:53,953 [INFO]   Dispersion (θ):          54.244 ± 0.364
2025-12-26 14:40:53,953 [INFO]   Learning Rate:           0.000493
2025-12-26 14:40:54,441 [INFO] 
================================================================================
2025-12-26 14:40:54,442 [INFO] Epoch 23/300 [WARMUP] (0.03s)
2025-12-26 14:40:54,442 [INFO] ================================================================================
2025-12-26 14:40:54,442 [INFO]   Total Loss:              1879.3422
2025-12-26 14:40:54,442 [INFO]   Recon Loss:              1879.3422
2025-12-26 14:40:54,442 [INFO]   GIB Keep Rate:           1.000
2025-12-26 14:40:54,442 [INFO]   GIB Avg Prob:            0.565
2025-12-26 14:40:54,442 [INFO]   Dispersion (θ):          54.233 ± 0.377
2025-12-26 14:40:54,442 [INFO]   Learning Rate:           0.000493
2025-12-26 14:40:54,755 [INFO] 
================================================================================
2025-12-26 14:40:54,755 [INFO] Epoch 24/300 [WARMUP] (0.03s)
2025-12-26 14:40:54,756 [INFO] ================================================================================
2025-12-26 14:40:54,756 [INFO]   Total Loss:              1850.2404
2025-12-26 14:40:54,756 [INFO]   Recon Loss:              1850.2404
2025-12-26 14:40:54,756 [INFO]   GIB Keep Rate:           1.000
2025-12-26 14:40:54,756 [INFO]   GIB Avg Prob:            0.565
2025-12-26 14:40:54,756 [INFO]   Dispersion (θ):          54.222 ± 0.390
2025-12-26 14:40:54,756 [INFO]   Learning Rate:           0.000492
2025-12-26 14:40:55,157 [INFO] 
================================================================================
2025-12-26 14:40:55,157 [INFO] Epoch 25/300 [WARMUP] (0.03s)
2025-12-26 14:40:55,157 [INFO] ================================================================================
2025-12-26 14:40:55,157 [INFO]   Total Loss:              1822.6652
2025-12-26 14:40:55,157 [INFO]   Recon Loss:              1822.6652
2025-12-26 14:40:55,157 [INFO]   GIB Keep Rate:           0.999
2025-12-26 14:40:55,157 [INFO]   GIB Avg Prob:            0.565
2025-12-26 14:40:55,157 [INFO]   Dispersion (θ):          54.212 ± 0.402
2025-12-26 14:40:55,157 [INFO]   Learning Rate:           0.000492
2025-12-26 14:40:55,540 [INFO] 
================================================================================
2025-12-26 14:40:55,540 [INFO] Epoch 26/300 [WARMUP] (0.03s)
2025-12-26 14:40:55,540 [INFO] ================================================================================
2025-12-26 14:40:55,540 [INFO]   Total Loss:              1793.6270
2025-12-26 14:40:55,540 [INFO]   Recon Loss:              1793.6270
2025-12-26 14:40:55,540 [INFO]   GIB Keep Rate:           0.999
2025-12-26 14:40:55,540 [INFO]   GIB Avg Prob:            0.565
2025-12-26 14:40:55,540 [INFO]   Dispersion (θ):          54.202 ± 0.414
2025-12-26 14:40:55,540 [INFO]   Learning Rate:           0.000491
2025-12-26 14:40:55,981 [INFO] 
================================================================================
2025-12-26 14:40:55,981 [INFO] Epoch 27/300 [WARMUP] (0.03s)
2025-12-26 14:40:55,981 [INFO] ================================================================================
2025-12-26 14:40:55,981 [INFO]   Total Loss:              1768.0653
2025-12-26 14:40:55,981 [INFO]   Recon Loss:              1768.0653
2025-12-26 14:40:55,982 [INFO]   GIB Keep Rate:           1.000
2025-12-26 14:40:55,982 [INFO]   GIB Avg Prob:            0.565
2025-12-26 14:40:55,982 [INFO]   Dispersion (θ):          54.192 ± 0.426
2025-12-26 14:40:55,982 [INFO]   Learning Rate:           0.000490
2025-12-26 14:40:56,386 [INFO] 
================================================================================
2025-12-26 14:40:56,386 [INFO] Epoch 28/300 [WARMUP] (0.03s)
2025-12-26 14:40:56,386 [INFO] ================================================================================
2025-12-26 14:40:56,386 [INFO]   Total Loss:              1743.4923
2025-12-26 14:40:56,386 [INFO]   Recon Loss:              1743.4923
2025-12-26 14:40:56,386 [INFO]   GIB Keep Rate:           1.000
2025-12-26 14:40:56,386 [INFO]   GIB Avg Prob:            0.565
2025-12-26 14:40:56,386 [INFO]   Dispersion (θ):          54.183 ± 0.438
2025-12-26 14:40:56,386 [INFO]   Learning Rate:           0.000489
2025-12-26 14:40:56,841 [INFO] 
================================================================================
2025-12-26 14:40:56,841 [INFO] Epoch 29/300 [WARMUP] (0.03s)
2025-12-26 14:40:56,841 [INFO] ================================================================================
2025-12-26 14:40:56,841 [INFO]   Total Loss:              1720.4019
2025-12-26 14:40:56,842 [INFO]   Recon Loss:              1720.4019
2025-12-26 14:40:56,842 [INFO]   GIB Keep Rate:           1.000
2025-12-26 14:40:56,842 [INFO]   GIB Avg Prob:            0.565
2025-12-26 14:40:56,842 [INFO]   Dispersion (θ):          54.174 ± 0.449
2025-12-26 14:40:56,842 [INFO]   Learning Rate:           0.000489
2025-12-26 14:40:57,146 [INFO] 
================================================================================
2025-12-26 14:40:57,146 [INFO] Epoch 30/300 [WARMUP] (0.03s)
2025-12-26 14:40:57,146 [INFO] ================================================================================
2025-12-26 14:40:57,146 [INFO]   Total Loss:              1697.2123
2025-12-26 14:40:57,146 [INFO]   Recon Loss:              1697.2123
2025-12-26 14:40:57,146 [INFO]   GIB Keep Rate:           1.000
2025-12-26 14:40:57,146 [INFO]   GIB Avg Prob:            0.565
2025-12-26 14:40:57,147 [INFO]   Dispersion (θ):          54.165 ± 0.460
2025-12-26 14:40:57,147 [INFO]   Learning Rate:           0.000488
2025-12-26 14:40:57,613 [INFO] 
================================================================================
2025-12-26 14:40:57,614 [INFO] 🎯 Warmup完成！在Epoch 31使用K-Means初始化原型...
2025-12-26 14:40:57,614 [INFO] ================================================================================
2025-12-26 14:40:58,467 [INFO] 
================================================================================
2025-12-26 14:40:58,468 [INFO] Epoch 31/300 (0.87s)
2025-12-26 14:40:58,468 [INFO] ================================================================================
2025-12-26 14:40:58,468 [INFO]   Total Loss:              1686.9594
2025-12-26 14:40:58,468 [INFO]   Recon Loss:              1674.6409
2025-12-26 14:40:58,468 [INFO]   🔥 Contrastive Loss:     12.3185
2025-12-26 14:40:58,468 [INFO]   GIB Keep Rate:           1.000
2025-12-26 14:40:58,468 [INFO]   GIB Avg Prob:            0.565
2025-12-26 14:40:58,468 [INFO]   Dispersion (θ):          54.157 ± 0.470
2025-12-26 14:40:58,468 [INFO]   Learning Rate:           0.000487
2025-12-26 14:40:58,967 [INFO] 
================================================================================
2025-12-26 14:40:58,967 [INFO] Epoch 32/300 (0.11s)
2025-12-26 14:40:58,967 [INFO] ================================================================================
2025-12-26 14:40:58,967 [INFO]   Total Loss:              1686.7015
2025-12-26 14:40:58,967 [INFO]   Recon Loss:              1652.3875
2025-12-26 14:40:58,967 [INFO]   🔥 Contrastive Loss:     12.3488
2025-12-26 14:40:58,968 [INFO]   🔥 Prototype Loss:       21.9653
2025-12-26 14:40:58,968 [INFO]     - Spot-to-Prototype:    0.7740
2025-12-26 14:40:58,968 [INFO]     - Compactness:         0.5522
2025-12-26 14:40:58,968 [INFO]     - Dispersion:          0.4816
2025-12-26 14:40:58,968 [INFO]   GIB Keep Rate:           1.000
2025-12-26 14:40:58,968 [INFO]   GIB Avg Prob:            0.564
2025-12-26 14:40:58,968 [INFO]   Dispersion (θ):          54.148 ± 0.481
2025-12-26 14:40:58,968 [INFO]   Learning Rate:           0.000486
2025-12-26 14:40:59,375 [INFO] 
================================================================================
2025-12-26 14:40:59,375 [INFO] Epoch 33/300 (0.05s)
2025-12-26 14:40:59,375 [INFO] ================================================================================
2025-12-26 14:40:59,375 [INFO]   Total Loss:              1665.0699
2025-12-26 14:40:59,375 [INFO]   Recon Loss:              1631.7915
2025-12-26 14:40:59,375 [INFO]   🔥 Contrastive Loss:     12.4022
2025-12-26 14:40:59,375 [INFO]   🔥 Prototype Loss:       20.8763
2025-12-26 14:40:59,375 [INFO]     - Spot-to-Prototype:    0.7268
2025-12-26 14:40:59,375 [INFO]     - Compactness:         0.5377
2025-12-26 14:40:59,375 [INFO]     - Dispersion:          0.4817
2025-12-26 14:40:59,375 [INFO]   GIB Keep Rate:           1.000
2025-12-26 14:40:59,375 [INFO]   GIB Avg Prob:            0.564
2025-12-26 14:40:59,375 [INFO]   Dispersion (θ):          54.140 ± 0.491
2025-12-26 14:40:59,376 [INFO]   Learning Rate:           0.000485
2025-12-26 14:40:59,778 [INFO] 
================================================================================
2025-12-26 14:40:59,779 [INFO] Epoch 34/300 (0.05s)
2025-12-26 14:40:59,779 [INFO] ================================================================================
2025-12-26 14:40:59,779 [INFO]   Total Loss:              1644.3269
2025-12-26 14:40:59,779 [INFO]   Recon Loss:              1611.9865
2025-12-26 14:40:59,779 [INFO]   🔥 Contrastive Loss:     12.4595
2025-12-26 14:40:59,779 [INFO]   🔥 Prototype Loss:       19.8809
2025-12-26 14:40:59,779 [INFO]     - Spot-to-Prototype:    0.6863
2025-12-26 14:40:59,779 [INFO]     - Compactness:         0.5191
2025-12-26 14:40:59,779 [INFO]     - Dispersion:          0.4815
2025-12-26 14:40:59,779 [INFO]   GIB Keep Rate:           1.000
2025-12-26 14:40:59,779 [INFO]   GIB Avg Prob:            0.564
2025-12-26 14:40:59,779 [INFO]   Dispersion (θ):          54.132 ± 0.501
2025-12-26 14:40:59,779 [INFO]   Learning Rate:           0.000484
2025-12-26 14:41:00,197 [INFO] 
================================================================================
2025-12-26 14:41:00,197 [INFO] Epoch 35/300 (0.05s)
2025-12-26 14:41:00,197 [INFO] ================================================================================
2025-12-26 14:41:00,198 [INFO]   Total Loss:              1625.3662
2025-12-26 14:41:00,198 [INFO]   Recon Loss:              1594.0723
2025-12-26 14:41:00,198 [INFO]   🔥 Contrastive Loss:     12.5483
2025-12-26 14:41:00,198 [INFO]   🔥 Prototype Loss:       18.7456
2025-12-26 14:41:00,198 [INFO]     - Spot-to-Prototype:    0.6406
2025-12-26 14:41:00,198 [INFO]     - Compactness:         0.4972
2025-12-26 14:41:00,198 [INFO]     - Dispersion:          0.4810
2025-12-26 14:41:00,198 [INFO]   GIB Keep Rate:           1.000
2025-12-26 14:41:00,198 [INFO]   GIB Avg Prob:            0.564
2025-12-26 14:41:00,198 [INFO]   Dispersion (θ):          54.124 ± 0.511
2025-12-26 14:41:00,198 [INFO]   Learning Rate:           0.000484
2025-12-26 14:41:00,593 [INFO] 
================================================================================
2025-12-26 14:41:00,593 [INFO] Epoch 36/300 (0.05s)
2025-12-26 14:41:00,593 [INFO] ================================================================================
2025-12-26 14:41:00,593 [INFO]   Total Loss:              1605.3390
2025-12-26 14:41:00,593 [INFO]   Recon Loss:              1574.9082
2025-12-26 14:41:00,594 [INFO]   🔥 Contrastive Loss:     12.4917
2025-12-26 14:41:00,594 [INFO]   🔥 Prototype Loss:       17.9391
2025-12-26 14:41:00,594 [INFO]     - Spot-to-Prototype:    0.6036
2025-12-26 14:41:00,594 [INFO]     - Compactness:         0.4906
2025-12-26 14:41:00,594 [INFO]     - Dispersion:          0.4801
2025-12-26 14:41:00,594 [INFO]   GIB Keep Rate:           1.000
2025-12-26 14:41:00,594 [INFO]   GIB Avg Prob:            0.564
2025-12-26 14:41:00,594 [INFO]   Dispersion (θ):          54.116 ± 0.520
2025-12-26 14:41:00,594 [INFO]   Learning Rate:           0.000483
2025-12-26 14:41:00,975 [INFO] 
================================================================================
2025-12-26 14:41:00,975 [INFO] Epoch 37/300 (0.05s)
2025-12-26 14:41:00,975 [INFO] ================================================================================
2025-12-26 14:41:00,976 [INFO]   Total Loss:              1587.0858
2025-12-26 14:41:00,976 [INFO]   Recon Loss:              1557.5044
2025-12-26 14:41:00,976 [INFO]   🔥 Contrastive Loss:     12.5711
2025-12-26 14:41:00,976 [INFO]   🔥 Prototype Loss:       17.0102
2025-12-26 14:41:00,976 [INFO]     - Spot-to-Prototype:    0.5638
2025-12-26 14:41:00,976 [INFO]     - Compactness:         0.4777
2025-12-26 14:41:00,976 [INFO]     - Dispersion:          0.4790
2025-12-26 14:41:00,976 [INFO]   GIB Keep Rate:           1.000
2025-12-26 14:41:00,976 [INFO]   GIB Avg Prob:            0.563
2025-12-26 14:41:00,976 [INFO]   Dispersion (θ):          54.109 ± 0.529
2025-12-26 14:41:00,976 [INFO]   Learning Rate:           0.000482
2025-12-26 14:41:01,385 [INFO] 
================================================================================
2025-12-26 14:41:01,385 [INFO] Epoch 38/300 (0.05s)
2025-12-26 14:41:01,385 [INFO] ================================================================================
2025-12-26 14:41:01,385 [INFO]   Total Loss:              1570.2034
2025-12-26 14:41:01,385 [INFO]   Recon Loss:              1541.3131
2025-12-26 14:41:01,385 [INFO]   🔥 Contrastive Loss:     12.6394
2025-12-26 14:41:01,385 [INFO]   🔥 Prototype Loss:       16.2509
2025-12-26 14:41:01,385 [INFO]     - Spot-to-Prototype:    0.5300
2025-12-26 14:41:01,385 [INFO]     - Compactness:         0.4695
2025-12-26 14:41:01,385 [INFO]     - Dispersion:          0.4775
2025-12-26 14:41:01,385 [INFO]   GIB Keep Rate:           1.000
2025-12-26 14:41:01,386 [INFO]   GIB Avg Prob:            0.563
2025-12-26 14:41:01,386 [INFO]   Dispersion (θ):          54.101 ± 0.538
2025-12-26 14:41:01,386 [INFO]   Learning Rate:           0.000481
2025-12-26 14:41:01,857 [INFO] 
================================================================================
2025-12-26 14:41:01,857 [INFO] Epoch 39/300 (0.05s)
2025-12-26 14:41:01,857 [INFO] ================================================================================
2025-12-26 14:41:01,857 [INFO]   Total Loss:              1553.0758
2025-12-26 14:41:01,857 [INFO]   Recon Loss:              1525.1012
2025-12-26 14:41:01,857 [INFO]   🔥 Contrastive Loss:     12.6459
2025-12-26 14:41:01,857 [INFO]   🔥 Prototype Loss:       15.3287
2025-12-26 14:41:01,857 [INFO]     - Spot-to-Prototype:    0.4980
2025-12-26 14:41:01,857 [INFO]     - Compactness:         0.4417
2025-12-26 14:41:01,857 [INFO]     - Dispersion:          0.4757
2025-12-26 14:41:01,857 [INFO]   GIB Keep Rate:           1.000
2025-12-26 14:41:01,857 [INFO]   GIB Avg Prob:            0.563
2025-12-26 14:41:01,857 [INFO]   Dispersion (θ):          54.094 ± 0.547
2025-12-26 14:41:01,857 [INFO]   Learning Rate:           0.000480
2025-12-26 14:41:02,300 [INFO] 
================================================================================
2025-12-26 14:41:02,300 [INFO] Epoch 40/300 (0.05s)
2025-12-26 14:41:02,300 [INFO] ================================================================================
2025-12-26 14:41:02,300 [INFO]   Total Loss:              1535.6064
2025-12-26 14:41:02,300 [INFO]   Recon Loss:              1508.2909
2025-12-26 14:41:02,300 [INFO]   🔥 Contrastive Loss:     12.7175
2025-12-26 14:41:02,300 [INFO]   🔥 Prototype Loss:       14.5981
2025-12-26 14:41:02,300 [INFO]     - Spot-to-Prototype:    0.4685
2025-12-26 14:41:02,301 [INFO]     - Compactness:         0.4280
2025-12-26 14:41:02,301 [INFO]     - Dispersion:          0.4736
2025-12-26 14:41:02,301 [INFO]   GIB Keep Rate:           0.999
2025-12-26 14:41:02,301 [INFO]   GIB Avg Prob:            0.562
2025-12-26 14:41:02,301 [INFO]   Dispersion (θ):          54.086 ± 0.556
2025-12-26 14:41:02,301 [INFO]   Learning Rate:           0.000479
2025-12-26 14:41:02,672 [INFO] 
================================================================================
2025-12-26 14:41:02,673 [INFO] Epoch 41/300 (0.05s)
2025-12-26 14:41:02,673 [INFO] ================================================================================
2025-12-26 14:41:02,673 [INFO]   Total Loss:              1522.2234
2025-12-26 14:41:02,673 [INFO]   Recon Loss:              1495.5400
2025-12-26 14:41:02,673 [INFO]   🔥 Contrastive Loss:     12.7737
2025-12-26 14:41:02,673 [INFO]   🔥 Prototype Loss:       13.9097
2025-12-26 14:41:02,673 [INFO]     - Spot-to-Prototype:    0.4408
2025-12-26 14:41:02,673 [INFO]     - Compactness:         0.4152
2025-12-26 14:41:02,673 [INFO]     - Dispersion:          0.4711
2025-12-26 14:41:02,673 [INFO]   GIB Keep Rate:           1.000
2025-12-26 14:41:02,673 [INFO]   GIB Avg Prob:            0.562
2025-12-26 14:41:02,673 [INFO]   Dispersion (θ):          54.078 ± 0.564
2025-12-26 14:41:02,673 [INFO]   Learning Rate:           0.000478
2025-12-26 14:41:03,021 [INFO] 
================================================================================
2025-12-26 14:41:03,021 [INFO] Epoch 42/300 (0.05s)
2025-12-26 14:41:03,022 [INFO] ================================================================================
2025-12-26 14:41:03,022 [INFO]   Total Loss:              1507.4144
2025-12-26 14:41:03,022 [INFO]   Recon Loss:              1481.2256
2025-12-26 14:41:03,022 [INFO]   🔥 Contrastive Loss:     12.8604
2025-12-26 14:41:03,022 [INFO]   🔥 Prototype Loss:       13.3284
2025-12-26 14:41:03,022 [INFO]     - Spot-to-Prototype:    0.4174
2025-12-26 14:41:03,022 [INFO]     - Compactness:         0.4043
2025-12-26 14:41:03,022 [INFO]     - Dispersion:          0.4683
2025-12-26 14:41:03,022 [INFO]   GIB Keep Rate:           0.999
2025-12-26 14:41:03,022 [INFO]   GIB Avg Prob:            0.562
2025-12-26 14:41:03,022 [INFO]   Dispersion (θ):          54.071 ± 0.572
2025-12-26 14:41:03,022 [INFO]   Learning Rate:           0.000476
2025-12-26 14:41:03,407 [INFO] 
================================================================================
2025-12-26 14:41:03,407 [INFO] Epoch 43/300 (0.05s)
2025-12-26 14:41:03,407 [INFO] ================================================================================
2025-12-26 14:41:03,407 [INFO]   Total Loss:              1493.3457
2025-12-26 14:41:03,407 [INFO]   Recon Loss:              1467.7267
2025-12-26 14:41:03,407 [INFO]   🔥 Contrastive Loss:     12.9449
2025-12-26 14:41:03,407 [INFO]   🔥 Prototype Loss:       12.6741
2025-12-26 14:41:03,407 [INFO]     - Spot-to-Prototype:    0.3976
2025-12-26 14:41:03,407 [INFO]     - Compactness:         0.3791
2025-12-26 14:41:03,407 [INFO]     - Dispersion:          0.4652
2025-12-26 14:41:03,407 [INFO]   GIB Keep Rate:           1.000
2025-12-26 14:41:03,407 [INFO]   GIB Avg Prob:            0.562
2025-12-26 14:41:03,407 [INFO]   Dispersion (θ):          54.063 ± 0.580
2025-12-26 14:41:03,407 [INFO]   Learning Rate:           0.000475
2025-12-26 14:41:03,810 [INFO] 
================================================================================
2025-12-26 14:41:03,810 [INFO] Epoch 44/300 (0.05s)
2025-12-26 14:41:03,810 [INFO] ================================================================================
2025-12-26 14:41:03,810 [INFO]   Total Loss:              1479.9187
2025-12-26 14:41:03,810 [INFO]   Recon Loss:              1454.6434
2025-12-26 14:41:03,810 [INFO]   🔥 Contrastive Loss:     12.9121
2025-12-26 14:41:03,811 [INFO]   🔥 Prototype Loss:       12.3632
2025-12-26 14:41:03,811 [INFO]     - Spot-to-Prototype:    0.3774
2025-12-26 14:41:03,811 [INFO]     - Compactness:         0.3891
2025-12-26 14:41:03,811 [INFO]     - Dispersion:          0.4618
2025-12-26 14:41:03,811 [INFO]   GIB Keep Rate:           0.999
2025-12-26 14:41:03,811 [INFO]   GIB Avg Prob:            0.561
2025-12-26 14:41:03,811 [INFO]   Dispersion (θ):          54.056 ± 0.588
2025-12-26 14:41:03,811 [INFO]   Learning Rate:           0.000474
2025-12-26 14:41:04,295 [INFO] 
================================================================================
2025-12-26 14:41:04,296 [INFO] Epoch 45/300 (0.05s)
2025-12-26 14:41:04,296 [INFO] ================================================================================
2025-12-26 14:41:04,296 [INFO]   Total Loss:              1466.7811
2025-12-26 14:41:04,296 [INFO]   Recon Loss:              1442.0847
2025-12-26 14:41:04,296 [INFO]   🔥 Contrastive Loss:     13.0099
2025-12-26 14:41:04,296 [INFO]   🔥 Prototype Loss:       11.6865
2025-12-26 14:41:04,296 [INFO]     - Spot-to-Prototype:    0.3577
2025-12-26 14:41:04,296 [INFO]     - Compactness:         0.3617
2025-12-26 14:41:04,296 [INFO]     - Dispersion:          0.4580
2025-12-26 14:41:04,296 [INFO]   GIB Keep Rate:           0.999
2025-12-26 14:41:04,296 [INFO]   GIB Avg Prob:            0.561
2025-12-26 14:41:04,296 [INFO]   Dispersion (θ):          54.048 ± 0.596
2025-12-26 14:41:04,296 [INFO]   Learning Rate:           0.000473
2025-12-26 14:41:04,657 [INFO] 
================================================================================
2025-12-26 14:41:04,658 [INFO] Epoch 46/300 (0.05s)
2025-12-26 14:41:04,658 [INFO] ================================================================================
2025-12-26 14:41:04,658 [INFO]   Total Loss:              1453.0726
2025-12-26 14:41:04,658 [INFO]   Recon Loss:              1428.9993
2025-12-26 14:41:04,658 [INFO]   🔥 Contrastive Loss:     12.9709
2025-12-26 14:41:04,658 [INFO]   🔥 Prototype Loss:       11.1024
2025-12-26 14:41:04,658 [INFO]     - Spot-to-Prototype:    0.3407
2025-12-26 14:41:04,658 [INFO]     - Compactness:         0.3380
2025-12-26 14:41:04,658 [INFO]     - Dispersion:          0.4540
2025-12-26 14:41:04,658 [INFO]   GIB Keep Rate:           1.000
2025-12-26 14:41:04,658 [INFO]   GIB Avg Prob:            0.561
2025-12-26 14:41:04,658 [INFO]   Dispersion (θ):          54.040 ± 0.603
2025-12-26 14:41:04,658 [INFO]   Learning Rate:           0.000472
2025-12-26 14:41:05,078 [INFO] 
================================================================================
2025-12-26 14:41:05,078 [INFO] Epoch 47/300 (0.05s)
2025-12-26 14:41:05,078 [INFO] ================================================================================
2025-12-26 14:41:05,078 [INFO]   Total Loss:              1441.7672
2025-12-26 14:41:05,078 [INFO]   Recon Loss:              1418.0825
2025-12-26 14:41:05,078 [INFO]   🔥 Contrastive Loss:     13.0169
2025-12-26 14:41:05,079 [INFO]   🔥 Prototype Loss:       10.6678
2025-12-26 14:41:05,079 [INFO]     - Spot-to-Prototype:    0.3253
2025-12-26 14:41:05,079 [INFO]     - Compactness:         0.3262
2025-12-26 14:41:05,079 [INFO]     - Dispersion:          0.4497
2025-12-26 14:41:05,079 [INFO]   GIB Keep Rate:           0.999
2025-12-26 14:41:05,079 [INFO]   GIB Avg Prob:            0.561
2025-12-26 14:41:05,079 [INFO]   Dispersion (θ):          54.032 ± 0.610
2025-12-26 14:41:05,079 [INFO]   Learning Rate:           0.000471
2025-12-26 14:41:05,452 [INFO] 
================================================================================
2025-12-26 14:41:05,453 [INFO] Epoch 48/300 (0.05s)
2025-12-26 14:41:05,453 [INFO] ================================================================================
2025-12-26 14:41:05,453 [INFO]   Total Loss:              1430.0869
2025-12-26 14:41:05,453 [INFO]   Recon Loss:              1406.5968
2025-12-26 14:41:05,453 [INFO]   🔥 Contrastive Loss:     13.0279
2025-12-26 14:41:05,453 [INFO]   🔥 Prototype Loss:       10.4623
2025-12-26 14:41:05,453 [INFO]     - Spot-to-Prototype:    0.3114
2025-12-26 14:41:05,453 [INFO]     - Compactness:         0.3344
2025-12-26 14:41:05,453 [INFO]     - Dispersion:          0.4452
2025-12-26 14:41:05,453 [INFO]   GIB Keep Rate:           0.999
2025-12-26 14:41:05,453 [INFO]   GIB Avg Prob:            0.560
2025-12-26 14:41:05,453 [INFO]   Dispersion (θ):          54.024 ± 0.617
2025-12-26 14:41:05,453 [INFO]   Learning Rate:           0.000469
2025-12-26 14:41:05,783 [INFO] 
================================================================================
2025-12-26 14:41:05,783 [INFO] Epoch 49/300 (0.05s)
2025-12-26 14:41:05,783 [INFO] ================================================================================
2025-12-26 14:41:05,783 [INFO]   Total Loss:              1419.9333
2025-12-26 14:41:05,783 [INFO]   Recon Loss:              1396.2922
2025-12-26 14:41:05,784 [INFO]   🔥 Contrastive Loss:     13.0574
2025-12-26 14:41:05,784 [INFO]   🔥 Prototype Loss:       10.5838
2025-12-26 14:41:05,784 [INFO]     - Spot-to-Prototype:    0.2997
2025-12-26 14:41:05,784 [INFO]     - Compactness:         0.3708
2025-12-26 14:41:05,784 [INFO]     - Dispersion:          0.4404
2025-12-26 14:41:05,784 [INFO]   GIB Keep Rate:           0.999
2025-12-26 14:41:05,784 [INFO]   GIB Avg Prob:            0.560
2025-12-26 14:41:05,784 [INFO]   Dispersion (θ):          54.016 ± 0.624
2025-12-26 14:41:05,784 [INFO]   Learning Rate:           0.000468
2025-12-26 14:41:06,294 [INFO] 
================================================================================
2025-12-26 14:41:06,295 [INFO] Epoch 50/300 (0.05s)
2025-12-26 14:41:06,295 [INFO] ================================================================================
2025-12-26 14:41:06,295 [INFO]   Total Loss:              1409.8608
2025-12-26 14:41:06,295 [INFO]   Recon Loss:              1386.7014
2025-12-26 14:41:06,295 [INFO]   🔥 Contrastive Loss:     13.0308
2025-12-26 14:41:06,295 [INFO]   🔥 Prototype Loss:       10.1287
2025-12-26 14:41:06,295 [INFO]     - Spot-to-Prototype:    0.2881
2025-12-26 14:41:06,295 [INFO]     - Compactness:         0.3496
2025-12-26 14:41:06,295 [INFO]     - Dispersion:          0.4353
2025-12-26 14:41:06,295 [INFO]   GIB Keep Rate:           0.999
2025-12-26 14:41:06,295 [INFO]   GIB Avg Prob:            0.560
2025-12-26 14:41:06,295 [INFO]   Dispersion (θ):          54.007 ± 0.631
2025-12-26 14:41:06,295 [INFO]   Learning Rate:           0.000467
2025-12-26 14:41:06,650 [INFO] 
================================================================================
2025-12-26 14:41:06,650 [INFO] Epoch 51/300 (0.05s)
2025-12-26 14:41:06,650 [INFO] ================================================================================
2025-12-26 14:41:06,650 [INFO]   Total Loss:              1398.8953
2025-12-26 14:41:06,650 [INFO]   Recon Loss:              1376.1483
2025-12-26 14:41:06,650 [INFO]   🔥 Contrastive Loss:     13.0211
2025-12-26 14:41:06,650 [INFO]   🔥 Prototype Loss:       9.7258
2025-12-26 14:41:06,651 [INFO]     - Spot-to-Prototype:    0.2770
2025-12-26 14:41:06,651 [INFO]     - Compactness:         0.3325
2025-12-26 14:41:06,651 [INFO]     - Dispersion:          0.4301
2025-12-26 14:41:06,651 [INFO]   GIB Keep Rate:           0.999
2025-12-26 14:41:06,651 [INFO]   GIB Avg Prob:            0.560
2025-12-26 14:41:06,651 [INFO]   Dispersion (θ):          53.999 ± 0.637
2025-12-26 14:41:06,651 [INFO]   Learning Rate:           0.000466
2025-12-26 14:41:07,111 [INFO] 
================================================================================
2025-12-26 14:41:07,112 [INFO] Epoch 52/300 (0.05s)
2025-12-26 14:41:07,112 [INFO] ================================================================================
2025-12-26 14:41:07,112 [INFO]   Total Loss:              1390.3766
2025-12-26 14:41:07,112 [INFO]   Recon Loss:              1368.0267
2025-12-26 14:41:07,112 [INFO]   🔥 Contrastive Loss:     13.0808
2025-12-26 14:41:07,112 [INFO]   🔥 Prototype Loss:       9.2691
2025-12-26 14:41:07,112 [INFO]     - Spot-to-Prototype:    0.2639
2025-12-26 14:41:07,112 [INFO]     - Compactness:         0.3141
2025-12-26 14:41:07,112 [INFO]     - Dispersion:          0.4246
2025-12-26 14:41:07,112 [INFO]   GIB Keep Rate:           0.999
2025-12-26 14:41:07,112 [INFO]   GIB Avg Prob:            0.560
2025-12-26 14:41:07,112 [INFO]   Dispersion (θ):          53.990 ± 0.644
2025-12-26 14:41:07,112 [INFO]   Learning Rate:           0.000464
2025-12-26 14:41:07,464 [INFO] 
================================================================================
2025-12-26 14:41:07,464 [INFO] Epoch 53/300 (0.04s)
2025-12-26 14:41:07,464 [INFO] ================================================================================
2025-12-26 14:41:07,465 [INFO]   Total Loss:              1380.6898
2025-12-26 14:41:07,465 [INFO]   Recon Loss:              1358.6514
2025-12-26 14:41:07,465 [INFO]   🔥 Contrastive Loss:     13.0516
2025-12-26 14:41:07,465 [INFO]   🔥 Prototype Loss:       8.9868
2025-12-26 14:41:07,465 [INFO]     - Spot-to-Prototype:    0.2571
2025-12-26 14:41:07,465 [INFO]     - Compactness:         0.3007
2025-12-26 14:41:07,465 [INFO]     - Dispersion:          0.4190
2025-12-26 14:41:07,465 [INFO]   GIB Keep Rate:           0.999
2025-12-26 14:41:07,465 [INFO]   GIB Avg Prob:            0.560
2025-12-26 14:41:07,465 [INFO]   Dispersion (θ):          53.982 ± 0.650
2025-12-26 14:41:07,465 [INFO]   Learning Rate:           0.000463
2025-12-26 14:41:07,796 [INFO] 
================================================================================
2025-12-26 14:41:07,796 [INFO] Epoch 54/300 (0.04s)
2025-12-26 14:41:07,796 [INFO] ================================================================================
2025-12-26 14:41:07,796 [INFO]   Total Loss:              1372.0538
2025-12-26 14:41:07,797 [INFO]   Recon Loss:              1350.4492
2025-12-26 14:41:07,797 [INFO]   🔥 Contrastive Loss:     12.9935
2025-12-26 14:41:07,797 [INFO]   🔥 Prototype Loss:       8.6111
2025-12-26 14:41:07,797 [INFO]     - Spot-to-Prototype:    0.2477
2025-12-26 14:41:07,797 [INFO]     - Compactness:         0.2831
2025-12-26 14:41:07,797 [INFO]     - Dispersion:          0.4133
2025-12-26 14:41:07,797 [INFO]   GIB Keep Rate:           0.999
2025-12-26 14:41:07,797 [INFO]   GIB Avg Prob:            0.560
2025-12-26 14:41:07,797 [INFO]   Dispersion (θ):          53.973 ± 0.656
2025-12-26 14:41:07,797 [INFO]   Learning Rate:           0.000461
2025-12-26 14:41:08,230 [INFO] 
================================================================================
2025-12-26 14:41:08,231 [INFO] Epoch 55/300 (0.05s)
2025-12-26 14:41:08,231 [INFO] ================================================================================
2025-12-26 14:41:08,231 [INFO]   Total Loss:              1364.5345
2025-12-26 14:41:08,231 [INFO]   Recon Loss:              1343.1698
2025-12-26 14:41:08,231 [INFO]   🔥 Contrastive Loss:     13.0316
2025-12-26 14:41:08,231 [INFO]   🔥 Prototype Loss:       8.3331
2025-12-26 14:41:08,231 [INFO]     - Spot-to-Prototype:    0.2405
2025-12-26 14:41:08,231 [INFO]     - Compactness:         0.2708
2025-12-26 14:41:08,231 [INFO]     - Dispersion:          0.4074
2025-12-26 14:41:08,231 [INFO]   GIB Keep Rate:           0.999
2025-12-26 14:41:08,231 [INFO]   GIB Avg Prob:            0.560
2025-12-26 14:41:08,231 [INFO]   Dispersion (θ):          53.963 ± 0.662
2025-12-26 14:41:08,231 [INFO]   Learning Rate:           0.000460
2025-12-26 14:41:08,602 [INFO] 
================================================================================
2025-12-26 14:41:08,603 [INFO] Epoch 56/300 (0.05s)
2025-12-26 14:41:08,603 [INFO] ================================================================================
2025-12-26 14:41:08,603 [INFO]   Total Loss:              1356.4766
2025-12-26 14:41:08,603 [INFO]   Recon Loss:              1335.3639
2025-12-26 14:41:08,603 [INFO]   🔥 Contrastive Loss:     13.0703
2025-12-26 14:41:08,603 [INFO]   🔥 Prototype Loss:       8.0424
2025-12-26 14:41:08,603 [INFO]     - Spot-to-Prototype:    0.2350
2025-12-26 14:41:08,603 [INFO]     - Compactness:         0.2540
2025-12-26 14:41:08,603 [INFO]     - Dispersion:          0.4015
2025-12-26 14:41:08,603 [INFO]   GIB Keep Rate:           0.999
2025-12-26 14:41:08,603 [INFO]   GIB Avg Prob:            0.560
2025-12-26 14:41:08,603 [INFO]   Dispersion (θ):          53.954 ± 0.668
2025-12-26 14:41:08,603 [INFO]   Learning Rate:           0.000459
2025-12-26 14:41:09,087 [INFO] 
================================================================================
2025-12-26 14:41:09,088 [INFO] Epoch 57/300 (0.05s)
2025-12-26 14:41:09,088 [INFO] ================================================================================
2025-12-26 14:41:09,088 [INFO]   Total Loss:              1347.7896
2025-12-26 14:41:09,088 [INFO]   Recon Loss:              1326.9984
2025-12-26 14:41:09,088 [INFO]   🔥 Contrastive Loss:     12.9806
2025-12-26 14:41:09,088 [INFO]   🔥 Prototype Loss:       7.8106
2025-12-26 14:41:09,088 [INFO]     - Spot-to-Prototype:    0.2287
2025-12-26 14:41:09,088 [INFO]     - Compactness:         0.2445
2025-12-26 14:41:09,088 [INFO]     - Dispersion:          0.3955
2025-12-26 14:41:09,088 [INFO]   GIB Keep Rate:           0.998
2025-12-26 14:41:09,088 [INFO]   GIB Avg Prob:            0.559
2025-12-26 14:41:09,088 [INFO]   Dispersion (θ):          53.944 ± 0.674
2025-12-26 14:41:09,088 [INFO]   Learning Rate:           0.000457
2025-12-26 14:41:09,466 [INFO] 
================================================================================
2025-12-26 14:41:09,467 [INFO] Epoch 58/300 (0.05s)
2025-12-26 14:41:09,467 [INFO] ================================================================================
2025-12-26 14:41:09,467 [INFO]   Total Loss:              1341.9508
2025-12-26 14:41:09,467 [INFO]   Recon Loss:              1321.3799
2025-12-26 14:41:09,467 [INFO]   🔥 Contrastive Loss:     13.0081
2025-12-26 14:41:09,467 [INFO]   🔥 Prototype Loss:       7.5629
2025-12-26 14:41:09,467 [INFO]     - Spot-to-Prototype:    0.2230
2025-12-26 14:41:09,467 [INFO]     - Compactness:         0.2323
2025-12-26 14:41:09,467 [INFO]     - Dispersion:          0.3895
2025-12-26 14:41:09,467 [INFO]   GIB Keep Rate:           0.999
2025-12-26 14:41:09,467 [INFO]   GIB Avg Prob:            0.559
2025-12-26 14:41:09,467 [INFO]   Dispersion (θ):          53.934 ± 0.679
2025-12-26 14:41:09,467 [INFO]   Learning Rate:           0.000456
2025-12-26 14:41:09,907 [INFO] 
================================================================================
2025-12-26 14:41:09,907 [INFO] Epoch 59/300 (0.05s)
2025-12-26 14:41:09,907 [INFO] ================================================================================
2025-12-26 14:41:09,907 [INFO]   Total Loss:              1334.5220
2025-12-26 14:41:09,907 [INFO]   Recon Loss:              1314.1835
2025-12-26 14:41:09,907 [INFO]   🔥 Contrastive Loss:     12.9685
2025-12-26 14:41:09,907 [INFO]   🔥 Prototype Loss:       7.3700
2025-12-26 14:41:09,907 [INFO]     - Spot-to-Prototype:    0.2172
2025-12-26 14:41:09,907 [INFO]     - Compactness:         0.2259
2025-12-26 14:41:09,907 [INFO]     - Dispersion:          0.3834
2025-12-26 14:41:09,907 [INFO]   GIB Keep Rate:           0.998
2025-12-26 14:41:09,908 [INFO]   GIB Avg Prob:            0.559
2025-12-26 14:41:09,908 [INFO]   Dispersion (θ):          53.924 ± 0.685
2025-12-26 14:41:09,908 [INFO]   Learning Rate:           0.000454
2025-12-26 14:41:10,291 [INFO] 
================================================================================
2025-12-26 14:41:10,291 [INFO] Epoch 60/300 (0.05s)
2025-12-26 14:41:10,291 [INFO] ================================================================================
2025-12-26 14:41:10,291 [INFO]   Total Loss:              1328.4879
2025-12-26 14:41:10,291 [INFO]   Recon Loss:              1308.4220
2025-12-26 14:41:10,291 [INFO]   🔥 Contrastive Loss:     12.9402
2025-12-26 14:41:10,291 [INFO]   🔥 Prototype Loss:       7.1256
2025-12-26 14:41:10,291 [INFO]     - Spot-to-Prototype:    0.2120
2025-12-26 14:41:10,291 [INFO]     - Compactness:         0.2132
2025-12-26 14:41:10,291 [INFO]     - Dispersion:          0.3774
2025-12-26 14:41:10,292 [INFO]   GIB Keep Rate:           0.998
2025-12-26 14:41:10,292 [INFO]   GIB Avg Prob:            0.559
2025-12-26 14:41:10,292 [INFO]   Dispersion (θ):          53.914 ± 0.691
2025-12-26 14:41:10,292 [INFO]   Learning Rate:           0.000453
2025-12-26 14:41:10,615 [INFO] 
================================================================================
2025-12-26 14:41:10,615 [INFO] Epoch 61/300 (0.05s)
2025-12-26 14:41:10,615 [INFO] ================================================================================
2025-12-26 14:41:10,615 [INFO]   Total Loss:              1321.5652
2025-12-26 14:41:10,615 [INFO]   Recon Loss:              1301.6968
2025-12-26 14:41:10,615 [INFO]   🔥 Contrastive Loss:     12.8782
2025-12-26 14:41:10,615 [INFO]   🔥 Prototype Loss:       6.9903
2025-12-26 14:41:10,615 [INFO]     - Spot-to-Prototype:    0.2085
2025-12-26 14:41:10,615 [INFO]     - Compactness:         0.2076
2025-12-26 14:41:10,615 [INFO]     - Dispersion:          0.3721
2025-12-26 14:41:10,616 [INFO]   GIB Keep Rate:           0.998
2025-12-26 14:41:10,616 [INFO]   GIB Avg Prob:            0.558
2025-12-26 14:41:10,616 [INFO]   Dispersion (θ):          53.903 ± 0.696
2025-12-26 14:41:10,616 [INFO]   Learning Rate:           0.000451
2025-12-26 14:41:11,166 [INFO] 
================================================================================
2025-12-26 14:41:11,167 [INFO] Epoch 62/300 (0.05s)
2025-12-26 14:41:11,167 [INFO] ================================================================================
2025-12-26 14:41:11,167 [INFO]   Total Loss:              1315.8311
2025-12-26 14:41:11,167 [INFO]   Recon Loss:              1296.0894
2025-12-26 14:41:11,167 [INFO]   🔥 Contrastive Loss:     12.9030
2025-12-26 14:41:11,167 [INFO]   🔥 Prototype Loss:       6.8386
2025-12-26 14:41:11,167 [INFO]     - Spot-to-Prototype:    0.2029
2025-12-26 14:41:11,167 [INFO]     - Compactness:         0.2047
2025-12-26 14:41:11,167 [INFO]     - Dispersion:          0.3669
2025-12-26 14:41:11,167 [INFO]   GIB Keep Rate:           0.998
2025-12-26 14:41:11,167 [INFO]   GIB Avg Prob:            0.558
2025-12-26 14:41:11,167 [INFO]   Dispersion (θ):          53.892 ± 0.701
2025-12-26 14:41:11,167 [INFO]   Learning Rate:           0.000450
2025-12-26 14:41:11,541 [INFO] 
================================================================================
2025-12-26 14:41:11,541 [INFO] Epoch 63/300 (0.05s)
2025-12-26 14:41:11,541 [INFO] ================================================================================
2025-12-26 14:41:11,541 [INFO]   Total Loss:              1310.1130
2025-12-26 14:41:11,541 [INFO]   Recon Loss:              1290.6462
2025-12-26 14:41:11,541 [INFO]   🔥 Contrastive Loss:     12.8568
2025-12-26 14:41:11,541 [INFO]   🔥 Prototype Loss:       6.6100
2025-12-26 14:41:11,541 [INFO]     - Spot-to-Prototype:    0.1954
2025-12-26 14:41:11,541 [INFO]     - Compactness:         0.1979
2025-12-26 14:41:11,541 [INFO]     - Dispersion:          0.3616
2025-12-26 14:41:11,542 [INFO]   GIB Keep Rate:           0.998
2025-12-26 14:41:11,542 [INFO]   GIB Avg Prob:            0.558
2025-12-26 14:41:11,542 [INFO]   Dispersion (θ):          53.881 ± 0.707
2025-12-26 14:41:11,542 [INFO]   Learning Rate:           0.000448
2025-12-26 14:41:11,927 [INFO] 
================================================================================
2025-12-26 14:41:11,927 [INFO] Epoch 64/300 (0.05s)
2025-12-26 14:41:11,927 [INFO] ================================================================================
2025-12-26 14:41:11,927 [INFO]   Total Loss:              1305.0924
2025-12-26 14:41:11,927 [INFO]   Recon Loss:              1285.8301
2025-12-26 14:41:11,927 [INFO]   🔥 Contrastive Loss:     12.7570
2025-12-26 14:41:11,927 [INFO]   🔥 Prototype Loss:       6.5054
2025-12-26 14:41:11,927 [INFO]     - Spot-to-Prototype:    0.1920
2025-12-26 14:41:11,927 [INFO]     - Compactness:         0.1953
2025-12-26 14:41:11,927 [INFO]     - Dispersion:          0.3564
2025-12-26 14:41:11,927 [INFO]   GIB Keep Rate:           0.998
2025-12-26 14:41:11,927 [INFO]   GIB Avg Prob:            0.557
2025-12-26 14:41:11,928 [INFO]   Dispersion (θ):          53.870 ± 0.712
2025-12-26 14:41:11,928 [INFO]   Learning Rate:           0.000446
2025-12-26 14:41:12,334 [INFO] 
================================================================================
2025-12-26 14:41:12,335 [INFO] Epoch 65/300 (0.05s)
2025-12-26 14:41:12,335 [INFO] ================================================================================
2025-12-26 14:41:12,335 [INFO]   Total Loss:              1299.8392
2025-12-26 14:41:12,335 [INFO]   Recon Loss:              1280.7983
2025-12-26 14:41:12,335 [INFO]   🔥 Contrastive Loss:     12.6889
2025-12-26 14:41:12,335 [INFO]   🔥 Prototype Loss:       6.3519
2025-12-26 14:41:12,335 [INFO]     - Spot-to-Prototype:    0.1874
2025-12-26 14:41:12,335 [INFO]     - Compactness:         0.1900
2025-12-26 14:41:12,335 [INFO]     - Dispersion:          0.3520
2025-12-26 14:41:12,335 [INFO]   GIB Keep Rate:           0.998
2025-12-26 14:41:12,335 [INFO]   GIB Avg Prob:            0.557
2025-12-26 14:41:12,335 [INFO]   Dispersion (θ):          53.858 ± 0.718
2025-12-26 14:41:12,335 [INFO]   Learning Rate:           0.000445
2025-12-26 14:41:12,766 [INFO] 
================================================================================
2025-12-26 14:41:12,766 [INFO] Epoch 66/300 (0.04s)
2025-12-26 14:41:12,766 [INFO] ================================================================================
2025-12-26 14:41:12,766 [INFO]   Total Loss:              1294.9049
2025-12-26 14:41:12,766 [INFO]   Recon Loss:              1275.9764
2025-12-26 14:41:12,766 [INFO]   🔥 Contrastive Loss:     12.7049
2025-12-26 14:41:12,766 [INFO]   🔥 Prototype Loss:       6.2237
2025-12-26 14:41:12,766 [INFO]     - Spot-to-Prototype:    0.1831
2025-12-26 14:41:12,766 [INFO]     - Compactness:         0.1865
2025-12-26 14:41:12,766 [INFO]     - Dispersion:          0.3477
2025-12-26 14:41:12,766 [INFO]   GIB Keep Rate:           0.997
2025-12-26 14:41:12,766 [INFO]   GIB Avg Prob:            0.557
2025-12-26 14:41:12,767 [INFO]   Dispersion (θ):          53.846 ± 0.723
2025-12-26 14:41:12,767 [INFO]   Learning Rate:           0.000443
2025-12-26 14:41:13,139 [INFO] 
================================================================================
2025-12-26 14:41:13,139 [INFO] Epoch 67/300 (0.05s)
2025-12-26 14:41:13,139 [INFO] ================================================================================
2025-12-26 14:41:13,139 [INFO]   Total Loss:              1290.2115
2025-12-26 14:41:13,139 [INFO]   Recon Loss:              1271.4911
2025-12-26 14:41:13,139 [INFO]   🔥 Contrastive Loss:     12.6735
2025-12-26 14:41:13,139 [INFO]   🔥 Prototype Loss:       6.0469
2025-12-26 14:41:13,139 [INFO]     - Spot-to-Prototype:    0.1798
2025-12-26 14:41:13,139 [INFO]     - Compactness:         0.1763
2025-12-26 14:41:13,139 [INFO]     - Dispersion:          0.3434
2025-12-26 14:41:13,139 [INFO]   GIB Keep Rate:           0.998
2025-12-26 14:41:13,139 [INFO]   GIB Avg Prob:            0.557
2025-12-26 14:41:13,139 [INFO]   Dispersion (θ):          53.834 ± 0.728
2025-12-26 14:41:13,139 [INFO]   Learning Rate:           0.000442
2025-12-26 14:41:13,532 [INFO] 
================================================================================
2025-12-26 14:41:13,532 [INFO] Epoch 68/300 (0.05s)
2025-12-26 14:41:13,533 [INFO] ================================================================================
2025-12-26 14:41:13,533 [INFO]   Total Loss:              1285.7871
2025-12-26 14:41:13,533 [INFO]   Recon Loss:              1267.2122
2025-12-26 14:41:13,533 [INFO]   🔥 Contrastive Loss:     12.6674
2025-12-26 14:41:13,533 [INFO]   🔥 Prototype Loss:       5.9076
2025-12-26 14:41:13,533 [INFO]     - Spot-to-Prototype:    0.1748
2025-12-26 14:41:13,533 [INFO]     - Compactness:         0.1734
2025-12-26 14:41:13,533 [INFO]     - Dispersion:          0.3391
2025-12-26 14:41:13,533 [INFO]   GIB Keep Rate:           0.997
2025-12-26 14:41:13,533 [INFO]   GIB Avg Prob:            0.557
2025-12-26 14:41:13,533 [INFO]   Dispersion (θ):          53.821 ± 0.734
2025-12-26 14:41:13,533 [INFO]   Learning Rate:           0.000440
2025-12-26 14:41:13,974 [INFO] 
================================================================================
2025-12-26 14:41:13,974 [INFO] Epoch 69/300 (0.05s)
2025-12-26 14:41:13,975 [INFO] ================================================================================
2025-12-26 14:41:13,975 [INFO]   Total Loss:              1282.3827
2025-12-26 14:41:13,975 [INFO]   Recon Loss:              1263.5334
2025-12-26 14:41:13,975 [INFO]   🔥 Contrastive Loss:     12.6868
2025-12-26 14:41:13,975 [INFO]   🔥 Prototype Loss:       6.1625
2025-12-26 14:41:13,975 [INFO]     - Spot-to-Prototype:    0.1773
2025-12-26 14:41:13,975 [INFO]     - Compactness:         0.1947
2025-12-26 14:41:13,975 [INFO]     - Dispersion:          0.3350
2025-12-26 14:41:13,975 [INFO]   GIB Keep Rate:           0.998
2025-12-26 14:41:13,975 [INFO]   GIB Avg Prob:            0.556
2025-12-26 14:41:13,975 [INFO]   Dispersion (θ):          53.808 ± 0.739
2025-12-26 14:41:13,975 [INFO]   Learning Rate:           0.000438
2025-12-26 14:41:14,406 [INFO] 
================================================================================
2025-12-26 14:41:14,407 [INFO] Epoch 70/300 (0.05s)
2025-12-26 14:41:14,407 [INFO] ================================================================================
2025-12-26 14:41:14,407 [INFO]   Total Loss:              1277.7034
2025-12-26 14:41:14,407 [INFO]   Recon Loss:              1259.4139
2025-12-26 14:41:14,407 [INFO]   🔥 Contrastive Loss:     12.5613
2025-12-26 14:41:14,407 [INFO]   🔥 Prototype Loss:       5.7282
2025-12-26 14:41:14,407 [INFO]     - Spot-to-Prototype:    0.1719
2025-12-26 14:41:14,407 [INFO]     - Compactness:         0.1629
2025-12-26 14:41:14,407 [INFO]     - Dispersion:          0.3307
2025-12-26 14:41:14,407 [INFO]   GIB Keep Rate:           0.997
2025-12-26 14:41:14,407 [INFO]   GIB Avg Prob:            0.556
2025-12-26 14:41:14,407 [INFO]   Dispersion (θ):          53.795 ± 0.745
2025-12-26 14:41:14,407 [INFO]   Learning Rate:           0.000436
2025-12-26 14:41:14,794 [INFO] 
================================================================================
2025-12-26 14:41:14,794 [INFO] Epoch 71/300 (0.04s)
2025-12-26 14:41:14,794 [INFO] ================================================================================
2025-12-26 14:41:14,794 [INFO]   Total Loss:              1273.8907
2025-12-26 14:41:14,794 [INFO]   Recon Loss:              1255.4675
2025-12-26 14:41:14,794 [INFO]   🔥 Contrastive Loss:     12.5547
2025-12-26 14:41:14,794 [INFO]   🔥 Prototype Loss:       5.8686
2025-12-26 14:41:14,794 [INFO]     - Spot-to-Prototype:    0.1694
2025-12-26 14:41:14,794 [INFO]     - Compactness:         0.1828
2025-12-26 14:41:14,794 [INFO]     - Dispersion:          0.3265
2025-12-26 14:41:14,794 [INFO]   GIB Keep Rate:           0.997
2025-12-26 14:41:14,795 [INFO]   GIB Avg Prob:            0.556
2025-12-26 14:41:14,795 [INFO]   Dispersion (θ):          53.782 ± 0.750
2025-12-26 14:41:14,795 [INFO]   Learning Rate:           0.000435
2025-12-26 14:41:15,221 [INFO] 
================================================================================
2025-12-26 14:41:15,221 [INFO] Epoch 72/300 (0.05s)
2025-12-26 14:41:15,221 [INFO] ================================================================================
2025-12-26 14:41:15,221 [INFO]   Total Loss:              1270.1161
2025-12-26 14:41:15,221 [INFO]   Recon Loss:              1251.8159
2025-12-26 14:41:15,221 [INFO]   🔥 Contrastive Loss:     12.5410
2025-12-26 14:41:15,221 [INFO]   🔥 Prototype Loss:       5.7591
2025-12-26 14:41:15,221 [INFO]     - Spot-to-Prototype:    0.1667
2025-12-26 14:41:15,221 [INFO]     - Compactness:         0.1781
2025-12-26 14:41:15,221 [INFO]     - Dispersion:          0.3223
2025-12-26 14:41:15,221 [INFO]   GIB Keep Rate:           0.997
2025-12-26 14:41:15,221 [INFO]   GIB Avg Prob:            0.555
2025-12-26 14:41:15,222 [INFO]   Dispersion (θ):          53.768 ± 0.756
2025-12-26 14:41:15,222 [INFO]   Learning Rate:           0.000433
2025-12-26 14:41:15,657 [INFO] 
================================================================================
2025-12-26 14:41:15,657 [INFO] Epoch 73/300 (0.04s)
2025-12-26 14:41:15,657 [INFO] ================================================================================
2025-12-26 14:41:15,657 [INFO]   Total Loss:              1267.0432
2025-12-26 14:41:15,657 [INFO]   Recon Loss:              1248.9137
2025-12-26 14:41:15,657 [INFO]   🔥 Contrastive Loss:     12.4302
2025-12-26 14:41:15,657 [INFO]   🔥 Prototype Loss:       5.6993
2025-12-26 14:41:15,657 [INFO]     - Spot-to-Prototype:    0.1660
2025-12-26 14:41:15,658 [INFO]     - Compactness:         0.1742
2025-12-26 14:41:15,658 [INFO]     - Dispersion:          0.3181
2025-12-26 14:41:15,658 [INFO]   GIB Keep Rate:           0.996
2025-12-26 14:41:15,658 [INFO]   GIB Avg Prob:            0.555
2025-12-26 14:41:15,658 [INFO]   Dispersion (θ):          53.754 ± 0.762
2025-12-26 14:41:15,658 [INFO]   Learning Rate:           0.000431
2025-12-26 14:41:16,066 [INFO] 
================================================================================
2025-12-26 14:41:16,067 [INFO] Epoch 74/300 (0.05s)
2025-12-26 14:41:16,067 [INFO] ================================================================================
2025-12-26 14:41:16,067 [INFO]   Total Loss:              1263.4478
2025-12-26 14:41:16,067 [INFO]   Recon Loss:              1245.4893
2025-12-26 14:41:16,067 [INFO]   🔥 Contrastive Loss:     12.3730
2025-12-26 14:41:16,067 [INFO]   🔥 Prototype Loss:       5.5855
2025-12-26 14:41:16,067 [INFO]     - Spot-to-Prototype:    0.1651
2025-12-26 14:41:16,067 [INFO]     - Compactness:         0.1656
2025-12-26 14:41:16,067 [INFO]     - Dispersion:          0.3138
2025-12-26 14:41:16,067 [INFO]   GIB Keep Rate:           0.996
2025-12-26 14:41:16,067 [INFO]   GIB Avg Prob:            0.555
2025-12-26 14:41:16,067 [INFO]   Dispersion (θ):          53.739 ± 0.767
2025-12-26 14:41:16,067 [INFO]   Learning Rate:           0.000429
2025-12-26 14:41:16,383 [INFO] 
================================================================================
2025-12-26 14:41:16,383 [INFO] Epoch 75/300 (0.04s)
2025-12-26 14:41:16,383 [INFO] ================================================================================
2025-12-26 14:41:16,383 [INFO]   Total Loss:              1260.7496
2025-12-26 14:41:16,383 [INFO]   Recon Loss:              1242.9872
2025-12-26 14:41:16,383 [INFO]   🔥 Contrastive Loss:     12.2786
2025-12-26 14:41:16,383 [INFO]   🔥 Prototype Loss:       5.4838
2025-12-26 14:41:16,383 [INFO]     - Spot-to-Prototype:    0.1630
2025-12-26 14:41:16,383 [INFO]     - Compactness:         0.1605
2025-12-26 14:41:16,383 [INFO]     - Dispersion:          0.3094
2025-12-26 14:41:16,383 [INFO]   GIB Keep Rate:           0.995
2025-12-26 14:41:16,383 [INFO]   GIB Avg Prob:            0.554
2025-12-26 14:41:16,383 [INFO]   Dispersion (θ):          53.724 ± 0.773
2025-12-26 14:41:16,383 [INFO]   Learning Rate:           0.000428
2025-12-26 14:41:16,776 [INFO] 
================================================================================
2025-12-26 14:41:16,776 [INFO] Epoch 76/300 (0.05s)
2025-12-26 14:41:16,777 [INFO] ================================================================================
2025-12-26 14:41:16,777 [INFO]   Total Loss:              1257.3118
2025-12-26 14:41:16,777 [INFO]   Recon Loss:              1239.6997
2025-12-26 14:41:16,777 [INFO]   🔥 Contrastive Loss:     12.2259
2025-12-26 14:41:16,777 [INFO]   🔥 Prototype Loss:       5.3863
2025-12-26 14:41:16,777 [INFO]     - Spot-to-Prototype:    0.1613
2025-12-26 14:41:16,777 [INFO]     - Compactness:         0.1550
2025-12-26 14:41:16,777 [INFO]     - Dispersion:          0.3051
2025-12-26 14:41:16,777 [INFO]   GIB Keep Rate:           0.995
2025-12-26 14:41:16,777 [INFO]   GIB Avg Prob:            0.554
2025-12-26 14:41:16,777 [INFO]   Dispersion (θ):          53.709 ± 0.779
2025-12-26 14:41:16,777 [INFO]   Learning Rate:           0.000426
2025-12-26 14:41:17,185 [INFO] 
================================================================================
2025-12-26 14:41:17,185 [INFO] Epoch 77/300 (0.05s)
2025-12-26 14:41:17,186 [INFO] ================================================================================
2025-12-26 14:41:17,186 [INFO]   Total Loss:              1254.3386
2025-12-26 14:41:17,186 [INFO]   Recon Loss:              1236.7516
2025-12-26 14:41:17,186 [INFO]   🔥 Contrastive Loss:     12.2195
2025-12-26 14:41:17,186 [INFO]   🔥 Prototype Loss:       5.3676
2025-12-26 14:41:17,186 [INFO]     - Spot-to-Prototype:    0.1629
2025-12-26 14:41:17,186 [INFO]     - Compactness:         0.1507
2025-12-26 14:41:17,186 [INFO]     - Dispersion:          0.3007
2025-12-26 14:41:17,186 [INFO]   GIB Keep Rate:           0.994
2025-12-26 14:41:17,186 [INFO]   GIB Avg Prob:            0.554
2025-12-26 14:41:17,186 [INFO]   Dispersion (θ):          53.694 ± 0.785
2025-12-26 14:41:17,186 [INFO]   Learning Rate:           0.000424
2025-12-26 14:41:17,606 [INFO] 
================================================================================
2025-12-26 14:41:17,606 [INFO] Epoch 78/300 (0.05s)
2025-12-26 14:41:17,606 [INFO] ================================================================================
2025-12-26 14:41:17,606 [INFO]   Total Loss:              1251.8597
2025-12-26 14:41:17,606 [INFO]   Recon Loss:              1234.4076
2025-12-26 14:41:17,606 [INFO]   🔥 Contrastive Loss:     12.1704
2025-12-26 14:41:17,606 [INFO]   🔥 Prototype Loss:       5.2818
2025-12-26 14:41:17,606 [INFO]     - Spot-to-Prototype:    0.1621
2025-12-26 14:41:17,606 [INFO]     - Compactness:         0.1447
2025-12-26 14:41:17,606 [INFO]     - Dispersion:          0.2963
2025-12-26 14:41:17,606 [INFO]   GIB Keep Rate:           0.994
2025-12-26 14:41:17,606 [INFO]   GIB Avg Prob:            0.553
2025-12-26 14:41:17,606 [INFO]   Dispersion (θ):          53.678 ± 0.791
2025-12-26 14:41:17,606 [INFO]   Learning Rate:           0.000422
2025-12-26 14:41:17,998 [INFO] 
================================================================================
2025-12-26 14:41:17,998 [INFO] Epoch 79/300 (0.05s)
2025-12-26 14:41:17,998 [INFO] ================================================================================
2025-12-26 14:41:17,998 [INFO]   Total Loss:              1249.5728
2025-12-26 14:41:17,998 [INFO]   Recon Loss:              1232.2938
2025-12-26 14:41:17,998 [INFO]   🔥 Contrastive Loss:     12.0358
2025-12-26 14:41:17,998 [INFO]   🔥 Prototype Loss:       5.2431
2025-12-26 14:41:17,998 [INFO]     - Spot-to-Prototype:    0.1625
2025-12-26 14:41:17,998 [INFO]     - Compactness:         0.1409
2025-12-26 14:41:17,998 [INFO]     - Dispersion:          0.2918
2025-12-26 14:41:17,998 [INFO]   GIB Keep Rate:           0.993
2025-12-26 14:41:17,998 [INFO]   GIB Avg Prob:            0.553
2025-12-26 14:41:17,998 [INFO]   Dispersion (θ):          53.662 ± 0.798
2025-12-26 14:41:17,998 [INFO]   Learning Rate:           0.000420
2025-12-26 14:41:18,391 [INFO] 
================================================================================
2025-12-26 14:41:18,391 [INFO] Epoch 80/300 (0.05s)
2025-12-26 14:41:18,391 [INFO] ================================================================================
2025-12-26 14:41:18,391 [INFO]   Total Loss:              1247.1289
2025-12-26 14:41:18,391 [INFO]   Recon Loss:              1230.0022
2025-12-26 14:41:18,391 [INFO]   🔥 Contrastive Loss:     11.9704
2025-12-26 14:41:18,391 [INFO]   🔥 Prototype Loss:       5.1562
2025-12-26 14:41:18,391 [INFO]     - Spot-to-Prototype:    0.1611
2025-12-26 14:41:18,392 [INFO]     - Compactness:         0.1360
2025-12-26 14:41:18,392 [INFO]     - Dispersion:          0.2874
2025-12-26 14:41:18,392 [INFO]   GIB Keep Rate:           0.993
2025-12-26 14:41:18,392 [INFO]   GIB Avg Prob:            0.553
2025-12-26 14:41:18,392 [INFO]   Dispersion (θ):          53.646 ± 0.804
2025-12-26 14:41:18,392 [INFO]   Learning Rate:           0.000418
2025-12-26 14:41:18,752 [INFO] 
================================================================================
2025-12-26 14:41:18,753 [INFO] Epoch 81/300 (0.05s)
2025-12-26 14:41:18,753 [INFO] ================================================================================
2025-12-26 14:41:18,753 [INFO]   Total Loss:              1244.5046
2025-12-26 14:41:18,753 [INFO]   Recon Loss:              1227.5323
2025-12-26 14:41:18,753 [INFO]   🔥 Contrastive Loss:     11.8458
2025-12-26 14:41:18,753 [INFO]   🔥 Prototype Loss:       5.1264
2025-12-26 14:41:18,753 [INFO]     - Spot-to-Prototype:    0.1625
2025-12-26 14:41:18,753 [INFO]     - Compactness:         0.1308
2025-12-26 14:41:18,753 [INFO]     - Dispersion:          0.2839
2025-12-26 14:41:18,753 [INFO]   GIB Keep Rate:           0.992
2025-12-26 14:41:18,753 [INFO]   GIB Avg Prob:            0.553
2025-12-26 14:41:18,753 [INFO]   Dispersion (θ):          53.629 ± 0.811
2025-12-26 14:41:18,753 [INFO]   Learning Rate:           0.000416
2025-12-26 14:41:19,160 [INFO] 
================================================================================
2025-12-26 14:41:19,161 [INFO] Epoch 82/300 (0.05s)
2025-12-26 14:41:19,161 [INFO] ================================================================================
2025-12-26 14:41:19,161 [INFO]   Total Loss:              1241.8885
2025-12-26 14:41:19,161 [INFO]   Recon Loss:              1225.0927
2025-12-26 14:41:19,161 [INFO]   🔥 Contrastive Loss:     11.7530
2025-12-26 14:41:19,161 [INFO]   🔥 Prototype Loss:       5.0429
2025-12-26 14:41:19,161 [INFO]     - Spot-to-Prototype:    0.1607
2025-12-26 14:41:19,161 [INFO]     - Compactness:         0.1268
2025-12-26 14:41:19,161 [INFO]     - Dispersion:          0.2804
2025-12-26 14:41:19,161 [INFO]   GIB Keep Rate:           0.992
2025-12-26 14:41:19,161 [INFO]   GIB Avg Prob:            0.552
2025-12-26 14:41:19,161 [INFO]   Dispersion (θ):          53.612 ± 0.817
2025-12-26 14:41:19,161 [INFO]   Learning Rate:           0.000414
2025-12-26 14:41:19,518 [INFO] 
================================================================================
2025-12-26 14:41:19,518 [INFO] Epoch 83/300 (0.05s)
2025-12-26 14:41:19,518 [INFO] ================================================================================
2025-12-26 14:41:19,518 [INFO]   Total Loss:              1239.9379
2025-12-26 14:41:19,518 [INFO]   Recon Loss:              1223.2463
2025-12-26 14:41:19,518 [INFO]   🔥 Contrastive Loss:     11.6880
2025-12-26 14:41:19,518 [INFO]   🔥 Prototype Loss:       5.0036
2025-12-26 14:41:19,518 [INFO]     - Spot-to-Prototype:    0.1599
2025-12-26 14:41:19,518 [INFO]     - Compactness:         0.1252
2025-12-26 14:41:19,518 [INFO]     - Dispersion:          0.2768
2025-12-26 14:41:19,519 [INFO]   GIB Keep Rate:           0.990
2025-12-26 14:41:19,519 [INFO]   GIB Avg Prob:            0.552
2025-12-26 14:41:19,519 [INFO]   Dispersion (θ):          53.595 ± 0.824
2025-12-26 14:41:19,519 [INFO]   Learning Rate:           0.000412
2025-12-26 14:41:19,902 [INFO] 
================================================================================
2025-12-26 14:41:19,902 [INFO] Epoch 84/300 (0.05s)
2025-12-26 14:41:19,902 [INFO] ================================================================================
2025-12-26 14:41:19,902 [INFO]   Total Loss:              1237.8878
2025-12-26 14:41:19,902 [INFO]   Recon Loss:              1221.2581
2025-12-26 14:41:19,902 [INFO]   🔥 Contrastive Loss:     11.6196
2025-12-26 14:41:19,902 [INFO]   🔥 Prototype Loss:       5.0101
2025-12-26 14:41:19,902 [INFO]     - Spot-to-Prototype:    0.1612
2025-12-26 14:41:19,902 [INFO]     - Compactness:         0.1240
2025-12-26 14:41:19,902 [INFO]     - Dispersion:          0.2732
2025-12-26 14:41:19,902 [INFO]   GIB Keep Rate:           0.990
2025-12-26 14:41:19,902 [INFO]   GIB Avg Prob:            0.552
2025-12-26 14:41:19,903 [INFO]   Dispersion (θ):          53.577 ± 0.831
2025-12-26 14:41:19,903 [INFO]   Learning Rate:           0.000410
2025-12-26 14:41:20,304 [INFO] 
================================================================================
2025-12-26 14:41:20,304 [INFO] Epoch 85/300 (0.04s)
2025-12-26 14:41:20,304 [INFO] ================================================================================
2025-12-26 14:41:20,304 [INFO]   Total Loss:              1235.9683
2025-12-26 14:41:20,304 [INFO]   Recon Loss:              1219.5896
2025-12-26 14:41:20,304 [INFO]   🔥 Contrastive Loss:     11.4920
2025-12-26 14:41:20,304 [INFO]   🔥 Prototype Loss:       4.8867
2025-12-26 14:41:20,305 [INFO]     - Spot-to-Prototype:    0.1581
2025-12-26 14:41:20,305 [INFO]     - Compactness:         0.1184
2025-12-26 14:41:20,305 [INFO]     - Dispersion:          0.2698
2025-12-26 14:41:20,305 [INFO]   GIB Keep Rate:           0.987
2025-12-26 14:41:20,305 [INFO]   GIB Avg Prob:            0.551
2025-12-26 14:41:20,305 [INFO]   Dispersion (θ):          53.559 ± 0.839
2025-12-26 14:41:20,305 [INFO]   Learning Rate:           0.000408
2025-12-26 14:41:20,701 [INFO] 
================================================================================
2025-12-26 14:41:20,701 [INFO] Epoch 86/300 (0.04s)
2025-12-26 14:41:20,701 [INFO] ================================================================================
2025-12-26 14:41:20,701 [INFO]   Total Loss:              1233.9541
2025-12-26 14:41:20,701 [INFO]   Recon Loss:              1217.7068
2025-12-26 14:41:20,701 [INFO]   🔥 Contrastive Loss:     11.3900
2025-12-26 14:41:20,701 [INFO]   🔥 Prototype Loss:       4.8572
2025-12-26 14:41:20,701 [INFO]     - Spot-to-Prototype:    0.1584
2025-12-26 14:41:20,701 [INFO]     - Compactness:         0.1157
2025-12-26 14:41:20,701 [INFO]     - Dispersion:          0.2667
2025-12-26 14:41:20,701 [INFO]   GIB Keep Rate:           0.988
2025-12-26 14:41:20,701 [INFO]   GIB Avg Prob:            0.551
2025-12-26 14:41:20,701 [INFO]   Dispersion (θ):          53.541 ± 0.846
2025-12-26 14:41:20,701 [INFO]   Learning Rate:           0.000406
2025-12-26 14:41:21,086 [INFO] 
================================================================================
2025-12-26 14:41:21,086 [INFO] Epoch 87/300 (0.05s)
2025-12-26 14:41:21,086 [INFO] ================================================================================
2025-12-26 14:41:21,086 [INFO]   Total Loss:              1232.7585
2025-12-26 14:41:21,086 [INFO]   Recon Loss:              1216.7006
2025-12-26 14:41:21,086 [INFO]   🔥 Contrastive Loss:     11.2504
2025-12-26 14:41:21,086 [INFO]   🔥 Prototype Loss:       4.8076
2025-12-26 14:41:21,086 [INFO]     - Spot-to-Prototype:    0.1581
2025-12-26 14:41:21,086 [INFO]     - Compactness:         0.1119
2025-12-26 14:41:21,087 [INFO]     - Dispersion:          0.2635
2025-12-26 14:41:21,087 [INFO]   GIB Keep Rate:           0.986
2025-12-26 14:41:21,087 [INFO]   GIB Avg Prob:            0.551
2025-12-26 14:41:21,087 [INFO]   Dispersion (θ):          53.523 ± 0.853
2025-12-26 14:41:21,087 [INFO]   Learning Rate:           0.000404
2025-12-26 14:41:21,471 [INFO] 
================================================================================
2025-12-26 14:41:21,471 [INFO] Epoch 88/300 (0.04s)
2025-12-26 14:41:21,471 [INFO] ================================================================================
2025-12-26 14:41:21,471 [INFO]   Total Loss:              1230.7678
2025-12-26 14:41:21,471 [INFO]   Recon Loss:              1214.8267
2025-12-26 14:41:21,471 [INFO]   🔥 Contrastive Loss:     11.1550
2025-12-26 14:41:21,472 [INFO]   🔥 Prototype Loss:       4.7862
2025-12-26 14:41:21,472 [INFO]     - Spot-to-Prototype:    0.1589
2025-12-26 14:41:21,472 [INFO]     - Compactness:         0.1087
2025-12-26 14:41:21,472 [INFO]     - Dispersion:          0.2602
2025-12-26 14:41:21,472 [INFO]   GIB Keep Rate:           0.985
2025-12-26 14:41:21,472 [INFO]   GIB Avg Prob:            0.550
2025-12-26 14:41:21,472 [INFO]   Dispersion (θ):          53.504 ± 0.861
2025-12-26 14:41:21,472 [INFO]   Learning Rate:           0.000402
2025-12-26 14:41:21,888 [INFO] 
================================================================================
2025-12-26 14:41:21,888 [INFO] Epoch 89/300 (0.05s)
2025-12-26 14:41:21,888 [INFO] ================================================================================
2025-12-26 14:41:21,888 [INFO]   Total Loss:              1229.0729
2025-12-26 14:41:21,888 [INFO]   Recon Loss:              1213.3276
2025-12-26 14:41:21,888 [INFO]   🔥 Contrastive Loss:     11.0055
2025-12-26 14:41:21,888 [INFO]   🔥 Prototype Loss:       4.7398
2025-12-26 14:41:21,888 [INFO]     - Spot-to-Prototype:    0.1582
2025-12-26 14:41:21,888 [INFO]     - Compactness:         0.1061
2025-12-26 14:41:21,888 [INFO]     - Dispersion:          0.2571
2025-12-26 14:41:21,888 [INFO]   GIB Keep Rate:           0.984
2025-12-26 14:41:21,888 [INFO]   GIB Avg Prob:            0.550
2025-12-26 14:41:21,889 [INFO]   Dispersion (θ):          53.485 ± 0.869
2025-12-26 14:41:21,889 [INFO]   Learning Rate:           0.000400
2025-12-26 14:41:22,257 [INFO] 
================================================================================
2025-12-26 14:41:22,257 [INFO] Epoch 90/300 (0.04s)
2025-12-26 14:41:22,257 [INFO] ================================================================================
2025-12-26 14:41:22,257 [INFO]   Total Loss:              1227.2914
2025-12-26 14:41:22,257 [INFO]   Recon Loss:              1211.6085
2025-12-26 14:41:22,257 [INFO]   🔥 Contrastive Loss:     10.9125
2025-12-26 14:41:22,257 [INFO]   🔥 Prototype Loss:       4.7704
2025-12-26 14:41:22,257 [INFO]     - Spot-to-Prototype:    0.1603
2025-12-26 14:41:22,257 [INFO]     - Compactness:         0.1055
2025-12-26 14:41:22,257 [INFO]     - Dispersion:          0.2543
2025-12-26 14:41:22,257 [INFO]   GIB Keep Rate:           0.982
2025-12-26 14:41:22,257 [INFO]   GIB Avg Prob:            0.549
2025-12-26 14:41:22,258 [INFO]   Dispersion (θ):          53.465 ± 0.876
2025-12-26 14:41:22,258 [INFO]   Learning Rate:           0.000398
2025-12-26 14:41:22,647 [INFO] 
================================================================================
2025-12-26 14:41:22,647 [INFO] Epoch 91/300 (0.05s)
2025-12-26 14:41:22,647 [INFO] ================================================================================
2025-12-26 14:41:22,647 [INFO]   Total Loss:              1225.9054
2025-12-26 14:41:22,648 [INFO]   Recon Loss:              1210.3599
2025-12-26 14:41:22,648 [INFO]   🔥 Contrastive Loss:     10.8156
2025-12-26 14:41:22,648 [INFO]   🔥 Prototype Loss:       4.7300
2025-12-26 14:41:22,648 [INFO]     - Spot-to-Prototype:    0.1598
2025-12-26 14:41:22,648 [INFO]     - Compactness:         0.1030
2025-12-26 14:41:22,648 [INFO]     - Dispersion:          0.2524
2025-12-26 14:41:22,648 [INFO]   GIB Keep Rate:           0.980
2025-12-26 14:41:22,648 [INFO]   GIB Avg Prob:            0.549
2025-12-26 14:41:22,648 [INFO]   Dispersion (θ):          53.446 ± 0.884
2025-12-26 14:41:22,648 [INFO]   Learning Rate:           0.000396
2025-12-26 14:41:23,111 [INFO] 
================================================================================
2025-12-26 14:41:23,111 [INFO] Epoch 92/300 (0.04s)
2025-12-26 14:41:23,111 [INFO] ================================================================================
2025-12-26 14:41:23,111 [INFO]   Total Loss:              1224.6262
2025-12-26 14:41:23,111 [INFO]   Recon Loss:              1209.1682
2025-12-26 14:41:23,111 [INFO]   🔥 Contrastive Loss:     10.7207
2025-12-26 14:41:23,111 [INFO]   🔥 Prototype Loss:       4.7373
2025-12-26 14:41:23,111 [INFO]     - Spot-to-Prototype:    0.1616
2025-12-26 14:41:23,111 [INFO]     - Compactness:         0.1002
2025-12-26 14:41:23,111 [INFO]     - Dispersion:          0.2515
2025-12-26 14:41:23,111 [INFO]   GIB Keep Rate:           0.979
2025-12-26 14:41:23,111 [INFO]   GIB Avg Prob:            0.549
2025-12-26 14:41:23,112 [INFO]   Dispersion (θ):          53.426 ± 0.893
2025-12-26 14:41:23,112 [INFO]   Learning Rate:           0.000394
2025-12-26 14:41:23,553 [INFO] 
================================================================================
2025-12-26 14:41:23,554 [INFO] Epoch 93/300 (0.05s)
2025-12-26 14:41:23,554 [INFO] ================================================================================
2025-12-26 14:41:23,554 [INFO]   Total Loss:              1223.5187
2025-12-26 14:41:23,554 [INFO]   Recon Loss:              1208.1669
2025-12-26 14:41:23,554 [INFO]   🔥 Contrastive Loss:     10.6589
2025-12-26 14:41:23,554 [INFO]   🔥 Prototype Loss:       4.6929
2025-12-26 14:41:23,554 [INFO]     - Spot-to-Prototype:    0.1609
2025-12-26 14:41:23,554 [INFO]     - Compactness:         0.0974
2025-12-26 14:41:23,554 [INFO]     - Dispersion:          0.2505
2025-12-26 14:41:23,554 [INFO]   GIB Keep Rate:           0.977
2025-12-26 14:41:23,554 [INFO]   GIB Avg Prob:            0.548
2025-12-26 14:41:23,554 [INFO]   Dispersion (θ):          53.405 ± 0.901
2025-12-26 14:41:23,554 [INFO]   Learning Rate:           0.000392
2025-12-26 14:41:23,944 [INFO] 
================================================================================
2025-12-26 14:41:23,944 [INFO] Epoch 94/300 (0.05s)
2025-12-26 14:41:23,944 [INFO] ================================================================================
2025-12-26 14:41:23,944 [INFO]   Total Loss:              1222.2010
2025-12-26 14:41:23,944 [INFO]   Recon Loss:              1206.9215
2025-12-26 14:41:23,944 [INFO]   🔥 Contrastive Loss:     10.6127
2025-12-26 14:41:23,944 [INFO]   🔥 Prototype Loss:       4.6669
2025-12-26 14:41:23,944 [INFO]     - Spot-to-Prototype:    0.1612
2025-12-26 14:41:23,944 [INFO]     - Compactness:         0.0943
2025-12-26 14:41:23,944 [INFO]     - Dispersion:          0.2498
2025-12-26 14:41:23,944 [INFO]   GIB Keep Rate:           0.975
2025-12-26 14:41:23,944 [INFO]   GIB Avg Prob:            0.548
2025-12-26 14:41:23,944 [INFO]   Dispersion (θ):          53.385 ± 0.909
2025-12-26 14:41:23,945 [INFO]   Learning Rate:           0.000389
2025-12-26 14:41:24,358 [INFO] 
================================================================================
2025-12-26 14:41:24,358 [INFO] Epoch 95/300 (0.05s)
2025-12-26 14:41:24,358 [INFO] ================================================================================
2025-12-26 14:41:24,358 [INFO]   Total Loss:              1221.2141
2025-12-26 14:41:24,358 [INFO]   Recon Loss:              1206.0457
2025-12-26 14:41:24,358 [INFO]   🔥 Contrastive Loss:     10.5421
2025-12-26 14:41:24,358 [INFO]   🔥 Prototype Loss:       4.6263
2025-12-26 14:41:24,359 [INFO]     - Spot-to-Prototype:    0.1611
2025-12-26 14:41:24,359 [INFO]     - Compactness:         0.0904
2025-12-26 14:41:24,359 [INFO]     - Dispersion:          0.2500
2025-12-26 14:41:24,359 [INFO]   GIB Keep Rate:           0.972
2025-12-26 14:41:24,359 [INFO]   GIB Avg Prob:            0.548
2025-12-26 14:41:24,359 [INFO]   Dispersion (θ):          53.364 ± 0.917
2025-12-26 14:41:24,359 [INFO]   Learning Rate:           0.000387
2025-12-26 14:41:24,781 [INFO] 
================================================================================
2025-12-26 14:41:24,782 [INFO] Epoch 96/300 (0.05s)
2025-12-26 14:41:24,782 [INFO] ================================================================================
2025-12-26 14:41:24,782 [INFO]   Total Loss:              1219.9918
2025-12-26 14:41:24,782 [INFO]   Recon Loss:              1204.8748
2025-12-26 14:41:24,782 [INFO]   🔥 Contrastive Loss:     10.4680
2025-12-26 14:41:24,782 [INFO]   🔥 Prototype Loss:       4.6490
2025-12-26 14:41:24,782 [INFO]     - Spot-to-Prototype:    0.1627
2025-12-26 14:41:24,782 [INFO]     - Compactness:         0.0895
2025-12-26 14:41:24,782 [INFO]     - Dispersion:          0.2501
2025-12-26 14:41:24,782 [INFO]   GIB Keep Rate:           0.972
2025-12-26 14:41:24,782 [INFO]   GIB Avg Prob:            0.547
2025-12-26 14:41:24,782 [INFO]   Dispersion (θ):          53.343 ± 0.926
2025-12-26 14:41:24,782 [INFO]   Learning Rate:           0.000385
2025-12-26 14:41:25,195 [INFO] 
================================================================================
2025-12-26 14:41:25,195 [INFO] Epoch 97/300 (0.04s)
2025-12-26 14:41:25,195 [INFO] ================================================================================
2025-12-26 14:41:25,195 [INFO]   Total Loss:              1218.6943
2025-12-26 14:41:25,195 [INFO]   Recon Loss:              1203.7037
2025-12-26 14:41:25,195 [INFO]   🔥 Contrastive Loss:     10.3658
2025-12-26 14:41:25,195 [INFO]   🔥 Prototype Loss:       4.6247
2025-12-26 14:41:25,195 [INFO]     - Spot-to-Prototype:    0.1632
2025-12-26 14:41:25,195 [INFO]     - Compactness:         0.0861
2025-12-26 14:41:25,195 [INFO]     - Dispersion:          0.2502
2025-12-26 14:41:25,195 [INFO]   GIB Keep Rate:           0.971
2025-12-26 14:41:25,196 [INFO]   GIB Avg Prob:            0.547
2025-12-26 14:41:25,196 [INFO]   Dispersion (θ):          53.322 ± 0.934
2025-12-26 14:41:25,196 [INFO]   Learning Rate:           0.000383
2025-12-26 14:41:25,636 [INFO] 
================================================================================
2025-12-26 14:41:25,637 [INFO] Epoch 98/300 (0.05s)
2025-12-26 14:41:25,637 [INFO] ================================================================================
2025-12-26 14:41:25,637 [INFO]   Total Loss:              1217.9713
2025-12-26 14:41:25,637 [INFO]   Recon Loss:              1202.9932
2025-12-26 14:41:25,637 [INFO]   🔥 Contrastive Loss:     10.3266
2025-12-26 14:41:25,637 [INFO]   🔥 Prototype Loss:       4.6515
2025-12-26 14:41:25,637 [INFO]     - Spot-to-Prototype:    0.1648
2025-12-26 14:41:25,637 [INFO]     - Compactness:         0.0855
2025-12-26 14:41:25,637 [INFO]     - Dispersion:          0.2503
2025-12-26 14:41:25,637 [INFO]   GIB Keep Rate:           0.968
2025-12-26 14:41:25,637 [INFO]   GIB Avg Prob:            0.547
2025-12-26 14:41:25,637 [INFO]   Dispersion (θ):          53.301 ± 0.943
2025-12-26 14:41:25,637 [INFO]   Learning Rate:           0.000381
2025-12-26 14:41:26,029 [INFO] 
================================================================================
2025-12-26 14:41:26,029 [INFO] Epoch 99/300 (0.05s)
2025-12-26 14:41:26,029 [INFO] ================================================================================
2025-12-26 14:41:26,029 [INFO]   Total Loss:              1217.2860
2025-12-26 14:41:26,029 [INFO]   Recon Loss:              1202.3328
2025-12-26 14:41:26,029 [INFO]   🔥 Contrastive Loss:     10.3011
2025-12-26 14:41:26,029 [INFO]   🔥 Prototype Loss:       4.6521
2025-12-26 14:41:26,029 [INFO]     - Spot-to-Prototype:    0.1659
2025-12-26 14:41:26,029 [INFO]     - Compactness:         0.0833
2025-12-26 14:41:26,029 [INFO]     - Dispersion:          0.2509
2025-12-26 14:41:26,029 [INFO]   GIB Keep Rate:           0.970
2025-12-26 14:41:26,030 [INFO]   GIB Avg Prob:            0.547
2025-12-26 14:41:26,030 [INFO]   Dispersion (θ):          53.280 ± 0.952
2025-12-26 14:41:26,030 [INFO]   Learning Rate:           0.000378
2025-12-26 14:41:26,455 [INFO] 
================================================================================
2025-12-26 14:41:26,455 [INFO] Epoch 100/300 (0.04s)
2025-12-26 14:41:26,455 [INFO] ================================================================================
2025-12-26 14:41:26,455 [INFO]   Total Loss:              1216.1095
2025-12-26 14:41:26,455 [INFO]   Recon Loss:              1201.2235
2025-12-26 14:41:26,455 [INFO]   🔥 Contrastive Loss:     10.2381
2025-12-26 14:41:26,455 [INFO]   🔥 Prototype Loss:       4.6478
2025-12-26 14:41:26,455 [INFO]     - Spot-to-Prototype:    0.1666
2025-12-26 14:41:26,455 [INFO]     - Compactness:         0.0811
2025-12-26 14:41:26,455 [INFO]     - Dispersion:          0.2517
2025-12-26 14:41:26,455 [INFO]   GIB Keep Rate:           0.968
2025-12-26 14:41:26,455 [INFO]   GIB Avg Prob:            0.547
2025-12-26 14:41:26,456 [INFO]   Dispersion (θ):          53.258 ± 0.960
2025-12-26 14:41:26,456 [INFO]   Learning Rate:           0.000376
2025-12-26 14:41:26,851 [INFO] 
================================================================================
2025-12-26 14:41:26,851 [INFO] Epoch 101/300 (0.05s)
2025-12-26 14:41:26,851 [INFO] ================================================================================
2025-12-26 14:41:26,851 [INFO]   Total Loss:              1215.5765
2025-12-26 14:41:26,851 [INFO]   Recon Loss:              1200.8135
2025-12-26 14:41:26,851 [INFO]   🔥 Contrastive Loss:     10.1622
2025-12-26 14:41:26,851 [INFO]   🔥 Prototype Loss:       4.6010
2025-12-26 14:41:26,851 [INFO]     - Spot-to-Prototype:    0.1654
2025-12-26 14:41:26,851 [INFO]     - Compactness:         0.0787
2025-12-26 14:41:26,851 [INFO]     - Dispersion:          0.2527
2025-12-26 14:41:26,852 [INFO]   GIB Keep Rate:           0.968
2025-12-26 14:41:26,852 [INFO]   GIB Avg Prob:            0.547
2025-12-26 14:41:26,852 [INFO]   Dispersion (θ):          53.236 ± 0.969
2025-12-26 14:41:26,852 [INFO]   Learning Rate:           0.000374
2025-12-26 14:41:27,246 [INFO] 
================================================================================
2025-12-26 14:41:27,246 [INFO] Epoch 102/300 (0.05s)
2025-12-26 14:41:27,246 [INFO] ================================================================================
2025-12-26 14:41:27,246 [INFO]   Total Loss:              1214.3812
2025-12-26 14:41:27,246 [INFO]   Recon Loss:              1199.6069
2025-12-26 14:41:27,246 [INFO]   🔥 Contrastive Loss:     10.1393
2025-12-26 14:41:27,246 [INFO]   🔥 Prototype Loss:       4.6351
2025-12-26 14:41:27,246 [INFO]     - Spot-to-Prototype:    0.1675
2025-12-26 14:41:27,246 [INFO]     - Compactness:         0.0778
2025-12-26 14:41:27,246 [INFO]     - Dispersion:          0.2536
2025-12-26 14:41:27,246 [INFO]   GIB Keep Rate:           0.967
2025-12-26 14:41:27,246 [INFO]   GIB Avg Prob:            0.547
2025-12-26 14:41:27,246 [INFO]   Dispersion (θ):          53.215 ± 0.977
2025-12-26 14:41:27,246 [INFO]   Learning Rate:           0.000372
2025-12-26 14:41:27,650 [INFO] 
================================================================================
2025-12-26 14:41:27,650 [INFO] Epoch 103/300 (0.04s)
2025-12-26 14:41:27,650 [INFO] ================================================================================
2025-12-26 14:41:27,650 [INFO]   Total Loss:              1214.0085
2025-12-26 14:41:27,650 [INFO]   Recon Loss:              1199.2413
2025-12-26 14:41:27,650 [INFO]   🔥 Contrastive Loss:     10.1062
2025-12-26 14:41:27,650 [INFO]   🔥 Prototype Loss:       4.6610
2025-12-26 14:41:27,650 [INFO]     - Spot-to-Prototype:    0.1697
2025-12-26 14:41:27,650 [INFO]     - Compactness:         0.0759
2025-12-26 14:41:27,650 [INFO]     - Dispersion:          0.2545
2025-12-26 14:41:27,650 [INFO]   GIB Keep Rate:           0.966
2025-12-26 14:41:27,650 [INFO]   GIB Avg Prob:            0.547
2025-12-26 14:41:27,651 [INFO]   Dispersion (θ):          53.193 ± 0.986
2025-12-26 14:41:27,651 [INFO]   Learning Rate:           0.000369
2025-12-26 14:41:28,083 [INFO] 
================================================================================
2025-12-26 14:41:28,084 [INFO] Epoch 104/300 (0.04s)
2025-12-26 14:41:28,084 [INFO] ================================================================================
2025-12-26 14:41:28,084 [INFO]   Total Loss:              1213.1337
2025-12-26 14:41:28,084 [INFO]   Recon Loss:              1198.4136
2025-12-26 14:41:28,084 [INFO]   🔥 Contrastive Loss:     10.0357
2025-12-26 14:41:28,084 [INFO]   🔥 Prototype Loss:       4.6845
2025-12-26 14:41:28,084 [INFO]     - Spot-to-Prototype:    0.1706
2025-12-26 14:41:28,084 [INFO]     - Compactness:         0.0762
2025-12-26 14:41:28,084 [INFO]     - Dispersion:          0.2554
2025-12-26 14:41:28,084 [INFO]   GIB Keep Rate:           0.966
2025-12-26 14:41:28,084 [INFO]   GIB Avg Prob:            0.547
2025-12-26 14:41:28,084 [INFO]   Dispersion (θ):          53.171 ± 0.995
2025-12-26 14:41:28,084 [INFO]   Learning Rate:           0.000367
2025-12-26 14:41:28,442 [INFO] 
================================================================================
2025-12-26 14:41:28,442 [INFO] Epoch 105/300 (0.05s)
2025-12-26 14:41:28,442 [INFO] ================================================================================
2025-12-26 14:41:28,442 [INFO]   Total Loss:              1212.6439
2025-12-26 14:41:28,442 [INFO]   Recon Loss:              1197.9623
2025-12-26 14:41:28,442 [INFO]   🔥 Contrastive Loss:     9.9937
2025-12-26 14:41:28,442 [INFO]   🔥 Prototype Loss:       4.6879
2025-12-26 14:41:28,442 [INFO]     - Spot-to-Prototype:    0.1715
2025-12-26 14:41:28,443 [INFO]     - Compactness:         0.0744
2025-12-26 14:41:28,443 [INFO]     - Dispersion:          0.2572
2025-12-26 14:41:28,443 [INFO]   GIB Keep Rate:           0.965
2025-12-26 14:41:28,443 [INFO]   GIB Avg Prob:            0.547
2025-12-26 14:41:28,443 [INFO]   Dispersion (θ):          53.149 ± 1.003
2025-12-26 14:41:28,443 [INFO]   Learning Rate:           0.000365
2025-12-26 14:41:28,887 [INFO] 
================================================================================
2025-12-26 14:41:28,887 [INFO] Epoch 106/300 (0.05s)
2025-12-26 14:41:28,887 [INFO] ================================================================================
2025-12-26 14:41:28,887 [INFO]   Total Loss:              1211.7546
2025-12-26 14:41:28,887 [INFO]   Recon Loss:              1197.0785
2025-12-26 14:41:28,887 [INFO]   🔥 Contrastive Loss:     10.0132
2025-12-26 14:41:28,887 [INFO]   🔥 Prototype Loss:       4.6629
2025-12-26 14:41:28,888 [INFO]     - Spot-to-Prototype:    0.1712
2025-12-26 14:41:28,888 [INFO]     - Compactness:         0.0721
2025-12-26 14:41:28,888 [INFO]     - Dispersion:          0.2590
2025-12-26 14:41:28,888 [INFO]   GIB Keep Rate:           0.966
2025-12-26 14:41:28,888 [INFO]   GIB Avg Prob:            0.547
2025-12-26 14:41:28,888 [INFO]   Dispersion (θ):          53.128 ± 1.012
2025-12-26 14:41:28,888 [INFO]   Learning Rate:           0.000363
2025-12-26 14:41:29,273 [INFO] 
================================================================================
2025-12-26 14:41:29,274 [INFO] Epoch 107/300 (0.04s)
2025-12-26 14:41:29,274 [INFO] ================================================================================
2025-12-26 14:41:29,274 [INFO]   Total Loss:              1211.3610
2025-12-26 14:41:29,274 [INFO]   Recon Loss:              1196.6874
2025-12-26 14:41:29,274 [INFO]   🔥 Contrastive Loss:     9.9872
2025-12-26 14:41:29,274 [INFO]   🔥 Prototype Loss:       4.6864
2025-12-26 14:41:29,274 [INFO]     - Spot-to-Prototype:    0.1731
2025-12-26 14:41:29,274 [INFO]     - Compactness:         0.0702
2025-12-26 14:41:29,274 [INFO]     - Dispersion:          0.2609
2025-12-26 14:41:29,274 [INFO]   GIB Keep Rate:           0.966
2025-12-26 14:41:29,274 [INFO]   GIB Avg Prob:            0.547
2025-12-26 14:41:29,274 [INFO]   Dispersion (θ):          53.106 ± 1.020
2025-12-26 14:41:29,274 [INFO]   Learning Rate:           0.000360
2025-12-26 14:41:29,662 [INFO] 
================================================================================
2025-12-26 14:41:29,662 [INFO] Epoch 108/300 (0.05s)
2025-12-26 14:41:29,663 [INFO] ================================================================================
2025-12-26 14:41:29,663 [INFO]   Total Loss:              1210.9441
2025-12-26 14:41:29,663 [INFO]   Recon Loss:              1196.2712
2025-12-26 14:41:29,663 [INFO]   🔥 Contrastive Loss:     9.9538
2025-12-26 14:41:29,663 [INFO]   🔥 Prototype Loss:       4.7190
2025-12-26 14:41:29,663 [INFO]     - Spot-to-Prototype:    0.1752
2025-12-26 14:41:29,663 [INFO]     - Compactness:         0.0690
2025-12-26 14:41:29,663 [INFO]     - Dispersion:          0.2628
2025-12-26 14:41:29,663 [INFO]   GIB Keep Rate:           0.966
2025-12-26 14:41:29,663 [INFO]   GIB Avg Prob:            0.547
2025-12-26 14:41:29,663 [INFO]   Dispersion (θ):          53.083 ± 1.029
2025-12-26 14:41:29,663 [INFO]   Learning Rate:           0.000358
2025-12-26 14:41:30,050 [INFO] 
================================================================================
2025-12-26 14:41:30,051 [INFO] Epoch 109/300 (0.04s)
2025-12-26 14:41:30,051 [INFO] ================================================================================
2025-12-26 14:41:30,051 [INFO]   Total Loss:              1210.1111
2025-12-26 14:41:30,051 [INFO]   Recon Loss:              1195.4871
2025-12-26 14:41:30,051 [INFO]   🔥 Contrastive Loss:     9.8820
2025-12-26 14:41:30,051 [INFO]   🔥 Prototype Loss:       4.7421
2025-12-26 14:41:30,051 [INFO]     - Spot-to-Prototype:    0.1766
2025-12-26 14:41:30,051 [INFO]     - Compactness:         0.0681
2025-12-26 14:41:30,051 [INFO]     - Dispersion:          0.2646
2025-12-26 14:41:30,051 [INFO]   GIB Keep Rate:           0.968
2025-12-26 14:41:30,051 [INFO]   GIB Avg Prob:            0.547
2025-12-26 14:41:30,051 [INFO]   Dispersion (θ):          53.061 ± 1.038
2025-12-26 14:41:30,052 [INFO]   Learning Rate:           0.000356
2025-12-26 14:41:30,471 [INFO] 
================================================================================
2025-12-26 14:41:30,472 [INFO] Epoch 110/300 (0.05s)
2025-12-26 14:41:30,472 [INFO] ================================================================================
2025-12-26 14:41:30,472 [INFO]   Total Loss:              1209.6781
2025-12-26 14:41:30,472 [INFO]   Recon Loss:              1195.0671
2025-12-26 14:41:30,472 [INFO]   🔥 Contrastive Loss:     9.8442
2025-12-26 14:41:30,472 [INFO]   🔥 Prototype Loss:       4.7667
2025-12-26 14:41:30,472 [INFO]     - Spot-to-Prototype:    0.1785
2025-12-26 14:41:30,472 [INFO]     - Compactness:         0.0664
2025-12-26 14:41:30,472 [INFO]     - Dispersion:          0.2664
2025-12-26 14:41:30,472 [INFO]   GIB Keep Rate:           0.968
2025-12-26 14:41:30,472 [INFO]   GIB Avg Prob:            0.548
2025-12-26 14:41:30,472 [INFO]   Dispersion (θ):          53.039 ± 1.046
2025-12-26 14:41:30,472 [INFO]   Learning Rate:           0.000353
2025-12-26 14:41:30,846 [INFO] 
================================================================================
2025-12-26 14:41:30,846 [INFO] Epoch 111/300 (0.05s)
2025-12-26 14:41:30,846 [INFO] ================================================================================
2025-12-26 14:41:30,846 [INFO]   Total Loss:              1209.0153
2025-12-26 14:41:30,846 [INFO]   Recon Loss:              1194.4469
2025-12-26 14:41:30,846 [INFO]   🔥 Contrastive Loss:     9.8032
2025-12-26 14:41:30,847 [INFO]   🔥 Prototype Loss:       4.7651
2025-12-26 14:41:30,847 [INFO]     - Spot-to-Prototype:    0.1794
2025-12-26 14:41:30,847 [INFO]     - Compactness:         0.0642
2025-12-26 14:41:30,847 [INFO]     - Dispersion:          0.2681
2025-12-26 14:41:30,847 [INFO]   GIB Keep Rate:           0.967
2025-12-26 14:41:30,847 [INFO]   GIB Avg Prob:            0.548
2025-12-26 14:41:30,847 [INFO]   Dispersion (θ):          53.017 ± 1.055
2025-12-26 14:41:30,847 [INFO]   Learning Rate:           0.000351
2025-12-26 14:41:31,242 [INFO] 
================================================================================
2025-12-26 14:41:31,242 [INFO] Epoch 112/300 (0.04s)
2025-12-26 14:41:31,242 [INFO] ================================================================================
2025-12-26 14:41:31,243 [INFO]   Total Loss:              1208.7953
2025-12-26 14:41:31,243 [INFO]   Recon Loss:              1194.1174
2025-12-26 14:41:31,243 [INFO]   🔥 Contrastive Loss:     9.8240
2025-12-26 14:41:31,243 [INFO]   🔥 Prototype Loss:       4.8539
2025-12-26 14:41:31,243 [INFO]     - Spot-to-Prototype:    0.1840
2025-12-26 14:41:31,243 [INFO]     - Compactness:         0.0635
2025-12-26 14:41:31,243 [INFO]     - Dispersion:          0.2696
2025-12-26 14:41:31,243 [INFO]   GIB Keep Rate:           0.966
2025-12-26 14:41:31,243 [INFO]   GIB Avg Prob:            0.547
2025-12-26 14:41:31,243 [INFO]   Dispersion (θ):          52.994 ± 1.063
2025-12-26 14:41:31,243 [INFO]   Learning Rate:           0.000348
2025-12-26 14:41:31,655 [INFO] 
================================================================================
2025-12-26 14:41:31,655 [INFO] Epoch 113/300 (0.04s)
2025-12-26 14:41:31,655 [INFO] ================================================================================
2025-12-26 14:41:31,656 [INFO]   Total Loss:              1208.1542
2025-12-26 14:41:31,656 [INFO]   Recon Loss:              1193.5535
2025-12-26 14:41:31,656 [INFO]   🔥 Contrastive Loss:     9.7348
2025-12-26 14:41:31,656 [INFO]   🔥 Prototype Loss:       4.8659
2025-12-26 14:41:31,656 [INFO]     - Spot-to-Prototype:    0.1849
2025-12-26 14:41:31,656 [INFO]     - Compactness:         0.0625
2025-12-26 14:41:31,656 [INFO]     - Dispersion:          0.2712
2025-12-26 14:41:31,656 [INFO]   GIB Keep Rate:           0.966
2025-12-26 14:41:31,656 [INFO]   GIB Avg Prob:            0.548
2025-12-26 14:41:31,656 [INFO]   Dispersion (θ):          52.972 ± 1.071
2025-12-26 14:41:31,656 [INFO]   Learning Rate:           0.000346
2025-12-26 14:41:32,081 [INFO] 
================================================================================
2025-12-26 14:41:32,081 [INFO] Epoch 114/300 (0.05s)
2025-12-26 14:41:32,081 [INFO] ================================================================================
2025-12-26 14:41:32,081 [INFO]   Total Loss:              1207.8696
2025-12-26 14:41:32,081 [INFO]   Recon Loss:              1193.2701
2025-12-26 14:41:32,081 [INFO]   🔥 Contrastive Loss:     9.7271
2025-12-26 14:41:32,081 [INFO]   🔥 Prototype Loss:       4.8723
2025-12-26 14:41:32,081 [INFO]     - Spot-to-Prototype:    0.1858
2025-12-26 14:41:32,081 [INFO]     - Compactness:         0.0609
2025-12-26 14:41:32,081 [INFO]     - Dispersion:          0.2736
2025-12-26 14:41:32,081 [INFO]   GIB Keep Rate:           0.966
2025-12-26 14:41:32,081 [INFO]   GIB Avg Prob:            0.548
2025-12-26 14:41:32,081 [INFO]   Dispersion (θ):          52.950 ± 1.080
2025-12-26 14:41:32,081 [INFO]   Learning Rate:           0.000344
2025-12-26 14:41:32,469 [INFO] 
================================================================================
2025-12-26 14:41:32,469 [INFO] Epoch 115/300 (0.05s)
2025-12-26 14:41:32,470 [INFO] ================================================================================
2025-12-26 14:41:32,470 [INFO]   Total Loss:              1207.4274
2025-12-26 14:41:32,470 [INFO]   Recon Loss:              1192.7976
2025-12-26 14:41:32,470 [INFO]   🔥 Contrastive Loss:     9.7104
2025-12-26 14:41:32,470 [INFO]   🔥 Prototype Loss:       4.9194
2025-12-26 14:41:32,470 [INFO]     - Spot-to-Prototype:    0.1884
2025-12-26 14:41:32,470 [INFO]     - Compactness:         0.0599
2025-12-26 14:41:32,470 [INFO]     - Dispersion:          0.2760
2025-12-26 14:41:32,470 [INFO]   GIB Keep Rate:           0.966
2025-12-26 14:41:32,470 [INFO]   GIB Avg Prob:            0.548
2025-12-26 14:41:32,470 [INFO]   Dispersion (θ):          52.928 ± 1.088
2025-12-26 14:41:32,470 [INFO]   Learning Rate:           0.000341
2025-12-26 14:41:32,841 [INFO] 
================================================================================
2025-12-26 14:41:32,841 [INFO] Epoch 116/300 (0.04s)
2025-12-26 14:41:32,841 [INFO] ================================================================================
2025-12-26 14:41:32,841 [INFO]   Total Loss:              1207.1670
2025-12-26 14:41:32,841 [INFO]   Recon Loss:              1192.5829
2025-12-26 14:41:32,841 [INFO]   🔥 Contrastive Loss:     9.6381
2025-12-26 14:41:32,841 [INFO]   🔥 Prototype Loss:       4.9460
2025-12-26 14:41:32,841 [INFO]     - Spot-to-Prototype:    0.1896
2025-12-26 14:41:32,841 [INFO]     - Compactness:         0.0597
2025-12-26 14:41:32,842 [INFO]     - Dispersion:          0.2782
2025-12-26 14:41:32,842 [INFO]   GIB Keep Rate:           0.966
2025-12-26 14:41:32,842 [INFO]   GIB Avg Prob:            0.548
2025-12-26 14:41:32,842 [INFO]   Dispersion (θ):          52.906 ± 1.096
2025-12-26 14:41:32,842 [INFO]   Learning Rate:           0.000339
2025-12-26 14:41:33,256 [INFO] 
================================================================================
2025-12-26 14:41:33,256 [INFO] Epoch 117/300 (0.04s)
2025-12-26 14:41:33,256 [INFO] ================================================================================
2025-12-26 14:41:33,256 [INFO]   Total Loss:              1206.9425
2025-12-26 14:41:33,256 [INFO]   Recon Loss:              1192.3750
2025-12-26 14:41:33,256 [INFO]   🔥 Contrastive Loss:     9.5685
2025-12-26 14:41:33,256 [INFO]   🔥 Prototype Loss:       4.9991
2025-12-26 14:41:33,256 [INFO]     - Spot-to-Prototype:    0.1925
2025-12-26 14:41:33,256 [INFO]     - Compactness:         0.0588
2025-12-26 14:41:33,256 [INFO]     - Dispersion:          0.2804
2025-12-26 14:41:33,256 [INFO]   GIB Keep Rate:           0.965
2025-12-26 14:41:33,256 [INFO]   GIB Avg Prob:            0.548
2025-12-26 14:41:33,257 [INFO]   Dispersion (θ):          52.884 ± 1.105
2025-12-26 14:41:33,257 [INFO]   Learning Rate:           0.000336
2025-12-26 14:41:33,677 [INFO] 
================================================================================
2025-12-26 14:41:33,677 [INFO] Epoch 118/300 (0.05s)
2025-12-26 14:41:33,678 [INFO] ================================================================================
2025-12-26 14:41:33,678 [INFO]   Total Loss:              1206.2177
2025-12-26 14:41:33,678 [INFO]   Recon Loss:              1191.6215
2025-12-26 14:41:33,678 [INFO]   🔥 Contrastive Loss:     9.5640
2025-12-26 14:41:33,678 [INFO]   🔥 Prototype Loss:       5.0322
2025-12-26 14:41:33,678 [INFO]     - Spot-to-Prototype:    0.1945
2025-12-26 14:41:33,678 [INFO]     - Compactness:         0.0577
2025-12-26 14:41:33,678 [INFO]     - Dispersion:          0.2825
2025-12-26 14:41:33,678 [INFO]   GIB Keep Rate:           0.963
2025-12-26 14:41:33,678 [INFO]   GIB Avg Prob:            0.548
2025-12-26 14:41:33,678 [INFO]   Dispersion (θ):          52.862 ± 1.113
2025-12-26 14:41:33,678 [INFO]   Learning Rate:           0.000334
2025-12-26 14:41:34,054 [INFO] 
================================================================================
2025-12-26 14:41:34,054 [INFO] Epoch 119/300 (0.05s)
2025-12-26 14:41:34,054 [INFO] ================================================================================
2025-12-26 14:41:34,054 [INFO]   Total Loss:              1205.9203
2025-12-26 14:41:34,054 [INFO]   Recon Loss:              1191.2654
2025-12-26 14:41:34,054 [INFO]   🔥 Contrastive Loss:     9.5436
2025-12-26 14:41:34,054 [INFO]   🔥 Prototype Loss:       5.1114
2025-12-26 14:41:34,054 [INFO]     - Spot-to-Prototype:    0.1984
2025-12-26 14:41:34,055 [INFO]     - Compactness:         0.0575
2025-12-26 14:41:34,055 [INFO]     - Dispersion:          0.2845
2025-12-26 14:41:34,055 [INFO]   GIB Keep Rate:           0.963
2025-12-26 14:41:34,055 [INFO]   GIB Avg Prob:            0.548
2025-12-26 14:41:34,055 [INFO]   Dispersion (θ):          52.840 ± 1.121
2025-12-26 14:41:34,055 [INFO]   Learning Rate:           0.000331
2025-12-26 14:41:34,412 [INFO] 
================================================================================
2025-12-26 14:41:34,412 [INFO] Epoch 120/300 (0.04s)
2025-12-26 14:41:34,412 [INFO] ================================================================================
2025-12-26 14:41:34,412 [INFO]   Total Loss:              1205.6682
2025-12-26 14:41:34,412 [INFO]   Recon Loss:              1190.9736
2025-12-26 14:41:34,412 [INFO]   🔥 Contrastive Loss:     9.5169
2025-12-26 14:41:34,412 [INFO]   🔥 Prototype Loss:       5.1776
2025-12-26 14:41:34,412 [INFO]     - Spot-to-Prototype:    0.2020
2025-12-26 14:41:34,413 [INFO]     - Compactness:         0.0565
2025-12-26 14:41:34,413 [INFO]     - Dispersion:          0.2864
2025-12-26 14:41:34,413 [INFO]   GIB Keep Rate:           0.962
2025-12-26 14:41:34,413 [INFO]   GIB Avg Prob:            0.548
2025-12-26 14:41:34,413 [INFO]   Dispersion (θ):          52.819 ± 1.129
2025-12-26 14:41:34,413 [INFO]   Learning Rate:           0.000329
2025-12-26 14:41:34,814 [INFO] 
================================================================================
2025-12-26 14:41:34,814 [INFO] Epoch 121/300 (0.05s)
2025-12-26 14:41:34,814 [INFO] ================================================================================
2025-12-26 14:41:34,814 [INFO]   Total Loss:              1205.1749
2025-12-26 14:41:34,814 [INFO]   Recon Loss:              1190.4609
2025-12-26 14:41:34,814 [INFO]   🔥 Contrastive Loss:     9.4782
2025-12-26 14:41:34,814 [INFO]   🔥 Prototype Loss:       5.2357
2025-12-26 14:41:34,815 [INFO]     - Spot-to-Prototype:    0.2044
2025-12-26 14:41:34,815 [INFO]     - Compactness:         0.0569
2025-12-26 14:41:34,815 [INFO]     - Dispersion:          0.2891
2025-12-26 14:41:34,815 [INFO]   GIB Keep Rate:           0.962
2025-12-26 14:41:34,815 [INFO]   GIB Avg Prob:            0.548
2025-12-26 14:41:34,815 [INFO]   Dispersion (θ):          52.797 ± 1.136
2025-12-26 14:41:34,815 [INFO]   Learning Rate:           0.000327
2025-12-26 14:41:35,187 [INFO] 
================================================================================
2025-12-26 14:41:35,187 [INFO] Epoch 122/300 (0.05s)
2025-12-26 14:41:35,187 [INFO] ================================================================================
2025-12-26 14:41:35,187 [INFO]   Total Loss:              1205.2139
2025-12-26 14:41:35,188 [INFO]   Recon Loss:              1190.5072
2025-12-26 14:41:35,188 [INFO]   🔥 Contrastive Loss:     9.4422
2025-12-26 14:41:35,188 [INFO]   🔥 Prototype Loss:       5.2644
2025-12-26 14:41:35,188 [INFO]     - Spot-to-Prototype:    0.2065
2025-12-26 14:41:35,188 [INFO]     - Compactness:         0.0551
2025-12-26 14:41:35,188 [INFO]     - Dispersion:          0.2919
2025-12-26 14:41:35,188 [INFO]   GIB Keep Rate:           0.962
2025-12-26 14:41:35,188 [INFO]   GIB Avg Prob:            0.548
2025-12-26 14:41:35,188 [INFO]   Dispersion (θ):          52.776 ± 1.144
2025-12-26 14:41:35,188 [INFO]   Learning Rate:           0.000324
2025-12-26 14:41:35,220 [INFO] 
================================================================================
2025-12-26 14:41:35,220 [INFO] Epoch 123/300 (0.03s)
2025-12-26 14:41:35,220 [INFO] ================================================================================
2025-12-26 14:41:35,220 [INFO]   Total Loss:              1204.4950
2025-12-26 14:41:35,220 [INFO]   Recon Loss:              1189.7853
2025-12-26 14:41:35,220 [INFO]   🔥 Contrastive Loss:     9.4084
2025-12-26 14:41:35,220 [INFO]   🔥 Prototype Loss:       5.3012
2025-12-26 14:41:35,220 [INFO]     - Spot-to-Prototype:    0.2082
2025-12-26 14:41:35,220 [INFO]     - Compactness:         0.0549
2025-12-26 14:41:35,220 [INFO]     - Dispersion:          0.2945
2025-12-26 14:41:35,220 [INFO]   GIB Keep Rate:           0.961
2025-12-26 14:41:35,220 [INFO]   GIB Avg Prob:            0.548
2025-12-26 14:41:35,220 [INFO]   Dispersion (θ):          52.755 ± 1.152
2025-12-26 14:41:35,220 [INFO]   Learning Rate:           0.000322
2025-12-26 14:41:35,589 [INFO] 
================================================================================
2025-12-26 14:41:35,589 [INFO] Epoch 124/300 (0.05s)
2025-12-26 14:41:35,589 [INFO] ================================================================================
2025-12-26 14:41:35,589 [INFO]   Total Loss:              1204.4963
2025-12-26 14:41:35,589 [INFO]   Recon Loss:              1189.8203
2025-12-26 14:41:35,589 [INFO]   🔥 Contrastive Loss:     9.3474
2025-12-26 14:41:35,589 [INFO]   🔥 Prototype Loss:       5.3287
2025-12-26 14:41:35,589 [INFO]     - Spot-to-Prototype:    0.2096
2025-12-26 14:41:35,589 [INFO]     - Compactness:         0.0543
2025-12-26 14:41:35,589 [INFO]     - Dispersion:          0.2970
2025-12-26 14:41:35,590 [INFO]   GIB Keep Rate:           0.960
2025-12-26 14:41:35,590 [INFO]   GIB Avg Prob:            0.548
2025-12-26 14:41:35,590 [INFO]   Dispersion (θ):          52.734 ± 1.159
2025-12-26 14:41:35,590 [INFO]   Learning Rate:           0.000319
2025-12-26 14:41:35,622 [INFO] 
================================================================================
2025-12-26 14:41:35,622 [INFO] Epoch 125/300 (0.03s)
2025-12-26 14:41:35,622 [INFO] ================================================================================
2025-12-26 14:41:35,622 [INFO]   Total Loss:              1204.2764
2025-12-26 14:41:35,622 [INFO]   Recon Loss:              1189.5170
2025-12-26 14:41:35,622 [INFO]   🔥 Contrastive Loss:     9.3626
2025-12-26 14:41:35,622 [INFO]   🔥 Prototype Loss:       5.3968
2025-12-26 14:41:35,622 [INFO]     - Spot-to-Prototype:    0.2132
2025-12-26 14:41:35,622 [INFO]     - Compactness:         0.0533
2025-12-26 14:41:35,622 [INFO]     - Dispersion:          0.2994
2025-12-26 14:41:35,622 [INFO]   GIB Keep Rate:           0.962
2025-12-26 14:41:35,623 [INFO]   GIB Avg Prob:            0.548
2025-12-26 14:41:35,623 [INFO]   Dispersion (θ):          52.713 ± 1.167
2025-12-26 14:41:35,623 [INFO]   Learning Rate:           0.000317
2025-12-26 14:41:35,982 [INFO] 
================================================================================
2025-12-26 14:41:35,982 [INFO] Epoch 126/300 (0.05s)
2025-12-26 14:41:35,982 [INFO] ================================================================================
2025-12-26 14:41:35,982 [INFO]   Total Loss:              1203.8231
2025-12-26 14:41:35,982 [INFO]   Recon Loss:              1189.0940
2025-12-26 14:41:35,982 [INFO]   🔥 Contrastive Loss:     9.3349
2025-12-26 14:41:35,982 [INFO]   🔥 Prototype Loss:       5.3943
2025-12-26 14:41:35,983 [INFO]     - Spot-to-Prototype:    0.2137
2025-12-26 14:41:35,983 [INFO]     - Compactness:         0.0516
2025-12-26 14:41:35,983 [INFO]     - Dispersion:          0.3016
2025-12-26 14:41:35,983 [INFO]   GIB Keep Rate:           0.962
2025-12-26 14:41:35,983 [INFO]   GIB Avg Prob:            0.548
2025-12-26 14:41:35,983 [INFO]   Dispersion (θ):          52.692 ± 1.174
2025-12-26 14:41:35,983 [INFO]   Learning Rate:           0.000314
2025-12-26 14:41:36,427 [INFO] 
================================================================================
2025-12-26 14:41:36,427 [INFO] Epoch 127/300 (0.04s)
2025-12-26 14:41:36,427 [INFO] ================================================================================
2025-12-26 14:41:36,427 [INFO]   Total Loss:              1203.5774
2025-12-26 14:41:36,427 [INFO]   Recon Loss:              1188.7876
2025-12-26 14:41:36,427 [INFO]   🔥 Contrastive Loss:     9.3269
2025-12-26 14:41:36,427 [INFO]   🔥 Prototype Loss:       5.4629
2025-12-26 14:41:36,427 [INFO]     - Spot-to-Prototype:    0.2170
2025-12-26 14:41:36,427 [INFO]     - Compactness:         0.0516
2025-12-26 14:41:36,427 [INFO]     - Dispersion:          0.3037
2025-12-26 14:41:36,427 [INFO]   GIB Keep Rate:           0.960
2025-12-26 14:41:36,427 [INFO]   GIB Avg Prob:            0.549
2025-12-26 14:41:36,427 [INFO]   Dispersion (θ):          52.671 ± 1.182
2025-12-26 14:41:36,428 [INFO]   Learning Rate:           0.000312
2025-12-26 14:41:36,877 [INFO] 
================================================================================
2025-12-26 14:41:36,877 [INFO] Epoch 128/300 (0.05s)
2025-12-26 14:41:36,877 [INFO] ================================================================================
2025-12-26 14:41:36,877 [INFO]   Total Loss:              1203.4330
2025-12-26 14:41:36,877 [INFO]   Recon Loss:              1188.6426
2025-12-26 14:41:36,877 [INFO]   🔥 Contrastive Loss:     9.2918
2025-12-26 14:41:36,877 [INFO]   🔥 Prototype Loss:       5.4986
2025-12-26 14:41:36,877 [INFO]     - Spot-to-Prototype:    0.2190
2025-12-26 14:41:36,877 [INFO]     - Compactness:         0.0508
2025-12-26 14:41:36,877 [INFO]     - Dispersion:          0.3057
2025-12-26 14:41:36,877 [INFO]   GIB Keep Rate:           0.959
2025-12-26 14:41:36,877 [INFO]   GIB Avg Prob:            0.549
2025-12-26 14:41:36,877 [INFO]   Dispersion (θ):          52.650 ± 1.189
2025-12-26 14:41:36,877 [INFO]   Learning Rate:           0.000309
2025-12-26 14:41:37,280 [INFO] 
================================================================================
2025-12-26 14:41:37,280 [INFO] Epoch 129/300 (0.04s)
2025-12-26 14:41:37,280 [INFO] ================================================================================
2025-12-26 14:41:37,280 [INFO]   Total Loss:              1202.9274
2025-12-26 14:41:37,280 [INFO]   Recon Loss:              1188.1836
2025-12-26 14:41:37,280 [INFO]   🔥 Contrastive Loss:     9.2491
2025-12-26 14:41:37,280 [INFO]   🔥 Prototype Loss:       5.4947
2025-12-26 14:41:37,280 [INFO]     - Spot-to-Prototype:    0.2190
2025-12-26 14:41:37,280 [INFO]     - Compactness:         0.0499
2025-12-26 14:41:37,280 [INFO]     - Dispersion:          0.3076
2025-12-26 14:41:37,280 [INFO]   GIB Keep Rate:           0.959
2025-12-26 14:41:37,281 [INFO]   GIB Avg Prob:            0.549
2025-12-26 14:41:37,281 [INFO]   Dispersion (θ):          52.630 ± 1.197
2025-12-26 14:41:37,281 [INFO]   Learning Rate:           0.000306
2025-12-26 14:41:37,712 [INFO] 
================================================================================
2025-12-26 14:41:37,763 [INFO] Epoch 130/300 (0.05s)
2025-12-26 14:41:37,763 [INFO] ================================================================================
2025-12-26 14:41:37,764 [INFO]   Total Loss:              1202.7904
2025-12-26 14:41:37,764 [INFO]   Recon Loss:              1188.0087
2025-12-26 14:41:37,764 [INFO]   🔥 Contrastive Loss:     9.1999
2025-12-26 14:41:37,764 [INFO]   🔥 Prototype Loss:       5.5819
2025-12-26 14:41:37,764 [INFO]     - Spot-to-Prototype:    0.2227
2025-12-26 14:41:37,764 [INFO]     - Compactness:         0.0509
2025-12-26 14:41:37,764 [INFO]     - Dispersion:          0.3093
2025-12-26 14:41:37,764 [INFO]   GIB Keep Rate:           0.961
2025-12-26 14:41:37,765 [INFO]   GIB Avg Prob:            0.549
2025-12-26 14:41:37,765 [INFO]   Dispersion (θ):          52.610 ± 1.204
2025-12-26 14:41:37,765 [INFO]   Learning Rate:           0.000304
2025-12-26 14:41:38,119 [INFO] 
================================================================================
2025-12-26 14:41:38,119 [INFO] Epoch 131/300 (0.04s)
2025-12-26 14:41:38,119 [INFO] ================================================================================
2025-12-26 14:41:38,119 [INFO]   Total Loss:              1202.5044
2025-12-26 14:41:38,119 [INFO]   Recon Loss:              1187.7001
2025-12-26 14:41:38,119 [INFO]   🔥 Contrastive Loss:     9.2071
2025-12-26 14:41:38,119 [INFO]   🔥 Prototype Loss:       5.5973
2025-12-26 14:41:38,119 [INFO]     - Spot-to-Prototype:    0.2240
2025-12-26 14:41:38,119 [INFO]     - Compactness:         0.0496
2025-12-26 14:41:38,119 [INFO]     - Dispersion:          0.3109
2025-12-26 14:41:38,119 [INFO]   GIB Keep Rate:           0.960
2025-12-26 14:41:38,119 [INFO]   GIB Avg Prob:            0.549
2025-12-26 14:41:38,119 [INFO]   Dispersion (θ):          52.590 ± 1.211
2025-12-26 14:41:38,119 [INFO]   Learning Rate:           0.000301
2025-12-26 14:41:38,547 [INFO] 
================================================================================
2025-12-26 14:41:38,547 [INFO] Epoch 132/300 (0.05s)
2025-12-26 14:41:38,547 [INFO] ================================================================================
2025-12-26 14:41:38,547 [INFO]   Total Loss:              1202.3368
2025-12-26 14:41:38,547 [INFO]   Recon Loss:              1187.5325
2025-12-26 14:41:38,547 [INFO]   🔥 Contrastive Loss:     9.2023
2025-12-26 14:41:38,547 [INFO]   🔥 Prototype Loss:       5.6020
2025-12-26 14:41:38,547 [INFO]     - Spot-to-Prototype:    0.2240
2025-12-26 14:41:38,547 [INFO]     - Compactness:         0.0498
2025-12-26 14:41:38,547 [INFO]     - Dispersion:          0.3124
2025-12-26 14:41:38,548 [INFO]   GIB Keep Rate:           0.959
2025-12-26 14:41:38,548 [INFO]   GIB Avg Prob:            0.549
2025-12-26 14:41:38,548 [INFO]   Dispersion (θ):          52.570 ± 1.218
2025-12-26 14:41:38,548 [INFO]   Learning Rate:           0.000299
2025-12-26 14:41:38,931 [INFO] 
================================================================================
2025-12-26 14:41:38,931 [INFO] Epoch 133/300 (0.04s)
2025-12-26 14:41:38,931 [INFO] ================================================================================
2025-12-26 14:41:38,931 [INFO]   Total Loss:              1201.9995
2025-12-26 14:41:38,932 [INFO]   Recon Loss:              1187.1909
2025-12-26 14:41:38,932 [INFO]   🔥 Contrastive Loss:     9.1495
2025-12-26 14:41:38,932 [INFO]   🔥 Prototype Loss:       5.6591
2025-12-26 14:41:38,932 [INFO]     - Spot-to-Prototype:    0.2265
2025-12-26 14:41:38,932 [INFO]     - Compactness:         0.0502
2025-12-26 14:41:38,932 [INFO]     - Dispersion:          0.3137
2025-12-26 14:41:38,932 [INFO]   GIB Keep Rate:           0.960
2025-12-26 14:41:38,932 [INFO]   GIB Avg Prob:            0.549
2025-12-26 14:41:38,932 [INFO]   Dispersion (θ):          52.550 ± 1.224
2025-12-26 14:41:38,932 [INFO]   Learning Rate:           0.000296
2025-12-26 14:41:39,364 [INFO] 
================================================================================
2025-12-26 14:41:39,365 [INFO] Epoch 134/300 (0.05s)
2025-12-26 14:41:39,365 [INFO] ================================================================================
2025-12-26 14:41:39,365 [INFO]   Total Loss:              1202.1981
2025-12-26 14:41:39,365 [INFO]   Recon Loss:              1187.3956
2025-12-26 14:41:39,365 [INFO]   🔥 Contrastive Loss:     9.1704
2025-12-26 14:41:39,365 [INFO]   🔥 Prototype Loss:       5.6321
2025-12-26 14:41:39,365 [INFO]     - Spot-to-Prototype:    0.2249
2025-12-26 14:41:39,365 [INFO]     - Compactness:         0.0504
2025-12-26 14:41:39,365 [INFO]     - Dispersion:          0.3149
2025-12-26 14:41:39,365 [INFO]   GIB Keep Rate:           0.961
2025-12-26 14:41:39,365 [INFO]   GIB Avg Prob:            0.549
2025-12-26 14:41:39,365 [INFO]   Dispersion (θ):          52.531 ± 1.231
2025-12-26 14:41:39,365 [INFO]   Learning Rate:           0.000294
2025-12-26 14:41:39,397 [INFO] 
================================================================================
2025-12-26 14:41:39,397 [INFO] Epoch 135/300 (0.03s)
2025-12-26 14:41:39,397 [INFO] ================================================================================
2025-12-26 14:41:39,397 [INFO]   Total Loss:              1201.6108
2025-12-26 14:41:39,397 [INFO]   Recon Loss:              1186.9171
2025-12-26 14:41:39,397 [INFO]   🔥 Contrastive Loss:     9.1015
2025-12-26 14:41:39,397 [INFO]   🔥 Prototype Loss:       5.5921
2025-12-26 14:41:39,397 [INFO]     - Spot-to-Prototype:    0.2272
2025-12-26 14:41:39,397 [INFO]     - Compactness:         0.0415
2025-12-26 14:41:39,397 [INFO]     - Dispersion:          0.3160
2025-12-26 14:41:39,397 [INFO]   GIB Keep Rate:           0.959
2025-12-26 14:41:39,397 [INFO]   GIB Avg Prob:            0.549
2025-12-26 14:41:39,397 [INFO]   Dispersion (θ):          52.513 ± 1.238
2025-12-26 14:41:39,397 [INFO]   Learning Rate:           0.000291
2025-12-26 14:41:39,738 [INFO] 
================================================================================
2025-12-26 14:41:39,739 [INFO] Epoch 136/300 (0.04s)
2025-12-26 14:41:39,739 [INFO] ================================================================================
2025-12-26 14:41:39,739 [INFO]   Total Loss:              1201.4464
2025-12-26 14:41:39,739 [INFO]   Recon Loss:              1186.6672
2025-12-26 14:41:39,739 [INFO]   🔥 Contrastive Loss:     9.0821
2025-12-26 14:41:39,739 [INFO]   🔥 Prototype Loss:       5.6972
2025-12-26 14:41:39,739 [INFO]     - Spot-to-Prototype:    0.2286
2025-12-26 14:41:39,739 [INFO]     - Compactness:         0.0491
2025-12-26 14:41:39,739 [INFO]     - Dispersion:          0.3169
2025-12-26 14:41:39,739 [INFO]   GIB Keep Rate:           0.960
2025-12-26 14:41:39,739 [INFO]   GIB Avg Prob:            0.549
2025-12-26 14:41:39,739 [INFO]   Dispersion (θ):          52.494 ± 1.244
2025-12-26 14:41:39,739 [INFO]   Learning Rate:           0.000289
2025-12-26 14:41:40,149 [INFO] 
================================================================================
2025-12-26 14:41:40,150 [INFO] Epoch 137/300 (0.04s)
2025-12-26 14:41:40,150 [INFO] ================================================================================
2025-12-26 14:41:40,150 [INFO]   Total Loss:              1200.8301
2025-12-26 14:41:40,150 [INFO]   Recon Loss:              1186.1016
2025-12-26 14:41:40,150 [INFO]   🔥 Contrastive Loss:     9.0692
2025-12-26 14:41:40,150 [INFO]   🔥 Prototype Loss:       5.6593
2025-12-26 14:41:40,150 [INFO]     - Spot-to-Prototype:    0.2269
2025-12-26 14:41:40,150 [INFO]     - Compactness:         0.0486
2025-12-26 14:41:40,150 [INFO]     - Dispersion:          0.3177
2025-12-26 14:41:40,150 [INFO]   GIB Keep Rate:           0.961
2025-12-26 14:41:40,150 [INFO]   GIB Avg Prob:            0.549
2025-12-26 14:41:40,150 [INFO]   Dispersion (θ):          52.475 ± 1.251
2025-12-26 14:41:40,150 [INFO]   Learning Rate:           0.000286
2025-12-26 14:41:40,644 [INFO] 
================================================================================
2025-12-26 14:41:40,644 [INFO] Epoch 138/300 (0.04s)
2025-12-26 14:41:40,644 [INFO] ================================================================================
2025-12-26 14:41:40,644 [INFO]   Total Loss:              1201.2101
2025-12-26 14:41:40,644 [INFO]   Recon Loss:              1186.4232
2025-12-26 14:41:40,644 [INFO]   🔥 Contrastive Loss:     9.0825
2025-12-26 14:41:40,644 [INFO]   🔥 Prototype Loss:       5.7043
2025-12-26 14:41:40,644 [INFO]     - Spot-to-Prototype:    0.2295
2025-12-26 14:41:40,644 [INFO]     - Compactness:         0.0478
2025-12-26 14:41:40,644 [INFO]     - Dispersion:          0.3184
2025-12-26 14:41:40,644 [INFO]   GIB Keep Rate:           0.961
2025-12-26 14:41:40,644 [INFO]   GIB Avg Prob:            0.549
2025-12-26 14:41:40,645 [INFO]   Dispersion (θ):          52.456 ± 1.258
2025-12-26 14:41:40,645 [INFO]   Learning Rate:           0.000284
2025-12-26 14:41:40,675 [INFO] 
================================================================================
2025-12-26 14:41:40,675 [INFO] Epoch 139/300 (0.03s)
2025-12-26 14:41:40,675 [INFO] ================================================================================
2025-12-26 14:41:40,675 [INFO]   Total Loss:              1200.8312
2025-12-26 14:41:40,676 [INFO]   Recon Loss:              1186.1064
2025-12-26 14:41:40,676 [INFO]   🔥 Contrastive Loss:     9.0280
2025-12-26 14:41:40,676 [INFO]   🔥 Prototype Loss:       5.6967
2025-12-26 14:41:40,676 [INFO]     - Spot-to-Prototype:    0.2291
2025-12-26 14:41:40,676 [INFO]     - Compactness:         0.0478
2025-12-26 14:41:40,676 [INFO]     - Dispersion:          0.3191
2025-12-26 14:41:40,676 [INFO]   GIB Keep Rate:           0.959
2025-12-26 14:41:40,676 [INFO]   GIB Avg Prob:            0.549
2025-12-26 14:41:40,676 [INFO]   Dispersion (θ):          52.437 ± 1.264
2025-12-26 14:41:40,676 [INFO]   Learning Rate:           0.000281
2025-12-26 14:41:40,707 [INFO] 
================================================================================
2025-12-26 14:41:40,707 [INFO] Epoch 140/300 (0.03s)
2025-12-26 14:41:40,707 [INFO] ================================================================================
2025-12-26 14:41:40,707 [INFO]   Total Loss:              1200.4127
2025-12-26 14:41:40,707 [INFO]   Recon Loss:              1185.7524
2025-12-26 14:41:40,707 [INFO]   🔥 Contrastive Loss:     9.0179
2025-12-26 14:41:40,707 [INFO]   🔥 Prototype Loss:       5.6423
2025-12-26 14:41:40,707 [INFO]     - Spot-to-Prototype:    0.2272
2025-12-26 14:41:40,707 [INFO]     - Compactness:         0.0460
2025-12-26 14:41:40,707 [INFO]     - Dispersion:          0.3195
2025-12-26 14:41:40,707 [INFO]   GIB Keep Rate:           0.960
2025-12-26 14:41:40,707 [INFO]   GIB Avg Prob:            0.549
2025-12-26 14:41:40,707 [INFO]   Dispersion (θ):          52.417 ± 1.271
2025-12-26 14:41:40,707 [INFO]   Learning Rate:           0.000278
2025-12-26 14:41:41,115 [INFO] 
================================================================================
2025-12-26 14:41:41,115 [INFO] Epoch 141/300 (0.05s)
2025-12-26 14:41:41,115 [INFO] ================================================================================
2025-12-26 14:41:41,115 [INFO]   Total Loss:              1200.7747
2025-12-26 14:41:41,115 [INFO]   Recon Loss:              1186.1061
2025-12-26 14:41:41,115 [INFO]   🔥 Contrastive Loss:     9.0078
2025-12-26 14:41:41,115 [INFO]   🔥 Prototype Loss:       5.6608
2025-12-26 14:41:41,116 [INFO]     - Spot-to-Prototype:    0.2283
2025-12-26 14:41:41,116 [INFO]     - Compactness:         0.0455
2025-12-26 14:41:41,116 [INFO]     - Dispersion:          0.3199
2025-12-26 14:41:41,116 [INFO]   GIB Keep Rate:           0.959
2025-12-26 14:41:41,116 [INFO]   GIB Avg Prob:            0.549
2025-12-26 14:41:41,116 [INFO]   Dispersion (θ):          52.398 ± 1.277
2025-12-26 14:41:41,116 [INFO]   Learning Rate:           0.000276
2025-12-26 14:41:41,148 [INFO] 
================================================================================
2025-12-26 14:41:41,148 [INFO] Epoch 142/300 (0.03s)
2025-12-26 14:41:41,148 [INFO] ================================================================================
2025-12-26 14:41:41,148 [INFO]   Total Loss:              1200.0402
2025-12-26 14:41:41,148 [INFO]   Recon Loss:              1185.4937
2025-12-26 14:41:41,148 [INFO]   🔥 Contrastive Loss:     8.9557
2025-12-26 14:41:41,148 [INFO]   🔥 Prototype Loss:       5.5908
2025-12-26 14:41:41,148 [INFO]     - Spot-to-Prototype:    0.2285
2025-12-26 14:41:41,148 [INFO]     - Compactness:         0.0381
2025-12-26 14:41:41,148 [INFO]     - Dispersion:          0.3201
2025-12-26 14:41:41,148 [INFO]   GIB Keep Rate:           0.959
2025-12-26 14:41:41,148 [INFO]   GIB Avg Prob:            0.549
2025-12-26 14:41:41,148 [INFO]   Dispersion (θ):          52.379 ± 1.284
2025-12-26 14:41:41,148 [INFO]   Learning Rate:           0.000273
2025-12-26 14:41:41,480 [INFO] 
================================================================================
2025-12-26 14:41:41,480 [INFO] Epoch 143/300 (0.05s)
2025-12-26 14:41:41,480 [INFO] ================================================================================
2025-12-26 14:41:41,480 [INFO]   Total Loss:              1199.7822
2025-12-26 14:41:41,480 [INFO]   Recon Loss:              1185.1475
2025-12-26 14:41:41,480 [INFO]   🔥 Contrastive Loss:     8.9895
2025-12-26 14:41:41,480 [INFO]   🔥 Prototype Loss:       5.6453
2025-12-26 14:41:41,480 [INFO]     - Spot-to-Prototype:    0.2289
2025-12-26 14:41:41,481 [INFO]     - Compactness:         0.0427
2025-12-26 14:41:41,481 [INFO]     - Dispersion:          0.3202
2025-12-26 14:41:41,481 [INFO]   GIB Keep Rate:           0.961
2025-12-26 14:41:41,481 [INFO]   GIB Avg Prob:            0.549
2025-12-26 14:41:41,481 [INFO]   Dispersion (θ):          52.360 ± 1.290
2025-12-26 14:41:41,481 [INFO]   Learning Rate:           0.000271
2025-12-26 14:41:41,879 [INFO] 
================================================================================
2025-12-26 14:41:41,879 [INFO] Epoch 144/300 (0.05s)
2025-12-26 14:41:41,879 [INFO] ================================================================================
2025-12-26 14:41:41,879 [INFO]   Total Loss:              1199.7791
2025-12-26 14:41:41,879 [INFO]   Recon Loss:              1185.2273
2025-12-26 14:41:41,879 [INFO]   🔥 Contrastive Loss:     8.9239
2025-12-26 14:41:41,879 [INFO]   🔥 Prototype Loss:       5.6278
2025-12-26 14:41:41,880 [INFO]     - Spot-to-Prototype:    0.2276
2025-12-26 14:41:41,880 [INFO]     - Compactness:         0.0436
2025-12-26 14:41:41,880 [INFO]     - Dispersion:          0.3202
2025-12-26 14:41:41,880 [INFO]   GIB Keep Rate:           0.958
2025-12-26 14:41:41,880 [INFO]   GIB Avg Prob:            0.549
2025-12-26 14:41:41,880 [INFO]   Dispersion (θ):          52.341 ± 1.296
2025-12-26 14:41:41,880 [INFO]   Learning Rate:           0.000268
2025-12-26 14:41:42,241 [INFO] 
================================================================================
2025-12-26 14:41:42,242 [INFO] Epoch 145/300 (0.05s)
2025-12-26 14:41:42,242 [INFO] ================================================================================
2025-12-26 14:41:42,242 [INFO]   Total Loss:              1199.4434
2025-12-26 14:41:42,242 [INFO]   Recon Loss:              1185.0663
2025-12-26 14:41:42,242 [INFO]   🔥 Contrastive Loss:     8.8441
2025-12-26 14:41:42,242 [INFO]   🔥 Prototype Loss:       5.5330
2025-12-26 14:41:42,242 [INFO]     - Spot-to-Prototype:    0.2229
2025-12-26 14:41:42,242 [INFO]     - Compactness:         0.0434
2025-12-26 14:41:42,242 [INFO]     - Dispersion:          0.3204
2025-12-26 14:41:42,242 [INFO]   GIB Keep Rate:           0.958
2025-12-26 14:41:42,242 [INFO]   GIB Avg Prob:            0.549
2025-12-26 14:41:42,242 [INFO]   Dispersion (θ):          52.322 ± 1.303
2025-12-26 14:41:42,242 [INFO]   Learning Rate:           0.000265
2025-12-26 14:41:42,664 [INFO] 
================================================================================
2025-12-26 14:41:42,664 [INFO] Epoch 146/300 (0.05s)
2025-12-26 14:41:42,664 [INFO] ================================================================================
2025-12-26 14:41:42,664 [INFO]   Total Loss:              1199.0430
2025-12-26 14:41:42,664 [INFO]   Recon Loss:              1184.7722
2025-12-26 14:41:42,664 [INFO]   🔥 Contrastive Loss:     8.8963
2025-12-26 14:41:42,664 [INFO]   🔥 Prototype Loss:       5.3744
2025-12-26 14:41:42,664 [INFO]     - Spot-to-Prototype:    0.2192
2025-12-26 14:41:42,664 [INFO]     - Compactness:         0.0349
2025-12-26 14:41:42,664 [INFO]     - Dispersion:          0.3207
2025-12-26 14:41:42,664 [INFO]   GIB Keep Rate:           0.958
2025-12-26 14:41:42,665 [INFO]   GIB Avg Prob:            0.549
2025-12-26 14:41:42,665 [INFO]   Dispersion (θ):          52.303 ± 1.309
2025-12-26 14:41:42,665 [INFO]   Learning Rate:           0.000263
2025-12-26 14:41:43,075 [INFO] 
================================================================================
2025-12-26 14:41:43,075 [INFO] Epoch 147/300 (0.05s)
2025-12-26 14:41:43,075 [INFO] ================================================================================
2025-12-26 14:41:43,075 [INFO]   Total Loss:              1199.0243
2025-12-26 14:41:43,076 [INFO]   Recon Loss:              1184.8431
2025-12-26 14:41:43,076 [INFO]   🔥 Contrastive Loss:     8.8559
2025-12-26 14:41:43,076 [INFO]   🔥 Prototype Loss:       5.3251
2025-12-26 14:41:43,076 [INFO]     - Spot-to-Prototype:    0.2122
2025-12-26 14:41:43,076 [INFO]     - Compactness:         0.0439
2025-12-26 14:41:43,076 [INFO]     - Dispersion:          0.3212
2025-12-26 14:41:43,076 [INFO]   GIB Keep Rate:           0.958
2025-12-26 14:41:43,076 [INFO]   GIB Avg Prob:            0.549
2025-12-26 14:41:43,076 [INFO]   Dispersion (θ):          52.284 ± 1.315
2025-12-26 14:41:43,076 [INFO]   Learning Rate:           0.000260
2025-12-26 14:41:43,460 [INFO] 
================================================================================
2025-12-26 14:41:43,460 [INFO] Epoch 148/300 (0.05s)
2025-12-26 14:41:43,460 [INFO] ================================================================================
2025-12-26 14:41:43,460 [INFO]   Total Loss:              1198.6624
2025-12-26 14:41:43,460 [INFO]   Recon Loss:              1184.4583
2025-12-26 14:41:43,460 [INFO]   🔥 Contrastive Loss:     8.8893
2025-12-26 14:41:43,460 [INFO]   🔥 Prototype Loss:       5.3148
2025-12-26 14:41:43,460 [INFO]     - Spot-to-Prototype:    0.2118
2025-12-26 14:41:43,460 [INFO]     - Compactness:         0.0435
2025-12-26 14:41:43,460 [INFO]     - Dispersion:          0.3221
2025-12-26 14:41:43,461 [INFO]   GIB Keep Rate:           0.957
2025-12-26 14:41:43,461 [INFO]   GIB Avg Prob:            0.549
2025-12-26 14:41:43,461 [INFO]   Dispersion (θ):          52.266 ± 1.321
2025-12-26 14:41:43,461 [INFO]   Learning Rate:           0.000258
2025-12-26 14:41:43,891 [INFO] 
================================================================================
2025-12-26 14:41:43,891 [INFO] Epoch 149/300 (0.05s)
2025-12-26 14:41:43,891 [INFO] ================================================================================
2025-12-26 14:41:43,891 [INFO]   Total Loss:              1198.2786
2025-12-26 14:41:43,891 [INFO]   Recon Loss:              1184.1962
2025-12-26 14:41:43,891 [INFO]   🔥 Contrastive Loss:     8.8167
2025-12-26 14:41:43,891 [INFO]   🔥 Prototype Loss:       5.2657
2025-12-26 14:41:43,891 [INFO]     - Spot-to-Prototype:    0.2087
2025-12-26 14:41:43,891 [INFO]     - Compactness:         0.0446
2025-12-26 14:41:43,892 [INFO]     - Dispersion:          0.3231
2025-12-26 14:41:43,892 [INFO]   GIB Keep Rate:           0.958
2025-12-26 14:41:43,892 [INFO]   GIB Avg Prob:            0.549
2025-12-26 14:41:43,892 [INFO]   Dispersion (θ):          52.248 ± 1.327
2025-12-26 14:41:43,892 [INFO]   Learning Rate:           0.000255
2025-12-26 14:41:44,262 [INFO] 
================================================================================
2025-12-26 14:41:44,262 [INFO] Epoch 150/300 (0.05s)
2025-12-26 14:41:44,262 [INFO] ================================================================================
2025-12-26 14:41:44,262 [INFO]   Total Loss:              1198.1776
2025-12-26 14:41:44,262 [INFO]   Recon Loss:              1184.1147
2025-12-26 14:41:44,262 [INFO]   🔥 Contrastive Loss:     8.8004
2025-12-26 14:41:44,262 [INFO]   🔥 Prototype Loss:       5.2625
2025-12-26 14:41:44,262 [INFO]     - Spot-to-Prototype:    0.2078
2025-12-26 14:41:44,262 [INFO]     - Compactness:         0.0458
2025-12-26 14:41:44,262 [INFO]     - Dispersion:          0.3243
2025-12-26 14:41:44,263 [INFO]   GIB Keep Rate:           0.959
2025-12-26 14:41:44,263 [INFO]   GIB Avg Prob:            0.549
2025-12-26 14:41:44,263 [INFO]   Dispersion (θ):          52.230 ± 1.333
2025-12-26 14:41:44,263 [INFO]   Learning Rate:           0.000252
2025-12-26 14:41:44,682 [INFO] 
================================================================================
2025-12-26 14:41:44,682 [INFO] Epoch 151/300 (0.05s)
2025-12-26 14:41:44,683 [INFO] ================================================================================
2025-12-26 14:41:44,683 [INFO]   Total Loss:              1197.8856
2025-12-26 14:41:44,683 [INFO]   Recon Loss:              1183.8995
2025-12-26 14:41:44,683 [INFO]   🔥 Contrastive Loss:     8.7812
2025-12-26 14:41:44,683 [INFO]   🔥 Prototype Loss:       5.2050
2025-12-26 14:41:44,683 [INFO]     - Spot-to-Prototype:    0.2056
2025-12-26 14:41:44,683 [INFO]     - Compactness:         0.0441
2025-12-26 14:41:44,683 [INFO]     - Dispersion:          0.3262
2025-12-26 14:41:44,683 [INFO]   GIB Keep Rate:           0.958
2025-12-26 14:41:44,683 [INFO]   GIB Avg Prob:            0.549
2025-12-26 14:41:44,683 [INFO]   Dispersion (θ):          52.212 ± 1.339
2025-12-26 14:41:44,683 [INFO]   Learning Rate:           0.000250
2025-12-26 14:41:45,088 [INFO] 
================================================================================
2025-12-26 14:41:45,089 [INFO] Epoch 152/300 (0.05s)
2025-12-26 14:41:45,089 [INFO] ================================================================================
2025-12-26 14:41:45,089 [INFO]   Total Loss:              1197.5731
2025-12-26 14:41:45,089 [INFO]   Recon Loss:              1183.6099
2025-12-26 14:41:45,089 [INFO]   🔥 Contrastive Loss:     8.7954
2025-12-26 14:41:45,089 [INFO]   🔥 Prototype Loss:       5.1678
2025-12-26 14:41:45,089 [INFO]     - Spot-to-Prototype:    0.2033
2025-12-26 14:41:45,089 [INFO]     - Compactness:         0.0445
2025-12-26 14:41:45,089 [INFO]     - Dispersion:          0.3279
2025-12-26 14:41:45,089 [INFO]   GIB Keep Rate:           0.958
2025-12-26 14:41:45,089 [INFO]   GIB Avg Prob:            0.549
2025-12-26 14:41:45,089 [INFO]   Dispersion (θ):          52.195 ± 1.345
2025-12-26 14:41:45,089 [INFO]   Learning Rate:           0.000247
2025-12-26 14:41:45,451 [INFO] 
================================================================================
2025-12-26 14:41:45,451 [INFO] Epoch 153/300 (0.04s)
2025-12-26 14:41:45,452 [INFO] ================================================================================
2025-12-26 14:41:45,452 [INFO]   Total Loss:              1197.6136
2025-12-26 14:41:45,452 [INFO]   Recon Loss:              1183.6957
2025-12-26 14:41:45,452 [INFO]   🔥 Contrastive Loss:     8.7914
2025-12-26 14:41:45,452 [INFO]   🔥 Prototype Loss:       5.1266
2025-12-26 14:41:45,452 [INFO]     - Spot-to-Prototype:    0.2011
2025-12-26 14:41:45,452 [INFO]     - Compactness:         0.0446
2025-12-26 14:41:45,452 [INFO]     - Dispersion:          0.3296
2025-12-26 14:41:45,452 [INFO]   GIB Keep Rate:           0.958
2025-12-26 14:41:45,452 [INFO]   GIB Avg Prob:            0.548
2025-12-26 14:41:45,452 [INFO]   Dispersion (θ):          52.178 ± 1.350
2025-12-26 14:41:45,452 [INFO]   Learning Rate:           0.000245
2025-12-26 14:41:45,483 [INFO] 
================================================================================
2025-12-26 14:41:45,483 [INFO] Epoch 154/300 (0.03s)
2025-12-26 14:41:45,483 [INFO] ================================================================================
2025-12-26 14:41:45,483 [INFO]   Total Loss:              1197.5740
2025-12-26 14:41:45,483 [INFO]   Recon Loss:              1183.7256
2025-12-26 14:41:45,483 [INFO]   🔥 Contrastive Loss:     8.7692
2025-12-26 14:41:45,483 [INFO]   🔥 Prototype Loss:       5.0791
2025-12-26 14:41:45,483 [INFO]     - Spot-to-Prototype:    0.1983
2025-12-26 14:41:45,483 [INFO]     - Compactness:         0.0451
2025-12-26 14:41:45,483 [INFO]     - Dispersion:          0.3312
2025-12-26 14:41:45,483 [INFO]   GIB Keep Rate:           0.959
2025-12-26 14:41:45,483 [INFO]   GIB Avg Prob:            0.548
2025-12-26 14:41:45,483 [INFO]   Dispersion (θ):          52.161 ± 1.356
2025-12-26 14:41:45,483 [INFO]   Learning Rate:           0.000242
2025-12-26 14:41:45,513 [INFO] 
================================================================================
2025-12-26 14:41:45,513 [INFO] Epoch 155/300 (0.03s)
2025-12-26 14:41:45,514 [INFO] ================================================================================
2025-12-26 14:41:45,514 [INFO]   Total Loss:              1197.2289
2025-12-26 14:41:45,514 [INFO]   Recon Loss:              1183.3990
2025-12-26 14:41:45,514 [INFO]   🔥 Contrastive Loss:     8.7045
2025-12-26 14:41:45,514 [INFO]   🔥 Prototype Loss:       5.1253
2025-12-26 14:41:45,514 [INFO]     - Spot-to-Prototype:    0.1991
2025-12-26 14:41:45,514 [INFO]     - Compactness:         0.0477
2025-12-26 14:41:45,514 [INFO]     - Dispersion:          0.3328
2025-12-26 14:41:45,514 [INFO]   GIB Keep Rate:           0.957
2025-12-26 14:41:45,514 [INFO]   GIB Avg Prob:            0.548
2025-12-26 14:41:45,514 [INFO]   Dispersion (θ):          52.145 ± 1.361
2025-12-26 14:41:45,514 [INFO]   Learning Rate:           0.000240
2025-12-26 14:41:45,845 [INFO] 
================================================================================
2025-12-26 14:41:45,845 [INFO] Epoch 156/300 (0.05s)
2025-12-26 14:41:45,845 [INFO] ================================================================================
2025-12-26 14:41:45,845 [INFO]   Total Loss:              1196.9662
2025-12-26 14:41:45,845 [INFO]   Recon Loss:              1183.1475
2025-12-26 14:41:45,845 [INFO]   🔥 Contrastive Loss:     8.7703
2025-12-26 14:41:45,845 [INFO]   🔥 Prototype Loss:       5.0484
2025-12-26 14:41:45,845 [INFO]     - Spot-to-Prototype:    0.1951
2025-12-26 14:41:45,845 [INFO]     - Compactness:         0.0478
2025-12-26 14:41:45,845 [INFO]     - Dispersion:          0.3343
2025-12-26 14:41:45,845 [INFO]   GIB Keep Rate:           0.957
2025-12-26 14:41:45,845 [INFO]   GIB Avg Prob:            0.548
2025-12-26 14:41:45,845 [INFO]   Dispersion (θ):          52.129 ± 1.367
2025-12-26 14:41:45,845 [INFO]   Learning Rate:           0.000237
2025-12-26 14:41:46,229 [INFO] 
================================================================================
2025-12-26 14:41:46,230 [INFO] Epoch 157/300 (0.05s)
2025-12-26 14:41:46,230 [INFO] ================================================================================
2025-12-26 14:41:46,230 [INFO]   Total Loss:              1196.7219
2025-12-26 14:41:46,230 [INFO]   Recon Loss:              1183.0938
2025-12-26 14:41:46,230 [INFO]   🔥 Contrastive Loss:     8.6609
2025-12-26 14:41:46,230 [INFO]   🔥 Prototype Loss:       4.9673
2025-12-26 14:41:46,230 [INFO]     - Spot-to-Prototype:    0.1915
2025-12-26 14:41:46,230 [INFO]     - Compactness:         0.0466
2025-12-26 14:41:46,230 [INFO]     - Dispersion:          0.3358
2025-12-26 14:41:46,230 [INFO]   GIB Keep Rate:           0.957
2025-12-26 14:41:46,230 [INFO]   GIB Avg Prob:            0.548
2025-12-26 14:41:46,230 [INFO]   Dispersion (θ):          52.113 ± 1.372
2025-12-26 14:41:46,230 [INFO]   Learning Rate:           0.000234
2025-12-26 14:41:46,627 [INFO] 
================================================================================
2025-12-26 14:41:46,628 [INFO] Epoch 158/300 (0.05s)
2025-12-26 14:41:46,628 [INFO] ================================================================================
2025-12-26 14:41:46,628 [INFO]   Total Loss:              1196.6178
2025-12-26 14:41:46,628 [INFO]   Recon Loss:              1182.8726
2025-12-26 14:41:46,628 [INFO]   🔥 Contrastive Loss:     8.7160
2025-12-26 14:41:46,628 [INFO]   🔥 Prototype Loss:       5.0293
2025-12-26 14:41:46,628 [INFO]     - Spot-to-Prototype:    0.1944
2025-12-26 14:41:46,628 [INFO]     - Compactness:         0.0467
2025-12-26 14:41:46,628 [INFO]     - Dispersion:          0.3372
2025-12-26 14:41:46,628 [INFO]   GIB Keep Rate:           0.956
2025-12-26 14:41:46,628 [INFO]   GIB Avg Prob:            0.548
2025-12-26 14:41:46,628 [INFO]   Dispersion (θ):          52.097 ± 1.377
2025-12-26 14:41:46,628 [INFO]   Learning Rate:           0.000232
2025-12-26 14:41:47,032 [INFO] 
================================================================================
2025-12-26 14:41:47,032 [INFO] Epoch 159/300 (0.05s)
2025-12-26 14:41:47,032 [INFO] ================================================================================
2025-12-26 14:41:47,032 [INFO]   Total Loss:              1196.2104
2025-12-26 14:41:47,032 [INFO]   Recon Loss:              1182.5543
2025-12-26 14:41:47,032 [INFO]   🔥 Contrastive Loss:     8.6325
2025-12-26 14:41:47,032 [INFO]   🔥 Prototype Loss:       5.0237
2025-12-26 14:41:47,032 [INFO]     - Spot-to-Prototype:    0.1938
2025-12-26 14:41:47,032 [INFO]     - Compactness:         0.0471
2025-12-26 14:41:47,032 [INFO]     - Dispersion:          0.3385
2025-12-26 14:41:47,032 [INFO]   GIB Keep Rate:           0.956
2025-12-26 14:41:47,032 [INFO]   GIB Avg Prob:            0.548
2025-12-26 14:41:47,033 [INFO]   Dispersion (θ):          52.081 ± 1.382
2025-12-26 14:41:47,033 [INFO]   Learning Rate:           0.000229
2025-12-26 14:41:47,423 [INFO] 
================================================================================
2025-12-26 14:41:47,423 [INFO] Epoch 160/300 (0.05s)
2025-12-26 14:41:47,423 [INFO] ================================================================================
2025-12-26 14:41:47,423 [INFO]   Total Loss:              1196.2877
2025-12-26 14:41:47,423 [INFO]   Recon Loss:              1182.7328
2025-12-26 14:41:47,423 [INFO]   🔥 Contrastive Loss:     8.5976
2025-12-26 14:41:47,423 [INFO]   🔥 Prototype Loss:       4.9573
2025-12-26 14:41:47,423 [INFO]     - Spot-to-Prototype:    0.1905
2025-12-26 14:41:47,423 [INFO]     - Compactness:         0.0468
2025-12-26 14:41:47,423 [INFO]     - Dispersion:          0.3398
2025-12-26 14:41:47,423 [INFO]   GIB Keep Rate:           0.954
2025-12-26 14:41:47,423 [INFO]   GIB Avg Prob:            0.548
2025-12-26 14:41:47,423 [INFO]   Dispersion (θ):          52.066 ± 1.387
2025-12-26 14:41:47,424 [INFO]   Learning Rate:           0.000227
2025-12-26 14:41:47,455 [INFO] 
================================================================================
2025-12-26 14:41:47,455 [INFO] Epoch 161/300 (0.03s)
2025-12-26 14:41:47,455 [INFO] ================================================================================
2025-12-26 14:41:47,455 [INFO]   Total Loss:              1195.9559
2025-12-26 14:41:47,455 [INFO]   Recon Loss:              1182.4272
2025-12-26 14:41:47,455 [INFO]   🔥 Contrastive Loss:     8.6289
2025-12-26 14:41:47,455 [INFO]   🔥 Prototype Loss:       4.8998
2025-12-26 14:41:47,455 [INFO]     - Spot-to-Prototype:    0.1879
2025-12-26 14:41:47,455 [INFO]     - Compactness:         0.0459
2025-12-26 14:41:47,455 [INFO]     - Dispersion:          0.3411
2025-12-26 14:41:47,455 [INFO]   GIB Keep Rate:           0.955
2025-12-26 14:41:47,455 [INFO]   GIB Avg Prob:            0.548
2025-12-26 14:41:47,455 [INFO]   Dispersion (θ):          52.051 ± 1.392
2025-12-26 14:41:47,455 [INFO]   Learning Rate:           0.000224
2025-12-26 14:41:47,775 [INFO] 
================================================================================
2025-12-26 14:41:47,852 [INFO] Epoch 162/300 (0.04s)
2025-12-26 14:41:47,852 [INFO] ================================================================================
2025-12-26 14:41:47,852 [INFO]   Total Loss:              1196.2618
2025-12-26 14:41:47,853 [INFO]   Recon Loss:              1182.6804
2025-12-26 14:41:47,853 [INFO]   🔥 Contrastive Loss:     8.6782
2025-12-26 14:41:47,853 [INFO]   🔥 Prototype Loss:       4.9032
2025-12-26 14:41:47,853 [INFO]     - Spot-to-Prototype:    0.1881
2025-12-26 14:41:47,853 [INFO]     - Compactness:         0.0456
2025-12-26 14:41:47,853 [INFO]     - Dispersion:          0.3424
2025-12-26 14:41:47,853 [INFO]   GIB Keep Rate:           0.955
2025-12-26 14:41:47,853 [INFO]   GIB Avg Prob:            0.548
2025-12-26 14:41:47,853 [INFO]   Dispersion (θ):          52.036 ± 1.397
2025-12-26 14:41:47,854 [INFO]   Learning Rate:           0.000221
2025-12-26 14:41:47,897 [INFO] 
================================================================================
2025-12-26 14:41:47,897 [INFO] Epoch 163/300 (0.04s)
2025-12-26 14:41:47,897 [INFO] ================================================================================
2025-12-26 14:41:47,897 [INFO]   Total Loss:              1195.5194
2025-12-26 14:41:47,897 [INFO]   Recon Loss:              1181.9564
2025-12-26 14:41:47,897 [INFO]   🔥 Contrastive Loss:     8.6548
2025-12-26 14:41:47,897 [INFO]   🔥 Prototype Loss:       4.9082
2025-12-26 14:41:47,897 [INFO]     - Spot-to-Prototype:    0.1885
2025-12-26 14:41:47,897 [INFO]     - Compactness:         0.0452
2025-12-26 14:41:47,897 [INFO]     - Dispersion:          0.3435
2025-12-26 14:41:47,898 [INFO]   GIB Keep Rate:           0.955
2025-12-26 14:41:47,898 [INFO]   GIB Avg Prob:            0.548
2025-12-26 14:41:47,898 [INFO]   Dispersion (θ):          52.021 ± 1.402
2025-12-26 14:41:47,898 [INFO]   Learning Rate:           0.000219
2025-12-26 14:41:48,247 [INFO] 
================================================================================
2025-12-26 14:41:48,248 [INFO] Epoch 164/300 (0.05s)
2025-12-26 14:41:48,248 [INFO] ================================================================================
2025-12-26 14:41:48,248 [INFO]   Total Loss:              1195.5703
2025-12-26 14:41:48,248 [INFO]   Recon Loss:              1182.1112
2025-12-26 14:41:48,248 [INFO]   🔥 Contrastive Loss:     8.5846
2025-12-26 14:41:48,248 [INFO]   🔥 Prototype Loss:       4.8745
2025-12-26 14:41:48,248 [INFO]     - Spot-to-Prototype:    0.1861
2025-12-26 14:41:48,248 [INFO]     - Compactness:         0.0463
2025-12-26 14:41:48,248 [INFO]     - Dispersion:          0.3447
2025-12-26 14:41:48,248 [INFO]   GIB Keep Rate:           0.955
2025-12-26 14:41:48,248 [INFO]   GIB Avg Prob:            0.548
2025-12-26 14:41:48,248 [INFO]   Dispersion (θ):          52.007 ± 1.406
2025-12-26 14:41:48,248 [INFO]   Learning Rate:           0.000216
2025-12-26 14:41:48,280 [INFO] 
================================================================================
2025-12-26 14:41:48,280 [INFO] Epoch 165/300 (0.03s)
2025-12-26 14:41:48,280 [INFO] ================================================================================
2025-12-26 14:41:48,280 [INFO]   Total Loss:              1195.4957
2025-12-26 14:41:48,280 [INFO]   Recon Loss:              1182.1152
2025-12-26 14:41:48,280 [INFO]   🔥 Contrastive Loss:     8.5518
2025-12-26 14:41:48,280 [INFO]   🔥 Prototype Loss:       4.8287
2025-12-26 14:41:48,280 [INFO]     - Spot-to-Prototype:    0.1845
2025-12-26 14:41:48,281 [INFO]     - Compactness:         0.0447
2025-12-26 14:41:48,281 [INFO]     - Dispersion:          0.3458
2025-12-26 14:41:48,281 [INFO]   GIB Keep Rate:           0.955
2025-12-26 14:41:48,281 [INFO]   GIB Avg Prob:            0.548
2025-12-26 14:41:48,281 [INFO]   Dispersion (θ):          51.992 ± 1.411
2025-12-26 14:41:48,281 [INFO]   Learning Rate:           0.000214
2025-12-26 14:41:48,608 [INFO] 
================================================================================
2025-12-26 14:41:48,608 [INFO] Epoch 166/300 (0.05s)
2025-12-26 14:41:48,608 [INFO] ================================================================================
2025-12-26 14:41:48,608 [INFO]   Total Loss:              1194.9828
2025-12-26 14:41:48,608 [INFO]   Recon Loss:              1181.6005
2025-12-26 14:41:48,608 [INFO]   🔥 Contrastive Loss:     8.5915
2025-12-26 14:41:48,608 [INFO]   🔥 Prototype Loss:       4.7908
2025-12-26 14:41:48,609 [INFO]     - Spot-to-Prototype:    0.1825
2025-12-26 14:41:48,609 [INFO]     - Compactness:         0.0448
2025-12-26 14:41:48,609 [INFO]     - Dispersion:          0.3468
2025-12-26 14:41:48,609 [INFO]   GIB Keep Rate:           0.956
2025-12-26 14:41:48,609 [INFO]   GIB Avg Prob:            0.548
2025-12-26 14:41:48,609 [INFO]   Dispersion (θ):          51.978 ± 1.416
2025-12-26 14:41:48,609 [INFO]   Learning Rate:           0.000211
2025-12-26 14:41:49,093 [INFO] 
================================================================================
2025-12-26 14:41:49,093 [INFO] Epoch 167/300 (0.05s)
2025-12-26 14:41:49,093 [INFO] ================================================================================
2025-12-26 14:41:49,093 [INFO]   Total Loss:              1195.1539
2025-12-26 14:41:49,093 [INFO]   Recon Loss:              1181.8145
2025-12-26 14:41:49,094 [INFO]   🔥 Contrastive Loss:     8.5373
2025-12-26 14:41:49,094 [INFO]   🔥 Prototype Loss:       4.8023
2025-12-26 14:41:49,094 [INFO]     - Spot-to-Prototype:    0.1829
2025-12-26 14:41:49,094 [INFO]     - Compactness:         0.0449
2025-12-26 14:41:49,094 [INFO]     - Dispersion:          0.3478
2025-12-26 14:41:49,094 [INFO]   GIB Keep Rate:           0.957
2025-12-26 14:41:49,094 [INFO]   GIB Avg Prob:            0.548
2025-12-26 14:41:49,094 [INFO]   Dispersion (θ):          51.963 ± 1.420
2025-12-26 14:41:49,094 [INFO]   Learning Rate:           0.000209
2025-12-26 14:41:49,126 [INFO] 
================================================================================
2025-12-26 14:41:49,126 [INFO] Epoch 168/300 (0.03s)
2025-12-26 14:41:49,126 [INFO] ================================================================================
2025-12-26 14:41:49,126 [INFO]   Total Loss:              1194.8022
2025-12-26 14:41:49,126 [INFO]   Recon Loss:              1181.5131
2025-12-26 14:41:49,126 [INFO]   🔥 Contrastive Loss:     8.5521
2025-12-26 14:41:49,126 [INFO]   🔥 Prototype Loss:       4.7370
2025-12-26 14:41:49,126 [INFO]     - Spot-to-Prototype:    0.1799
2025-12-26 14:41:49,126 [INFO]     - Compactness:         0.0441
2025-12-26 14:41:49,127 [INFO]     - Dispersion:          0.3486
2025-12-26 14:41:49,127 [INFO]   GIB Keep Rate:           0.958
2025-12-26 14:41:49,127 [INFO]   GIB Avg Prob:            0.548
2025-12-26 14:41:49,127 [INFO]   Dispersion (θ):          51.949 ± 1.425
2025-12-26 14:41:49,127 [INFO]   Learning Rate:           0.000206
2025-12-26 14:41:49,488 [INFO] 
================================================================================
2025-12-26 14:41:49,489 [INFO] Epoch 169/300 (0.05s)
2025-12-26 14:41:49,489 [INFO] ================================================================================
2025-12-26 14:41:49,489 [INFO]   Total Loss:              1194.4523
2025-12-26 14:41:49,489 [INFO]   Recon Loss:              1181.2125
2025-12-26 14:41:49,489 [INFO]   🔥 Contrastive Loss:     8.5316
2025-12-26 14:41:49,489 [INFO]   🔥 Prototype Loss:       4.7081
2025-12-26 14:41:49,489 [INFO]     - Spot-to-Prototype:    0.1783
2025-12-26 14:41:49,489 [INFO]     - Compactness:         0.0443
2025-12-26 14:41:49,489 [INFO]     - Dispersion:          0.3494
2025-12-26 14:41:49,489 [INFO]   GIB Keep Rate:           0.957
2025-12-26 14:41:49,489 [INFO]   GIB Avg Prob:            0.548
2025-12-26 14:41:49,489 [INFO]   Dispersion (θ):          51.936 ± 1.429
2025-12-26 14:41:49,489 [INFO]   Learning Rate:           0.000204
2025-12-26 14:41:49,918 [INFO] 
================================================================================
2025-12-26 14:41:49,918 [INFO] Epoch 170/300 (0.05s)
2025-12-26 14:41:49,918 [INFO] ================================================================================
2025-12-26 14:41:49,918 [INFO]   Total Loss:              1194.6149
2025-12-26 14:41:49,918 [INFO]   Recon Loss:              1181.3479
2025-12-26 14:41:49,918 [INFO]   🔥 Contrastive Loss:     8.5313
2025-12-26 14:41:49,918 [INFO]   🔥 Prototype Loss:       4.7355
2025-12-26 14:41:49,918 [INFO]     - Spot-to-Prototype:    0.1796
2025-12-26 14:41:49,919 [INFO]     - Compactness:         0.0443
2025-12-26 14:41:49,919 [INFO]     - Dispersion:          0.3502
2025-12-26 14:41:49,919 [INFO]   GIB Keep Rate:           0.958
2025-12-26 14:41:49,919 [INFO]   GIB Avg Prob:            0.548
2025-12-26 14:41:49,919 [INFO]   Dispersion (θ):          51.922 ± 1.433
2025-12-26 14:41:49,919 [INFO]   Learning Rate:           0.000201
2025-12-26 14:41:49,951 [INFO] 
================================================================================
2025-12-26 14:41:49,952 [INFO] Epoch 171/300 (0.03s)
2025-12-26 14:41:49,952 [INFO] ================================================================================
2025-12-26 14:41:49,952 [INFO]   Total Loss:              1194.5103
2025-12-26 14:41:49,952 [INFO]   Recon Loss:              1181.2793
2025-12-26 14:41:49,952 [INFO]   🔥 Contrastive Loss:     8.5098
2025-12-26 14:41:49,952 [INFO]   🔥 Prototype Loss:       4.7212
2025-12-26 14:41:49,952 [INFO]     - Spot-to-Prototype:    0.1789
2025-12-26 14:41:49,952 [INFO]     - Compactness:         0.0442
2025-12-26 14:41:49,952 [INFO]     - Dispersion:          0.3510
2025-12-26 14:41:49,952 [INFO]   GIB Keep Rate:           0.958
2025-12-26 14:41:49,952 [INFO]   GIB Avg Prob:            0.548
2025-12-26 14:41:49,952 [INFO]   Dispersion (θ):          51.909 ± 1.438
2025-12-26 14:41:49,952 [INFO]   Learning Rate:           0.000199
2025-12-26 14:41:49,988 [INFO] 
================================================================================
2025-12-26 14:41:49,988 [INFO] Epoch 172/300 (0.04s)
2025-12-26 14:41:49,988 [INFO] ================================================================================
2025-12-26 14:41:49,988 [INFO]   Total Loss:              1194.1803
2025-12-26 14:41:49,988 [INFO]   Recon Loss:              1180.9725
2025-12-26 14:41:49,989 [INFO]   🔥 Contrastive Loss:     8.5104
2025-12-26 14:41:49,989 [INFO]   🔥 Prototype Loss:       4.6974
2025-12-26 14:41:49,989 [INFO]     - Spot-to-Prototype:    0.1775
2025-12-26 14:41:49,989 [INFO]     - Compactness:         0.0444
2025-12-26 14:41:49,989 [INFO]     - Dispersion:          0.3518
2025-12-26 14:41:49,989 [INFO]   GIB Keep Rate:           0.957
2025-12-26 14:41:49,989 [INFO]   GIB Avg Prob:            0.548
2025-12-26 14:41:49,989 [INFO]   Dispersion (θ):          51.896 ± 1.442
2025-12-26 14:41:49,990 [INFO]   Learning Rate:           0.000196
2025-12-26 14:41:50,335 [INFO] 
================================================================================
2025-12-26 14:41:50,335 [INFO] Epoch 173/300 (0.05s)
2025-12-26 14:41:50,335 [INFO] ================================================================================
2025-12-26 14:41:50,335 [INFO]   Total Loss:              1194.3767
2025-12-26 14:41:50,335 [INFO]   Recon Loss:              1181.2362
2025-12-26 14:41:50,335 [INFO]   🔥 Contrastive Loss:     8.5098
2025-12-26 14:41:50,335 [INFO]   🔥 Prototype Loss:       4.6307
2025-12-26 14:41:50,335 [INFO]     - Spot-to-Prototype:    0.1741
2025-12-26 14:41:50,335 [INFO]     - Compactness:         0.0444
2025-12-26 14:41:50,335 [INFO]     - Dispersion:          0.3526
2025-12-26 14:41:50,336 [INFO]   GIB Keep Rate:           0.956
2025-12-26 14:41:50,336 [INFO]   GIB Avg Prob:            0.549
2025-12-26 14:41:50,336 [INFO]   Dispersion (θ):          51.883 ± 1.446
2025-12-26 14:41:50,336 [INFO]   Learning Rate:           0.000193
2025-12-26 14:41:50,369 [INFO] 
================================================================================
2025-12-26 14:41:50,369 [INFO] Epoch 174/300 (0.03s)
2025-12-26 14:41:50,369 [INFO] ================================================================================
2025-12-26 14:41:50,369 [INFO]   Total Loss:              1194.1194
2025-12-26 14:41:50,370 [INFO]   Recon Loss:              1181.1462
2025-12-26 14:41:50,370 [INFO]   🔥 Contrastive Loss:     8.4738
2025-12-26 14:41:50,370 [INFO]   🔥 Prototype Loss:       4.4993
2025-12-26 14:41:50,370 [INFO]     - Spot-to-Prototype:    0.1708
2025-12-26 14:41:50,370 [INFO]     - Compactness:         0.0377
2025-12-26 14:41:50,370 [INFO]     - Dispersion:          0.3534
2025-12-26 14:41:50,370 [INFO]   GIB Keep Rate:           0.958
2025-12-26 14:41:50,370 [INFO]   GIB Avg Prob:            0.549
2025-12-26 14:41:50,370 [INFO]   Dispersion (θ):          51.870 ± 1.450
2025-12-26 14:41:50,370 [INFO]   Learning Rate:           0.000191
2025-12-26 14:41:50,691 [INFO] 
================================================================================
2025-12-26 14:41:50,692 [INFO] Epoch 175/300 (0.05s)
2025-12-26 14:41:50,692 [INFO] ================================================================================
2025-12-26 14:41:50,692 [INFO]   Total Loss:              1193.6842
2025-12-26 14:41:50,692 [INFO]   Recon Loss:              1180.7142
2025-12-26 14:41:50,692 [INFO]   🔥 Contrastive Loss:     8.4392
2025-12-26 14:41:50,692 [INFO]   🔥 Prototype Loss:       4.5308
2025-12-26 14:41:50,692 [INFO]     - Spot-to-Prototype:    0.1712
2025-12-26 14:41:50,692 [INFO]     - Compactness:         0.0399
2025-12-26 14:41:50,692 [INFO]     - Dispersion:          0.3541
2025-12-26 14:41:50,692 [INFO]   GIB Keep Rate:           0.960
2025-12-26 14:41:50,692 [INFO]   GIB Avg Prob:            0.549
2025-12-26 14:41:50,692 [INFO]   Dispersion (θ):          51.858 ± 1.454
2025-12-26 14:41:50,692 [INFO]   Learning Rate:           0.000188
2025-12-26 14:41:51,105 [INFO] 
================================================================================
2025-12-26 14:41:51,106 [INFO] Epoch 176/300 (0.05s)
2025-12-26 14:41:51,106 [INFO] ================================================================================
2025-12-26 14:41:51,106 [INFO]   Total Loss:              1193.7198
2025-12-26 14:41:51,106 [INFO]   Recon Loss:              1180.8230
2025-12-26 14:41:51,106 [INFO]   🔥 Contrastive Loss:     8.4723
2025-12-26 14:41:51,106 [INFO]   🔥 Prototype Loss:       4.4246
2025-12-26 14:41:51,106 [INFO]     - Spot-to-Prototype:    0.1631
2025-12-26 14:41:51,106 [INFO]     - Compactness:         0.0453
2025-12-26 14:41:51,106 [INFO]     - Dispersion:          0.3548
2025-12-26 14:41:51,106 [INFO]   GIB Keep Rate:           0.959
2025-12-26 14:41:51,106 [INFO]   GIB Avg Prob:            0.549
2025-12-26 14:41:51,106 [INFO]   Dispersion (θ):          51.846 ± 1.458
2025-12-26 14:41:51,106 [INFO]   Learning Rate:           0.000186
2025-12-26 14:41:51,137 [INFO] 
================================================================================
2025-12-26 14:41:51,138 [INFO] Epoch 177/300 (0.03s)
2025-12-26 14:41:51,138 [INFO] ================================================================================
2025-12-26 14:41:51,138 [INFO]   Total Loss:              1193.3356
2025-12-26 14:41:51,138 [INFO]   Recon Loss:              1180.4875
2025-12-26 14:41:51,138 [INFO]   🔥 Contrastive Loss:     8.4635
2025-12-26 14:41:51,138 [INFO]   🔥 Prototype Loss:       4.3846
2025-12-26 14:41:51,138 [INFO]     - Spot-to-Prototype:    0.1633
2025-12-26 14:41:51,138 [INFO]     - Compactness:         0.0408
2025-12-26 14:41:51,138 [INFO]     - Dispersion:          0.3555
2025-12-26 14:41:51,138 [INFO]   GIB Keep Rate:           0.959
2025-12-26 14:41:51,138 [INFO]   GIB Avg Prob:            0.549
2025-12-26 14:41:51,138 [INFO]   Dispersion (θ):          51.834 ± 1.461
2025-12-26 14:41:51,138 [INFO]   Learning Rate:           0.000183
2025-12-26 14:41:51,482 [INFO] 
================================================================================
2025-12-26 14:41:51,483 [INFO] Epoch 178/300 (0.05s)
2025-12-26 14:41:51,483 [INFO] ================================================================================
2025-12-26 14:41:51,483 [INFO]   Total Loss:              1193.5123
2025-12-26 14:41:51,483 [INFO]   Recon Loss:              1180.7637
2025-12-26 14:41:51,483 [INFO]   🔥 Contrastive Loss:     8.4263
2025-12-26 14:41:51,483 [INFO]   🔥 Prototype Loss:       4.3223
2025-12-26 14:41:51,483 [INFO]     - Spot-to-Prototype:    0.1599
2025-12-26 14:41:51,483 [INFO]     - Compactness:         0.0411
2025-12-26 14:41:51,483 [INFO]     - Dispersion:          0.3561
2025-12-26 14:41:51,483 [INFO]   GIB Keep Rate:           0.960
2025-12-26 14:41:51,483 [INFO]   GIB Avg Prob:            0.549
2025-12-26 14:41:51,483 [INFO]   Dispersion (θ):          51.823 ± 1.465
2025-12-26 14:41:51,483 [INFO]   Learning Rate:           0.000181
2025-12-26 14:41:51,517 [INFO] 
================================================================================
2025-12-26 14:41:51,517 [INFO] Epoch 179/300 (0.03s)
2025-12-26 14:41:51,517 [INFO] ================================================================================
2025-12-26 14:41:51,517 [INFO]   Total Loss:              1193.0404
2025-12-26 14:41:51,517 [INFO]   Recon Loss:              1180.3958
2025-12-26 14:41:51,517 [INFO]   🔥 Contrastive Loss:     8.4116
2025-12-26 14:41:51,517 [INFO]   🔥 Prototype Loss:       4.2330
2025-12-26 14:41:51,517 [INFO]     - Spot-to-Prototype:    0.1559
2025-12-26 14:41:51,517 [INFO]     - Compactness:         0.0402
2025-12-26 14:41:51,518 [INFO]     - Dispersion:          0.3565
2025-12-26 14:41:51,518 [INFO]   GIB Keep Rate:           0.959
2025-12-26 14:41:51,518 [INFO]   GIB Avg Prob:            0.549
2025-12-26 14:41:51,518 [INFO]   Dispersion (θ):          51.812 ± 1.468
2025-12-26 14:41:51,518 [INFO]   Learning Rate:           0.000178
2025-12-26 14:41:51,863 [INFO] 
================================================================================
2025-12-26 14:41:51,863 [INFO] Epoch 180/300 (0.05s)
2025-12-26 14:41:51,863 [INFO] ================================================================================
2025-12-26 14:41:51,863 [INFO]   Total Loss:              1192.9056
2025-12-26 14:41:51,863 [INFO]   Recon Loss:              1180.2268
2025-12-26 14:41:51,863 [INFO]   🔥 Contrastive Loss:     8.3887
2025-12-26 14:41:51,863 [INFO]   🔥 Prototype Loss:       4.2902
2025-12-26 14:41:51,863 [INFO]     - Spot-to-Prototype:    0.1544
2025-12-26 14:41:51,864 [INFO]     - Compactness:         0.0488
2025-12-26 14:41:51,864 [INFO]     - Dispersion:          0.3569
2025-12-26 14:41:51,864 [INFO]   GIB Keep Rate:           0.959
2025-12-26 14:41:51,864 [INFO]   GIB Avg Prob:            0.549
2025-12-26 14:41:51,864 [INFO]   Dispersion (θ):          51.801 ± 1.472
2025-12-26 14:41:51,864 [INFO]   Learning Rate:           0.000176
2025-12-26 14:41:52,251 [INFO] 
================================================================================
2025-12-26 14:41:52,251 [INFO] Epoch 181/300 (0.05s)
2025-12-26 14:41:52,251 [INFO] ================================================================================
2025-12-26 14:41:52,251 [INFO]   Total Loss:              1192.9363
2025-12-26 14:41:52,251 [INFO]   Recon Loss:              1180.2253
2025-12-26 14:41:52,251 [INFO]   🔥 Contrastive Loss:     8.4330
2025-12-26 14:41:52,251 [INFO]   🔥 Prototype Loss:       4.2780
2025-12-26 14:41:52,251 [INFO]     - Spot-to-Prototype:    0.1532
2025-12-26 14:41:52,251 [INFO]     - Compactness:         0.0500
2025-12-26 14:41:52,251 [INFO]     - Dispersion:          0.3571
2025-12-26 14:41:52,252 [INFO]   GIB Keep Rate:           0.959
2025-12-26 14:41:52,252 [INFO]   GIB Avg Prob:            0.549
2025-12-26 14:41:52,252 [INFO]   Dispersion (θ):          51.790 ± 1.475
2025-12-26 14:41:52,252 [INFO]   Learning Rate:           0.000174
2025-12-26 14:41:52,284 [INFO] 
================================================================================
2025-12-26 14:41:52,284 [INFO] Epoch 182/300 (0.03s)
2025-12-26 14:41:52,284 [INFO] ================================================================================
2025-12-26 14:41:52,284 [INFO]   Total Loss:              1192.9012
2025-12-26 14:41:52,284 [INFO]   Recon Loss:              1180.3114
2025-12-26 14:41:52,284 [INFO]   🔥 Contrastive Loss:     8.3857
2025-12-26 14:41:52,284 [INFO]   🔥 Prototype Loss:       4.2041
2025-12-26 14:41:52,284 [INFO]     - Spot-to-Prototype:    0.1496
2025-12-26 14:41:52,284 [INFO]     - Compactness:         0.0498
2025-12-26 14:41:52,284 [INFO]     - Dispersion:          0.3573
2025-12-26 14:41:52,284 [INFO]   GIB Keep Rate:           0.960
2025-12-26 14:41:52,284 [INFO]   GIB Avg Prob:            0.549
2025-12-26 14:41:52,284 [INFO]   Dispersion (θ):          51.780 ± 1.479
2025-12-26 14:41:52,284 [INFO]   Learning Rate:           0.000171
2025-12-26 14:41:52,625 [INFO] 
================================================================================
2025-12-26 14:41:52,626 [INFO] Epoch 183/300 (0.05s)
2025-12-26 14:41:52,626 [INFO] ================================================================================
2025-12-26 14:41:52,626 [INFO]   Total Loss:              1192.8170
2025-12-26 14:41:52,626 [INFO]   Recon Loss:              1180.2751
2025-12-26 14:41:52,626 [INFO]   🔥 Contrastive Loss:     8.3202
2025-12-26 14:41:52,626 [INFO]   🔥 Prototype Loss:       4.2216
2025-12-26 14:41:52,626 [INFO]     - Spot-to-Prototype:    0.1500
2025-12-26 14:41:52,626 [INFO]     - Compactness:         0.0507
2025-12-26 14:41:52,626 [INFO]     - Dispersion:          0.3574
2025-12-26 14:41:52,626 [INFO]   GIB Keep Rate:           0.959
2025-12-26 14:41:52,626 [INFO]   GIB Avg Prob:            0.549
2025-12-26 14:41:52,626 [INFO]   Dispersion (θ):          51.770 ± 1.482
2025-12-26 14:41:52,626 [INFO]   Learning Rate:           0.000169
2025-12-26 14:41:53,026 [INFO] 
================================================================================
2025-12-26 14:41:53,026 [INFO] Epoch 184/300 (0.05s)
2025-12-26 14:41:53,026 [INFO] ================================================================================
2025-12-26 14:41:53,026 [INFO]   Total Loss:              1192.6356
2025-12-26 14:41:53,026 [INFO]   Recon Loss:              1180.0072
2025-12-26 14:41:53,026 [INFO]   🔥 Contrastive Loss:     8.3753
2025-12-26 14:41:53,026 [INFO]   🔥 Prototype Loss:       4.2531
2025-12-26 14:41:53,026 [INFO]     - Spot-to-Prototype:    0.1514
2025-12-26 14:41:53,026 [INFO]     - Compactness:         0.0511
2025-12-26 14:41:53,027 [INFO]     - Dispersion:          0.3575
2025-12-26 14:41:53,027 [INFO]   GIB Keep Rate:           0.960
2025-12-26 14:41:53,027 [INFO]   GIB Avg Prob:            0.549
2025-12-26 14:41:53,027 [INFO]   Dispersion (θ):          51.760 ± 1.485
2025-12-26 14:41:53,027 [INFO]   Learning Rate:           0.000166
2025-12-26 14:41:53,420 [INFO] 
================================================================================
2025-12-26 14:41:53,420 [INFO] Epoch 185/300 (0.05s)
2025-12-26 14:41:53,420 [INFO] ================================================================================
2025-12-26 14:41:53,420 [INFO]   Total Loss:              1192.4988
2025-12-26 14:41:53,420 [INFO]   Recon Loss:              1180.1433
2025-12-26 14:41:53,421 [INFO]   🔥 Contrastive Loss:     8.2776
2025-12-26 14:41:53,421 [INFO]   🔥 Prototype Loss:       4.0778
2025-12-26 14:41:53,421 [INFO]     - Spot-to-Prototype:    0.1467
2025-12-26 14:41:53,421 [INFO]     - Compactness:         0.0429
2025-12-26 14:41:53,421 [INFO]     - Dispersion:          0.3575
2025-12-26 14:41:53,421 [INFO]   GIB Keep Rate:           0.960
2025-12-26 14:41:53,421 [INFO]   GIB Avg Prob:            0.549
2025-12-26 14:41:53,421 [INFO]   Dispersion (θ):          51.750 ± 1.488
2025-12-26 14:41:53,421 [INFO]   Learning Rate:           0.000164
2025-12-26 14:41:53,812 [INFO] 
================================================================================
2025-12-26 14:41:53,812 [INFO] Epoch 186/300 (0.05s)
2025-12-26 14:41:53,812 [INFO] ================================================================================
2025-12-26 14:41:53,812 [INFO]   Total Loss:              1192.2515
2025-12-26 14:41:53,812 [INFO]   Recon Loss:              1179.8324
2025-12-26 14:41:53,812 [INFO]   🔥 Contrastive Loss:     8.2918
2025-12-26 14:41:53,812 [INFO]   🔥 Prototype Loss:       4.1273
2025-12-26 14:41:53,813 [INFO]     - Spot-to-Prototype:    0.1496
2025-12-26 14:41:53,813 [INFO]     - Compactness:         0.0421
2025-12-26 14:41:53,813 [INFO]     - Dispersion:          0.3575
2025-12-26 14:41:53,813 [INFO]   GIB Keep Rate:           0.960
2025-12-26 14:41:53,813 [INFO]   GIB Avg Prob:            0.549
2025-12-26 14:41:53,813 [INFO]   Dispersion (θ):          51.740 ± 1.491
2025-12-26 14:41:53,813 [INFO]   Learning Rate:           0.000161
2025-12-26 14:41:54,184 [INFO] 
================================================================================
2025-12-26 14:41:54,184 [INFO] Epoch 187/300 (0.05s)
2025-12-26 14:41:54,184 [INFO] ================================================================================
2025-12-26 14:41:54,185 [INFO]   Total Loss:              1192.1475
2025-12-26 14:41:54,185 [INFO]   Recon Loss:              1179.6360
2025-12-26 14:41:54,185 [INFO]   🔥 Contrastive Loss:     8.3249
2025-12-26 14:41:54,185 [INFO]   🔥 Prototype Loss:       4.1865
2025-12-26 14:41:54,185 [INFO]     - Spot-to-Prototype:    0.1484
2025-12-26 14:41:54,185 [INFO]     - Compactness:         0.0503
2025-12-26 14:41:54,185 [INFO]     - Dispersion:          0.3575
2025-12-26 14:41:54,185 [INFO]   GIB Keep Rate:           0.960
2025-12-26 14:41:54,185 [INFO]   GIB Avg Prob:            0.549
2025-12-26 14:41:54,185 [INFO]   Dispersion (θ):          51.730 ± 1.494
2025-12-26 14:41:54,185 [INFO]   Learning Rate:           0.000159
2025-12-26 14:41:54,580 [INFO] 
================================================================================
2025-12-26 14:41:54,580 [INFO] Epoch 188/300 (0.05s)
2025-12-26 14:41:54,580 [INFO] ================================================================================
2025-12-26 14:41:54,580 [INFO]   Total Loss:              1191.8438
2025-12-26 14:41:54,581 [INFO]   Recon Loss:              1179.5109
2025-12-26 14:41:54,581 [INFO]   🔥 Contrastive Loss:     8.2852
2025-12-26 14:41:54,581 [INFO]   🔥 Prototype Loss:       4.0478
2025-12-26 14:41:54,581 [INFO]     - Spot-to-Prototype:    0.1458
2025-12-26 14:41:54,581 [INFO]     - Compactness:         0.0416
2025-12-26 14:41:54,581 [INFO]     - Dispersion:          0.3575
2025-12-26 14:41:54,581 [INFO]   GIB Keep Rate:           0.961
2025-12-26 14:41:54,581 [INFO]   GIB Avg Prob:            0.549
2025-12-26 14:41:54,581 [INFO]   Dispersion (θ):          51.721 ± 1.497
2025-12-26 14:41:54,581 [INFO]   Learning Rate:           0.000157
2025-12-26 14:41:54,992 [INFO] 
================================================================================
2025-12-26 14:41:54,992 [INFO] Epoch 189/300 (0.05s)
2025-12-26 14:41:54,992 [INFO] ================================================================================
2025-12-26 14:41:54,992 [INFO]   Total Loss:              1191.8658
2025-12-26 14:41:54,992 [INFO]   Recon Loss:              1179.5337
2025-12-26 14:41:54,992 [INFO]   🔥 Contrastive Loss:     8.3025
2025-12-26 14:41:54,992 [INFO]   🔥 Prototype Loss:       4.0297
2025-12-26 14:41:54,992 [INFO]     - Spot-to-Prototype:    0.1451
2025-12-26 14:41:54,992 [INFO]     - Compactness:         0.0413
2025-12-26 14:41:54,992 [INFO]     - Dispersion:          0.3575
2025-12-26 14:41:54,992 [INFO]   GIB Keep Rate:           0.961
2025-12-26 14:41:54,992 [INFO]   GIB Avg Prob:            0.549
2025-12-26 14:41:54,992 [INFO]   Dispersion (θ):          51.712 ± 1.500
2025-12-26 14:41:54,992 [INFO]   Learning Rate:           0.000154
2025-12-26 14:41:55,023 [INFO] 
================================================================================
2025-12-26 14:41:55,024 [INFO] Epoch 190/300 (0.03s)
2025-12-26 14:41:55,024 [INFO] ================================================================================
2025-12-26 14:41:55,024 [INFO]   Total Loss:              1192.0453
2025-12-26 14:41:55,024 [INFO]   Recon Loss:              1179.7454
2025-12-26 14:41:55,024 [INFO]   🔥 Contrastive Loss:     8.3150
2025-12-26 14:41:55,024 [INFO]   🔥 Prototype Loss:       3.9849
2025-12-26 14:41:55,024 [INFO]     - Spot-to-Prototype:    0.1423
2025-12-26 14:41:55,024 [INFO]     - Compactness:         0.0425
2025-12-26 14:41:55,024 [INFO]     - Dispersion:          0.3575
2025-12-26 14:41:55,024 [INFO]   GIB Keep Rate:           0.961
2025-12-26 14:41:55,024 [INFO]   GIB Avg Prob:            0.549
2025-12-26 14:41:55,024 [INFO]   Dispersion (θ):          51.703 ± 1.503
2025-12-26 14:41:55,024 [INFO]   Learning Rate:           0.000152
2025-12-26 14:41:55,057 [INFO] 
================================================================================
2025-12-26 14:41:55,058 [INFO] Epoch 191/300 (0.03s)
2025-12-26 14:41:55,058 [INFO] ================================================================================
2025-12-26 14:41:55,058 [INFO]   Total Loss:              1191.7418
2025-12-26 14:41:55,058 [INFO]   Recon Loss:              1179.5750
2025-12-26 14:41:55,058 [INFO]   🔥 Contrastive Loss:     8.2825
2025-12-26 14:41:55,058 [INFO]   🔥 Prototype Loss:       3.8844
2025-12-26 14:41:55,058 [INFO]     - Spot-to-Prototype:    0.1367
2025-12-26 14:41:55,058 [INFO]     - Compactness:         0.0435
2025-12-26 14:41:55,058 [INFO]     - Dispersion:          0.3575
2025-12-26 14:41:55,058 [INFO]   GIB Keep Rate:           0.961
2025-12-26 14:41:55,058 [INFO]   GIB Avg Prob:            0.549
2025-12-26 14:41:55,058 [INFO]   Dispersion (θ):          51.694 ± 1.506
2025-12-26 14:41:55,058 [INFO]   Learning Rate:           0.000149
2025-12-26 14:41:55,415 [INFO] 
================================================================================
2025-12-26 14:41:55,415 [INFO] Epoch 192/300 (0.05s)
2025-12-26 14:41:55,415 [INFO] ================================================================================
2025-12-26 14:41:55,415 [INFO]   Total Loss:              1191.5734
2025-12-26 14:41:55,415 [INFO]   Recon Loss:              1179.5552
2025-12-26 14:41:55,415 [INFO]   🔥 Contrastive Loss:     8.3044
2025-12-26 14:41:55,416 [INFO]   🔥 Prototype Loss:       3.7138
2025-12-26 14:41:55,416 [INFO]     - Spot-to-Prototype:    0.1289
2025-12-26 14:41:55,416 [INFO]     - Compactness:         0.0422
2025-12-26 14:41:55,416 [INFO]     - Dispersion:          0.3574
2025-12-26 14:41:55,416 [INFO]   GIB Keep Rate:           0.961
2025-12-26 14:41:55,416 [INFO]   GIB Avg Prob:            0.549
2025-12-26 14:41:55,416 [INFO]   Dispersion (θ):          51.686 ± 1.508
2025-12-26 14:41:55,416 [INFO]   Learning Rate:           0.000147
2025-12-26 14:41:55,808 [INFO] 
================================================================================
2025-12-26 14:41:55,808 [INFO] Epoch 193/300 (0.05s)
2025-12-26 14:41:55,808 [INFO] ================================================================================
2025-12-26 14:41:55,808 [INFO]   Total Loss:              1191.4877
2025-12-26 14:41:55,808 [INFO]   Recon Loss:              1179.5585
2025-12-26 14:41:55,809 [INFO]   🔥 Contrastive Loss:     8.2931
2025-12-26 14:41:55,809 [INFO]   🔥 Prototype Loss:       3.6362
2025-12-26 14:41:55,809 [INFO]     - Spot-to-Prototype:    0.1232
2025-12-26 14:41:55,809 [INFO]     - Compactness:         0.0457
2025-12-26 14:41:55,809 [INFO]     - Dispersion:          0.3574
2025-12-26 14:41:55,809 [INFO]   GIB Keep Rate:           0.961
2025-12-26 14:41:55,809 [INFO]   GIB Avg Prob:            0.549
2025-12-26 14:41:55,809 [INFO]   Dispersion (θ):          51.678 ± 1.511
2025-12-26 14:41:55,809 [INFO]   Learning Rate:           0.000145
2025-12-26 14:41:56,219 [INFO] 
================================================================================
2025-12-26 14:41:56,219 [INFO] Epoch 194/300 (0.05s)
2025-12-26 14:41:56,219 [INFO] ================================================================================
2025-12-26 14:41:56,220 [INFO]   Total Loss:              1190.9458
2025-12-26 14:41:56,220 [INFO]   Recon Loss:              1179.4867
2025-12-26 14:41:56,220 [INFO]   🔥 Contrastive Loss:     8.2858
2025-12-26 14:41:56,220 [INFO]   🔥 Prototype Loss:       3.1734
2025-12-26 14:41:56,220 [INFO]     - Spot-to-Prototype:    0.0995
2025-12-26 14:41:56,220 [INFO]     - Compactness:         0.0468
2025-12-26 14:41:56,220 [INFO]     - Dispersion:          0.3573
2025-12-26 14:41:56,220 [INFO]   GIB Keep Rate:           0.960
2025-12-26 14:41:56,220 [INFO]   GIB Avg Prob:            0.549
2025-12-26 14:41:56,220 [INFO]   Dispersion (θ):          51.671 ± 1.513
2025-12-26 14:41:56,220 [INFO]   Learning Rate:           0.000142
2025-12-26 14:41:56,604 [INFO] 
================================================================================
2025-12-26 14:41:56,604 [INFO] Epoch 195/300 (0.05s)
2025-12-26 14:41:56,605 [INFO] ================================================================================
2025-12-26 14:41:56,605 [INFO]   Total Loss:              1190.5122
2025-12-26 14:41:56,605 [INFO]   Recon Loss:              1179.4763
2025-12-26 14:41:56,605 [INFO]   🔥 Contrastive Loss:     8.3035
2025-12-26 14:41:56,605 [INFO]   🔥 Prototype Loss:       2.7324
2025-12-26 14:41:56,605 [INFO]     - Spot-to-Prototype:    0.0800
2025-12-26 14:41:56,605 [INFO]     - Compactness:         0.0418
2025-12-26 14:41:56,605 [INFO]     - Dispersion:          0.3572
2025-12-26 14:41:56,605 [INFO]   GIB Keep Rate:           0.961
2025-12-26 14:41:56,605 [INFO]   GIB Avg Prob:            0.549
2025-12-26 14:41:56,605 [INFO]   Dispersion (θ):          51.664 ± 1.515
2025-12-26 14:41:56,605 [INFO]   Learning Rate:           0.000140
2025-12-26 14:41:57,034 [INFO] 
================================================================================
2025-12-26 14:41:57,034 [INFO] Epoch 196/300 (0.05s)
2025-12-26 14:41:57,034 [INFO] ================================================================================
2025-12-26 14:41:57,035 [INFO]   Total Loss:              1190.1617
2025-12-26 14:41:57,035 [INFO]   Recon Loss:              1179.1440
2025-12-26 14:41:57,035 [INFO]   🔥 Contrastive Loss:     8.3105
2025-12-26 14:41:57,035 [INFO]   🔥 Prototype Loss:       2.7073
2025-12-26 14:41:57,035 [INFO]     - Spot-to-Prototype:    0.0785
2025-12-26 14:41:57,035 [INFO]     - Compactness:         0.0423
2025-12-26 14:41:57,035 [INFO]     - Dispersion:          0.3570
2025-12-26 14:41:57,035 [INFO]   GIB Keep Rate:           0.961
2025-12-26 14:41:57,035 [INFO]   GIB Avg Prob:            0.549
2025-12-26 14:41:57,035 [INFO]   Dispersion (θ):          51.657 ± 1.517
2025-12-26 14:41:57,035 [INFO]   Learning Rate:           0.000138
2025-12-26 14:41:57,445 [INFO] 
================================================================================
2025-12-26 14:41:57,445 [INFO] Epoch 197/300 (0.05s)
2025-12-26 14:41:57,445 [INFO] ================================================================================
2025-12-26 14:41:57,445 [INFO]   Total Loss:              1190.1019
2025-12-26 14:41:57,445 [INFO]   Recon Loss:              1179.0150
2025-12-26 14:41:57,445 [INFO]   🔥 Contrastive Loss:     8.2837
2025-12-26 14:41:57,445 [INFO]   🔥 Prototype Loss:       2.8032
2025-12-26 14:41:57,445 [INFO]     - Spot-to-Prototype:    0.0773
2025-12-26 14:41:57,445 [INFO]     - Compactness:         0.0544
2025-12-26 14:41:57,445 [INFO]     - Dispersion:          0.3566
2025-12-26 14:41:57,445 [INFO]   GIB Keep Rate:           0.961
2025-12-26 14:41:57,445 [INFO]   GIB Avg Prob:            0.549
2025-12-26 14:41:57,445 [INFO]   Dispersion (θ):          51.650 ± 1.519
2025-12-26 14:41:57,445 [INFO]   Learning Rate:           0.000136
2025-12-26 14:41:57,836 [INFO] 
================================================================================
2025-12-26 14:41:57,873 [INFO] Epoch 198/300 (0.05s)
2025-12-26 14:41:57,873 [INFO] ================================================================================
2025-12-26 14:41:57,873 [INFO]   Total Loss:              1190.2299
2025-12-26 14:41:57,873 [INFO]   Recon Loss:              1179.1108
2025-12-26 14:41:57,873 [INFO]   🔥 Contrastive Loss:     8.3362
2025-12-26 14:41:57,873 [INFO]   🔥 Prototype Loss:       2.7827
2025-12-26 14:41:57,873 [INFO]     - Spot-to-Prototype:    0.0769
2025-12-26 14:41:57,873 [INFO]     - Compactness:         0.0534
2025-12-26 14:41:57,874 [INFO]     - Dispersion:          0.3557
2025-12-26 14:41:57,874 [INFO]   GIB Keep Rate:           0.961
2025-12-26 14:41:57,874 [INFO]   GIB Avg Prob:            0.549
2025-12-26 14:41:57,874 [INFO]   Dispersion (θ):          51.643 ± 1.521
2025-12-26 14:41:57,874 [INFO]   Learning Rate:           0.000133
2025-12-26 14:41:57,918 [INFO] 
================================================================================
2025-12-26 14:41:57,918 [INFO] Epoch 199/300 (0.04s)
2025-12-26 14:41:57,918 [INFO] ================================================================================
2025-12-26 14:41:57,919 [INFO]   Total Loss:              1190.0560
2025-12-26 14:41:57,919 [INFO]   Recon Loss:              1179.0171
2025-12-26 14:41:57,919 [INFO]   🔥 Contrastive Loss:     8.2647
2025-12-26 14:41:57,919 [INFO]   🔥 Prototype Loss:       2.7742
2025-12-26 14:41:57,919 [INFO]     - Spot-to-Prototype:    0.0765
2025-12-26 14:41:57,919 [INFO]     - Compactness:         0.0535
2025-12-26 14:41:57,919 [INFO]     - Dispersion:          0.3543
2025-12-26 14:41:57,919 [INFO]   GIB Keep Rate:           0.961
2025-12-26 14:41:57,919 [INFO]   GIB Avg Prob:            0.549
2025-12-26 14:41:57,919 [INFO]   Dispersion (θ):          51.636 ± 1.524
2025-12-26 14:41:57,919 [INFO]   Learning Rate:           0.000131
2025-12-26 14:41:58,282 [INFO] 
================================================================================
2025-12-26 14:41:58,282 [INFO] Epoch 200/300 (0.04s)
2025-12-26 14:41:58,282 [INFO] ================================================================================
2025-12-26 14:41:58,282 [INFO]   Total Loss:              1189.8976
2025-12-26 14:41:58,282 [INFO]   Recon Loss:              1178.8558
2025-12-26 14:41:58,282 [INFO]   🔥 Contrastive Loss:     8.2677
2025-12-26 14:41:58,282 [INFO]   🔥 Prototype Loss:       2.7741
2025-12-26 14:41:58,282 [INFO]     - Spot-to-Prototype:    0.0771
2025-12-26 14:41:58,282 [INFO]     - Compactness:         0.0528
2025-12-26 14:41:58,283 [INFO]     - Dispersion:          0.3523
2025-12-26 14:41:58,283 [INFO]   GIB Keep Rate:           0.961
2025-12-26 14:41:58,283 [INFO]   GIB Avg Prob:            0.549
2025-12-26 14:41:58,283 [INFO]   Dispersion (θ):          51.630 ± 1.526
2025-12-26 14:41:58,283 [INFO]   Learning Rate:           0.000129
2025-12-26 14:41:58,683 [INFO] 
================================================================================
2025-12-26 14:41:58,683 [INFO] Epoch 201/300 (0.05s)
2025-12-26 14:41:58,683 [INFO] ================================================================================
2025-12-26 14:41:58,683 [INFO]   Total Loss:              1189.9092
2025-12-26 14:41:58,683 [INFO]   Recon Loss:              1178.9330
2025-12-26 14:41:58,684 [INFO]   🔥 Contrastive Loss:     8.2460
2025-12-26 14:41:58,684 [INFO]   🔥 Prototype Loss:       2.7302
2025-12-26 14:41:58,684 [INFO]     - Spot-to-Prototype:    0.0767
2025-12-26 14:41:58,684 [INFO]     - Compactness:         0.0496
2025-12-26 14:41:58,684 [INFO]     - Dispersion:          0.3499
2025-12-26 14:41:58,684 [INFO]   GIB Keep Rate:           0.961
2025-12-26 14:41:58,684 [INFO]   GIB Avg Prob:            0.549
2025-12-26 14:41:58,684 [INFO]   Dispersion (θ):          51.623 ± 1.528
2025-12-26 14:41:58,684 [INFO]   Learning Rate:           0.000127
2025-12-26 14:41:58,716 [INFO] 
================================================================================
2025-12-26 14:41:58,716 [INFO] Epoch 202/300 (0.03s)
2025-12-26 14:41:58,716 [INFO] ================================================================================
2025-12-26 14:41:58,716 [INFO]   Total Loss:              1189.7137
2025-12-26 14:41:58,716 [INFO]   Recon Loss:              1178.8138
2025-12-26 14:41:58,716 [INFO]   🔥 Contrastive Loss:     8.2137
2025-12-26 14:41:58,716 [INFO]   🔥 Prototype Loss:       2.6861
2025-12-26 14:41:58,716 [INFO]     - Spot-to-Prototype:    0.0757
2025-12-26 14:41:58,716 [INFO]     - Compactness:         0.0477
2025-12-26 14:41:58,716 [INFO]     - Dispersion:          0.3473
2025-12-26 14:41:58,716 [INFO]   GIB Keep Rate:           0.960
2025-12-26 14:41:58,716 [INFO]   GIB Avg Prob:            0.549
2025-12-26 14:41:58,716 [INFO]   Dispersion (θ):          51.616 ± 1.530
2025-12-26 14:41:58,716 [INFO]   Learning Rate:           0.000124
2025-12-26 14:41:59,076 [INFO] 
================================================================================
2025-12-26 14:41:59,076 [INFO] Epoch 203/300 (0.04s)
2025-12-26 14:41:59,076 [INFO] ================================================================================
2025-12-26 14:41:59,076 [INFO]   Total Loss:              1189.5575
2025-12-26 14:41:59,076 [INFO]   Recon Loss:              1178.5885
2025-12-26 14:41:59,076 [INFO]   🔥 Contrastive Loss:     8.2235
2025-12-26 14:41:59,076 [INFO]   🔥 Prototype Loss:       2.7455
2025-12-26 14:41:59,077 [INFO]     - Spot-to-Prototype:    0.0781
2025-12-26 14:41:59,077 [INFO]     - Compactness:         0.0495
2025-12-26 14:41:59,077 [INFO]     - Dispersion:          0.3446
2025-12-26 14:41:59,077 [INFO]   GIB Keep Rate:           0.962
2025-12-26 14:41:59,077 [INFO]   GIB Avg Prob:            0.549
2025-12-26 14:41:59,077 [INFO]   Dispersion (θ):          51.609 ± 1.532
2025-12-26 14:41:59,077 [INFO]   Learning Rate:           0.000122
2025-12-26 14:41:59,518 [INFO] 
================================================================================
2025-12-26 14:41:59,518 [INFO] Epoch 204/300 (0.05s)
2025-12-26 14:41:59,518 [INFO] ================================================================================
2025-12-26 14:41:59,518 [INFO]   Total Loss:              1189.7140
2025-12-26 14:41:59,518 [INFO]   Recon Loss:              1178.7280
2025-12-26 14:41:59,519 [INFO]   🔥 Contrastive Loss:     8.2270
2025-12-26 14:41:59,519 [INFO]   🔥 Prototype Loss:       2.7591
2025-12-26 14:41:59,519 [INFO]     - Spot-to-Prototype:    0.0794
2025-12-26 14:41:59,519 [INFO]     - Compactness:         0.0488
2025-12-26 14:41:59,519 [INFO]     - Dispersion:          0.3419
2025-12-26 14:41:59,519 [INFO]   GIB Keep Rate:           0.961
2025-12-26 14:41:59,519 [INFO]   GIB Avg Prob:            0.549
2025-12-26 14:41:59,519 [INFO]   Dispersion (θ):          51.602 ± 1.534
2025-12-26 14:41:59,519 [INFO]   Learning Rate:           0.000120
2025-12-26 14:41:59,551 [INFO] 
================================================================================
2025-12-26 14:41:59,551 [INFO] Epoch 205/300 (0.03s)
2025-12-26 14:41:59,551 [INFO] ================================================================================
2025-12-26 14:41:59,551 [INFO]   Total Loss:              1189.7444
2025-12-26 14:41:59,551 [INFO]   Recon Loss:              1178.7844
2025-12-26 14:41:59,551 [INFO]   🔥 Contrastive Loss:     8.2704
2025-12-26 14:41:59,551 [INFO]   🔥 Prototype Loss:       2.6896
2025-12-26 14:41:59,551 [INFO]     - Spot-to-Prototype:    0.0792
2025-12-26 14:41:59,551 [INFO]     - Compactness:         0.0428
2025-12-26 14:41:59,551 [INFO]     - Dispersion:          0.3390
2025-12-26 14:41:59,551 [INFO]   GIB Keep Rate:           0.961
2025-12-26 14:41:59,551 [INFO]   GIB Avg Prob:            0.549
2025-12-26 14:41:59,551 [INFO]   Dispersion (θ):          51.595 ± 1.536
2025-12-26 14:41:59,551 [INFO]   Learning Rate:           0.000118
2025-12-26 14:41:59,585 [INFO] 
================================================================================
2025-12-26 14:41:59,585 [INFO] Epoch 206/300 (0.03s)
2025-12-26 14:41:59,585 [INFO] ================================================================================
2025-12-26 14:41:59,585 [INFO]   Total Loss:              1189.7389
2025-12-26 14:41:59,585 [INFO]   Recon Loss:              1178.7865
2025-12-26 14:41:59,585 [INFO]   🔥 Contrastive Loss:     8.2502
2025-12-26 14:41:59,585 [INFO]   🔥 Prototype Loss:       2.7022
2025-12-26 14:41:59,585 [INFO]     - Spot-to-Prototype:    0.0800
2025-12-26 14:41:59,585 [INFO]     - Compactness:         0.0430
2025-12-26 14:41:59,586 [INFO]     - Dispersion:          0.3362
2025-12-26 14:41:59,586 [INFO]   GIB Keep Rate:           0.961
2025-12-26 14:41:59,586 [INFO]   GIB Avg Prob:            0.549
2025-12-26 14:41:59,586 [INFO]   Dispersion (θ):          51.588 ± 1.538
2025-12-26 14:41:59,586 [INFO]   Learning Rate:           0.000116
2025-12-26 14:41:59,616 [INFO] 
================================================================================
2025-12-26 14:41:59,616 [INFO] Epoch 207/300 (0.03s)
2025-12-26 14:41:59,616 [INFO] ================================================================================
2025-12-26 14:41:59,616 [INFO]   Total Loss:              1189.5466
2025-12-26 14:41:59,616 [INFO]   Recon Loss:              1178.6722
2025-12-26 14:41:59,617 [INFO]   🔥 Contrastive Loss:     8.2214
2025-12-26 14:41:59,617 [INFO]   🔥 Prototype Loss:       2.6529
2025-12-26 14:41:59,617 [INFO]     - Spot-to-Prototype:    0.0792
2025-12-26 14:41:59,617 [INFO]     - Compactness:         0.0403
2025-12-26 14:41:59,617 [INFO]     - Dispersion:          0.3331
2025-12-26 14:41:59,617 [INFO]   GIB Keep Rate:           0.960
2025-12-26 14:41:59,617 [INFO]   GIB Avg Prob:            0.549
2025-12-26 14:41:59,617 [INFO]   Dispersion (θ):          51.581 ± 1.541
2025-12-26 14:41:59,617 [INFO]   Learning Rate:           0.000113
2025-12-26 14:41:59,993 [INFO] 
================================================================================
2025-12-26 14:41:59,993 [INFO] Epoch 208/300 (0.04s)
2025-12-26 14:41:59,993 [INFO] ================================================================================
2025-12-26 14:41:59,993 [INFO]   Total Loss:              1189.3755
2025-12-26 14:41:59,993 [INFO]   Recon Loss:              1178.4658
2025-12-26 14:41:59,993 [INFO]   🔥 Contrastive Loss:     8.2614
2025-12-26 14:41:59,993 [INFO]   🔥 Prototype Loss:       2.6482
2025-12-26 14:41:59,993 [INFO]     - Spot-to-Prototype:    0.0796
2025-12-26 14:41:59,993 [INFO]     - Compactness:         0.0397
2025-12-26 14:41:59,993 [INFO]     - Dispersion:          0.3300
2025-12-26 14:41:59,993 [INFO]   GIB Keep Rate:           0.960
2025-12-26 14:41:59,993 [INFO]   GIB Avg Prob:            0.549
2025-12-26 14:41:59,993 [INFO]   Dispersion (θ):          51.575 ± 1.543
2025-12-26 14:41:59,993 [INFO]   Learning Rate:           0.000111
2025-12-26 14:42:00,393 [INFO] 
================================================================================
2025-12-26 14:42:00,393 [INFO] Epoch 209/300 (0.05s)
2025-12-26 14:42:00,393 [INFO] ================================================================================
2025-12-26 14:42:00,393 [INFO]   Total Loss:              1189.3591
2025-12-26 14:42:00,393 [INFO]   Recon Loss:              1178.4362
2025-12-26 14:42:00,393 [INFO]   🔥 Contrastive Loss:     8.2266
2025-12-26 14:42:00,393 [INFO]   🔥 Prototype Loss:       2.6964
2025-12-26 14:42:00,394 [INFO]     - Spot-to-Prototype:    0.0820
2025-12-26 14:42:00,394 [INFO]     - Compactness:         0.0403
2025-12-26 14:42:00,394 [INFO]     - Dispersion:          0.3268
2025-12-26 14:42:00,394 [INFO]   GIB Keep Rate:           0.959
2025-12-26 14:42:00,394 [INFO]   GIB Avg Prob:            0.549
2025-12-26 14:42:00,394 [INFO]   Dispersion (θ):          51.568 ± 1.545
2025-12-26 14:42:00,394 [INFO]   Learning Rate:           0.000109
2025-12-26 14:42:00,817 [INFO] 
================================================================================
2025-12-26 14:42:00,817 [INFO] Epoch 210/300 (0.04s)
2025-12-26 14:42:00,817 [INFO] ================================================================================
2025-12-26 14:42:00,817 [INFO]   Total Loss:              1189.3153
2025-12-26 14:42:00,817 [INFO]   Recon Loss:              1178.4084
2025-12-26 14:42:00,817 [INFO]   🔥 Contrastive Loss:     8.2125
2025-12-26 14:42:00,817 [INFO]   🔥 Prototype Loss:       2.6943
2025-12-26 14:42:00,817 [INFO]     - Spot-to-Prototype:    0.0821
2025-12-26 14:42:00,817 [INFO]     - Compactness:         0.0406
2025-12-26 14:42:00,817 [INFO]     - Dispersion:          0.3235
2025-12-26 14:42:00,817 [INFO]   GIB Keep Rate:           0.959
2025-12-26 14:42:00,817 [INFO]   GIB Avg Prob:            0.549
2025-12-26 14:42:00,817 [INFO]   Dispersion (θ):          51.561 ± 1.547
2025-12-26 14:42:00,817 [INFO]   Learning Rate:           0.000107
2025-12-26 14:42:01,199 [INFO] 
================================================================================
2025-12-26 14:42:01,200 [INFO] Epoch 211/300 (0.04s)
2025-12-26 14:42:01,200 [INFO] ================================================================================
2025-12-26 14:42:01,200 [INFO]   Total Loss:              1189.4139
2025-12-26 14:42:01,200 [INFO]   Recon Loss:              1178.4766
2025-12-26 14:42:01,200 [INFO]   🔥 Contrastive Loss:     8.2450
2025-12-26 14:42:01,200 [INFO]   🔥 Prototype Loss:       2.6924
2025-12-26 14:42:01,200 [INFO]     - Spot-to-Prototype:    0.0828
2025-12-26 14:42:01,200 [INFO]     - Compactness:         0.0397
2025-12-26 14:42:01,200 [INFO]     - Dispersion:          0.3203
2025-12-26 14:42:01,200 [INFO]   GIB Keep Rate:           0.959
2025-12-26 14:42:01,200 [INFO]   GIB Avg Prob:            0.549
2025-12-26 14:42:01,200 [INFO]   Dispersion (θ):          51.554 ± 1.549
2025-12-26 14:42:01,200 [INFO]   Learning Rate:           0.000105
2025-12-26 14:42:01,239 [INFO] 
================================================================================
2025-12-26 14:42:01,239 [INFO] Epoch 212/300 (0.04s)
2025-12-26 14:42:01,239 [INFO] ================================================================================
2025-12-26 14:42:01,239 [INFO]   Total Loss:              1189.1052
2025-12-26 14:42:01,239 [INFO]   Recon Loss:              1178.1309
2025-12-26 14:42:01,239 [INFO]   🔥 Contrastive Loss:     8.2120
2025-12-26 14:42:01,239 [INFO]   🔥 Prototype Loss:       2.7624
2025-12-26 14:42:01,240 [INFO]     - Spot-to-Prototype:    0.0835
2025-12-26 14:42:01,240 [INFO]     - Compactness:         0.0456
2025-12-26 14:42:01,240 [INFO]     - Dispersion:          0.3176
2025-12-26 14:42:01,240 [INFO]   GIB Keep Rate:           0.960
2025-12-26 14:42:01,240 [INFO]   GIB Avg Prob:            0.549
2025-12-26 14:42:01,240 [INFO]   Dispersion (θ):          51.547 ± 1.551
2025-12-26 14:42:01,240 [INFO]   Learning Rate:           0.000103
2025-12-26 14:42:01,590 [INFO] 
================================================================================
2025-12-26 14:42:01,590 [INFO] Epoch 213/300 (0.05s)
2025-12-26 14:42:01,590 [INFO] ================================================================================
2025-12-26 14:42:01,591 [INFO]   Total Loss:              1189.0320
2025-12-26 14:42:01,591 [INFO]   Recon Loss:              1178.1603
2025-12-26 14:42:01,591 [INFO]   🔥 Contrastive Loss:     8.1980
2025-12-26 14:42:01,591 [INFO]   🔥 Prototype Loss:       2.6737
2025-12-26 14:42:01,591 [INFO]     - Spot-to-Prototype:    0.0839
2025-12-26 14:42:01,591 [INFO]     - Compactness:         0.0364
2025-12-26 14:42:01,591 [INFO]     - Dispersion:          0.3157
2025-12-26 14:42:01,591 [INFO]   GIB Keep Rate:           0.960
2025-12-26 14:42:01,591 [INFO]   GIB Avg Prob:            0.548
2025-12-26 14:42:01,591 [INFO]   Dispersion (θ):          51.541 ± 1.553
2025-12-26 14:42:01,591 [INFO]   Learning Rate:           0.000101
2025-12-26 14:42:01,946 [INFO] 
================================================================================
2025-12-26 14:42:01,946 [INFO] Epoch 214/300 (0.04s)
2025-12-26 14:42:01,946 [INFO] ================================================================================
2025-12-26 14:42:01,946 [INFO]   Total Loss:              1189.0144
2025-12-26 14:42:01,946 [INFO]   Recon Loss:              1178.1608
2025-12-26 14:42:01,946 [INFO]   🔥 Contrastive Loss:     8.1857
2025-12-26 14:42:01,946 [INFO]   🔥 Prototype Loss:       2.6680
2025-12-26 14:42:01,946 [INFO]     - Spot-to-Prototype:    0.0840
2025-12-26 14:42:01,946 [INFO]     - Compactness:         0.0360
2025-12-26 14:42:01,946 [INFO]     - Dispersion:          0.3139
2025-12-26 14:42:01,946 [INFO]   GIB Keep Rate:           0.961
2025-12-26 14:42:01,946 [INFO]   GIB Avg Prob:            0.548
2025-12-26 14:42:01,947 [INFO]   Dispersion (θ):          51.534 ± 1.555
2025-12-26 14:42:01,947 [INFO]   Learning Rate:           0.000099
2025-12-26 14:42:02,370 [INFO] 
================================================================================
2025-12-26 14:42:02,370 [INFO] Epoch 215/300 (0.05s)
2025-12-26 14:42:02,370 [INFO] ================================================================================
2025-12-26 14:42:02,370 [INFO]   Total Loss:              1188.9500
2025-12-26 14:42:02,370 [INFO]   Recon Loss:              1178.0287
2025-12-26 14:42:02,371 [INFO]   🔥 Contrastive Loss:     8.1929
2025-12-26 14:42:02,371 [INFO]   🔥 Prototype Loss:       2.7284
2025-12-26 14:42:02,371 [INFO]     - Spot-to-Prototype:    0.0867
2025-12-26 14:42:02,371 [INFO]     - Compactness:         0.0368
2025-12-26 14:42:02,371 [INFO]     - Dispersion:          0.3134
2025-12-26 14:42:02,371 [INFO]   GIB Keep Rate:           0.960
2025-12-26 14:42:02,371 [INFO]   GIB Avg Prob:            0.548
2025-12-26 14:42:02,371 [INFO]   Dispersion (θ):          51.528 ± 1.557
2025-12-26 14:42:02,371 [INFO]   Learning Rate:           0.000097
2025-12-26 14:42:02,768 [INFO] 
================================================================================
2025-12-26 14:42:02,768 [INFO] Epoch 216/300 (0.05s)
2025-12-26 14:42:02,768 [INFO] ================================================================================
2025-12-26 14:42:02,768 [INFO]   Total Loss:              1189.1719
2025-12-26 14:42:02,768 [INFO]   Recon Loss:              1178.2732
2025-12-26 14:42:02,768 [INFO]   🔥 Contrastive Loss:     8.1969
2025-12-26 14:42:02,768 [INFO]   🔥 Prototype Loss:       2.7018
2025-12-26 14:42:02,769 [INFO]     - Spot-to-Prototype:    0.0866
2025-12-26 14:42:02,769 [INFO]     - Compactness:         0.0344
2025-12-26 14:42:02,769 [INFO]     - Dispersion:          0.3130
2025-12-26 14:42:02,769 [INFO]   GIB Keep Rate:           0.961
2025-12-26 14:42:02,769 [INFO]   GIB Avg Prob:            0.548
2025-12-26 14:42:02,769 [INFO]   Dispersion (θ):          51.521 ± 1.559
2025-12-26 14:42:02,769 [INFO]   Learning Rate:           0.000095
2025-12-26 14:42:02,800 [INFO] 
================================================================================
2025-12-26 14:42:02,800 [INFO] Epoch 217/300 (0.03s)
2025-12-26 14:42:02,800 [INFO] ================================================================================
2025-12-26 14:42:02,800 [INFO]   Total Loss:              1189.1562
2025-12-26 14:42:02,800 [INFO]   Recon Loss:              1178.2037
2025-12-26 14:42:02,800 [INFO]   🔥 Contrastive Loss:     8.1847
2025-12-26 14:42:02,800 [INFO]   🔥 Prototype Loss:       2.7678
2025-12-26 14:42:02,800 [INFO]     - Spot-to-Prototype:    0.0865
2025-12-26 14:42:02,800 [INFO]     - Compactness:         0.0413
2025-12-26 14:42:02,800 [INFO]     - Dispersion:          0.3129
2025-12-26 14:42:02,800 [INFO]   GIB Keep Rate:           0.960
2025-12-26 14:42:02,800 [INFO]   GIB Avg Prob:            0.548
2025-12-26 14:42:02,800 [INFO]   Dispersion (θ):          51.515 ± 1.561
2025-12-26 14:42:02,800 [INFO]   Learning Rate:           0.000093
2025-12-26 14:42:02,830 [INFO] 
================================================================================
2025-12-26 14:42:02,830 [INFO] Epoch 218/300 (0.03s)
2025-12-26 14:42:02,830 [INFO] ================================================================================
2025-12-26 14:42:02,830 [INFO]   Total Loss:              1188.9042
2025-12-26 14:42:02,830 [INFO]   Recon Loss:              1178.0638
2025-12-26 14:42:02,830 [INFO]   🔥 Contrastive Loss:     8.1185
2025-12-26 14:42:02,830 [INFO]   🔥 Prototype Loss:       2.7218
2025-12-26 14:42:02,830 [INFO]     - Spot-to-Prototype:    0.0874
2025-12-26 14:42:02,830 [INFO]     - Compactness:         0.0346
2025-12-26 14:42:02,830 [INFO]     - Dispersion:          0.3142
2025-12-26 14:42:02,830 [INFO]   GIB Keep Rate:           0.960
2025-12-26 14:42:02,830 [INFO]   GIB Avg Prob:            0.548
2025-12-26 14:42:02,831 [INFO]   Dispersion (θ):          51.509 ± 1.563
2025-12-26 14:42:02,831 [INFO]   Learning Rate:           0.000091
2025-12-26 14:42:03,221 [INFO] 
================================================================================
2025-12-26 14:42:03,222 [INFO] Epoch 219/300 (0.05s)
2025-12-26 14:42:03,222 [INFO] ================================================================================
2025-12-26 14:42:03,222 [INFO]   Total Loss:              1188.7529
2025-12-26 14:42:03,222 [INFO]   Recon Loss:              1177.8627
2025-12-26 14:42:03,222 [INFO]   🔥 Contrastive Loss:     8.1661
2025-12-26 14:42:03,222 [INFO]   🔥 Prototype Loss:       2.7241
2025-12-26 14:42:03,222 [INFO]     - Spot-to-Prototype:    0.0877
2025-12-26 14:42:03,222 [INFO]     - Compactness:         0.0339
2025-12-26 14:42:03,222 [INFO]     - Dispersion:          0.3154
2025-12-26 14:42:03,222 [INFO]   GIB Keep Rate:           0.961
2025-12-26 14:42:03,222 [INFO]   GIB Avg Prob:            0.548
2025-12-26 14:42:03,222 [INFO]   Dispersion (θ):          51.503 ± 1.564
2025-12-26 14:42:03,222 [INFO]   Learning Rate:           0.000089
2025-12-26 14:42:03,586 [INFO] 
================================================================================
2025-12-26 14:42:03,586 [INFO] Epoch 220/300 (0.04s)
2025-12-26 14:42:03,586 [INFO] ================================================================================
2025-12-26 14:42:03,586 [INFO]   Total Loss:              1188.8318
2025-12-26 14:42:03,587 [INFO]   Recon Loss:              1177.9149
2025-12-26 14:42:03,587 [INFO]   🔥 Contrastive Loss:     8.1674
2025-12-26 14:42:03,587 [INFO]   🔥 Prototype Loss:       2.7495
2025-12-26 14:42:03,587 [INFO]     - Spot-to-Prototype:    0.0890
2025-12-26 14:42:03,587 [INFO]     - Compactness:         0.0335
2025-12-26 14:42:03,587 [INFO]     - Dispersion:          0.3176
2025-12-26 14:42:03,587 [INFO]   GIB Keep Rate:           0.960
2025-12-26 14:42:03,587 [INFO]   GIB Avg Prob:            0.548
2025-12-26 14:42:03,587 [INFO]   Dispersion (θ):          51.498 ± 1.566
2025-12-26 14:42:03,587 [INFO]   Learning Rate:           0.000087
2025-12-26 14:42:03,618 [INFO] 
================================================================================
2025-12-26 14:42:03,618 [INFO] Epoch 221/300 (0.03s)
2025-12-26 14:42:03,618 [INFO] ================================================================================
2025-12-26 14:42:03,618 [INFO]   Total Loss:              1188.7058
2025-12-26 14:42:03,618 [INFO]   Recon Loss:              1177.8918
2025-12-26 14:42:03,618 [INFO]   🔥 Contrastive Loss:     8.0689
2025-12-26 14:42:03,618 [INFO]   🔥 Prototype Loss:       2.7451
2025-12-26 14:42:03,618 [INFO]     - Spot-to-Prototype:    0.0897
2025-12-26 14:42:03,618 [INFO]     - Compactness:         0.0311
2025-12-26 14:42:03,618 [INFO]     - Dispersion:          0.3201
2025-12-26 14:42:03,618 [INFO]   GIB Keep Rate:           0.959
2025-12-26 14:42:03,618 [INFO]   GIB Avg Prob:            0.548
2025-12-26 14:42:03,619 [INFO]   Dispersion (θ):          51.492 ± 1.568
2025-12-26 14:42:03,619 [INFO]   Learning Rate:           0.000085
2025-12-26 14:42:03,992 [INFO] 
================================================================================
2025-12-26 14:42:03,992 [INFO] Epoch 222/300 (0.05s)
2025-12-26 14:42:03,992 [INFO] ================================================================================
2025-12-26 14:42:03,992 [INFO]   Total Loss:              1188.5182
2025-12-26 14:42:03,992 [INFO]   Recon Loss:              1177.6824
2025-12-26 14:42:03,992 [INFO]   🔥 Contrastive Loss:     8.0839
2025-12-26 14:42:03,992 [INFO]   🔥 Prototype Loss:       2.7520
2025-12-26 14:42:03,992 [INFO]     - Spot-to-Prototype:    0.0903
2025-12-26 14:42:03,992 [INFO]     - Compactness:         0.0301
2025-12-26 14:42:03,992 [INFO]     - Dispersion:          0.3226
2025-12-26 14:42:03,992 [INFO]   GIB Keep Rate:           0.958
2025-12-26 14:42:03,993 [INFO]   GIB Avg Prob:            0.548
2025-12-26 14:42:03,993 [INFO]   Dispersion (θ):          51.486 ± 1.570
2025-12-26 14:42:03,993 [INFO]   Learning Rate:           0.000083
2025-12-26 14:42:04,349 [INFO] 
================================================================================
2025-12-26 14:42:04,350 [INFO] Epoch 223/300 (0.05s)
2025-12-26 14:42:04,350 [INFO] ================================================================================
2025-12-26 14:42:04,350 [INFO]   Total Loss:              1188.4906
2025-12-26 14:42:04,350 [INFO]   Recon Loss:              1177.5620
2025-12-26 14:42:04,350 [INFO]   🔥 Contrastive Loss:     8.1227
2025-12-26 14:42:04,350 [INFO]   🔥 Prototype Loss:       2.8059
2025-12-26 14:42:04,350 [INFO]     - Spot-to-Prototype:    0.0905
2025-12-26 14:42:04,350 [INFO]     - Compactness:         0.0345
2025-12-26 14:42:04,350 [INFO]     - Dispersion:          0.3250
2025-12-26 14:42:04,350 [INFO]   GIB Keep Rate:           0.958
2025-12-26 14:42:04,350 [INFO]   GIB Avg Prob:            0.548
2025-12-26 14:42:04,350 [INFO]   Dispersion (θ):          51.481 ± 1.571
2025-12-26 14:42:04,350 [INFO]   Learning Rate:           0.000081
2025-12-26 14:42:04,750 [INFO] 
================================================================================
2025-12-26 14:42:04,750 [INFO] Epoch 224/300 (0.05s)
2025-12-26 14:42:04,750 [INFO] ================================================================================
2025-12-26 14:42:04,750 [INFO]   Total Loss:              1188.6399
2025-12-26 14:42:04,750 [INFO]   Recon Loss:              1177.6979
2025-12-26 14:42:04,750 [INFO]   🔥 Contrastive Loss:     8.1123
2025-12-26 14:42:04,750 [INFO]   🔥 Prototype Loss:       2.8297
2025-12-26 14:42:04,750 [INFO]     - Spot-to-Prototype:    0.0911
2025-12-26 14:42:04,750 [INFO]     - Compactness:         0.0353
2025-12-26 14:42:04,751 [INFO]     - Dispersion:          0.3280
2025-12-26 14:42:04,751 [INFO]   GIB Keep Rate:           0.958
2025-12-26 14:42:04,751 [INFO]   GIB Avg Prob:            0.548
2025-12-26 14:42:04,751 [INFO]   Dispersion (θ):          51.476 ± 1.573
2025-12-26 14:42:04,751 [INFO]   Learning Rate:           0.000079
2025-12-26 14:42:04,784 [INFO] 
================================================================================
2025-12-26 14:42:04,784 [INFO] Epoch 225/300 (0.03s)
2025-12-26 14:42:04,784 [INFO] ================================================================================
2025-12-26 14:42:04,784 [INFO]   Total Loss:              1188.6528
2025-12-26 14:42:04,784 [INFO]   Recon Loss:              1177.7472
2025-12-26 14:42:04,784 [INFO]   🔥 Contrastive Loss:     8.1003
2025-12-26 14:42:04,784 [INFO]   🔥 Prototype Loss:       2.8055
2025-12-26 14:42:04,785 [INFO]     - Spot-to-Prototype:    0.0909
2025-12-26 14:42:04,785 [INFO]     - Compactness:         0.0323
2025-12-26 14:42:04,785 [INFO]     - Dispersion:          0.3318
2025-12-26 14:42:04,785 [INFO]   GIB Keep Rate:           0.959
2025-12-26 14:42:04,785 [INFO]   GIB Avg Prob:            0.548
2025-12-26 14:42:04,785 [INFO]   Dispersion (θ):          51.471 ± 1.574
2025-12-26 14:42:04,785 [INFO]   Learning Rate:           0.000077
2025-12-26 14:42:04,816 [INFO] 
================================================================================
2025-12-26 14:42:04,816 [INFO] Epoch 226/300 (0.03s)
2025-12-26 14:42:04,816 [INFO] ================================================================================
2025-12-26 14:42:04,816 [INFO]   Total Loss:              1188.5359
2025-12-26 14:42:04,816 [INFO]   Recon Loss:              1177.6110
2025-12-26 14:42:04,816 [INFO]   🔥 Contrastive Loss:     8.0871
2025-12-26 14:42:04,816 [INFO]   🔥 Prototype Loss:       2.8379
2025-12-26 14:42:04,816 [INFO]     - Spot-to-Prototype:    0.0926
2025-12-26 14:42:04,816 [INFO]     - Compactness:         0.0316
2025-12-26 14:42:04,816 [INFO]     - Dispersion:          0.3356
2025-12-26 14:42:04,816 [INFO]   GIB Keep Rate:           0.958
2025-12-26 14:42:04,816 [INFO]   GIB Avg Prob:            0.548
2025-12-26 14:42:04,816 [INFO]   Dispersion (θ):          51.465 ± 1.576
2025-12-26 14:42:04,816 [INFO]   Learning Rate:           0.000076
2025-12-26 14:42:04,846 [INFO] 
================================================================================
2025-12-26 14:42:04,847 [INFO] Epoch 227/300 (0.03s)
2025-12-26 14:42:04,847 [INFO] ================================================================================
2025-12-26 14:42:04,847 [INFO]   Total Loss:              1188.5111
2025-12-26 14:42:04,847 [INFO]   Recon Loss:              1177.6030
2025-12-26 14:42:04,847 [INFO]   🔥 Contrastive Loss:     8.0912
2025-12-26 14:42:04,847 [INFO]   🔥 Prototype Loss:       2.8168
2025-12-26 14:42:04,847 [INFO]     - Spot-to-Prototype:    0.0910
2025-12-26 14:42:04,847 [INFO]     - Compactness:         0.0319
2025-12-26 14:42:04,847 [INFO]     - Dispersion:          0.3395
2025-12-26 14:42:04,847 [INFO]   GIB Keep Rate:           0.957
2025-12-26 14:42:04,847 [INFO]   GIB Avg Prob:            0.548
2025-12-26 14:42:04,847 [INFO]   Dispersion (θ):          51.460 ± 1.578
2025-12-26 14:42:04,847 [INFO]   Learning Rate:           0.000074
2025-12-26 14:42:04,876 [INFO] 
================================================================================
2025-12-26 14:42:04,876 [INFO] Epoch 228/300 (0.03s)
2025-12-26 14:42:04,876 [INFO] ================================================================================
2025-12-26 14:42:04,876 [INFO]   Total Loss:              1188.4484
2025-12-26 14:42:04,876 [INFO]   Recon Loss:              1177.5481
2025-12-26 14:42:04,876 [INFO]   🔥 Contrastive Loss:     8.0535
2025-12-26 14:42:04,876 [INFO]   🔥 Prototype Loss:       2.8468
2025-12-26 14:42:04,877 [INFO]     - Spot-to-Prototype:    0.0920
2025-12-26 14:42:04,877 [INFO]     - Compactness:         0.0317
2025-12-26 14:42:04,877 [INFO]     - Dispersion:          0.3444
2025-12-26 14:42:04,877 [INFO]   GIB Keep Rate:           0.958
2025-12-26 14:42:04,877 [INFO]   GIB Avg Prob:            0.548
2025-12-26 14:42:04,877 [INFO]   Dispersion (θ):          51.456 ± 1.579
2025-12-26 14:42:04,877 [INFO]   Learning Rate:           0.000072
2025-12-26 14:42:05,236 [INFO] 
================================================================================
2025-12-26 14:42:05,236 [INFO] Epoch 229/300 (0.05s)
2025-12-26 14:42:05,237 [INFO] ================================================================================
2025-12-26 14:42:05,237 [INFO]   Total Loss:              1188.5726
2025-12-26 14:42:05,237 [INFO]   Recon Loss:              1177.6703
2025-12-26 14:42:05,237 [INFO]   🔥 Contrastive Loss:     8.0545
2025-12-26 14:42:05,237 [INFO]   🔥 Prototype Loss:       2.8477
2025-12-26 14:42:05,237 [INFO]     - Spot-to-Prototype:    0.0917
2025-12-26 14:42:05,237 [INFO]     - Compactness:         0.0316
2025-12-26 14:42:05,237 [INFO]     - Dispersion:          0.3493
2025-12-26 14:42:05,237 [INFO]   GIB Keep Rate:           0.959
2025-12-26 14:42:05,237 [INFO]   GIB Avg Prob:            0.548
2025-12-26 14:42:05,237 [INFO]   Dispersion (θ):          51.451 ± 1.580
2025-12-26 14:42:05,237 [INFO]   Learning Rate:           0.000070
2025-12-26 14:42:05,268 [INFO] 
================================================================================
2025-12-26 14:42:05,269 [INFO] Epoch 230/300 (0.03s)
2025-12-26 14:42:05,269 [INFO] ================================================================================
2025-12-26 14:42:05,269 [INFO]   Total Loss:              1188.2002
2025-12-26 14:42:05,269 [INFO]   Recon Loss:              1177.2670
2025-12-26 14:42:05,269 [INFO]   🔥 Contrastive Loss:     8.0964
2025-12-26 14:42:05,269 [INFO]   🔥 Prototype Loss:       2.8368
2025-12-26 14:42:05,269 [INFO]     - Spot-to-Prototype:    0.0921
2025-12-26 14:42:05,269 [INFO]     - Compactness:         0.0286
2025-12-26 14:42:05,269 [INFO]     - Dispersion:          0.3541
2025-12-26 14:42:05,269 [INFO]   GIB Keep Rate:           0.958
2025-12-26 14:42:05,269 [INFO]   GIB Avg Prob:            0.548
2025-12-26 14:42:05,269 [INFO]   Dispersion (θ):          51.446 ± 1.582
2025-12-26 14:42:05,269 [INFO]   Learning Rate:           0.000069
2025-12-26 14:42:05,689 [INFO] 
================================================================================
2025-12-26 14:42:05,689 [INFO] Epoch 231/300 (0.04s)
2025-12-26 14:42:05,689 [INFO] ================================================================================
2025-12-26 14:42:05,689 [INFO]   Total Loss:              1188.4175
2025-12-26 14:42:05,689 [INFO]   Recon Loss:              1177.4680
2025-12-26 14:42:05,689 [INFO]   🔥 Contrastive Loss:     8.0734
2025-12-26 14:42:05,689 [INFO]   🔥 Prototype Loss:       2.8760
2025-12-26 14:42:05,689 [INFO]     - Spot-to-Prototype:    0.0928
2025-12-26 14:42:05,689 [INFO]     - Compactness:         0.0302
2025-12-26 14:42:05,689 [INFO]     - Dispersion:          0.3589
2025-12-26 14:42:05,689 [INFO]   GIB Keep Rate:           0.958
2025-12-26 14:42:05,689 [INFO]   GIB Avg Prob:            0.548
2025-12-26 14:42:05,689 [INFO]   Dispersion (θ):          51.442 ± 1.583
2025-12-26 14:42:05,689 [INFO]   Learning Rate:           0.000067
2025-12-26 14:42:05,720 [INFO] 
================================================================================
2025-12-26 14:42:05,720 [INFO] Epoch 232/300 (0.03s)
2025-12-26 14:42:05,720 [INFO] ================================================================================
2025-12-26 14:42:05,720 [INFO]   Total Loss:              1188.2675
2025-12-26 14:42:05,720 [INFO]   Recon Loss:              1177.2910
2025-12-26 14:42:05,720 [INFO]   🔥 Contrastive Loss:     8.0677
2025-12-26 14:42:05,720 [INFO]   🔥 Prototype Loss:       2.9087
2025-12-26 14:42:05,720 [INFO]     - Spot-to-Prototype:    0.0940
2025-12-26 14:42:05,720 [INFO]     - Compactness:         0.0302
2025-12-26 14:42:05,720 [INFO]     - Dispersion:          0.3634
2025-12-26 14:42:05,720 [INFO]   GIB Keep Rate:           0.958
2025-12-26 14:42:05,720 [INFO]   GIB Avg Prob:            0.548
2025-12-26 14:42:05,720 [INFO]   Dispersion (θ):          51.437 ± 1.585
2025-12-26 14:42:05,720 [INFO]   Learning Rate:           0.000065
2025-12-26 14:42:05,751 [INFO] 
================================================================================
2025-12-26 14:42:05,751 [INFO] Epoch 233/300 (0.03s)
2025-12-26 14:42:05,751 [INFO] ================================================================================
2025-12-26 14:42:05,751 [INFO]   Total Loss:              1188.3895
2025-12-26 14:42:05,751 [INFO]   Recon Loss:              1177.4329
2025-12-26 14:42:05,751 [INFO]   🔥 Contrastive Loss:     8.0410
2025-12-26 14:42:05,751 [INFO]   🔥 Prototype Loss:       2.9156
2025-12-26 14:42:05,751 [INFO]     - Spot-to-Prototype:    0.0945
2025-12-26 14:42:05,751 [INFO]     - Compactness:         0.0290
2025-12-26 14:42:05,751 [INFO]     - Dispersion:          0.3679
2025-12-26 14:42:05,751 [INFO]   GIB Keep Rate:           0.959
2025-12-26 14:42:05,751 [INFO]   GIB Avg Prob:            0.548
2025-12-26 14:42:05,751 [INFO]   Dispersion (θ):          51.433 ± 1.586
2025-12-26 14:42:05,752 [INFO]   Learning Rate:           0.000063
2025-12-26 14:42:05,782 [INFO] 
================================================================================
2025-12-26 14:42:05,782 [INFO] Epoch 234/300 (0.03s)
2025-12-26 14:42:05,782 [INFO] ================================================================================
2025-12-26 14:42:05,782 [INFO]   Total Loss:              1188.0995
2025-12-26 14:42:05,782 [INFO]   Recon Loss:              1177.1792
2025-12-26 14:42:05,782 [INFO]   🔥 Contrastive Loss:     8.0279
2025-12-26 14:42:05,782 [INFO]   🔥 Prototype Loss:       2.8923
2025-12-26 14:42:05,782 [INFO]     - Spot-to-Prototype:    0.0934
2025-12-26 14:42:05,782 [INFO]     - Compactness:         0.0279
2025-12-26 14:42:05,782 [INFO]     - Dispersion:          0.3723
2025-12-26 14:42:05,782 [INFO]   GIB Keep Rate:           0.958
2025-12-26 14:42:05,782 [INFO]   GIB Avg Prob:            0.548
2025-12-26 14:42:05,782 [INFO]   Dispersion (θ):          51.429 ± 1.587
2025-12-26 14:42:05,782 [INFO]   Learning Rate:           0.000062
2025-12-26 14:42:06,194 [INFO] 
================================================================================
2025-12-26 14:42:06,194 [INFO] Epoch 235/300 (0.05s)
2025-12-26 14:42:06,194 [INFO] ================================================================================
2025-12-26 14:42:06,194 [INFO]   Total Loss:              1188.0251
2025-12-26 14:42:06,194 [INFO]   Recon Loss:              1177.1283
2025-12-26 14:42:06,194 [INFO]   🔥 Contrastive Loss:     7.9915
2025-12-26 14:42:06,195 [INFO]   🔥 Prototype Loss:       2.9054
2025-12-26 14:42:06,195 [INFO]     - Spot-to-Prototype:    0.0937
2025-12-26 14:42:06,195 [INFO]     - Compactness:         0.0279
2025-12-26 14:42:06,195 [INFO]     - Dispersion:          0.3766
2025-12-26 14:42:06,195 [INFO]   GIB Keep Rate:           0.959
2025-12-26 14:42:06,195 [INFO]   GIB Avg Prob:            0.548
2025-12-26 14:42:06,195 [INFO]   Dispersion (θ):          51.425 ± 1.588
2025-12-26 14:42:06,195 [INFO]   Learning Rate:           0.000060
2025-12-26 14:42:06,523 [INFO] 
================================================================================
2025-12-26 14:42:06,523 [INFO] Epoch 236/300 (0.04s)
2025-12-26 14:42:06,523 [INFO] ================================================================================
2025-12-26 14:42:06,523 [INFO]   Total Loss:              1188.4138
2025-12-26 14:42:06,523 [INFO]   Recon Loss:              1177.4441
2025-12-26 14:42:06,523 [INFO]   🔥 Contrastive Loss:     8.0066
2025-12-26 14:42:06,523 [INFO]   🔥 Prototype Loss:       2.9631
2025-12-26 14:42:06,523 [INFO]     - Spot-to-Prototype:    0.0945
2025-12-26 14:42:06,523 [INFO]     - Compactness:         0.0312
2025-12-26 14:42:06,523 [INFO]     - Dispersion:          0.3807
2025-12-26 14:42:06,524 [INFO]   GIB Keep Rate:           0.959
2025-12-26 14:42:06,524 [INFO]   GIB Avg Prob:            0.548
2025-12-26 14:42:06,524 [INFO]   Dispersion (θ):          51.421 ± 1.589
2025-12-26 14:42:06,524 [INFO]   Learning Rate:           0.000059
2025-12-26 14:42:06,555 [INFO] 
================================================================================
2025-12-26 14:42:06,555 [INFO] Epoch 237/300 (0.03s)
2025-12-26 14:42:06,556 [INFO] ================================================================================
2025-12-26 14:42:06,556 [INFO]   Total Loss:              1188.0845
2025-12-26 14:42:06,556 [INFO]   Recon Loss:              1177.1178
2025-12-26 14:42:06,556 [INFO]   🔥 Contrastive Loss:     8.0374
2025-12-26 14:42:06,556 [INFO]   🔥 Prototype Loss:       2.9293
2025-12-26 14:42:06,556 [INFO]     - Spot-to-Prototype:    0.0947
2025-12-26 14:42:06,556 [INFO]     - Compactness:         0.0266
2025-12-26 14:42:06,556 [INFO]     - Dispersion:          0.3847
2025-12-26 14:42:06,556 [INFO]   GIB Keep Rate:           0.957
2025-12-26 14:42:06,556 [INFO]   GIB Avg Prob:            0.548
2025-12-26 14:42:06,556 [INFO]   Dispersion (θ):          51.417 ± 1.590
2025-12-26 14:42:06,556 [INFO]   Learning Rate:           0.000057
2025-12-26 14:42:06,586 [INFO] 
================================================================================
2025-12-26 14:42:06,586 [INFO] Epoch 238/300 (0.03s)
2025-12-26 14:42:06,586 [INFO] ================================================================================
2025-12-26 14:42:06,586 [INFO]   Total Loss:              1188.1685
2025-12-26 14:42:06,587 [INFO]   Recon Loss:              1177.1298
2025-12-26 14:42:06,587 [INFO]   🔥 Contrastive Loss:     8.0487
2025-12-26 14:42:06,587 [INFO]   🔥 Prototype Loss:       2.9900
2025-12-26 14:42:06,587 [INFO]     - Spot-to-Prototype:    0.0951
2025-12-26 14:42:06,587 [INFO]     - Compactness:         0.0311
2025-12-26 14:42:06,587 [INFO]     - Dispersion:          0.3887
2025-12-26 14:42:06,587 [INFO]   GIB Keep Rate:           0.957
2025-12-26 14:42:06,587 [INFO]   GIB Avg Prob:            0.548
2025-12-26 14:42:06,587 [INFO]   Dispersion (θ):          51.414 ± 1.592
2025-12-26 14:42:06,587 [INFO]   Learning Rate:           0.000055
2025-12-26 14:42:06,618 [INFO] 
================================================================================
2025-12-26 14:42:06,619 [INFO] Epoch 239/300 (0.03s)
2025-12-26 14:42:06,619 [INFO] ================================================================================
2025-12-26 14:42:06,619 [INFO]   Total Loss:              1188.2552
2025-12-26 14:42:06,619 [INFO]   Recon Loss:              1177.2635
2025-12-26 14:42:06,619 [INFO]   🔥 Contrastive Loss:     8.0061
2025-12-26 14:42:06,619 [INFO]   🔥 Prototype Loss:       2.9855
2025-12-26 14:42:06,619 [INFO]     - Spot-to-Prototype:    0.0942
2025-12-26 14:42:06,619 [INFO]     - Compactness:         0.0317
2025-12-26 14:42:06,619 [INFO]     - Dispersion:          0.3925
2025-12-26 14:42:06,619 [INFO]   GIB Keep Rate:           0.958
2025-12-26 14:42:06,619 [INFO]   GIB Avg Prob:            0.548
2025-12-26 14:42:06,619 [INFO]   Dispersion (θ):          51.410 ± 1.593
2025-12-26 14:42:06,619 [INFO]   Learning Rate:           0.000054
2025-12-26 14:42:06,648 [INFO] 
================================================================================
2025-12-26 14:42:06,648 [INFO] Epoch 240/300 (0.03s)
2025-12-26 14:42:06,648 [INFO] ================================================================================
2025-12-26 14:42:06,648 [INFO]   Total Loss:              1188.1097
2025-12-26 14:42:06,648 [INFO]   Recon Loss:              1177.1405
2025-12-26 14:42:06,648 [INFO]   🔥 Contrastive Loss:     7.9767
2025-12-26 14:42:06,649 [INFO]   🔥 Prototype Loss:       2.9924
2025-12-26 14:42:06,649 [INFO]     - Spot-to-Prototype:    0.0945
2025-12-26 14:42:06,649 [INFO]     - Compactness:         0.0309
2025-12-26 14:42:06,649 [INFO]     - Dispersion:          0.3964
2025-12-26 14:42:06,649 [INFO]   GIB Keep Rate:           0.958
2025-12-26 14:42:06,649 [INFO]   GIB Avg Prob:            0.548
2025-12-26 14:42:06,649 [INFO]   Dispersion (θ):          51.407 ± 1.594
2025-12-26 14:42:06,649 [INFO]   Learning Rate:           0.000052
2025-12-26 14:42:06,677 [INFO] 
================================================================================
2025-12-26 14:42:06,677 [INFO] Epoch 241/300 (0.03s)
2025-12-26 14:42:06,677 [INFO] ================================================================================
2025-12-26 14:42:06,677 [INFO]   Total Loss:              1188.3468
2025-12-26 14:42:06,677 [INFO]   Recon Loss:              1177.3021
2025-12-26 14:42:06,677 [INFO]   🔥 Contrastive Loss:     8.0487
2025-12-26 14:42:06,677 [INFO]   🔥 Prototype Loss:       2.9960
2025-12-26 14:42:06,677 [INFO]     - Spot-to-Prototype:    0.0945
2025-12-26 14:42:06,677 [INFO]     - Compactness:         0.0305
2025-12-26 14:42:06,677 [INFO]     - Dispersion:          0.4005
2025-12-26 14:42:06,677 [INFO]   GIB Keep Rate:           0.959
2025-12-26 14:42:06,677 [INFO]   GIB Avg Prob:            0.548
2025-12-26 14:42:06,677 [INFO]   Dispersion (θ):          51.404 ± 1.595
2025-12-26 14:42:06,677 [INFO]   Learning Rate:           0.000051
2025-12-26 14:42:06,708 [INFO] 
================================================================================
2025-12-26 14:42:06,708 [INFO] Epoch 242/300 (0.03s)
2025-12-26 14:42:06,708 [INFO] ================================================================================
2025-12-26 14:42:06,708 [INFO]   Total Loss:              1187.9618
2025-12-26 14:42:06,708 [INFO]   Recon Loss:              1176.9430
2025-12-26 14:42:06,708 [INFO]   🔥 Contrastive Loss:     8.0075
2025-12-26 14:42:06,708 [INFO]   🔥 Prototype Loss:       3.0112
2025-12-26 14:42:06,709 [INFO]     - Spot-to-Prototype:    0.0946
2025-12-26 14:42:06,709 [INFO]     - Compactness:         0.0310
2025-12-26 14:42:06,709 [INFO]     - Dispersion:          0.4045
2025-12-26 14:42:06,709 [INFO]   GIB Keep Rate:           0.958
2025-12-26 14:42:06,709 [INFO]   GIB Avg Prob:            0.548
2025-12-26 14:42:06,709 [INFO]   Dispersion (θ):          51.400 ± 1.596
2025-12-26 14:42:06,709 [INFO]   Learning Rate:           0.000049
2025-12-26 14:42:07,029 [INFO] 
================================================================================
2025-12-26 14:42:07,029 [INFO] Epoch 243/300 (0.04s)
2025-12-26 14:42:07,029 [INFO] ================================================================================
2025-12-26 14:42:07,029 [INFO]   Total Loss:              1188.2672
2025-12-26 14:42:07,030 [INFO]   Recon Loss:              1177.1710
2025-12-26 14:42:07,030 [INFO]   🔥 Contrastive Loss:     8.0842
2025-12-26 14:42:07,030 [INFO]   🔥 Prototype Loss:       3.0120
2025-12-26 14:42:07,030 [INFO]     - Spot-to-Prototype:    0.0945
2025-12-26 14:42:07,030 [INFO]     - Compactness:         0.0305
2025-12-26 14:42:07,030 [INFO]     - Dispersion:          0.4085
2025-12-26 14:42:07,030 [INFO]   GIB Keep Rate:           0.958
2025-12-26 14:42:07,030 [INFO]   GIB Avg Prob:            0.548
2025-12-26 14:42:07,030 [INFO]   Dispersion (θ):          51.397 ± 1.597
2025-12-26 14:42:07,030 [INFO]   Learning Rate:           0.000048
2025-12-26 14:42:07,064 [INFO] 
================================================================================
2025-12-26 14:42:07,064 [INFO] Epoch 244/300 (0.03s)
2025-12-26 14:42:07,064 [INFO] ================================================================================
2025-12-26 14:42:07,064 [INFO]   Total Loss:              1188.0703
2025-12-26 14:42:07,064 [INFO]   Recon Loss:              1177.0281
2025-12-26 14:42:07,064 [INFO]   🔥 Contrastive Loss:     8.0336
2025-12-26 14:42:07,064 [INFO]   🔥 Prototype Loss:       3.0087
2025-12-26 14:42:07,064 [INFO]     - Spot-to-Prototype:    0.0941
2025-12-26 14:42:07,064 [INFO]     - Compactness:         0.0303
2025-12-26 14:42:07,064 [INFO]     - Dispersion:          0.4122
2025-12-26 14:42:07,064 [INFO]   GIB Keep Rate:           0.957
2025-12-26 14:42:07,064 [INFO]   GIB Avg Prob:            0.548
2025-12-26 14:42:07,065 [INFO]   Dispersion (θ):          51.394 ± 1.597
2025-12-26 14:42:07,065 [INFO]   Learning Rate:           0.000046
2025-12-26 14:42:07,095 [INFO] 
================================================================================
2025-12-26 14:42:07,095 [INFO] Epoch 245/300 (0.03s)
2025-12-26 14:42:07,095 [INFO] ================================================================================
2025-12-26 14:42:07,095 [INFO]   Total Loss:              1188.0237
2025-12-26 14:42:07,095 [INFO]   Recon Loss:              1176.9513
2025-12-26 14:42:07,095 [INFO]   🔥 Contrastive Loss:     8.0191
2025-12-26 14:42:07,095 [INFO]   🔥 Prototype Loss:       3.0532
2025-12-26 14:42:07,095 [INFO]     - Spot-to-Prototype:    0.0954
2025-12-26 14:42:07,095 [INFO]     - Compactness:         0.0313
2025-12-26 14:42:07,095 [INFO]     - Dispersion:          0.4158
2025-12-26 14:42:07,095 [INFO]   GIB Keep Rate:           0.958
2025-12-26 14:42:07,095 [INFO]   GIB Avg Prob:            0.548
2025-12-26 14:42:07,095 [INFO]   Dispersion (θ):          51.391 ± 1.598
2025-12-26 14:42:07,095 [INFO]   Learning Rate:           0.000045
2025-12-26 14:42:07,125 [INFO] 
================================================================================
2025-12-26 14:42:07,126 [INFO] Epoch 246/300 (0.03s)
2025-12-26 14:42:07,126 [INFO] ================================================================================
2025-12-26 14:42:07,126 [INFO]   Total Loss:              1188.0210
2025-12-26 14:42:07,126 [INFO]   Recon Loss:              1177.0000
2025-12-26 14:42:07,126 [INFO]   🔥 Contrastive Loss:     7.9806
2025-12-26 14:42:07,126 [INFO]   🔥 Prototype Loss:       3.0404
2025-12-26 14:42:07,126 [INFO]     - Spot-to-Prototype:    0.0947
2025-12-26 14:42:07,126 [INFO]     - Compactness:         0.0308
2025-12-26 14:42:07,126 [INFO]     - Dispersion:          0.4192
2025-12-26 14:42:07,126 [INFO]   GIB Keep Rate:           0.958
2025-12-26 14:42:07,126 [INFO]   GIB Avg Prob:            0.548
2025-12-26 14:42:07,126 [INFO]   Dispersion (θ):          51.389 ± 1.599
2025-12-26 14:42:07,126 [INFO]   Learning Rate:           0.000044
2025-12-26 14:42:07,156 [INFO] 
================================================================================
2025-12-26 14:42:07,156 [INFO] Epoch 247/300 (0.03s)
2025-12-26 14:42:07,156 [INFO] ================================================================================
2025-12-26 14:42:07,156 [INFO]   Total Loss:              1188.2484
2025-12-26 14:42:07,156 [INFO]   Recon Loss:              1177.2662
2025-12-26 14:42:07,156 [INFO]   🔥 Contrastive Loss:     7.9393
2025-12-26 14:42:07,156 [INFO]   🔥 Prototype Loss:       3.0428
2025-12-26 14:42:07,156 [INFO]     - Spot-to-Prototype:    0.0949
2025-12-26 14:42:07,156 [INFO]     - Compactness:         0.0300
2025-12-26 14:42:07,156 [INFO]     - Dispersion:          0.4229
2025-12-26 14:42:07,156 [INFO]   GIB Keep Rate:           0.960
2025-12-26 14:42:07,156 [INFO]   GIB Avg Prob:            0.548
2025-12-26 14:42:07,156 [INFO]   Dispersion (θ):          51.386 ± 1.600
2025-12-26 14:42:07,156 [INFO]   Learning Rate:           0.000042
2025-12-26 14:42:07,185 [INFO] 
================================================================================
2025-12-26 14:42:07,185 [INFO] Epoch 248/300 (0.03s)
2025-12-26 14:42:07,185 [INFO] ================================================================================
2025-12-26 14:42:07,185 [INFO]   Total Loss:              1187.9537
2025-12-26 14:42:07,185 [INFO]   Recon Loss:              1176.9617
2025-12-26 14:42:07,185 [INFO]   🔥 Contrastive Loss:     7.9642
2025-12-26 14:42:07,185 [INFO]   🔥 Prototype Loss:       3.0278
2025-12-26 14:42:07,185 [INFO]     - Spot-to-Prototype:    0.0936
2025-12-26 14:42:07,185 [INFO]     - Compactness:         0.0302
2025-12-26 14:42:07,185 [INFO]     - Dispersion:          0.4265
2025-12-26 14:42:07,185 [INFO]   GIB Keep Rate:           0.958
2025-12-26 14:42:07,186 [INFO]   GIB Avg Prob:            0.548
2025-12-26 14:42:07,186 [INFO]   Dispersion (θ):          51.383 ± 1.601
2025-12-26 14:42:07,186 [INFO]   Learning Rate:           0.000041
2025-12-26 14:42:07,519 [INFO] 
================================================================================
2025-12-26 14:42:07,520 [INFO] Epoch 249/300 (0.05s)
2025-12-26 14:42:07,520 [INFO] ================================================================================
2025-12-26 14:42:07,520 [INFO]   Total Loss:              1187.7899
2025-12-26 14:42:07,520 [INFO]   Recon Loss:              1176.7836
2025-12-26 14:42:07,520 [INFO]   🔥 Contrastive Loss:     7.9802
2025-12-26 14:42:07,520 [INFO]   🔥 Prototype Loss:       3.0262
2025-12-26 14:42:07,520 [INFO]     - Spot-to-Prototype:    0.0934
2025-12-26 14:42:07,520 [INFO]     - Compactness:         0.0299
2025-12-26 14:42:07,520 [INFO]     - Dispersion:          0.4297
2025-12-26 14:42:07,520 [INFO]   GIB Keep Rate:           0.959
2025-12-26 14:42:07,520 [INFO]   GIB Avg Prob:            0.549
2025-12-26 14:42:07,520 [INFO]   Dispersion (θ):          51.381 ± 1.602
2025-12-26 14:42:07,520 [INFO]   Learning Rate:           0.000039
2025-12-26 14:42:07,992 [INFO] 
================================================================================
2025-12-26 14:42:07,993 [INFO] Epoch 250/300 (0.04s)
2025-12-26 14:42:07,993 [INFO] ================================================================================
2025-12-26 14:42:07,993 [INFO]   Total Loss:              1187.9325
2025-12-26 14:42:07,993 [INFO]   Recon Loss:              1176.8817
2025-12-26 14:42:07,993 [INFO]   🔥 Contrastive Loss:     7.9801
2025-12-26 14:42:07,993 [INFO]   🔥 Prototype Loss:       3.0707
2025-12-26 14:42:07,993 [INFO]     - Spot-to-Prototype:    0.0947
2025-12-26 14:42:07,993 [INFO]     - Compactness:         0.0311
2025-12-26 14:42:07,993 [INFO]     - Dispersion:          0.4326
2025-12-26 14:42:07,993 [INFO]   GIB Keep Rate:           0.958
2025-12-26 14:42:07,993 [INFO]   GIB Avg Prob:            0.548
2025-12-26 14:42:07,993 [INFO]   Dispersion (θ):          51.378 ± 1.602
2025-12-26 14:42:07,993 [INFO]   Learning Rate:           0.000038
2025-12-26 14:42:08,025 [INFO] 
================================================================================
2025-12-26 14:42:08,025 [INFO] Epoch 251/300 (0.03s)
2025-12-26 14:42:08,025 [INFO] ================================================================================
2025-12-26 14:42:08,026 [INFO]   Total Loss:              1187.8363
2025-12-26 14:42:08,026 [INFO]   Recon Loss:              1176.7997
2025-12-26 14:42:08,026 [INFO]   🔥 Contrastive Loss:     7.9791
2025-12-26 14:42:08,026 [INFO]   🔥 Prototype Loss:       3.0575
2025-12-26 14:42:08,026 [INFO]     - Spot-to-Prototype:    0.0938
2025-12-26 14:42:08,026 [INFO]     - Compactness:         0.0311
2025-12-26 14:42:08,026 [INFO]     - Dispersion:          0.4355
2025-12-26 14:42:08,026 [INFO]   GIB Keep Rate:           0.958
2025-12-26 14:42:08,026 [INFO]   GIB Avg Prob:            0.548
2025-12-26 14:42:08,026 [INFO]   Dispersion (θ):          51.376 ± 1.603
2025-12-26 14:42:08,026 [INFO]   Learning Rate:           0.000037
2025-12-26 14:42:08,058 [INFO] 
================================================================================
2025-12-26 14:42:08,059 [INFO] Epoch 252/300 (0.03s)
2025-12-26 14:42:08,059 [INFO] ================================================================================
2025-12-26 14:42:08,059 [INFO]   Total Loss:              1187.7716
2025-12-26 14:42:08,059 [INFO]   Recon Loss:              1176.7552
2025-12-26 14:42:08,059 [INFO]   🔥 Contrastive Loss:     7.9636
2025-12-26 14:42:08,059 [INFO]   🔥 Prototype Loss:       3.0527
2025-12-26 14:42:08,059 [INFO]     - Spot-to-Prototype:    0.0931
2025-12-26 14:42:08,059 [INFO]     - Compactness:         0.0315
2025-12-26 14:42:08,059 [INFO]     - Dispersion:          0.4381
2025-12-26 14:42:08,059 [INFO]   GIB Keep Rate:           0.959
2025-12-26 14:42:08,059 [INFO]   GIB Avg Prob:            0.549
2025-12-26 14:42:08,059 [INFO]   Dispersion (θ):          51.373 ± 1.604
2025-12-26 14:42:08,059 [INFO]   Learning Rate:           0.000036
2025-12-26 14:42:08,400 [INFO] 
================================================================================
2025-12-26 14:42:08,400 [INFO] Epoch 253/300 (0.05s)
2025-12-26 14:42:08,400 [INFO] ================================================================================
2025-12-26 14:42:08,400 [INFO]   Total Loss:              1187.6783
2025-12-26 14:42:08,401 [INFO]   Recon Loss:              1176.6646
2025-12-26 14:42:08,401 [INFO]   🔥 Contrastive Loss:     7.9437
2025-12-26 14:42:08,401 [INFO]   🔥 Prototype Loss:       3.0700
2025-12-26 14:42:08,401 [INFO]     - Spot-to-Prototype:    0.0937
2025-12-26 14:42:08,401 [INFO]     - Compactness:         0.0315
2025-12-26 14:42:08,401 [INFO]     - Dispersion:          0.4404
2025-12-26 14:42:08,401 [INFO]   GIB Keep Rate:           0.959
2025-12-26 14:42:08,401 [INFO]   GIB Avg Prob:            0.549
2025-12-26 14:42:08,401 [INFO]   Dispersion (θ):          51.371 ± 1.604
2025-12-26 14:42:08,401 [INFO]   Learning Rate:           0.000034
2025-12-26 14:42:08,792 [INFO] 
================================================================================
2025-12-26 14:42:08,792 [INFO] Epoch 254/300 (0.05s)
2025-12-26 14:42:08,792 [INFO] ================================================================================
2025-12-26 14:42:08,792 [INFO]   Total Loss:              1187.8278
2025-12-26 14:42:08,792 [INFO]   Recon Loss:              1176.7869
2025-12-26 14:42:08,792 [INFO]   🔥 Contrastive Loss:     7.9799
2025-12-26 14:42:08,793 [INFO]   🔥 Prototype Loss:       3.0610
2025-12-26 14:42:08,793 [INFO]     - Spot-to-Prototype:    0.0934
2025-12-26 14:42:08,793 [INFO]     - Compactness:         0.0307
2025-12-26 14:42:08,793 [INFO]     - Dispersion:          0.4426
2025-12-26 14:42:08,793 [INFO]   GIB Keep Rate:           0.958
2025-12-26 14:42:08,793 [INFO]   GIB Avg Prob:            0.549
2025-12-26 14:42:08,793 [INFO]   Dispersion (θ):          51.369 ± 1.605
2025-12-26 14:42:08,793 [INFO]   Learning Rate:           0.000033
2025-12-26 14:42:08,825 [INFO] 
================================================================================
2025-12-26 14:42:08,825 [INFO] Epoch 255/300 (0.03s)
2025-12-26 14:42:08,825 [INFO] ================================================================================
2025-12-26 14:42:08,825 [INFO]   Total Loss:              1187.8438
2025-12-26 14:42:08,825 [INFO]   Recon Loss:              1176.8757
2025-12-26 14:42:08,825 [INFO]   🔥 Contrastive Loss:     7.9290
2025-12-26 14:42:08,825 [INFO]   🔥 Prototype Loss:       3.0391
2025-12-26 14:42:08,825 [INFO]     - Spot-to-Prototype:    0.0919
2025-12-26 14:42:08,825 [INFO]     - Compactness:         0.0312
2025-12-26 14:42:08,826 [INFO]     - Dispersion:          0.4446
2025-12-26 14:42:08,826 [INFO]   GIB Keep Rate:           0.957
2025-12-26 14:42:08,826 [INFO]   GIB Avg Prob:            0.549
2025-12-26 14:42:08,826 [INFO]   Dispersion (θ):          51.367 ± 1.606
2025-12-26 14:42:08,826 [INFO]   Learning Rate:           0.000032
2025-12-26 14:42:08,855 [INFO] 
================================================================================
2025-12-26 14:42:08,855 [INFO] Epoch 256/300 (0.03s)
2025-12-26 14:42:08,855 [INFO] ================================================================================
2025-12-26 14:42:08,855 [INFO]   Total Loss:              1187.6617
2025-12-26 14:42:08,855 [INFO]   Recon Loss:              1176.6848
2025-12-26 14:42:08,855 [INFO]   🔥 Contrastive Loss:     7.9607
2025-12-26 14:42:08,855 [INFO]   🔥 Prototype Loss:       3.0162
2025-12-26 14:42:08,856 [INFO]     - Spot-to-Prototype:    0.0909
2025-12-26 14:42:08,856 [INFO]     - Compactness:         0.0306
2025-12-26 14:42:08,856 [INFO]     - Dispersion:          0.4462
2025-12-26 14:42:08,856 [INFO]   GIB Keep Rate:           0.959
2025-12-26 14:42:08,856 [INFO]   GIB Avg Prob:            0.549
2025-12-26 14:42:08,856 [INFO]   Dispersion (θ):          51.365 ± 1.606
2025-12-26 14:42:08,856 [INFO]   Learning Rate:           0.000031
2025-12-26 14:42:09,193 [INFO] 
================================================================================
2025-12-26 14:42:09,193 [INFO] Epoch 257/300 (0.05s)
2025-12-26 14:42:09,193 [INFO] ================================================================================
2025-12-26 14:42:09,193 [INFO]   Total Loss:              1187.6724
2025-12-26 14:42:09,193 [INFO]   Recon Loss:              1176.7404
2025-12-26 14:42:09,193 [INFO]   🔥 Contrastive Loss:     7.9125
2025-12-26 14:42:09,193 [INFO]   🔥 Prototype Loss:       3.0195
2025-12-26 14:42:09,193 [INFO]     - Spot-to-Prototype:    0.0909
2025-12-26 14:42:09,193 [INFO]     - Compactness:         0.0306
2025-12-26 14:42:09,193 [INFO]     - Dispersion:          0.4477
2025-12-26 14:42:09,193 [INFO]   GIB Keep Rate:           0.958
2025-12-26 14:42:09,193 [INFO]   GIB Avg Prob:            0.549
2025-12-26 14:42:09,193 [INFO]   Dispersion (θ):          51.363 ± 1.607
2025-12-26 14:42:09,193 [INFO]   Learning Rate:           0.000030
2025-12-26 14:42:09,224 [INFO] 
================================================================================
2025-12-26 14:42:09,225 [INFO] Epoch 258/300 (0.03s)
2025-12-26 14:42:09,225 [INFO] ================================================================================
2025-12-26 14:42:09,225 [INFO]   Total Loss:              1187.7815
2025-12-26 14:42:09,225 [INFO]   Recon Loss:              1176.8363
2025-12-26 14:42:09,225 [INFO]   🔥 Contrastive Loss:     7.9337
2025-12-26 14:42:09,225 [INFO]   🔥 Prototype Loss:       3.0114
2025-12-26 14:42:09,225 [INFO]     - Spot-to-Prototype:    0.0906
2025-12-26 14:42:09,225 [INFO]     - Compactness:         0.0302
2025-12-26 14:42:09,225 [INFO]     - Dispersion:          0.4489
2025-12-26 14:42:09,225 [INFO]   GIB Keep Rate:           0.957
2025-12-26 14:42:09,225 [INFO]   GIB Avg Prob:            0.548
2025-12-26 14:42:09,225 [INFO]   Dispersion (θ):          51.361 ± 1.607
2025-12-26 14:42:09,225 [INFO]   Learning Rate:           0.000029
2025-12-26 14:42:09,254 [INFO] 
================================================================================
2025-12-26 14:42:09,254 [INFO] Epoch 259/300 (0.03s)
2025-12-26 14:42:09,255 [INFO] ================================================================================
2025-12-26 14:42:09,255 [INFO]   Total Loss:              1187.6091
2025-12-26 14:42:09,255 [INFO]   Recon Loss:              1176.5972
2025-12-26 14:42:09,255 [INFO]   🔥 Contrastive Loss:     7.9642
2025-12-26 14:42:09,255 [INFO]   🔥 Prototype Loss:       3.0478
2025-12-26 14:42:09,255 [INFO]     - Spot-to-Prototype:    0.0920
2025-12-26 14:42:09,255 [INFO]     - Compactness:         0.0308
2025-12-26 14:42:09,255 [INFO]     - Dispersion:          0.4499
2025-12-26 14:42:09,255 [INFO]   GIB Keep Rate:           0.957
2025-12-26 14:42:09,255 [INFO]   GIB Avg Prob:            0.549
2025-12-26 14:42:09,255 [INFO]   Dispersion (θ):          51.359 ± 1.608
2025-12-26 14:42:09,255 [INFO]   Learning Rate:           0.000027
2025-12-26 14:42:09,590 [INFO] 
================================================================================
2025-12-26 14:42:09,591 [INFO] Epoch 260/300 (0.05s)
2025-12-26 14:42:09,591 [INFO] ================================================================================
2025-12-26 14:42:09,591 [INFO]   Total Loss:              1187.7028
2025-12-26 14:42:09,591 [INFO]   Recon Loss:              1176.7096
2025-12-26 14:42:09,591 [INFO]   🔥 Contrastive Loss:     7.9652
2025-12-26 14:42:09,591 [INFO]   🔥 Prototype Loss:       3.0280
2025-12-26 14:42:09,591 [INFO]     - Spot-to-Prototype:    0.0908
2025-12-26 14:42:09,591 [INFO]     - Compactness:         0.0311
2025-12-26 14:42:09,591 [INFO]     - Dispersion:          0.4506
2025-12-26 14:42:09,591 [INFO]   GIB Keep Rate:           0.958
2025-12-26 14:42:09,591 [INFO]   GIB Avg Prob:            0.548
2025-12-26 14:42:09,591 [INFO]   Dispersion (θ):          51.358 ± 1.608
2025-12-26 14:42:09,591 [INFO]   Learning Rate:           0.000026
2025-12-26 14:42:09,622 [INFO] 
================================================================================
2025-12-26 14:42:09,622 [INFO] Epoch 261/300 (0.03s)
2025-12-26 14:42:09,623 [INFO] ================================================================================
2025-12-26 14:42:09,623 [INFO]   Total Loss:              1187.5785
2025-12-26 14:42:09,623 [INFO]   Recon Loss:              1176.6354
2025-12-26 14:42:09,623 [INFO]   🔥 Contrastive Loss:     7.9456
2025-12-26 14:42:09,623 [INFO]   🔥 Prototype Loss:       2.9976
2025-12-26 14:42:09,623 [INFO]     - Spot-to-Prototype:    0.0898
2025-12-26 14:42:09,623 [INFO]     - Compactness:         0.0300
2025-12-26 14:42:09,623 [INFO]     - Dispersion:          0.4511
2025-12-26 14:42:09,623 [INFO]   GIB Keep Rate:           0.958
2025-12-26 14:42:09,623 [INFO]   GIB Avg Prob:            0.549
2025-12-26 14:42:09,623 [INFO]   Dispersion (θ):          51.356 ± 1.609
2025-12-26 14:42:09,623 [INFO]   Learning Rate:           0.000025
2025-12-26 14:42:09,982 [INFO] 
================================================================================
2025-12-26 14:42:09,983 [INFO] Epoch 262/300 (0.05s)
2025-12-26 14:42:09,983 [INFO] ================================================================================
2025-12-26 14:42:09,983 [INFO]   Total Loss:              1187.5006
2025-12-26 14:42:09,983 [INFO]   Recon Loss:              1176.6371
2025-12-26 14:42:09,983 [INFO]   🔥 Contrastive Loss:     7.8834
2025-12-26 14:42:09,983 [INFO]   🔥 Prototype Loss:       2.9802
2025-12-26 14:42:09,983 [INFO]     - Spot-to-Prototype:    0.0885
2025-12-26 14:42:09,983 [INFO]     - Compactness:         0.0307
2025-12-26 14:42:09,983 [INFO]     - Dispersion:          0.4513
2025-12-26 14:42:09,983 [INFO]   GIB Keep Rate:           0.958
2025-12-26 14:42:09,983 [INFO]   GIB Avg Prob:            0.549
2025-12-26 14:42:09,983 [INFO]   Dispersion (θ):          51.355 ± 1.609
2025-12-26 14:42:09,983 [INFO]   Learning Rate:           0.000024
2025-12-26 14:42:10,368 [INFO] 
================================================================================
2025-12-26 14:42:10,368 [INFO] Epoch 263/300 (0.04s)
2025-12-26 14:42:10,368 [INFO] ================================================================================
2025-12-26 14:42:10,368 [INFO]   Total Loss:              1187.6609
2025-12-26 14:42:10,368 [INFO]   Recon Loss:              1176.8069
2025-12-26 14:42:10,368 [INFO]   🔥 Contrastive Loss:     7.9333
2025-12-26 14:42:10,368 [INFO]   🔥 Prototype Loss:       2.9207
2025-12-26 14:42:10,368 [INFO]     - Spot-to-Prototype:    0.0858
2025-12-26 14:42:10,368 [INFO]     - Compactness:         0.0302
2025-12-26 14:42:10,368 [INFO]     - Dispersion:          0.4514
2025-12-26 14:42:10,368 [INFO]   GIB Keep Rate:           0.958
2025-12-26 14:42:10,368 [INFO]   GIB Avg Prob:            0.548
2025-12-26 14:42:10,368 [INFO]   Dispersion (θ):          51.353 ± 1.610
2025-12-26 14:42:10,368 [INFO]   Learning Rate:           0.000023
2025-12-26 14:42:10,399 [INFO] 
================================================================================
2025-12-26 14:42:10,400 [INFO] Epoch 264/300 (0.03s)
2025-12-26 14:42:10,400 [INFO] ================================================================================
2025-12-26 14:42:10,400 [INFO]   Total Loss:              1187.4757
2025-12-26 14:42:10,400 [INFO]   Recon Loss:              1176.5763
2025-12-26 14:42:10,400 [INFO]   🔥 Contrastive Loss:     7.9280
2025-12-26 14:42:10,400 [INFO]   🔥 Prototype Loss:       2.9714
2025-12-26 14:42:10,400 [INFO]     - Spot-to-Prototype:    0.0880
2025-12-26 14:42:10,400 [INFO]     - Compactness:         0.0308
2025-12-26 14:42:10,400 [INFO]     - Dispersion:          0.4513
2025-12-26 14:42:10,400 [INFO]   GIB Keep Rate:           0.958
2025-12-26 14:42:10,400 [INFO]   GIB Avg Prob:            0.549
2025-12-26 14:42:10,400 [INFO]   Dispersion (θ):          51.352 ± 1.610
2025-12-26 14:42:10,400 [INFO]   Learning Rate:           0.000022
2025-12-26 14:42:10,736 [INFO] 
================================================================================
2025-12-26 14:42:10,737 [INFO] Epoch 265/300 (0.05s)
2025-12-26 14:42:10,737 [INFO] ================================================================================
2025-12-26 14:42:10,737 [INFO]   Total Loss:              1187.5035
2025-12-26 14:42:10,737 [INFO]   Recon Loss:              1176.6931
2025-12-26 14:42:10,737 [INFO]   🔥 Contrastive Loss:     7.9019
2025-12-26 14:42:10,737 [INFO]   🔥 Prototype Loss:       2.9084
2025-12-26 14:42:10,737 [INFO]     - Spot-to-Prototype:    0.0848
2025-12-26 14:42:10,737 [INFO]     - Compactness:         0.0310
2025-12-26 14:42:10,737 [INFO]     - Dispersion:          0.4509
2025-12-26 14:42:10,737 [INFO]   GIB Keep Rate:           0.959
2025-12-26 14:42:10,737 [INFO]   GIB Avg Prob:            0.549
2025-12-26 14:42:10,737 [INFO]   Dispersion (θ):          51.350 ± 1.610
2025-12-26 14:42:10,737 [INFO]   Learning Rate:           0.000021
2025-12-26 14:42:10,768 [INFO] 
================================================================================
2025-12-26 14:42:10,769 [INFO] Epoch 266/300 (0.03s)
2025-12-26 14:42:10,769 [INFO] ================================================================================
2025-12-26 14:42:10,769 [INFO]   Total Loss:              1187.4662
2025-12-26 14:42:10,769 [INFO]   Recon Loss:              1176.6016
2025-12-26 14:42:10,769 [INFO]   🔥 Contrastive Loss:     7.9552
2025-12-26 14:42:10,769 [INFO]   🔥 Prototype Loss:       2.9095
2025-12-26 14:42:10,769 [INFO]     - Spot-to-Prototype:    0.0861
2025-12-26 14:42:10,769 [INFO]     - Compactness:         0.0287
2025-12-26 14:42:10,769 [INFO]     - Dispersion:          0.4504
2025-12-26 14:42:10,769 [INFO]   GIB Keep Rate:           0.957
2025-12-26 14:42:10,769 [INFO]   GIB Avg Prob:            0.549
2025-12-26 14:42:10,769 [INFO]   Dispersion (θ):          51.349 ± 1.611
2025-12-26 14:42:10,769 [INFO]   Learning Rate:           0.000021
2025-12-26 14:42:11,120 [INFO] 
================================================================================
2025-12-26 14:42:11,120 [INFO] Epoch 267/300 (0.05s)
2025-12-26 14:42:11,121 [INFO] ================================================================================
2025-12-26 14:42:11,121 [INFO]   Total Loss:              1187.5792
2025-12-26 14:42:11,121 [INFO]   Recon Loss:              1176.7252
2025-12-26 14:42:11,121 [INFO]   🔥 Contrastive Loss:     7.9281
2025-12-26 14:42:11,121 [INFO]   🔥 Prototype Loss:       2.9260
2025-12-26 14:42:11,121 [INFO]     - Spot-to-Prototype:    0.0862
2025-12-26 14:42:11,121 [INFO]     - Compactness:         0.0303
2025-12-26 14:42:11,121 [INFO]     - Dispersion:          0.4497
2025-12-26 14:42:11,121 [INFO]   GIB Keep Rate:           0.958
2025-12-26 14:42:11,121 [INFO]   GIB Avg Prob:            0.549
2025-12-26 14:42:11,121 [INFO]   Dispersion (θ):          51.348 ± 1.611
2025-12-26 14:42:11,121 [INFO]   Learning Rate:           0.000020
2025-12-26 14:42:11,152 [INFO] 
================================================================================
2025-12-26 14:42:11,152 [INFO] Epoch 268/300 (0.03s)
2025-12-26 14:42:11,152 [INFO] ================================================================================
2025-12-26 14:42:11,152 [INFO]   Total Loss:              1187.4741
2025-12-26 14:42:11,152 [INFO]   Recon Loss:              1176.6078
2025-12-26 14:42:11,153 [INFO]   🔥 Contrastive Loss:     7.9421
2025-12-26 14:42:11,153 [INFO]   🔥 Prototype Loss:       2.9242
2025-12-26 14:42:11,153 [INFO]     - Spot-to-Prototype:    0.0852
2025-12-26 14:42:11,153 [INFO]     - Compactness:         0.0323
2025-12-26 14:42:11,153 [INFO]     - Dispersion:          0.4488
2025-12-26 14:42:11,153 [INFO]   GIB Keep Rate:           0.958
2025-12-26 14:42:11,153 [INFO]   GIB Avg Prob:            0.549
2025-12-26 14:42:11,153 [INFO]   Dispersion (θ):          51.347 ± 1.611
2025-12-26 14:42:11,153 [INFO]   Learning Rate:           0.000019
2025-12-26 14:42:11,182 [INFO] 
================================================================================
2025-12-26 14:42:11,183 [INFO] Epoch 269/300 (0.03s)
2025-12-26 14:42:11,183 [INFO] ================================================================================
2025-12-26 14:42:11,183 [INFO]   Total Loss:              1187.4976
2025-12-26 14:42:11,183 [INFO]   Recon Loss:              1176.6798
2025-12-26 14:42:11,183 [INFO]   🔥 Contrastive Loss:     7.9557
2025-12-26 14:42:11,183 [INFO]   🔥 Prototype Loss:       2.8620
2025-12-26 14:42:11,183 [INFO]     - Spot-to-Prototype:    0.0849
2025-12-26 14:42:11,183 [INFO]     - Compactness:         0.0269
2025-12-26 14:42:11,183 [INFO]     - Dispersion:          0.4477
2025-12-26 14:42:11,183 [INFO]   GIB Keep Rate:           0.958
2025-12-26 14:42:11,183 [INFO]   GIB Avg Prob:            0.549
2025-12-26 14:42:11,183 [INFO]   Dispersion (θ):          51.346 ± 1.612
2025-12-26 14:42:11,183 [INFO]   Learning Rate:           0.000018
2025-12-26 14:42:11,213 [INFO] 
================================================================================
2025-12-26 14:42:11,213 [INFO] Epoch 270/300 (0.03s)
2025-12-26 14:42:11,213 [INFO] ================================================================================
2025-12-26 14:42:11,213 [INFO]   Total Loss:              1187.4790
2025-12-26 14:42:11,213 [INFO]   Recon Loss:              1176.6056
2025-12-26 14:42:11,213 [INFO]   🔥 Contrastive Loss:     7.9934
2025-12-26 14:42:11,213 [INFO]   🔥 Prototype Loss:       2.8801
2025-12-26 14:42:11,213 [INFO]     - Spot-to-Prototype:    0.0849
2025-12-26 14:42:11,213 [INFO]     - Compactness:         0.0289
2025-12-26 14:42:11,213 [INFO]     - Dispersion:          0.4464
2025-12-26 14:42:11,214 [INFO]   GIB Keep Rate:           0.958
2025-12-26 14:42:11,214 [INFO]   GIB Avg Prob:            0.549
2025-12-26 14:42:11,214 [INFO]   Dispersion (θ):          51.345 ± 1.612
2025-12-26 14:42:11,214 [INFO]   Learning Rate:           0.000017
2025-12-26 14:42:11,244 [INFO] 
================================================================================
2025-12-26 14:42:11,244 [INFO] Epoch 271/300 (0.03s)
2025-12-26 14:42:11,244 [INFO] ================================================================================
2025-12-26 14:42:11,244 [INFO]   Total Loss:              1187.3146
2025-12-26 14:42:11,244 [INFO]   Recon Loss:              1176.5414
2025-12-26 14:42:11,244 [INFO]   🔥 Contrastive Loss:     7.9323
2025-12-26 14:42:11,244 [INFO]   🔥 Prototype Loss:       2.8409
2025-12-26 14:42:11,244 [INFO]     - Spot-to-Prototype:    0.0819
2025-12-26 14:42:11,244 [INFO]     - Compactness:         0.0313
2025-12-26 14:42:11,244 [INFO]     - Dispersion:          0.4449
2025-12-26 14:42:11,244 [INFO]   GIB Keep Rate:           0.959
2025-12-26 14:42:11,244 [INFO]   GIB Avg Prob:            0.549
2025-12-26 14:42:11,244 [INFO]   Dispersion (θ):          51.344 ± 1.612
2025-12-26 14:42:11,244 [INFO]   Learning Rate:           0.000016
2025-12-26 14:42:11,612 [INFO] 
================================================================================
2025-12-26 14:42:11,612 [INFO] Epoch 272/300 (0.05s)
2025-12-26 14:42:11,613 [INFO] ================================================================================
2025-12-26 14:42:11,613 [INFO]   Total Loss:              1187.4484
2025-12-26 14:42:11,613 [INFO]   Recon Loss:              1176.6036
2025-12-26 14:42:11,613 [INFO]   🔥 Contrastive Loss:     7.9358
2025-12-26 14:42:11,613 [INFO]   🔥 Prototype Loss:       2.9090
2025-12-26 14:42:11,613 [INFO]     - Spot-to-Prototype:    0.0832
2025-12-26 14:42:11,613 [INFO]     - Compactness:         0.0359
2025-12-26 14:42:11,613 [INFO]     - Dispersion:          0.4433
2025-12-26 14:42:11,613 [INFO]   GIB Keep Rate:           0.957
2025-12-26 14:42:11,613 [INFO]   GIB Avg Prob:            0.548
2025-12-26 14:42:11,613 [INFO]   Dispersion (θ):          51.343 ± 1.613
2025-12-26 14:42:11,613 [INFO]   Learning Rate:           0.000016
2025-12-26 14:42:11,645 [INFO] 
================================================================================
2025-12-26 14:42:11,645 [INFO] Epoch 273/300 (0.03s)
2025-12-26 14:42:11,645 [INFO] ================================================================================
2025-12-26 14:42:11,645 [INFO]   Total Loss:              1187.2775
2025-12-26 14:42:11,645 [INFO]   Recon Loss:              1176.4624
2025-12-26 14:42:11,645 [INFO]   🔥 Contrastive Loss:     7.9675
2025-12-26 14:42:11,645 [INFO]   🔥 Prototype Loss:       2.8475
2025-12-26 14:42:11,645 [INFO]     - Spot-to-Prototype:    0.0846
2025-12-26 14:42:11,645 [INFO]     - Compactness:         0.0271
2025-12-26 14:42:11,645 [INFO]     - Dispersion:          0.4416
2025-12-26 14:42:11,645 [INFO]   GIB Keep Rate:           0.956
2025-12-26 14:42:11,645 [INFO]   GIB Avg Prob:            0.548
2025-12-26 14:42:11,645 [INFO]   Dispersion (θ):          51.342 ± 1.613
2025-12-26 14:42:11,645 [INFO]   Learning Rate:           0.000015
2025-12-26 14:42:12,023 [INFO] 
================================================================================
2025-12-26 14:42:12,023 [INFO] Epoch 274/300 (0.05s)
2025-12-26 14:42:12,023 [INFO] ================================================================================
2025-12-26 14:42:12,023 [INFO]   Total Loss:              1187.2190
2025-12-26 14:42:12,023 [INFO]   Recon Loss:              1176.4823
2025-12-26 14:42:12,024 [INFO]   🔥 Contrastive Loss:     7.9384
2025-12-26 14:42:12,024 [INFO]   🔥 Prototype Loss:       2.7982
2025-12-26 14:42:12,024 [INFO]     - Spot-to-Prototype:    0.0814
2025-12-26 14:42:12,024 [INFO]     - Compactness:         0.0290
2025-12-26 14:42:12,024 [INFO]     - Dispersion:          0.4397
2025-12-26 14:42:12,024 [INFO]   GIB Keep Rate:           0.958
2025-12-26 14:42:12,024 [INFO]   GIB Avg Prob:            0.549
2025-12-26 14:42:12,024 [INFO]   Dispersion (θ):          51.342 ± 1.613
2025-12-26 14:42:12,024 [INFO]   Learning Rate:           0.000014
2025-12-26 14:42:12,428 [INFO] 
================================================================================
2025-12-26 14:42:12,428 [INFO] Epoch 275/300 (0.04s)
2025-12-26 14:42:12,428 [INFO] ================================================================================
2025-12-26 14:42:12,428 [INFO]   Total Loss:              1187.4132
2025-12-26 14:42:12,428 [INFO]   Recon Loss:              1176.6023
2025-12-26 14:42:12,428 [INFO]   🔥 Contrastive Loss:     7.9454
2025-12-26 14:42:12,428 [INFO]   🔥 Prototype Loss:       2.8656
2025-12-26 14:42:12,428 [INFO]     - Spot-to-Prototype:    0.0814
2025-12-26 14:42:12,428 [INFO]     - Compactness:         0.0362
2025-12-26 14:42:12,428 [INFO]     - Dispersion:          0.4375
2025-12-26 14:42:12,428 [INFO]   GIB Keep Rate:           0.957
2025-12-26 14:42:12,428 [INFO]   GIB Avg Prob:            0.549
2025-12-26 14:42:12,428 [INFO]   Dispersion (θ):          51.341 ± 1.613
2025-12-26 14:42:12,428 [INFO]   Learning Rate:           0.000013
2025-12-26 14:42:12,460 [INFO] 
================================================================================
2025-12-26 14:42:12,460 [INFO] Epoch 276/300 (0.03s)
2025-12-26 14:42:12,460 [INFO] ================================================================================
2025-12-26 14:42:12,460 [INFO]   Total Loss:              1187.4946
2025-12-26 14:42:12,460 [INFO]   Recon Loss:              1176.7993
2025-12-26 14:42:12,460 [INFO]   🔥 Contrastive Loss:     7.8823
2025-12-26 14:42:12,460 [INFO]   🔥 Prototype Loss:       2.8130
2025-12-26 14:42:12,460 [INFO]     - Spot-to-Prototype:    0.0787
2025-12-26 14:42:12,461 [INFO]     - Compactness:         0.0369
2025-12-26 14:42:12,461 [INFO]     - Dispersion:          0.4351
2025-12-26 14:42:12,461 [INFO]   GIB Keep Rate:           0.957
2025-12-26 14:42:12,461 [INFO]   GIB Avg Prob:            0.548
2025-12-26 14:42:12,461 [INFO]   Dispersion (θ):          51.340 ± 1.613
2025-12-26 14:42:12,461 [INFO]   Learning Rate:           0.000013
2025-12-26 14:42:12,491 [INFO] 
================================================================================
2025-12-26 14:42:12,491 [INFO] Epoch 277/300 (0.03s)
2025-12-26 14:42:12,491 [INFO] ================================================================================
2025-12-26 14:42:12,491 [INFO]   Total Loss:              1187.3284
2025-12-26 14:42:12,491 [INFO]   Recon Loss:              1176.5737
2025-12-26 14:42:12,491 [INFO]   🔥 Contrastive Loss:     7.9487
2025-12-26 14:42:12,491 [INFO]   🔥 Prototype Loss:       2.8059
2025-12-26 14:42:12,491 [INFO]     - Spot-to-Prototype:    0.0788
2025-12-26 14:42:12,491 [INFO]     - Compactness:         0.0366
2025-12-26 14:42:12,491 [INFO]     - Dispersion:          0.4325
2025-12-26 14:42:12,491 [INFO]   GIB Keep Rate:           0.959
2025-12-26 14:42:12,491 [INFO]   GIB Avg Prob:            0.548
2025-12-26 14:42:12,491 [INFO]   Dispersion (θ):          51.340 ± 1.614
2025-12-26 14:42:12,492 [INFO]   Learning Rate:           0.000012
2025-12-26 14:42:12,522 [INFO] 
================================================================================
2025-12-26 14:42:12,522 [INFO] Epoch 278/300 (0.03s)
2025-12-26 14:42:12,522 [INFO] ================================================================================
2025-12-26 14:42:12,522 [INFO]   Total Loss:              1187.6593
2025-12-26 14:42:12,522 [INFO]   Recon Loss:              1176.8674
2025-12-26 14:42:12,522 [INFO]   🔥 Contrastive Loss:     7.9631
2025-12-26 14:42:12,522 [INFO]   🔥 Prototype Loss:       2.8288
2025-12-26 14:42:12,522 [INFO]     - Spot-to-Prototype:    0.0802
2025-12-26 14:42:12,522 [INFO]     - Compactness:         0.0364
2025-12-26 14:42:12,522 [INFO]     - Dispersion:          0.4298
2025-12-26 14:42:12,522 [INFO]   GIB Keep Rate:           0.957
2025-12-26 14:42:12,522 [INFO]   GIB Avg Prob:            0.549
2025-12-26 14:42:12,522 [INFO]   Dispersion (θ):          51.339 ± 1.614
2025-12-26 14:42:12,522 [INFO]   Learning Rate:           0.000012
2025-12-26 14:42:12,553 [INFO] 
================================================================================
2025-12-26 14:42:12,553 [INFO] Epoch 279/300 (0.03s)
2025-12-26 14:42:12,553 [INFO] ================================================================================
2025-12-26 14:42:12,553 [INFO]   Total Loss:              1187.2305
2025-12-26 14:42:12,553 [INFO]   Recon Loss:              1176.4337
2025-12-26 14:42:12,553 [INFO]   🔥 Contrastive Loss:     7.9309
2025-12-26 14:42:12,553 [INFO]   🔥 Prototype Loss:       2.8659
2025-12-26 14:42:12,553 [INFO]     - Spot-to-Prototype:    0.0819
2025-12-26 14:42:12,553 [INFO]     - Compactness:         0.0373
2025-12-26 14:42:12,554 [INFO]     - Dispersion:          0.4275
2025-12-26 14:42:12,554 [INFO]   GIB Keep Rate:           0.957
2025-12-26 14:42:12,554 [INFO]   GIB Avg Prob:            0.548
2025-12-26 14:42:12,554 [INFO]   Dispersion (θ):          51.339 ± 1.614
2025-12-26 14:42:12,554 [INFO]   Learning Rate:           0.000011
2025-12-26 14:42:12,584 [INFO] 
================================================================================
2025-12-26 14:42:12,584 [INFO] Epoch 280/300 (0.03s)
2025-12-26 14:42:12,584 [INFO] ================================================================================
2025-12-26 14:42:12,584 [INFO]   Total Loss:              1187.4420
2025-12-26 14:42:12,584 [INFO]   Recon Loss:              1176.7274
2025-12-26 14:42:12,584 [INFO]   🔥 Contrastive Loss:     7.9042
2025-12-26 14:42:12,584 [INFO]   🔥 Prototype Loss:       2.8104
2025-12-26 14:42:12,584 [INFO]     - Spot-to-Prototype:    0.0797
2025-12-26 14:42:12,584 [INFO]     - Compactness:         0.0367
2025-12-26 14:42:12,584 [INFO]     - Dispersion:          0.4249
2025-12-26 14:42:12,584 [INFO]   GIB Keep Rate:           0.957
2025-12-26 14:42:12,584 [INFO]   GIB Avg Prob:            0.548
2025-12-26 14:42:12,584 [INFO]   Dispersion (θ):          51.338 ± 1.614
2025-12-26 14:42:12,584 [INFO]   Learning Rate:           0.000010
2025-12-26 14:42:12,612 [INFO] 
================================================================================
2025-12-26 14:42:12,613 [INFO] Epoch 281/300 (0.03s)
2025-12-26 14:42:12,613 [INFO] ================================================================================
2025-12-26 14:42:12,613 [INFO]   Total Loss:              1187.2117
2025-12-26 14:42:12,613 [INFO]   Recon Loss:              1176.5685
2025-12-26 14:42:12,613 [INFO]   🔥 Contrastive Loss:     7.9236
2025-12-26 14:42:12,613 [INFO]   🔥 Prototype Loss:       2.7197
2025-12-26 14:42:12,613 [INFO]     - Spot-to-Prototype:    0.0747
2025-12-26 14:42:12,613 [INFO]     - Compactness:         0.0382
2025-12-26 14:42:12,613 [INFO]     - Dispersion:          0.4223
2025-12-26 14:42:12,613 [INFO]   GIB Keep Rate:           0.956
2025-12-26 14:42:12,613 [INFO]   GIB Avg Prob:            0.548
2025-12-26 14:42:12,613 [INFO]   Dispersion (θ):          51.338 ± 1.614
2025-12-26 14:42:12,613 [INFO]   Learning Rate:           0.000010
2025-12-26 14:42:13,006 [INFO] 
================================================================================
2025-12-26 14:42:13,006 [INFO] Epoch 282/300 (0.04s)
2025-12-26 14:42:13,006 [INFO] ================================================================================
2025-12-26 14:42:13,006 [INFO]   Total Loss:              1187.2782
2025-12-26 14:42:13,006 [INFO]   Recon Loss:              1176.5378
2025-12-26 14:42:13,006 [INFO]   🔥 Contrastive Loss:     7.9289
2025-12-26 14:42:13,006 [INFO]   🔥 Prototype Loss:       2.8114
2025-12-26 14:42:13,006 [INFO]     - Spot-to-Prototype:    0.0800
2025-12-26 14:42:13,006 [INFO]     - Compactness:         0.0373
2025-12-26 14:42:13,006 [INFO]     - Dispersion:          0.4196
2025-12-26 14:42:13,006 [INFO]   GIB Keep Rate:           0.959
2025-12-26 14:42:13,007 [INFO]   GIB Avg Prob:            0.548
2025-12-26 14:42:13,007 [INFO]   Dispersion (θ):          51.338 ± 1.614
2025-12-26 14:42:13,007 [INFO]   Learning Rate:           0.000009
2025-12-26 14:42:13,036 [INFO] 
================================================================================
2025-12-26 14:42:13,036 [INFO] Epoch 283/300 (0.03s)
2025-12-26 14:42:13,036 [INFO] ================================================================================
2025-12-26 14:42:13,036 [INFO]   Total Loss:              1187.5913
2025-12-26 14:42:13,036 [INFO]   Recon Loss:              1176.7830
2025-12-26 14:42:13,036 [INFO]   🔥 Contrastive Loss:     7.8903
2025-12-26 14:42:13,036 [INFO]   🔥 Prototype Loss:       2.9181
2025-12-26 14:42:13,037 [INFO]     - Spot-to-Prototype:    0.0855
2025-12-26 14:42:13,037 [INFO]     - Compactness:         0.0374
2025-12-26 14:42:13,037 [INFO]     - Dispersion:          0.4166
2025-12-26 14:42:13,037 [INFO]   GIB Keep Rate:           0.959
2025-12-26 14:42:13,037 [INFO]   GIB Avg Prob:            0.549
2025-12-26 14:42:13,037 [INFO]   Dispersion (θ):          51.337 ± 1.614
2025-12-26 14:42:13,037 [INFO]   Learning Rate:           0.000009
2025-12-26 14:42:13,065 [INFO] 
================================================================================
2025-12-26 14:42:13,065 [INFO] Epoch 284/300 (0.03s)
2025-12-26 14:42:13,065 [INFO] ================================================================================
2025-12-26 14:42:13,065 [INFO]   Total Loss:              1187.5012
2025-12-26 14:42:13,065 [INFO]   Recon Loss:              1176.7068
2025-12-26 14:42:13,065 [INFO]   🔥 Contrastive Loss:     7.9250
2025-12-26 14:42:13,065 [INFO]   🔥 Prototype Loss:       2.8694
2025-12-26 14:42:13,065 [INFO]     - Spot-to-Prototype:    0.0835
2025-12-26 14:42:13,065 [INFO]     - Compactness:         0.0372
2025-12-26 14:42:13,066 [INFO]     - Dispersion:          0.4137
2025-12-26 14:42:13,066 [INFO]   GIB Keep Rate:           0.957
2025-12-26 14:42:13,066 [INFO]   GIB Avg Prob:            0.548
2025-12-26 14:42:13,066 [INFO]   Dispersion (θ):          51.337 ± 1.614
2025-12-26 14:42:13,066 [INFO]   Learning Rate:           0.000008
2025-12-26 14:42:13,096 [INFO] 
================================================================================
2025-12-26 14:42:13,096 [INFO] Epoch 285/300 (0.03s)
2025-12-26 14:42:13,096 [INFO] ================================================================================
2025-12-26 14:42:13,096 [INFO]   Total Loss:              1187.2156
2025-12-26 14:42:13,096 [INFO]   Recon Loss:              1176.3943
2025-12-26 14:42:13,096 [INFO]   🔥 Contrastive Loss:     7.9259
2025-12-26 14:42:13,096 [INFO]   🔥 Prototype Loss:       2.8954
2025-12-26 14:42:13,096 [INFO]     - Spot-to-Prototype:    0.0846
2025-12-26 14:42:13,096 [INFO]     - Compactness:         0.0383
2025-12-26 14:42:13,096 [INFO]     - Dispersion:          0.4105
2025-12-26 14:42:13,096 [INFO]   GIB Keep Rate:           0.957
2025-12-26 14:42:13,096 [INFO]   GIB Avg Prob:            0.548
2025-12-26 14:42:13,096 [INFO]   Dispersion (θ):          51.337 ± 1.614
2025-12-26 14:42:13,096 [INFO]   Learning Rate:           0.000008
2025-12-26 14:42:13,127 [INFO] 
================================================================================
2025-12-26 14:42:13,127 [INFO] Epoch 286/300 (0.03s)
2025-12-26 14:42:13,127 [INFO] ================================================================================
2025-12-26 14:42:13,127 [INFO]   Total Loss:              1187.3651
2025-12-26 14:42:13,127 [INFO]   Recon Loss:              1176.5150
2025-12-26 14:42:13,128 [INFO]   🔥 Contrastive Loss:     7.9751
2025-12-26 14:42:13,128 [INFO]   🔥 Prototype Loss:       2.8750
2025-12-26 14:42:13,128 [INFO]     - Spot-to-Prototype:    0.0843
2025-12-26 14:42:13,128 [INFO]     - Compactness:         0.0374
2025-12-26 14:42:13,128 [INFO]     - Dispersion:          0.4072
2025-12-26 14:42:13,128 [INFO]   GIB Keep Rate:           0.958
2025-12-26 14:42:13,128 [INFO]   GIB Avg Prob:            0.548
2025-12-26 14:42:13,128 [INFO]   Dispersion (θ):          51.337 ± 1.614
2025-12-26 14:42:13,128 [INFO]   Learning Rate:           0.000008
2025-12-26 14:42:13,156 [INFO] 
================================================================================
2025-12-26 14:42:13,156 [INFO] Epoch 287/300 (0.03s)
2025-12-26 14:42:13,156 [INFO] ================================================================================
2025-12-26 14:42:13,156 [INFO]   Total Loss:              1187.5803
2025-12-26 14:42:13,156 [INFO]   Recon Loss:              1176.5403
2025-12-26 14:42:13,156 [INFO]   🔥 Contrastive Loss:     7.9738
2025-12-26 14:42:13,156 [INFO]   🔥 Prototype Loss:       3.0663
2025-12-26 14:42:13,156 [INFO]     - Spot-to-Prototype:    0.0940
2025-12-26 14:42:13,156 [INFO]     - Compactness:         0.0379
2025-12-26 14:42:13,156 [INFO]     - Dispersion:          0.4041
2025-12-26 14:42:13,156 [INFO]   GIB Keep Rate:           0.957
2025-12-26 14:42:13,156 [INFO]   GIB Avg Prob:            0.548
2025-12-26 14:42:13,156 [INFO]   Dispersion (θ):          51.336 ± 1.614
2025-12-26 14:42:13,157 [INFO]   Learning Rate:           0.000007
2025-12-26 14:42:13,188 [INFO] 
================================================================================
2025-12-26 14:42:13,188 [INFO] Epoch 288/300 (0.03s)
2025-12-26 14:42:13,188 [INFO] ================================================================================
2025-12-26 14:42:13,188 [INFO]   Total Loss:              1187.5958
2025-12-26 14:42:13,188 [INFO]   Recon Loss:              1176.5011
2025-12-26 14:42:13,188 [INFO]   🔥 Contrastive Loss:     7.9334
2025-12-26 14:42:13,188 [INFO]   🔥 Prototype Loss:       3.1614
2025-12-26 14:42:13,189 [INFO]     - Spot-to-Prototype:    0.0989
2025-12-26 14:42:13,189 [INFO]     - Compactness:         0.0380
2025-12-26 14:42:13,189 [INFO]     - Dispersion:          0.4016
2025-12-26 14:42:13,189 [INFO]   GIB Keep Rate:           0.957
2025-12-26 14:42:13,189 [INFO]   GIB Avg Prob:            0.548
2025-12-26 14:42:13,189 [INFO]   Dispersion (θ):          51.336 ± 1.615
2025-12-26 14:42:13,189 [INFO]   Learning Rate:           0.000007
2025-12-26 14:42:13,218 [INFO] 
================================================================================
2025-12-26 14:42:13,218 [INFO] Epoch 289/300 (0.03s)
2025-12-26 14:42:13,219 [INFO] ================================================================================
2025-12-26 14:42:13,219 [INFO]   Total Loss:              1187.7390
2025-12-26 14:42:13,219 [INFO]   Recon Loss:              1176.6189
2025-12-26 14:42:13,219 [INFO]   🔥 Contrastive Loss:     7.9418
2025-12-26 14:42:13,219 [INFO]   🔥 Prototype Loss:       3.1784
2025-12-26 14:42:13,219 [INFO]     - Spot-to-Prototype:    0.1002
2025-12-26 14:42:13,219 [INFO]     - Compactness:         0.0376
2025-12-26 14:42:13,219 [INFO]     - Dispersion:          0.3993
2025-12-26 14:42:13,219 [INFO]   GIB Keep Rate:           0.956
2025-12-26 14:42:13,219 [INFO]   GIB Avg Prob:            0.548
2025-12-26 14:42:13,219 [INFO]   Dispersion (θ):          51.336 ± 1.615
2025-12-26 14:42:13,219 [INFO]   Learning Rate:           0.000007
2025-12-26 14:42:13,247 [INFO] 
================================================================================
2025-12-26 14:42:13,247 [INFO] Epoch 290/300 (0.03s)
2025-12-26 14:42:13,247 [INFO] ================================================================================
2025-12-26 14:42:13,247 [INFO]   Total Loss:              1187.6644
2025-12-26 14:42:13,247 [INFO]   Recon Loss:              1176.4865
2025-12-26 14:42:13,247 [INFO]   🔥 Contrastive Loss:     7.9154
2025-12-26 14:42:13,247 [INFO]   🔥 Prototype Loss:       3.2625
2025-12-26 14:42:13,247 [INFO]     - Spot-to-Prototype:    0.1046
2025-12-26 14:42:13,247 [INFO]     - Compactness:         0.0377
2025-12-26 14:42:13,247 [INFO]     - Dispersion:          0.3967
2025-12-26 14:42:13,247 [INFO]   GIB Keep Rate:           0.957
2025-12-26 14:42:13,247 [INFO]   GIB Avg Prob:            0.548
2025-12-26 14:42:13,247 [INFO]   Dispersion (θ):          51.336 ± 1.615
2025-12-26 14:42:13,247 [INFO]   Learning Rate:           0.000006
2025-12-26 14:42:13,280 [INFO] 
================================================================================
2025-12-26 14:42:13,280 [INFO] Epoch 291/300 (0.03s)
2025-12-26 14:42:13,280 [INFO] ================================================================================
2025-12-26 14:42:13,280 [INFO]   Total Loss:              1187.8566
2025-12-26 14:42:13,280 [INFO]   Recon Loss:              1176.5782
2025-12-26 14:42:13,280 [INFO]   🔥 Contrastive Loss:     7.9118
2025-12-26 14:42:13,280 [INFO]   🔥 Prototype Loss:       3.3666
2025-12-26 14:42:13,280 [INFO]     - Spot-to-Prototype:    0.1104
2025-12-26 14:42:13,280 [INFO]     - Compactness:         0.0370
2025-12-26 14:42:13,280 [INFO]     - Dispersion:          0.3939
2025-12-26 14:42:13,281 [INFO]   GIB Keep Rate:           0.956
2025-12-26 14:42:13,281 [INFO]   GIB Avg Prob:            0.548
2025-12-26 14:42:13,281 [INFO]   Dispersion (θ):          51.336 ± 1.615
2025-12-26 14:42:13,281 [INFO]   Learning Rate:           0.000006
2025-12-26 14:42:13,309 [INFO] 
================================================================================
2025-12-26 14:42:13,309 [INFO] Epoch 292/300 (0.03s)
2025-12-26 14:42:13,309 [INFO] ================================================================================
2025-12-26 14:42:13,309 [INFO]   Total Loss:              1187.9181
2025-12-26 14:42:13,309 [INFO]   Recon Loss:              1176.5714
2025-12-26 14:42:13,309 [INFO]   🔥 Contrastive Loss:     7.9279
2025-12-26 14:42:13,309 [INFO]   🔥 Prototype Loss:       3.4187
2025-12-26 14:42:13,309 [INFO]     - Spot-to-Prototype:    0.1134
2025-12-26 14:42:13,309 [INFO]     - Compactness:         0.0368
2025-12-26 14:42:13,309 [INFO]     - Dispersion:          0.3912
2025-12-26 14:42:13,309 [INFO]   GIB Keep Rate:           0.958
2025-12-26 14:42:13,309 [INFO]   GIB Avg Prob:            0.548
2025-12-26 14:42:13,310 [INFO]   Dispersion (θ):          51.336 ± 1.615
2025-12-26 14:42:13,310 [INFO]   Learning Rate:           0.000006
2025-12-26 14:42:13,337 [INFO] 
================================================================================
2025-12-26 14:42:13,337 [INFO] Epoch 293/300 (0.03s)
2025-12-26 14:42:13,337 [INFO] ================================================================================
2025-12-26 14:42:13,337 [INFO]   Total Loss:              1188.2627
2025-12-26 14:42:13,337 [INFO]   Recon Loss:              1176.7283
2025-12-26 14:42:13,337 [INFO]   🔥 Contrastive Loss:     7.9251
2025-12-26 14:42:13,337 [INFO]   🔥 Prototype Loss:       3.6094
2025-12-26 14:42:13,337 [INFO]     - Spot-to-Prototype:    0.1231
2025-12-26 14:42:13,337 [INFO]     - Compactness:         0.0370
2025-12-26 14:42:13,337 [INFO]     - Dispersion:          0.3884
2025-12-26 14:42:13,337 [INFO]   GIB Keep Rate:           0.959
2025-12-26 14:42:13,337 [INFO]   GIB Avg Prob:            0.549
2025-12-26 14:42:13,337 [INFO]   Dispersion (θ):          51.336 ± 1.615
2025-12-26 14:42:13,337 [INFO]   Learning Rate:           0.000006
2025-12-26 14:42:13,367 [INFO] 
================================================================================
2025-12-26 14:42:13,367 [INFO] Epoch 294/300 (0.03s)
2025-12-26 14:42:13,367 [INFO] ================================================================================
2025-12-26 14:42:13,367 [INFO]   Total Loss:              1188.2749
2025-12-26 14:42:13,367 [INFO]   Recon Loss:              1176.5720
2025-12-26 14:42:13,367 [INFO]   🔥 Contrastive Loss:     7.9131
2025-12-26 14:42:13,367 [INFO]   🔥 Prototype Loss:       3.7898
2025-12-26 14:42:13,368 [INFO]     - Spot-to-Prototype:    0.1323
2025-12-26 14:42:13,368 [INFO]     - Compactness:         0.0373
2025-12-26 14:42:13,368 [INFO]     - Dispersion:          0.3856
2025-12-26 14:42:13,368 [INFO]   GIB Keep Rate:           0.957
2025-12-26 14:42:13,368 [INFO]   GIB Avg Prob:            0.548
2025-12-26 14:42:13,368 [INFO]   Dispersion (θ):          51.335 ± 1.615
2025-12-26 14:42:13,368 [INFO]   Learning Rate:           0.000005
2025-12-26 14:42:13,398 [INFO] 
================================================================================
2025-12-26 14:42:13,399 [INFO] Epoch 295/300 (0.03s)
2025-12-26 14:42:13,399 [INFO] ================================================================================
2025-12-26 14:42:13,399 [INFO]   Total Loss:              1188.5948
2025-12-26 14:42:13,399 [INFO]   Recon Loss:              1176.7261
2025-12-26 14:42:13,399 [INFO]   🔥 Contrastive Loss:     7.9506
2025-12-26 14:42:13,399 [INFO]   🔥 Prototype Loss:       3.9182
2025-12-26 14:42:13,399 [INFO]     - Spot-to-Prototype:    0.1389
2025-12-26 14:42:13,399 [INFO]     - Compactness:         0.0375
2025-12-26 14:42:13,399 [INFO]     - Dispersion:          0.3827
2025-12-26 14:42:13,399 [INFO]   GIB Keep Rate:           0.956
2025-12-26 14:42:13,399 [INFO]   GIB Avg Prob:            0.548
2025-12-26 14:42:13,399 [INFO]   Dispersion (θ):          51.335 ± 1.615
2025-12-26 14:42:13,399 [INFO]   Learning Rate:           0.000005
2025-12-26 14:42:13,428 [INFO] 
================================================================================
2025-12-26 14:42:13,428 [INFO] Epoch 296/300 (0.03s)
2025-12-26 14:42:13,428 [INFO] ================================================================================
2025-12-26 14:42:13,428 [INFO]   Total Loss:              1188.7225
2025-12-26 14:42:13,428 [INFO]   Recon Loss:              1176.7610
2025-12-26 14:42:13,428 [INFO]   🔥 Contrastive Loss:     7.9105
2025-12-26 14:42:13,428 [INFO]   🔥 Prototype Loss:       4.0510
2025-12-26 14:42:13,428 [INFO]     - Spot-to-Prototype:    0.1462
2025-12-26 14:42:13,428 [INFO]     - Compactness:         0.0367
2025-12-26 14:42:13,428 [INFO]     - Dispersion:          0.3798
2025-12-26 14:42:13,428 [INFO]   GIB Keep Rate:           0.958
2025-12-26 14:42:13,428 [INFO]   GIB Avg Prob:            0.548
2025-12-26 14:42:13,429 [INFO]   Dispersion (θ):          51.335 ± 1.615
2025-12-26 14:42:13,429 [INFO]   Learning Rate:           0.000005
2025-12-26 14:42:13,459 [INFO] 
================================================================================
2025-12-26 14:42:13,459 [INFO] Epoch 297/300 (0.03s)
2025-12-26 14:42:13,459 [INFO] ================================================================================
2025-12-26 14:42:13,459 [INFO]   Total Loss:              1188.9325
2025-12-26 14:42:13,459 [INFO]   Recon Loss:              1176.7665
2025-12-26 14:42:13,459 [INFO]   🔥 Contrastive Loss:     7.9313
2025-12-26 14:42:13,459 [INFO]   🔥 Prototype Loss:       4.2348
2025-12-26 14:42:13,459 [INFO]     - Spot-to-Prototype:    0.1558
2025-12-26 14:42:13,459 [INFO]     - Compactness:         0.0366
2025-12-26 14:42:13,459 [INFO]     - Dispersion:          0.3767
2025-12-26 14:42:13,459 [INFO]   GIB Keep Rate:           0.958
2025-12-26 14:42:13,459 [INFO]   GIB Avg Prob:            0.548
2025-12-26 14:42:13,459 [INFO]   Dispersion (θ):          51.335 ± 1.615
2025-12-26 14:42:13,459 [INFO]   Learning Rate:           0.000005
2025-12-26 14:42:13,488 [INFO] 
================================================================================
2025-12-26 14:42:13,488 [INFO] Epoch 298/300 (0.03s)
2025-12-26 14:42:13,488 [INFO] ================================================================================
2025-12-26 14:42:13,488 [INFO]   Total Loss:              1189.1543
2025-12-26 14:42:13,488 [INFO]   Recon Loss:              1176.7351
2025-12-26 14:42:13,488 [INFO]   🔥 Contrastive Loss:     7.9531
2025-12-26 14:42:13,488 [INFO]   🔥 Prototype Loss:       4.4660
2025-12-26 14:42:13,488 [INFO]     - Spot-to-Prototype:    0.1669
2025-12-26 14:42:13,488 [INFO]     - Compactness:         0.0379
2025-12-26 14:42:13,488 [INFO]     - Dispersion:          0.3744
2025-12-26 14:42:13,488 [INFO]   GIB Keep Rate:           0.958
2025-12-26 14:42:13,488 [INFO]   GIB Avg Prob:            0.548
2025-12-26 14:42:13,488 [INFO]   Dispersion (θ):          51.335 ± 1.615
2025-12-26 14:42:13,488 [INFO]   Learning Rate:           0.000005
2025-12-26 14:42:13,519 [INFO] 
================================================================================
2025-12-26 14:42:13,519 [INFO] Epoch 299/300 (0.03s)
2025-12-26 14:42:13,519 [INFO] ================================================================================
2025-12-26 14:42:13,519 [INFO]   Total Loss:              1189.1334
2025-12-26 14:42:13,519 [INFO]   Recon Loss:              1176.5111
2025-12-26 14:42:13,519 [INFO]   🔥 Contrastive Loss:     7.9434
2025-12-26 14:42:13,519 [INFO]   🔥 Prototype Loss:       4.6788
2025-12-26 14:42:13,519 [INFO]     - Spot-to-Prototype:    0.1784
2025-12-26 14:42:13,519 [INFO]     - Compactness:         0.0366
2025-12-26 14:42:13,519 [INFO]     - Dispersion:          0.3723
2025-12-26 14:42:13,519 [INFO]   GIB Keep Rate:           0.958
2025-12-26 14:42:13,519 [INFO]   GIB Avg Prob:            0.548
2025-12-26 14:42:13,519 [INFO]   Dispersion (θ):          51.335 ± 1.615
2025-12-26 14:42:13,519 [INFO]   Learning Rate:           0.000005
2025-12-26 14:42:13,549 [INFO] 
================================================================================
2025-12-26 14:42:13,549 [INFO] Epoch 300/300 (0.03s)
2025-12-26 14:42:13,549 [INFO] ================================================================================
2025-12-26 14:42:13,549 [INFO]   Total Loss:              1189.5479
2025-12-26 14:42:13,549 [INFO]   Recon Loss:              1176.7024
2025-12-26 14:42:13,549 [INFO]   🔥 Contrastive Loss:     7.9541
2025-12-26 14:42:13,549 [INFO]   🔥 Prototype Loss:       4.8914
2025-12-26 14:42:13,549 [INFO]     - Spot-to-Prototype:    0.1887
2025-12-26 14:42:13,549 [INFO]     - Compactness:         0.0374
2025-12-26 14:42:13,549 [INFO]     - Dispersion:          0.3711
2025-12-26 14:42:13,549 [INFO]   GIB Keep Rate:           0.957
2025-12-26 14:42:13,549 [INFO]   GIB Avg Prob:            0.548
2025-12-26 14:42:13,549 [INFO]   Dispersion (θ):          51.335 ± 1.615
2025-12-26 14:42:13,549 [INFO]   Learning Rate:           0.000005
2025-12-26 14:42:13,550 [INFO] 
================================================================================
2025-12-26 14:42:13,550 [INFO] 🎉 训练完成！
2025-12-26 14:42:13,550 [INFO]    最佳损失: 1187.2117
2025-12-26 14:42:13,550 [INFO] ================================================================================
2025-12-26 14:42:13,568 [INFO]   ✅ 保存训练历史到 results/gib_contrastive/training_history.csv
2025-12-26 14:42:13,568 [INFO] 
🔍 提取 latent 表示并聚类...
2025-12-26 14:42:13,573 [INFO]   ✅ Latent 表示:   (3639, 32)
2025-12-26 14:42:13,573 [INFO] 
🎯 使用指定的聚类数:  7, 模型:  EEE
2025-12-26 14:42:13,577 [INFO] cffi mode is CFFI_MODE.ANY
2025-12-26 14:42:13,577 [INFO] R home found: /home/pxy/miniconda3/envs/r40/lib/R
2025-12-26 14:42:13,833 [INFO] R library path: /usr/local/cuda/lib64:/usr/local/cuda/lib64:
2025-12-26 14:42:13,833 [INFO] LD_LIBRARY_PATH: /usr/local/cuda/lib64:/usr/local/cuda/lib64:
2025-12-26 14:42:13,854 [INFO] Default options to initialize R: rpy2, --quiet, --no-save
2025-12-26 14:42:14,373 [INFO] R is already initialized. No need to initialize.
2025-12-26 14:42:14,387 [WARNING] R callback write-console:                    __           __ 
   ____ ___  _____/ /_  _______/ /_
  / __ `__ \/ ___/ / / / / ___/ __/
 / / / / / / /__/ / /_/ (__  ) /_  
/_/ /_/ /_/\___/_/\__,_/____/\__/   version 6.1.1
Type 'citation("mclust")' for citing this R package in publications.
  
2025-12-26 14:42:24,542 [INFO]   ✅ 发现 7 个空间域
2025-12-26 14:42:24,544 [INFO]   聚类分布:
2025-12-26 14:42:24,544 [INFO]     - 域 0: 1087 个样本
2025-12-26 14:42:24,544 [INFO]     - 域 1: 397 个样本
2025-12-26 14:42:24,544 [INFO]     - 域 2: 673 个样本
2025-12-26 14:42:24,544 [INFO]     - 域 3: 292 个样本
2025-12-26 14:42:24,544 [INFO]     - 域 4: 522 个样本
2025-12-26 14:42:24,544 [INFO]     - 域 5: 315 个样本
2025-12-26 14:42:24,544 [INFO]     - 域 6: 353 个样本
2025-12-26 14:42:26,044 [INFO] 
💾 保存结果到 results/gib_contrastive/adata_with_domains.h5ad
2025-12-26 14:42:26,044 [INFO] 
📊 计算评估指标...
2025-12-26 14:42:26,045 [INFO]   找到 metadata 文件: ../data/DLPFC/st/151673/metadata.tsv
2025-12-26 14:42:26,091 [INFO]   metadata 形状: (3639, 72)
2025-12-26 14:42:26,092 [INFO]   metadata 列:  ['sample_name', 'tissue', 'row', 'col', 'imagerow', 'imagecol', 'Cluster', 'height', 'width', 'sum_umi', 'sum_gene', 'subject', 'position', 'replicate', 'subject_position', 'discard', 'key', 'cell_count', 'SNN_k50_k4', 'SNN_k50_k5', 'SNN_k50_k6', 'SNN_k50_k7', 'SNN_k50_k8', 'SNN_k50_k9', 'SNN_k50_k10', 'SNN_k50_k11', 'SNN_k50_k12', 'SNN_k50_k13', 'SNN_k50_k14', 'SNN_k50_k15', 'SNN_k50_k16', 'SNN_k50_k17', 'SNN_k50_k18', 'SNN_k50_k19', 'SNN_k50_k20', 'SNN_k50_k21', 'SNN_k50_k22', 'SNN_k50_k23', 'SNN_k50_k24', 'SNN_k50_k25', 'SNN_k50_k26', 'SNN_k50_k27', 'SNN_k50_k28', 'GraphBased', 'Maynard', 'Martinowich', 'Layer', 'layer_guess', 'layer_guess_reordered', 'layer_guess_reordered_short', 'expr_chrM', 'expr_chrM_ratio', 'SpatialDE_PCA', 'SpatialDE_pool_PCA', 'HVG_PCA', 'pseudobulk_PCA', 'markers_PCA', 'SpatialDE_UMAP', 'SpatialDE_pool_UMAP', 'HVG_UMAP', 'pseudobulk_UMAP', 'markers_UMAP', 'SpatialDE_PCA_spatial', 'SpatialDE_pool_PCA_spatial', 'HVG_PCA_spatial', 'pseudobulk_PCA_spatial', 'markers_PCA_spatial', 'SpatialDE_UMAP_spatial', 'SpatialDE_pool_UMAP_spatial', 'HVG_UMAP_spatial', 'pseudobulk_UMAP_spatial', 'markers_UMAP_spatial']
2025-12-26 14:42:26,092 [INFO]   使用 ground truth 列: 'layer_guess_reordered'
2025-12-26 14:42:26,092 [INFO]   共同 barcode 数: 3639 / 3639
2025-12-26 14:42:26,097 [INFO]   Ground Truth 分布:
2025-12-26 14:42:26,097 [INFO]     - Layer3: 989
2025-12-26 14:42:26,097 [INFO]     - Layer6: 692
2025-12-26 14:42:26,098 [INFO]     - Layer5: 673
2025-12-26 14:42:26,098 [INFO]     - WM: 513
2025-12-26 14:42:26,098 [INFO]     - Layer1: 273
2025-12-26 14:42:26,098 [INFO]     - Layer2: 253
2025-12-26 14:42:26,098 [INFO]     - Layer4: 218
2025-12-26 14:42:26,098 [INFO]     - NA: 28
2025-12-26 14:42:26,099 [INFO] 
  有效样本:  3611 / 3639 (99.2%)
2025-12-26 14:42:26,101 [INFO] 
  [DEBUG] 标签统计:
2025-12-26 14:42:26,101 [INFO]     - y_true 唯一值: 7 -> ['Layer1', 'Layer2', 'Layer3', 'Layer4', 'Layer5', 'Layer6', 'WM']
2025-12-26 14:42:26,101 [INFO]     - y_pred 唯一值: 7 -> ['0', '1', '2', '3', '4', '5', '6']
2025-12-26 14:42:26,145 [INFO] 
  ✅ 评估结果:
2025-12-26 14:42:26,146 [INFO]   ============================================================
2025-12-26 14:42:26,146 [INFO]   ARI (Adjusted Rand Index):           0.6270
2025-12-26 14:42:26,146 [INFO]   NMI (Normalized Mutual Info):        0.7287
2025-12-26 14:42:26,146 [INFO]   AMI (Adjusted Mutual Info):          0.7279
2025-12-26 14:42:26,146 [INFO]   FMI (Fowlkes-Mallows Index):         0.6940
2025-12-26 14:42:26,146 [INFO]   Homogeneity:                          0.7330
2025-12-26 14:42:26,146 [INFO]   Completeness:                         0.7244
2025-12-26 14:42:26,146 [INFO]   V-measure:                            0.7287
2025-12-26 14:42:26,146 [INFO]   ============================================================
2025-12-26 14:42:26,146 [INFO] 
  聚类 vs Ground Truth 交叉表:
2025-12-26 14:42:26,158 [INFO] 
True       Layer1  Layer2  Layer3  Layer4  Layer5  Layer6   WM
Predicted                                                     
0               0      11     870     173      18       0    0
1               0       0       0       0       0       3  394
2               2       0       0       0     180     491    0
3             262      18       0       0       0       0    0
4               0       0       0      45     475       2    0
5               0       0       0       0       0     196  119
6               9     224     119       0       0       0    0
2025-12-26 14:42:26,159 [INFO] 
  ✅ 保存评估结果到 results/gib_contrastive/evaluation.csv
2025-12-26 14:42:26,166 [INFO]   ✅ 保存混淆矩阵到 results/gib_contrastive/confusion_matrix.csv
2025-12-26 14:42:27,591 [INFO] 
🎨 生成可视化...
2025-12-26 14:42:29,422 [INFO]   ✅ 保存空间对比图到 results/gib_contrastive/spatial_comparison.png
2025-12-26 14:42:31,588 [INFO]   ✅ 保存训练曲线到 results/gib_contrastive/training_curves.png
2025-12-26 14:42:32,200 [INFO]   ✅ 保存GIB统计图到 results/gib_contrastive/gib_statistics.png
2025-12-26 14:42:32,780 [INFO]   ✅ 保存聚类分布图到 results/gib_contrastive/cluster_distribution.png
2025-12-26 14:42:32,780 [INFO]   ✅ 所有可视化完成
2025-12-26 14:42:32,780 [INFO] 
✨ 所有任务完成！
2025-12-26 14:42:32,820 [INFO] Embedded R ended.
