2025-12-26 16:47:56,794 [INFO] ================================================================================
2025-12-26 16:47:56,795 [INFO] 🚀 空间域识别训练 - V2版本（原型学习 + Warmup）
2025-12-26 16:47:56,795 [INFO] ================================================================================
2025-12-26 16:47:56,841 [INFO] 📱 Device: cuda
2025-12-26 16:47:56,841 [INFO] 
📂 加载数据:  ../data/DLPFC/st/151673
2025-12-26 16:47:57,460 [INFO]   数据形状: (3639, 33538)
2025-12-26 16:47:57,460 [INFO]   样本数: 3639
2025-12-26 16:47:57,461 [INFO]   基因数: 33538
2025-12-26 16:47:57,461 [INFO] 
🔧 数据预处理...
2025-12-26 16:47:57,484 [INFO]   保存原始计数到 adata.layers['counts']
2025-12-26 16:47:57,722 [INFO]   ✅ 归一化完成
2025-12-26 16:47:58,137 [INFO]   ✅ 选择 3000 个高变基因
2025-12-26 16:47:58,137 [INFO]   HVG数据形状: (3639, 3002)
2025-12-26 16:48:05,079 [INFO]   ✅ PCA降维到 50 维
2025-12-26 16:48:05,079 [INFO] 
📊 构建空间KNN图...
2025-12-26 16:48:05,274 [INFO]   ✅ 空间图:  21834 条边
2025-12-26 16:48:05,274 [INFO] 
📦 准备训练数据...
2025-12-26 16:48:05,391 [INFO]   X_pca:  torch.Size([3639, 50])
2025-12-26 16:48:05,426 [INFO]   X_raw: torch.Size([3639, 3002])
2025-12-26 16:48:05,443 [INFO]   参数量: 1,099,727
2025-12-26 16:48:05,443 [INFO] 
🏋️ 开始训练...
2025-12-26 16:48:05,443 [INFO] ================================================================================
2025-12-26 16:48:05,444 [INFO] 🔥 Warmup期:   Epoch 1-30 (只训练重构)
2025-12-26 16:48:05,444 [INFO] 🔥 对比学习启动:  Epoch 31
2025-12-26 16:48:05,444 [INFO] 🔥 初始化原型:   Epoch 31 (K-Means)
2025-12-26 16:48:05,444 [INFO] 🔥 完整训练:  Epoch 32-300
2025-12-26 16:48:05,444 [INFO] ================================================================================
2025-12-26 16:48:05,912 [INFO] 
================================================================================
2025-12-26 16:48:05,912 [INFO] Epoch 1/300 [WARMUP] (0.47s)
2025-12-26 16:48:05,912 [INFO] ================================================================================
2025-12-26 16:48:05,912 [INFO]   Total Loss:               2762.3904
2025-12-26 16:48:05,912 [INFO]   Recon Loss:              2762.3904
2025-12-26 16:48:05,912 [INFO]   GIB Keep Rate:           1.000
2025-12-26 16:48:05,913 [INFO]   GIB Avg Prob:            0.565
2025-12-26 16:48:05,913 [INFO]   Dispersion (θ):          54.578 ± 0.018
2025-12-26 16:48:05,913 [INFO]   Learning Rate:           0.000500
2025-12-26 16:48:06,295 [INFO] 
================================================================================
2025-12-26 16:48:06,296 [INFO] Epoch 2/300 [WARMUP] (0.03s)
2025-12-26 16:48:06,296 [INFO] ================================================================================
2025-12-26 16:48:06,296 [INFO]   Total Loss:               2703.6943
2025-12-26 16:48:06,296 [INFO]   Recon Loss:              2703.6943
2025-12-26 16:48:06,296 [INFO]   GIB Keep Rate:           1.000
2025-12-26 16:48:06,296 [INFO]   GIB Avg Prob:            0.564
2025-12-26 16:48:06,296 [INFO]   Dispersion (θ):          54.559 ± 0.036
2025-12-26 16:48:06,296 [INFO]   Learning Rate:           0.000500
2025-12-26 16:48:06,693 [INFO] 
================================================================================
2025-12-26 16:48:06,693 [INFO] Epoch 3/300 [WARMUP] (0.03s)
2025-12-26 16:48:06,694 [INFO] ================================================================================
2025-12-26 16:48:06,694 [INFO]   Total Loss:               2656.1946
2025-12-26 16:48:06,694 [INFO]   Recon Loss:              2656.1946
2025-12-26 16:48:06,694 [INFO]   GIB Keep Rate:           1.000
2025-12-26 16:48:06,694 [INFO]   GIB Avg Prob:            0.565
2025-12-26 16:48:06,694 [INFO]   Dispersion (θ):          54.540 ± 0.054
2025-12-26 16:48:06,694 [INFO]   Learning Rate:           0.000500
2025-12-26 16:48:07,066 [INFO] 
================================================================================
2025-12-26 16:48:07,067 [INFO] Epoch 4/300 [WARMUP] (0.03s)
2025-12-26 16:48:07,067 [INFO] ================================================================================
2025-12-26 16:48:07,067 [INFO]   Total Loss:               2614.5701
2025-12-26 16:48:07,067 [INFO]   Recon Loss:              2614.5701
2025-12-26 16:48:07,067 [INFO]   GIB Keep Rate:           1.000
2025-12-26 16:48:07,067 [INFO]   GIB Avg Prob:            0.565
2025-12-26 16:48:07,067 [INFO]   Dispersion (θ):          54.521 ± 0.072
2025-12-26 16:48:07,067 [INFO]   Learning Rate:           0.000500
2025-12-26 16:48:07,488 [INFO] 
================================================================================
2025-12-26 16:48:07,489 [INFO] Epoch 5/300 [WARMUP] (0.03s)
2025-12-26 16:48:07,489 [INFO] ================================================================================
2025-12-26 16:48:07,489 [INFO]   Total Loss:               2575.8372
2025-12-26 16:48:07,489 [INFO]   Recon Loss:              2575.8372
2025-12-26 16:48:07,489 [INFO]   GIB Keep Rate:           1.000
2025-12-26 16:48:07,489 [INFO]   GIB Avg Prob:            0.564
2025-12-26 16:48:07,489 [INFO]   Dispersion (θ):          54.502 ± 0.090
2025-12-26 16:48:07,489 [INFO]   Learning Rate:           0.000500
2025-12-26 16:48:07,896 [INFO] 
================================================================================
2025-12-26 16:48:07,897 [INFO] Epoch 6/300 [WARMUP] (0.03s)
2025-12-26 16:48:07,897 [INFO] ================================================================================
2025-12-26 16:48:07,897 [INFO]   Total Loss:               2536.3862
2025-12-26 16:48:07,897 [INFO]   Recon Loss:              2536.3862
2025-12-26 16:48:07,897 [INFO]   GIB Keep Rate:           1.000
2025-12-26 16:48:07,897 [INFO]   GIB Avg Prob:            0.565
2025-12-26 16:48:07,897 [INFO]   Dispersion (θ):          54.484 ± 0.109
2025-12-26 16:48:07,897 [INFO]   Learning Rate:           0.000500
2025-12-26 16:48:08,307 [INFO] 
================================================================================
2025-12-26 16:48:08,307 [INFO] Epoch 7/300 [WARMUP] (0.03s)
2025-12-26 16:48:08,307 [INFO] ================================================================================
2025-12-26 16:48:08,307 [INFO]   Total Loss:               2495.9248
2025-12-26 16:48:08,307 [INFO]   Recon Loss:              2495.9248
2025-12-26 16:48:08,307 [INFO]   GIB Keep Rate:           1.000
2025-12-26 16:48:08,307 [INFO]   GIB Avg Prob:            0.564
2025-12-26 16:48:08,307 [INFO]   Dispersion (θ):          54.466 ± 0.127
2025-12-26 16:48:08,307 [INFO]   Learning Rate:           0.000499
2025-12-26 16:48:08,758 [INFO] 
================================================================================
2025-12-26 16:48:08,758 [INFO] Epoch 8/300 [WARMUP] (0.03s)
2025-12-26 16:48:08,758 [INFO] ================================================================================
2025-12-26 16:48:08,758 [INFO]   Total Loss:               2455.3232
2025-12-26 16:48:08,758 [INFO]   Recon Loss:              2455.3232
2025-12-26 16:48:08,758 [INFO]   GIB Keep Rate:           1.000
2025-12-26 16:48:08,758 [INFO]   GIB Avg Prob:            0.565
2025-12-26 16:48:08,758 [INFO]   Dispersion (θ):          54.448 ± 0.145
2025-12-26 16:48:08,759 [INFO]   Learning Rate:           0.000499
2025-12-26 16:48:09,049 [INFO] 
================================================================================
2025-12-26 16:48:09,049 [INFO] Epoch 9/300 [WARMUP] (0.03s)
2025-12-26 16:48:09,049 [INFO] ================================================================================
2025-12-26 16:48:09,049 [INFO]   Total Loss:               2413.0613
2025-12-26 16:48:09,049 [INFO]   Recon Loss:              2413.0613
2025-12-26 16:48:09,049 [INFO]   GIB Keep Rate:           0.999
2025-12-26 16:48:09,049 [INFO]   GIB Avg Prob:            0.565
2025-12-26 16:48:09,049 [INFO]   Dispersion (θ):          54.431 ± 0.163
2025-12-26 16:48:09,049 [INFO]   Learning Rate:           0.000499
2025-12-26 16:48:09,427 [INFO] 
================================================================================
2025-12-26 16:48:09,427 [INFO] Epoch 10/300 [WARMUP] (0.03s)
2025-12-26 16:48:09,427 [INFO] ================================================================================
2025-12-26 16:48:09,427 [INFO]   Total Loss:               2370.2151
2025-12-26 16:48:09,427 [INFO]   Recon Loss:              2370.2151
2025-12-26 16:48:09,427 [INFO]   GIB Keep Rate:           1.000
2025-12-26 16:48:09,427 [INFO]   GIB Avg Prob:            0.565
2025-12-26 16:48:09,427 [INFO]   Dispersion (θ):          54.414 ± 0.181
2025-12-26 16:48:09,427 [INFO]   Learning Rate:           0.000499
2025-12-26 16:48:09,803 [INFO] 
================================================================================
2025-12-26 16:48:09,803 [INFO] Epoch 11/300 [WARMUP] (0.03s)
2025-12-26 16:48:09,804 [INFO] ================================================================================
2025-12-26 16:48:09,804 [INFO]   Total Loss:               2326.1592
2025-12-26 16:48:09,804 [INFO]   Recon Loss:              2326.1592
2025-12-26 16:48:09,804 [INFO]   GIB Keep Rate:           1.000
2025-12-26 16:48:09,804 [INFO]   GIB Avg Prob:            0.565
2025-12-26 16:48:09,804 [INFO]   Dispersion (θ):          54.397 ± 0.199
2025-12-26 16:48:09,804 [INFO]   Learning Rate:           0.000498
2025-12-26 16:48:10,188 [INFO] 
================================================================================
2025-12-26 16:48:10,188 [INFO] Epoch 12/300 [WARMUP] (0.03s)
2025-12-26 16:48:10,188 [INFO] ================================================================================
2025-12-26 16:48:10,188 [INFO]   Total Loss:               2284.0439
2025-12-26 16:48:10,188 [INFO]   Recon Loss:              2284.0439
2025-12-26 16:48:10,188 [INFO]   GIB Keep Rate:           1.000
2025-12-26 16:48:10,188 [INFO]   GIB Avg Prob:            0.565
2025-12-26 16:48:10,188 [INFO]   Dispersion (θ):          54.381 ± 0.216
2025-12-26 16:48:10,188 [INFO]   Learning Rate:           0.000498
2025-12-26 16:48:10,556 [INFO] 
================================================================================
2025-12-26 16:48:10,556 [INFO] Epoch 13/300 [WARMUP] (0.03s)
2025-12-26 16:48:10,556 [INFO] ================================================================================
2025-12-26 16:48:10,557 [INFO]   Total Loss:               2242.1306
2025-12-26 16:48:10,557 [INFO]   Recon Loss:              2242.1306
2025-12-26 16:48:10,557 [INFO]   GIB Keep Rate:           1.000
2025-12-26 16:48:10,557 [INFO]   GIB Avg Prob:            0.565
2025-12-26 16:48:10,557 [INFO]   Dispersion (θ):          54.365 ± 0.232
2025-12-26 16:48:10,557 [INFO]   Learning Rate:           0.000498
2025-12-26 16:48:10,938 [INFO] 
================================================================================
2025-12-26 16:48:10,938 [INFO] Epoch 14/300 [WARMUP] (0.03s)
2025-12-26 16:48:10,938 [INFO] ================================================================================
2025-12-26 16:48:10,938 [INFO]   Total Loss:               2200.6704
2025-12-26 16:48:10,938 [INFO]   Recon Loss:              2200.6704
2025-12-26 16:48:10,938 [INFO]   GIB Keep Rate:           1.000
2025-12-26 16:48:10,938 [INFO]   GIB Avg Prob:            0.565
2025-12-26 16:48:10,938 [INFO]   Dispersion (θ):          54.350 ± 0.249
2025-12-26 16:48:10,938 [INFO]   Learning Rate:           0.000497
2025-12-26 16:48:11,314 [INFO] 
================================================================================
2025-12-26 16:48:11,314 [INFO] Epoch 15/300 [WARMUP] (0.03s)
2025-12-26 16:48:11,314 [INFO] ================================================================================
2025-12-26 16:48:11,314 [INFO]   Total Loss:               2161.7866
2025-12-26 16:48:11,314 [INFO]   Recon Loss:              2161.7866
2025-12-26 16:48:11,314 [INFO]   GIB Keep Rate:           1.000
2025-12-26 16:48:11,314 [INFO]   GIB Avg Prob:            0.565
2025-12-26 16:48:11,314 [INFO]   Dispersion (θ):          54.335 ± 0.264
2025-12-26 16:48:11,314 [INFO]   Learning Rate:           0.000497
2025-12-26 16:48:11,693 [INFO] 
================================================================================
2025-12-26 16:48:11,693 [INFO] Epoch 16/300 [WARMUP] (0.03s)
2025-12-26 16:48:11,693 [INFO] ================================================================================
2025-12-26 16:48:11,693 [INFO]   Total Loss:               2123.0815
2025-12-26 16:48:11,693 [INFO]   Recon Loss:              2123.0815
2025-12-26 16:48:11,693 [INFO]   GIB Keep Rate:           1.000
2025-12-26 16:48:11,693 [INFO]   GIB Avg Prob:            0.565
2025-12-26 16:48:11,693 [INFO]   Dispersion (θ):          54.321 ± 0.280
2025-12-26 16:48:11,693 [INFO]   Learning Rate:           0.000497
2025-12-26 16:48:12,102 [INFO] 
================================================================================
2025-12-26 16:48:12,103 [INFO] Epoch 17/300 [WARMUP] (0.03s)
2025-12-26 16:48:12,103 [INFO] ================================================================================
2025-12-26 16:48:12,103 [INFO]   Total Loss:               2084.6238
2025-12-26 16:48:12,103 [INFO]   Recon Loss:              2084.6238
2025-12-26 16:48:12,103 [INFO]   GIB Keep Rate:           1.000
2025-12-26 16:48:12,103 [INFO]   GIB Avg Prob:            0.565
2025-12-26 16:48:12,103 [INFO]   Dispersion (θ):          54.307 ± 0.295
2025-12-26 16:48:12,103 [INFO]   Learning Rate:           0.000496
2025-12-26 16:48:12,479 [INFO] 
================================================================================
2025-12-26 16:48:12,479 [INFO] Epoch 18/300 [WARMUP] (0.03s)
2025-12-26 16:48:12,479 [INFO] ================================================================================
2025-12-26 16:48:12,479 [INFO]   Total Loss:               2047.0175
2025-12-26 16:48:12,479 [INFO]   Recon Loss:              2047.0175
2025-12-26 16:48:12,479 [INFO]   GIB Keep Rate:           1.000
2025-12-26 16:48:12,479 [INFO]   GIB Avg Prob:            0.565
2025-12-26 16:48:12,480 [INFO]   Dispersion (θ):          54.294 ± 0.309
2025-12-26 16:48:12,480 [INFO]   Learning Rate:           0.000496
2025-12-26 16:48:12,860 [INFO] 
================================================================================
2025-12-26 16:48:12,860 [INFO] Epoch 19/300 [WARMUP] (0.03s)
2025-12-26 16:48:12,860 [INFO] ================================================================================
2025-12-26 16:48:12,860 [INFO]   Total Loss:               2010.0673
2025-12-26 16:48:12,860 [INFO]   Recon Loss:              2010.0673
2025-12-26 16:48:12,860 [INFO]   GIB Keep Rate:           1.000
2025-12-26 16:48:12,860 [INFO]   GIB Avg Prob:            0.564
2025-12-26 16:48:12,860 [INFO]   Dispersion (θ):          54.281 ± 0.324
2025-12-26 16:48:12,860 [INFO]   Learning Rate:           0.000495
2025-12-26 16:48:13,275 [INFO] 
================================================================================
2025-12-26 16:48:13,275 [INFO] Epoch 20/300 [WARMUP] (0.03s)
2025-12-26 16:48:13,275 [INFO] ================================================================================
2025-12-26 16:48:13,276 [INFO]   Total Loss:               1975.0798
2025-12-26 16:48:13,276 [INFO]   Recon Loss:              1975.0798
2025-12-26 16:48:13,276 [INFO]   GIB Keep Rate:           1.000
2025-12-26 16:48:13,276 [INFO]   GIB Avg Prob:            0.564
2025-12-26 16:48:13,276 [INFO]   Dispersion (θ):          54.268 ± 0.337
2025-12-26 16:48:13,276 [INFO]   Learning Rate:           0.000495
2025-12-26 16:48:13,729 [INFO] 
================================================================================
2025-12-26 16:48:13,729 [INFO] Epoch 21/300 [WARMUP] (0.03s)
2025-12-26 16:48:13,729 [INFO] ================================================================================
2025-12-26 16:48:13,729 [INFO]   Total Loss:               1942.6472
2025-12-26 16:48:13,729 [INFO]   Recon Loss:              1942.6472
2025-12-26 16:48:13,729 [INFO]   GIB Keep Rate:           1.000
2025-12-26 16:48:13,729 [INFO]   GIB Avg Prob:            0.565
2025-12-26 16:48:13,730 [INFO]   Dispersion (θ):          54.256 ± 0.351
2025-12-26 16:48:13,730 [INFO]   Learning Rate:           0.000494
2025-12-26 16:48:14,149 [INFO] 
================================================================================
2025-12-26 16:48:14,150 [INFO] Epoch 22/300 [WARMUP] (0.03s)
2025-12-26 16:48:14,150 [INFO] ================================================================================
2025-12-26 16:48:14,150 [INFO]   Total Loss:               1910.7910
2025-12-26 16:48:14,150 [INFO]   Recon Loss:              1910.7910
2025-12-26 16:48:14,150 [INFO]   GIB Keep Rate:           1.000
2025-12-26 16:48:14,150 [INFO]   GIB Avg Prob:            0.565
2025-12-26 16:48:14,150 [INFO]   Dispersion (θ):          54.244 ± 0.364
2025-12-26 16:48:14,150 [INFO]   Learning Rate:           0.000493
2025-12-26 16:48:14,499 [INFO] 
================================================================================
2025-12-26 16:48:14,499 [INFO] Epoch 23/300 [WARMUP] (0.03s)
2025-12-26 16:48:14,499 [INFO] ================================================================================
2025-12-26 16:48:14,499 [INFO]   Total Loss:               1879.3422
2025-12-26 16:48:14,499 [INFO]   Recon Loss:              1879.3422
2025-12-26 16:48:14,499 [INFO]   GIB Keep Rate:           1.000
2025-12-26 16:48:14,499 [INFO]   GIB Avg Prob:            0.565
2025-12-26 16:48:14,499 [INFO]   Dispersion (θ):          54.233 ± 0.377
2025-12-26 16:48:14,499 [INFO]   Learning Rate:           0.000493
2025-12-26 16:48:14,892 [INFO] 
================================================================================
2025-12-26 16:48:14,893 [INFO] Epoch 24/300 [WARMUP] (0.03s)
2025-12-26 16:48:14,893 [INFO] ================================================================================
2025-12-26 16:48:14,893 [INFO]   Total Loss:               1850.2404
2025-12-26 16:48:14,893 [INFO]   Recon Loss:              1850.2404
2025-12-26 16:48:14,893 [INFO]   GIB Keep Rate:           1.000
2025-12-26 16:48:14,893 [INFO]   GIB Avg Prob:            0.565
2025-12-26 16:48:14,893 [INFO]   Dispersion (θ):          54.222 ± 0.390
2025-12-26 16:48:14,893 [INFO]   Learning Rate:           0.000492
2025-12-26 16:48:15,282 [INFO] 
================================================================================
2025-12-26 16:48:15,282 [INFO] Epoch 25/300 [WARMUP] (0.03s)
2025-12-26 16:48:15,283 [INFO] ================================================================================
2025-12-26 16:48:15,283 [INFO]   Total Loss:               1822.6652
2025-12-26 16:48:15,283 [INFO]   Recon Loss:              1822.6652
2025-12-26 16:48:15,283 [INFO]   GIB Keep Rate:           0.999
2025-12-26 16:48:15,283 [INFO]   GIB Avg Prob:            0.565
2025-12-26 16:48:15,283 [INFO]   Dispersion (θ):          54.212 ± 0.402
2025-12-26 16:48:15,283 [INFO]   Learning Rate:           0.000492
2025-12-26 16:48:15,676 [INFO] 
================================================================================
2025-12-26 16:48:15,676 [INFO] Epoch 26/300 [WARMUP] (0.03s)
2025-12-26 16:48:15,676 [INFO] ================================================================================
2025-12-26 16:48:15,676 [INFO]   Total Loss:               1793.6270
2025-12-26 16:48:15,676 [INFO]   Recon Loss:              1793.6270
2025-12-26 16:48:15,676 [INFO]   GIB Keep Rate:           0.999
2025-12-26 16:48:15,676 [INFO]   GIB Avg Prob:            0.565
2025-12-26 16:48:15,676 [INFO]   Dispersion (θ):          54.202 ± 0.414
2025-12-26 16:48:15,676 [INFO]   Learning Rate:           0.000491
2025-12-26 16:48:16,089 [INFO] 
================================================================================
2025-12-26 16:48:16,089 [INFO] Epoch 27/300 [WARMUP] (0.03s)
2025-12-26 16:48:16,089 [INFO] ================================================================================
2025-12-26 16:48:16,089 [INFO]   Total Loss:               1768.0653
2025-12-26 16:48:16,089 [INFO]   Recon Loss:              1768.0653
2025-12-26 16:48:16,089 [INFO]   GIB Keep Rate:           1.000
2025-12-26 16:48:16,089 [INFO]   GIB Avg Prob:            0.565
2025-12-26 16:48:16,089 [INFO]   Dispersion (θ):          54.192 ± 0.426
2025-12-26 16:48:16,089 [INFO]   Learning Rate:           0.000490
2025-12-26 16:48:16,441 [INFO] 
================================================================================
2025-12-26 16:48:16,442 [INFO] Epoch 28/300 [WARMUP] (0.03s)
2025-12-26 16:48:16,442 [INFO] ================================================================================
2025-12-26 16:48:16,442 [INFO]   Total Loss:               1743.4923
2025-12-26 16:48:16,442 [INFO]   Recon Loss:              1743.4923
2025-12-26 16:48:16,442 [INFO]   GIB Keep Rate:           1.000
2025-12-26 16:48:16,442 [INFO]   GIB Avg Prob:            0.565
2025-12-26 16:48:16,442 [INFO]   Dispersion (θ):          54.183 ± 0.438
2025-12-26 16:48:16,442 [INFO]   Learning Rate:           0.000489
2025-12-26 16:48:16,823 [INFO] 
================================================================================
2025-12-26 16:48:16,823 [INFO] Epoch 29/300 [WARMUP] (0.03s)
2025-12-26 16:48:16,823 [INFO] ================================================================================
2025-12-26 16:48:16,823 [INFO]   Total Loss:               1720.4019
2025-12-26 16:48:16,823 [INFO]   Recon Loss:              1720.4019
2025-12-26 16:48:16,823 [INFO]   GIB Keep Rate:           1.000
2025-12-26 16:48:16,823 [INFO]   GIB Avg Prob:            0.565
2025-12-26 16:48:16,823 [INFO]   Dispersion (θ):          54.174 ± 0.449
2025-12-26 16:48:16,823 [INFO]   Learning Rate:           0.000489
2025-12-26 16:48:17,284 [INFO] 
================================================================================
2025-12-26 16:48:17,284 [INFO] Epoch 30/300 [WARMUP] (0.03s)
2025-12-26 16:48:17,284 [INFO] ================================================================================
2025-12-26 16:48:17,284 [INFO]   Total Loss:               1697.2123
2025-12-26 16:48:17,284 [INFO]   Recon Loss:              1697.2123
2025-12-26 16:48:17,285 [INFO]   GIB Keep Rate:           1.000
2025-12-26 16:48:17,285 [INFO]   GIB Avg Prob:            0.565
2025-12-26 16:48:17,285 [INFO]   Dispersion (θ):          54.165 ± 0.460
2025-12-26 16:48:17,285 [INFO]   Learning Rate:           0.000488
2025-12-26 16:48:17,642 [INFO] 
================================================================================
2025-12-26 16:48:17,643 [INFO] 🎯 Warmup完成！在Epoch 31使用K-Means初始化原型...
2025-12-26 16:48:17,643 [INFO] ================================================================================
2025-12-26 16:48:18,417 [INFO] 
================================================================================
2025-12-26 16:48:18,417 [INFO] Epoch 31/300 (0.80s)
2025-12-26 16:48:18,417 [INFO] ================================================================================
2025-12-26 16:48:18,417 [INFO]   Total Loss:               1692.8527
2025-12-26 16:48:18,417 [INFO]   Recon Loss:              1674.6409
2025-12-26 16:48:18,418 [INFO]   🔥 Contrastive Loss:     18.2118
2025-12-26 16:48:18,418 [INFO]     - Self Contrast:        6.1593
2025-12-26 16:48:18,418 [INFO]     - Hard Negative:        1.4601
2025-12-26 16:48:18,418 [INFO]     - Soft Positive:        0.0528
2025-12-26 16:48:18,418 [INFO]     - Kept Edges:           21828
2025-12-26 16:48:18,418 [INFO]     - Pruned Edges:         6
2025-12-26 16:48:18,418 [INFO]   GIB Keep Rate:           1.000
2025-12-26 16:48:18,418 [INFO]   GIB Avg Prob:            0.565
2025-12-26 16:48:18,418 [INFO]   Dispersion (θ):          54.157 ± 0.470
2025-12-26 16:48:18,419 [INFO]   Learning Rate:           0.000487
2025-12-26 16:48:18,849 [INFO] 
================================================================================
2025-12-26 16:48:18,849 [INFO] Epoch 32/300 (0.12s)
2025-12-26 16:48:18,849 [INFO] ================================================================================
2025-12-26 16:48:18,849 [INFO]   Total Loss:               1692.5918
2025-12-26 16:48:18,849 [INFO]   Recon Loss:              1652.3871
2025-12-26 16:48:18,849 [INFO]   🔥 Contrastive Loss:     18.2389
2025-12-26 16:48:18,850 [INFO]     - Self Contrast:        6.1749
2025-12-26 16:48:18,850 [INFO]     - Hard Negative:        1.4588
2025-12-26 16:48:18,850 [INFO]     - Soft Positive:        0.0537
2025-12-26 16:48:18,850 [INFO]     - Kept Edges:           21824
2025-12-26 16:48:18,850 [INFO]     - Pruned Edges:         10
2025-12-26 16:48:18,850 [INFO]   🔥 Prototype Loss:       21.9658
2025-12-26 16:48:18,850 [INFO]     - Spot-to-Prototype:    0.7740
2025-12-26 16:48:18,850 [INFO]     - Compactness:          0.5522
2025-12-26 16:48:18,850 [INFO]     - Dispersion:           0.4816
2025-12-26 16:48:18,850 [INFO]   GIB Keep Rate:           1.000
2025-12-26 16:48:18,850 [INFO]   GIB Avg Prob:            0.563
2025-12-26 16:48:18,850 [INFO]   Dispersion (θ):          54.148 ± 0.481
2025-12-26 16:48:18,850 [INFO]   Learning Rate:           0.000486
2025-12-26 16:48:19,202 [INFO] 
================================================================================
2025-12-26 16:48:19,202 [INFO] Epoch 33/300 (0.05s)
2025-12-26 16:48:19,202 [INFO] ================================================================================
2025-12-26 16:48:19,202 [INFO]   Total Loss:               1670.9216
2025-12-26 16:48:19,202 [INFO]   Recon Loss:              1631.7915
2025-12-26 16:48:19,203 [INFO]   🔥 Contrastive Loss:     18.2533
2025-12-26 16:48:19,203 [INFO]     - Self Contrast:        6.2060
2025-12-26 16:48:19,203 [INFO]     - Hard Negative:        1.4470
2025-12-26 16:48:19,203 [INFO]     - Soft Positive:        0.0532
2025-12-26 16:48:19,203 [INFO]     - Kept Edges:           21827
2025-12-26 16:48:19,203 [INFO]     - Pruned Edges:         7
2025-12-26 16:48:19,203 [INFO]   🔥 Prototype Loss:       20.8768
2025-12-26 16:48:19,203 [INFO]     - Spot-to-Prototype:    0.7268
2025-12-26 16:48:19,203 [INFO]     - Compactness:          0.5378
2025-12-26 16:48:19,203 [INFO]     - Dispersion:           0.4817
2025-12-26 16:48:19,203 [INFO]   GIB Keep Rate:           1.000
2025-12-26 16:48:19,203 [INFO]   GIB Avg Prob:            0.562
2025-12-26 16:48:19,203 [INFO]   Dispersion (θ):          54.140 ± 0.491
2025-12-26 16:48:19,203 [INFO]   Learning Rate:           0.000485
2025-12-26 16:48:19,623 [INFO] 
================================================================================
2025-12-26 16:48:19,623 [INFO] Epoch 34/300 (0.05s)
2025-12-26 16:48:19,623 [INFO] ================================================================================
2025-12-26 16:48:19,623 [INFO]   Total Loss:               1650.1428
2025-12-26 16:48:19,623 [INFO]   Recon Loss:              1611.9863
2025-12-26 16:48:19,623 [INFO]   🔥 Contrastive Loss:     18.2752
2025-12-26 16:48:19,623 [INFO]     - Self Contrast:        6.2312
2025-12-26 16:48:19,624 [INFO]     - Hard Negative:        1.4400
2025-12-26 16:48:19,624 [INFO]     - Soft Positive:        0.0529
2025-12-26 16:48:19,624 [INFO]     - Kept Edges:           21823
2025-12-26 16:48:19,624 [INFO]     - Pruned Edges:         11
2025-12-26 16:48:19,624 [INFO]   🔥 Prototype Loss:       19.8813
2025-12-26 16:48:19,624 [INFO]     - Spot-to-Prototype:    0.6863
2025-12-26 16:48:19,624 [INFO]     - Compactness:          0.5192
2025-12-26 16:48:19,624 [INFO]     - Dispersion:           0.4815
2025-12-26 16:48:19,624 [INFO]   GIB Keep Rate:           0.999
2025-12-26 16:48:19,624 [INFO]   GIB Avg Prob:            0.561
2025-12-26 16:48:19,624 [INFO]   Dispersion (θ):          54.132 ± 0.501
2025-12-26 16:48:19,624 [INFO]   Learning Rate:           0.000484
2025-12-26 16:48:20,036 [INFO] 
================================================================================
2025-12-26 16:48:20,036 [INFO] Epoch 35/300 (0.05s)
2025-12-26 16:48:20,036 [INFO] ================================================================================
2025-12-26 16:48:20,036 [INFO]   Total Loss:               1631.2130
2025-12-26 16:48:20,036 [INFO]   Recon Loss:              1594.0718
2025-12-26 16:48:20,036 [INFO]   🔥 Contrastive Loss:     18.3972
2025-12-26 16:48:20,036 [INFO]     - Self Contrast:        6.2817
2025-12-26 16:48:20,036 [INFO]     - Hard Negative:        1.4450
2025-12-26 16:48:20,036 [INFO]     - Soft Positive:        0.0537
2025-12-26 16:48:20,036 [INFO]     - Kept Edges:           21820
2025-12-26 16:48:20,036 [INFO]     - Pruned Edges:         14
2025-12-26 16:48:20,036 [INFO]   🔥 Prototype Loss:       18.7440
2025-12-26 16:48:20,037 [INFO]     - Spot-to-Prototype:    0.6405
2025-12-26 16:48:20,037 [INFO]     - Compactness:          0.4971
2025-12-26 16:48:20,037 [INFO]     - Dispersion:           0.4810
2025-12-26 16:48:20,037 [INFO]   GIB Keep Rate:           0.999
2025-12-26 16:48:20,037 [INFO]   GIB Avg Prob:            0.559
2025-12-26 16:48:20,037 [INFO]   Dispersion (θ):          54.124 ± 0.511
2025-12-26 16:48:20,037 [INFO]   Learning Rate:           0.000484
2025-12-26 16:48:20,403 [INFO] 
================================================================================
2025-12-26 16:48:20,403 [INFO] Epoch 36/300 (0.05s)
2025-12-26 16:48:20,404 [INFO] ================================================================================
2025-12-26 16:48:20,404 [INFO]   Total Loss:               1611.1670
2025-12-26 16:48:20,404 [INFO]   Recon Loss:              1574.9049
2025-12-26 16:48:20,404 [INFO]   🔥 Contrastive Loss:     18.3225
2025-12-26 16:48:20,404 [INFO]     - Self Contrast:        6.2536
2025-12-26 16:48:20,404 [INFO]     - Hard Negative:        1.4408
2025-12-26 16:48:20,404 [INFO]     - Soft Positive:        0.0523
2025-12-26 16:48:20,404 [INFO]     - Kept Edges:           21823
2025-12-26 16:48:20,404 [INFO]     - Pruned Edges:         11
2025-12-26 16:48:20,404 [INFO]   🔥 Prototype Loss:       17.9395
2025-12-26 16:48:20,404 [INFO]     - Spot-to-Prototype:    0.6036
2025-12-26 16:48:20,404 [INFO]     - Compactness:          0.4908
2025-12-26 16:48:20,404 [INFO]     - Dispersion:           0.4801
2025-12-26 16:48:20,404 [INFO]   GIB Keep Rate:           0.999
2025-12-26 16:48:20,404 [INFO]   GIB Avg Prob:            0.558
2025-12-26 16:48:20,404 [INFO]   Dispersion (θ):          54.116 ± 0.520
2025-12-26 16:48:20,405 [INFO]   Learning Rate:           0.000483
2025-12-26 16:48:20,814 [INFO] 
================================================================================
2025-12-26 16:48:20,814 [INFO] Epoch 37/300 (0.05s)
2025-12-26 16:48:20,814 [INFO] ================================================================================
2025-12-26 16:48:20,814 [INFO]   Total Loss:               1592.4155
2025-12-26 16:48:20,814 [INFO]   Recon Loss:              1557.5027
2025-12-26 16:48:20,814 [INFO]   🔥 Contrastive Loss:     17.9032
2025-12-26 16:48:20,814 [INFO]     - Self Contrast:        6.2922
2025-12-26 16:48:20,815 [INFO]     - Hard Negative:        1.3164
2025-12-26 16:48:20,815 [INFO]     - Soft Positive:        0.0533
2025-12-26 16:48:20,815 [INFO]     - Kept Edges:           21816
2025-12-26 16:48:20,815 [INFO]     - Pruned Edges:         18
2025-12-26 16:48:20,815 [INFO]   🔥 Prototype Loss:       17.0096
2025-12-26 16:48:20,815 [INFO]     - Spot-to-Prototype:    0.5637
2025-12-26 16:48:20,815 [INFO]     - Compactness:          0.4779
2025-12-26 16:48:20,815 [INFO]     - Dispersion:           0.4790
2025-12-26 16:48:20,815 [INFO]   GIB Keep Rate:           0.999
2025-12-26 16:48:20,815 [INFO]   GIB Avg Prob:            0.557
2025-12-26 16:48:20,815 [INFO]   Dispersion (θ):          54.109 ± 0.529
2025-12-26 16:48:20,815 [INFO]   Learning Rate:           0.000482
2025-12-26 16:48:21,221 [INFO] 
================================================================================
2025-12-26 16:48:21,221 [INFO] Epoch 38/300 (0.05s)
2025-12-26 16:48:21,221 [INFO] ================================================================================
2025-12-26 16:48:21,221 [INFO]   Total Loss:               1576.0258
2025-12-26 16:48:21,221 [INFO]   Recon Loss:              1541.3145
2025-12-26 16:48:21,222 [INFO]   🔥 Contrastive Loss:     18.4556
2025-12-26 16:48:21,222 [INFO]     - Self Contrast:        6.3325
2025-12-26 16:48:21,222 [INFO]     - Hard Negative:        1.4340
2025-12-26 16:48:21,222 [INFO]     - Soft Positive:        0.0548
2025-12-26 16:48:21,222 [INFO]     - Kept Edges:           21814
2025-12-26 16:48:21,222 [INFO]     - Pruned Edges:         20
2025-12-26 16:48:21,222 [INFO]   🔥 Prototype Loss:       16.2557
2025-12-26 16:48:21,222 [INFO]     - Spot-to-Prototype:    0.5299
2025-12-26 16:48:21,222 [INFO]     - Compactness:          0.4703
2025-12-26 16:48:21,222 [INFO]     - Dispersion:           0.4775
2025-12-26 16:48:21,222 [INFO]   GIB Keep Rate:           0.999
2025-12-26 16:48:21,222 [INFO]   GIB Avg Prob:            0.556
2025-12-26 16:48:21,222 [INFO]   Dispersion (θ):          54.101 ± 0.538
2025-12-26 16:48:21,222 [INFO]   Learning Rate:           0.000481
2025-12-26 16:48:21,583 [INFO] 
================================================================================
2025-12-26 16:48:21,583 [INFO] Epoch 39/300 (0.05s)
2025-12-26 16:48:21,583 [INFO] ================================================================================
2025-12-26 16:48:21,583 [INFO]   Total Loss:               1558.6836
2025-12-26 16:48:21,584 [INFO]   Recon Loss:              1525.0992
2025-12-26 16:48:21,584 [INFO]   🔥 Contrastive Loss:     18.2509
2025-12-26 16:48:21,584 [INFO]     - Self Contrast:        6.3488
2025-12-26 16:48:21,584 [INFO]     - Hard Negative:        1.3747
2025-12-26 16:48:21,584 [INFO]     - Soft Positive:        0.0546
2025-12-26 16:48:21,584 [INFO]     - Kept Edges:           21804
2025-12-26 16:48:21,584 [INFO]     - Pruned Edges:         30
2025-12-26 16:48:21,584 [INFO]   🔥 Prototype Loss:       15.3335
2025-12-26 16:48:21,584 [INFO]     - Spot-to-Prototype:    0.4978
2025-12-26 16:48:21,584 [INFO]     - Compactness:          0.4426
2025-12-26 16:48:21,584 [INFO]     - Dispersion:           0.4757
2025-12-26 16:48:21,584 [INFO]   GIB Keep Rate:           0.999
2025-12-26 16:48:21,584 [INFO]   GIB Avg Prob:            0.555
2025-12-26 16:48:21,584 [INFO]   Dispersion (θ):          54.094 ± 0.547
2025-12-26 16:48:21,584 [INFO]   Learning Rate:           0.000480
2025-12-26 16:48:21,973 [INFO] 
================================================================================
2025-12-26 16:48:21,973 [INFO] Epoch 40/300 (0.05s)
2025-12-26 16:48:21,973 [INFO] ================================================================================
2025-12-26 16:48:21,973 [INFO]   Total Loss:               1541.0010
2025-12-26 16:48:21,973 [INFO]   Recon Loss:              1508.2834
2025-12-26 16:48:21,974 [INFO]   🔥 Contrastive Loss:     18.1292
2025-12-26 16:48:21,974 [INFO]     - Self Contrast:        6.3640
2025-12-26 16:48:21,974 [INFO]     - Hard Negative:        1.3367
2025-12-26 16:48:21,974 [INFO]     - Soft Positive:        0.0542
2025-12-26 16:48:21,974 [INFO]     - Kept Edges:           21797
2025-12-26 16:48:21,974 [INFO]     - Pruned Edges:         37
2025-12-26 16:48:21,974 [INFO]   🔥 Prototype Loss:       14.5884
2025-12-26 16:48:21,974 [INFO]     - Spot-to-Prototype:    0.4681
2025-12-26 16:48:21,974 [INFO]     - Compactness:          0.4280
2025-12-26 16:48:21,974 [INFO]     - Dispersion:           0.4736
2025-12-26 16:48:21,974 [INFO]   GIB Keep Rate:           0.998
2025-12-26 16:48:21,974 [INFO]   GIB Avg Prob:            0.554
2025-12-26 16:48:21,974 [INFO]   Dispersion (θ):          54.086 ± 0.556
2025-12-26 16:48:21,974 [INFO]   Learning Rate:           0.000479
2025-12-26 16:48:22,398 [INFO] 
================================================================================
2025-12-26 16:48:22,399 [INFO] Epoch 41/300 (0.05s)
2025-12-26 16:48:22,399 [INFO] ================================================================================
2025-12-26 16:48:22,399 [INFO]   Total Loss:               1527.7560
2025-12-26 16:48:22,399 [INFO]   Recon Loss:              1495.5363
2025-12-26 16:48:22,399 [INFO]   🔥 Contrastive Loss:     18.3122
2025-12-26 16:48:22,399 [INFO]     - Self Contrast:        6.3991
2025-12-26 16:48:22,399 [INFO]     - Hard Negative:        1.3646
2025-12-26 16:48:22,399 [INFO]     - Soft Positive:        0.0554
2025-12-26 16:48:22,399 [INFO]     - Kept Edges:           21791
2025-12-26 16:48:22,399 [INFO]     - Pruned Edges:         43
2025-12-26 16:48:22,399 [INFO]   🔥 Prototype Loss:       13.9075
2025-12-26 16:48:22,399 [INFO]     - Spot-to-Prototype:    0.4404
2025-12-26 16:48:22,399 [INFO]     - Compactness:          0.4158
2025-12-26 16:48:22,399 [INFO]     - Dispersion:           0.4711
2025-12-26 16:48:22,399 [INFO]   GIB Keep Rate:           0.998
2025-12-26 16:48:22,399 [INFO]   GIB Avg Prob:            0.553
2025-12-26 16:48:22,400 [INFO]   Dispersion (θ):          54.078 ± 0.564
2025-12-26 16:48:22,400 [INFO]   Learning Rate:           0.000478
2025-12-26 16:48:22,784 [INFO] 
================================================================================
2025-12-26 16:48:22,785 [INFO] Epoch 42/300 (0.05s)
2025-12-26 16:48:22,785 [INFO] ================================================================================
2025-12-26 16:48:22,785 [INFO]   Total Loss:               1512.8716
2025-12-26 16:48:22,785 [INFO]   Recon Loss:              1481.2189
2025-12-26 16:48:22,785 [INFO]   🔥 Contrastive Loss:     18.3320
2025-12-26 16:48:22,785 [INFO]     - Self Contrast:        6.4393
2025-12-26 16:48:22,785 [INFO]     - Hard Negative:        1.3496
2025-12-26 16:48:22,785 [INFO]     - Soft Positive:        0.0551
2025-12-26 16:48:22,785 [INFO]     - Kept Edges:           21785
2025-12-26 16:48:22,785 [INFO]     - Pruned Edges:         49
2025-12-26 16:48:22,785 [INFO]   🔥 Prototype Loss:       13.3206
2025-12-26 16:48:22,785 [INFO]     - Spot-to-Prototype:    0.4168
2025-12-26 16:48:22,785 [INFO]     - Compactness:          0.4047
2025-12-26 16:48:22,785 [INFO]     - Dispersion:           0.4683
2025-12-26 16:48:22,785 [INFO]   GIB Keep Rate:           0.998
2025-12-26 16:48:22,785 [INFO]   GIB Avg Prob:            0.552
2025-12-26 16:48:22,785 [INFO]   Dispersion (θ):          54.071 ± 0.572
2025-12-26 16:48:22,786 [INFO]   Learning Rate:           0.000476
2025-12-26 16:48:23,167 [INFO] 
================================================================================
2025-12-26 16:48:23,168 [INFO] Epoch 43/300 (0.04s)
2025-12-26 16:48:23,168 [INFO] ================================================================================
2025-12-26 16:48:23,168 [INFO]   Total Loss:               1498.8623
2025-12-26 16:48:23,168 [INFO]   Recon Loss:              1467.7151
2025-12-26 16:48:23,168 [INFO]   🔥 Contrastive Loss:     18.4735
2025-12-26 16:48:23,168 [INFO]     - Self Contrast:        6.4866
2025-12-26 16:48:23,168 [INFO]     - Hard Negative:        1.3610
2025-12-26 16:48:23,168 [INFO]     - Soft Positive:        0.0564
2025-12-26 16:48:23,168 [INFO]     - Kept Edges:           21775
2025-12-26 16:48:23,168 [INFO]     - Pruned Edges:         59
2025-12-26 16:48:23,168 [INFO]   🔥 Prototype Loss:       12.6737
2025-12-26 16:48:23,168 [INFO]     - Spot-to-Prototype:    0.3972
2025-12-26 16:48:23,168 [INFO]     - Compactness:          0.3800
2025-12-26 16:48:23,168 [INFO]     - Dispersion:           0.4652
2025-12-26 16:48:23,168 [INFO]   GIB Keep Rate:           0.997
2025-12-26 16:48:23,168 [INFO]   GIB Avg Prob:            0.551
2025-12-26 16:48:23,168 [INFO]   Dispersion (θ):          54.063 ± 0.580
2025-12-26 16:48:23,168 [INFO]   Learning Rate:           0.000475
2025-12-26 16:48:23,559 [INFO] 
================================================================================
2025-12-26 16:48:23,560 [INFO] Epoch 44/300 (0.05s)
2025-12-26 16:48:23,560 [INFO] ================================================================================
2025-12-26 16:48:23,560 [INFO]   Total Loss:               1485.5465
2025-12-26 16:48:23,560 [INFO]   Recon Loss:              1454.6437
2025-12-26 16:48:23,560 [INFO]   🔥 Contrastive Loss:     18.5455
2025-12-26 16:48:23,560 [INFO]     - Self Contrast:        6.4911
2025-12-26 16:48:23,560 [INFO]     - Hard Negative:        1.3772
2025-12-26 16:48:23,560 [INFO]     - Soft Positive:        0.0545
2025-12-26 16:48:23,560 [INFO]     - Kept Edges:           21748
2025-12-26 16:48:23,560 [INFO]     - Pruned Edges:         86
2025-12-26 16:48:23,560 [INFO]   🔥 Prototype Loss:       12.3573
2025-12-26 16:48:23,560 [INFO]     - Spot-to-Prototype:    0.3765
2025-12-26 16:48:23,560 [INFO]     - Compactness:          0.3904
2025-12-26 16:48:23,560 [INFO]     - Dispersion:           0.4617
2025-12-26 16:48:23,560 [INFO]   GIB Keep Rate:           0.996
2025-12-26 16:48:23,561 [INFO]   GIB Avg Prob:            0.550
2025-12-26 16:48:23,561 [INFO]   Dispersion (θ):          54.056 ± 0.588
2025-12-26 16:48:23,561 [INFO]   Learning Rate:           0.000474
2025-12-26 16:48:23,951 [INFO] 
================================================================================
2025-12-26 16:48:23,951 [INFO] Epoch 45/300 (0.05s)
2025-12-26 16:48:23,951 [INFO] ================================================================================
2025-12-26 16:48:23,951 [INFO]   Total Loss:               1472.4719
2025-12-26 16:48:23,951 [INFO]   Recon Loss:              1442.0760
2025-12-26 16:48:23,951 [INFO]   🔥 Contrastive Loss:     18.7260
2025-12-26 16:48:23,951 [INFO]     - Self Contrast:        6.5289
2025-12-26 16:48:23,952 [INFO]     - Hard Negative:        1.4031
2025-12-26 16:48:23,952 [INFO]     - Soft Positive:        0.0559
2025-12-26 16:48:23,952 [INFO]     - Kept Edges:           21720
2025-12-26 16:48:23,952 [INFO]     - Pruned Edges:         114
2025-12-26 16:48:23,952 [INFO]   🔥 Prototype Loss:       11.6699
2025-12-26 16:48:23,952 [INFO]     - Spot-to-Prototype:    0.3567
2025-12-26 16:48:23,952 [INFO]     - Compactness:          0.3620
2025-12-26 16:48:23,952 [INFO]     - Dispersion:           0.4580
2025-12-26 16:48:23,952 [INFO]   GIB Keep Rate:           0.995
2025-12-26 16:48:23,952 [INFO]   GIB Avg Prob:            0.549
2025-12-26 16:48:23,952 [INFO]   Dispersion (θ):          54.048 ± 0.596
2025-12-26 16:48:23,952 [INFO]   Learning Rate:           0.000473
2025-12-26 16:48:24,343 [INFO] 
================================================================================
2025-12-26 16:48:24,343 [INFO] Epoch 46/300 (0.05s)
2025-12-26 16:48:24,343 [INFO] ================================================================================
2025-12-26 16:48:24,343 [INFO]   Total Loss:               1458.6923
2025-12-26 16:48:24,343 [INFO]   Recon Loss:              1428.9766
2025-12-26 16:48:24,343 [INFO]   🔥 Contrastive Loss:     18.6495
2025-12-26 16:48:24,343 [INFO]     - Self Contrast:        6.5198
2025-12-26 16:48:24,343 [INFO]     - Hard Negative:        1.3885
2025-12-26 16:48:24,343 [INFO]     - Soft Positive:        0.0557
2025-12-26 16:48:24,343 [INFO]     - Kept Edges:           21674
2025-12-26 16:48:24,344 [INFO]     - Pruned Edges:         160
2025-12-26 16:48:24,344 [INFO]   🔥 Prototype Loss:       11.0663
2025-12-26 16:48:24,344 [INFO]     - Spot-to-Prototype:    0.3396
2025-12-26 16:48:24,344 [INFO]     - Compactness:          0.3366
2025-12-26 16:48:24,344 [INFO]     - Dispersion:           0.4540
2025-12-26 16:48:24,344 [INFO]   GIB Keep Rate:           0.993
2025-12-26 16:48:24,344 [INFO]   GIB Avg Prob:            0.548
2025-12-26 16:48:24,344 [INFO]   Dispersion (θ):          54.040 ± 0.603
2025-12-26 16:48:24,344 [INFO]   Learning Rate:           0.000472
2025-12-26 16:48:24,727 [INFO] 
================================================================================
2025-12-26 16:48:24,727 [INFO] Epoch 47/300 (0.06s)
2025-12-26 16:48:24,727 [INFO] ================================================================================
2025-12-26 16:48:24,727 [INFO]   Total Loss:               1447.3839
2025-12-26 16:48:24,727 [INFO]   Recon Loss:              1418.0778
2025-12-26 16:48:24,727 [INFO]   🔥 Contrastive Loss:     18.6649
2025-12-26 16:48:24,727 [INFO]     - Self Contrast:        6.5391
2025-12-26 16:48:24,727 [INFO]     - Hard Negative:        1.3830
2025-12-26 16:48:24,727 [INFO]     - Soft Positive:        0.0547
2025-12-26 16:48:24,728 [INFO]     - Kept Edges:           21649
2025-12-26 16:48:24,728 [INFO]     - Pruned Edges:         185
2025-12-26 16:48:24,728 [INFO]   🔥 Prototype Loss:       10.6413
2025-12-26 16:48:24,728 [INFO]     - Spot-to-Prototype:    0.3244
2025-12-26 16:48:24,728 [INFO]     - Compactness:          0.3254
2025-12-26 16:48:24,728 [INFO]     - Dispersion:           0.4497
2025-12-26 16:48:24,728 [INFO]   GIB Keep Rate:           0.992
2025-12-26 16:48:24,728 [INFO]   GIB Avg Prob:            0.547
2025-12-26 16:48:24,728 [INFO]   Dispersion (θ):          54.032 ± 0.610
2025-12-26 16:48:24,728 [INFO]   Learning Rate:           0.000471
2025-12-26 16:48:25,112 [INFO] 
================================================================================
2025-12-26 16:48:25,113 [INFO] Epoch 48/300 (0.05s)
2025-12-26 16:48:25,113 [INFO] ================================================================================
2025-12-26 16:48:25,113 [INFO]   Total Loss:               1435.6505
2025-12-26 16:48:25,113 [INFO]   Recon Loss:              1406.5912
2025-12-26 16:48:25,113 [INFO]   🔥 Contrastive Loss:     18.6330
2025-12-26 16:48:25,113 [INFO]     - Self Contrast:        6.5421
2025-12-26 16:48:25,113 [INFO]     - Hard Negative:        1.3735
2025-12-26 16:48:25,113 [INFO]     - Soft Positive:        0.0546
2025-12-26 16:48:25,113 [INFO]     - Kept Edges:           21610
2025-12-26 16:48:25,113 [INFO]     - Pruned Edges:         224
2025-12-26 16:48:25,113 [INFO]   🔥 Prototype Loss:       10.4264
2025-12-26 16:48:25,113 [INFO]     - Spot-to-Prototype:    0.3100
2025-12-26 16:48:25,113 [INFO]     - Compactness:          0.3336
2025-12-26 16:48:25,113 [INFO]     - Dispersion:           0.4452
2025-12-26 16:48:25,114 [INFO]   GIB Keep Rate:           0.990
2025-12-26 16:48:25,114 [INFO]   GIB Avg Prob:            0.546
2025-12-26 16:48:25,114 [INFO]   Dispersion (θ):          54.024 ± 0.617
2025-12-26 16:48:25,114 [INFO]   Learning Rate:           0.000469
2025-12-26 16:48:25,475 [INFO] 
================================================================================
2025-12-26 16:48:25,475 [INFO] Epoch 49/300 (0.05s)
2025-12-26 16:48:25,475 [INFO] ================================================================================
2025-12-26 16:48:25,475 [INFO]   Total Loss:               1425.4811
2025-12-26 16:48:25,476 [INFO]   Recon Loss:              1396.2999
2025-12-26 16:48:25,476 [INFO]   🔥 Contrastive Loss:     18.6268
2025-12-26 16:48:25,476 [INFO]     - Self Contrast:        6.5531
2025-12-26 16:48:25,476 [INFO]     - Hard Negative:        1.3664
2025-12-26 16:48:25,476 [INFO]     - Soft Positive:        0.0550
2025-12-26 16:48:25,476 [INFO]     - Kept Edges:           21548
2025-12-26 16:48:25,476 [INFO]     - Pruned Edges:         286
2025-12-26 16:48:25,476 [INFO]   🔥 Prototype Loss:       10.5543
2025-12-26 16:48:25,476 [INFO]     - Spot-to-Prototype:    0.2981
2025-12-26 16:48:25,476 [INFO]     - Compactness:          0.3711
2025-12-26 16:48:25,476 [INFO]     - Dispersion:           0.4404
2025-12-26 16:48:25,476 [INFO]   GIB Keep Rate:           0.987
2025-12-26 16:48:25,476 [INFO]   GIB Avg Prob:            0.545
2025-12-26 16:48:25,476 [INFO]   Dispersion (θ):          54.016 ± 0.624
2025-12-26 16:48:25,476 [INFO]   Learning Rate:           0.000468
2025-12-26 16:48:25,884 [INFO] 
================================================================================
2025-12-26 16:48:25,884 [INFO] Epoch 50/300 (0.05s)
2025-12-26 16:48:25,884 [INFO] ================================================================================
2025-12-26 16:48:25,884 [INFO]   Total Loss:               1415.4576
2025-12-26 16:48:25,884 [INFO]   Recon Loss:              1386.6951
2025-12-26 16:48:25,884 [INFO]   🔥 Contrastive Loss:     18.6832
2025-12-26 16:48:25,884 [INFO]     - Self Contrast:        6.5558
2025-12-26 16:48:25,884 [INFO]     - Hard Negative:        1.3793
2025-12-26 16:48:25,884 [INFO]     - Soft Positive:        0.0545
2025-12-26 16:48:25,884 [INFO]     - Kept Edges:           21497
2025-12-26 16:48:25,885 [INFO]     - Pruned Edges:         337
2025-12-26 16:48:25,885 [INFO]   🔥 Prototype Loss:       10.0793
2025-12-26 16:48:25,885 [INFO]     - Spot-to-Prototype:    0.2865
2025-12-26 16:48:25,885 [INFO]     - Compactness:          0.3478
2025-12-26 16:48:25,885 [INFO]     - Dispersion:           0.4353
2025-12-26 16:48:25,885 [INFO]   GIB Keep Rate:           0.985
2025-12-26 16:48:25,885 [INFO]   GIB Avg Prob:            0.544
2025-12-26 16:48:25,885 [INFO]   Dispersion (θ):          54.008 ± 0.631
2025-12-26 16:48:25,885 [INFO]   Learning Rate:           0.000467
2025-12-26 16:48:26,254 [INFO] 
================================================================================
2025-12-26 16:48:26,254 [INFO] Epoch 51/300 (0.05s)
2025-12-26 16:48:26,254 [INFO] ================================================================================
2025-12-26 16:48:26,254 [INFO]   Total Loss:               1404.5189
2025-12-26 16:48:26,254 [INFO]   Recon Loss:              1376.1542
2025-12-26 16:48:26,254 [INFO]   🔥 Contrastive Loss:     18.6771
2025-12-26 16:48:26,254 [INFO]     - Self Contrast:        6.5434
2025-12-26 16:48:26,255 [INFO]     - Hard Negative:        1.3840
2025-12-26 16:48:26,255 [INFO]     - Soft Positive:        0.0541
2025-12-26 16:48:26,255 [INFO]     - Kept Edges:           21449
2025-12-26 16:48:26,255 [INFO]     - Pruned Edges:         385
2025-12-26 16:48:26,255 [INFO]   🔥 Prototype Loss:       9.6877
2025-12-26 16:48:26,255 [INFO]     - Spot-to-Prototype:    0.2755
2025-12-26 16:48:26,255 [INFO]     - Compactness:          0.3318
2025-12-26 16:48:26,255 [INFO]     - Dispersion:           0.4301
2025-12-26 16:48:26,255 [INFO]   GIB Keep Rate:           0.982
2025-12-26 16:48:26,255 [INFO]   GIB Avg Prob:            0.543
2025-12-26 16:48:26,255 [INFO]   Dispersion (θ):          53.999 ± 0.637
2025-12-26 16:48:26,255 [INFO]   Learning Rate:           0.000466
2025-12-26 16:48:26,650 [INFO] 
================================================================================
2025-12-26 16:48:26,650 [INFO] Epoch 52/300 (0.05s)
2025-12-26 16:48:26,650 [INFO] ================================================================================
2025-12-26 16:48:26,650 [INFO]   Total Loss:               1396.0024
2025-12-26 16:48:26,650 [INFO]   Recon Loss:              1368.0532
2025-12-26 16:48:26,651 [INFO]   🔥 Contrastive Loss:     18.7056
2025-12-26 16:48:26,651 [INFO]     - Self Contrast:        6.5866
2025-12-26 16:48:26,651 [INFO]     - Hard Negative:        1.3693
2025-12-26 16:48:26,651 [INFO]     - Soft Positive:        0.0551
2025-12-26 16:48:26,651 [INFO]     - Kept Edges:           21341
2025-12-26 16:48:26,651 [INFO]     - Pruned Edges:         493
2025-12-26 16:48:26,651 [INFO]   🔥 Prototype Loss:       9.2437
2025-12-26 16:48:26,651 [INFO]     - Spot-to-Prototype:    0.2628
2025-12-26 16:48:26,651 [INFO]     - Compactness:          0.3138
2025-12-26 16:48:26,651 [INFO]     - Dispersion:           0.4246
2025-12-26 16:48:26,651 [INFO]   GIB Keep Rate:           0.977
2025-12-26 16:48:26,651 [INFO]   GIB Avg Prob:            0.543
2025-12-26 16:48:26,651 [INFO]   Dispersion (θ):          53.990 ± 0.644
2025-12-26 16:48:26,651 [INFO]   Learning Rate:           0.000464
2025-12-26 16:48:27,051 [INFO] 
================================================================================
2025-12-26 16:48:27,052 [INFO] Epoch 53/300 (0.05s)
2025-12-26 16:48:27,052 [INFO] ================================================================================
2025-12-26 16:48:27,052 [INFO]   Total Loss:               1386.3682
2025-12-26 16:48:27,052 [INFO]   Recon Loss:              1358.6782
2025-12-26 16:48:27,052 [INFO]   🔥 Contrastive Loss:     18.7186
2025-12-26 16:48:27,052 [INFO]     - Self Contrast:        6.5906
2025-12-26 16:48:27,052 [INFO]     - Hard Negative:        1.3705
2025-12-26 16:48:27,052 [INFO]     - Soft Positive:        0.0556
2025-12-26 16:48:27,052 [INFO]     - Kept Edges:           21244
2025-12-26 16:48:27,052 [INFO]     - Pruned Edges:         590
2025-12-26 16:48:27,052 [INFO]   🔥 Prototype Loss:       8.9713
2025-12-26 16:48:27,052 [INFO]     - Spot-to-Prototype:    0.2560
2025-12-26 16:48:27,052 [INFO]     - Compactness:          0.3013
2025-12-26 16:48:27,052 [INFO]     - Dispersion:           0.4191
2025-12-26 16:48:27,052 [INFO]   GIB Keep Rate:           0.973
2025-12-26 16:48:27,053 [INFO]   GIB Avg Prob:            0.542
2025-12-26 16:48:27,053 [INFO]   Dispersion (θ):          53.982 ± 0.650
2025-12-26 16:48:27,053 [INFO]   Learning Rate:           0.000463
2025-12-26 16:48:27,474 [INFO] 
================================================================================
2025-12-26 16:48:27,475 [INFO] Epoch 54/300 (0.05s)
2025-12-26 16:48:27,475 [INFO] ================================================================================
2025-12-26 16:48:27,475 [INFO]   Total Loss:               1377.7913
2025-12-26 16:48:27,475 [INFO]   Recon Loss:              1350.4785
2025-12-26 16:48:27,475 [INFO]   🔥 Contrastive Loss:     18.7171
2025-12-26 16:48:27,475 [INFO]     - Self Contrast:        6.5501
2025-12-26 16:48:27,475 [INFO]     - Hard Negative:        1.3907
2025-12-26 16:48:27,475 [INFO]     - Soft Positive:        0.0541
2025-12-26 16:48:27,475 [INFO]     - Kept Edges:           21153
2025-12-26 16:48:27,475 [INFO]     - Pruned Edges:         681
2025-12-26 16:48:27,475 [INFO]   🔥 Prototype Loss:       8.5955
2025-12-26 16:48:27,475 [INFO]     - Spot-to-Prototype:    0.2466
2025-12-26 16:48:27,475 [INFO]     - Compactness:          0.2836
2025-12-26 16:48:27,475 [INFO]     - Dispersion:           0.4133
2025-12-26 16:48:27,475 [INFO]   GIB Keep Rate:           0.969
2025-12-26 16:48:27,475 [INFO]   GIB Avg Prob:            0.541
2025-12-26 16:48:27,476 [INFO]   Dispersion (θ):          53.973 ± 0.656
2025-12-26 16:48:27,476 [INFO]   Learning Rate:           0.000461
2025-12-26 16:48:27,910 [INFO] 
================================================================================
2025-12-26 16:48:27,910 [INFO] Epoch 55/300 (0.05s)
2025-12-26 16:48:27,910 [INFO] ================================================================================
2025-12-26 16:48:27,910 [INFO]   Total Loss:               1370.2545
2025-12-26 16:48:27,910 [INFO]   Recon Loss:              1343.2251
2025-12-26 16:48:27,910 [INFO]   🔥 Contrastive Loss:     18.7037
2025-12-26 16:48:27,910 [INFO]     - Self Contrast:        6.5601
2025-12-26 16:48:27,910 [INFO]     - Hard Negative:        1.3822
2025-12-26 16:48:27,910 [INFO]     - Soft Positive:        0.0548
2025-12-26 16:48:27,910 [INFO]     - Kept Edges:           21054
2025-12-26 16:48:27,910 [INFO]     - Pruned Edges:         780
2025-12-26 16:48:27,910 [INFO]   🔥 Prototype Loss:       8.3257
2025-12-26 16:48:27,910 [INFO]     - Spot-to-Prototype:    0.2398
2025-12-26 16:48:27,910 [INFO]     - Compactness:          0.2714
2025-12-26 16:48:27,911 [INFO]     - Dispersion:           0.4075
2025-12-26 16:48:27,911 [INFO]   GIB Keep Rate:           0.964
2025-12-26 16:48:27,911 [INFO]   GIB Avg Prob:            0.540
2025-12-26 16:48:27,911 [INFO]   Dispersion (θ):          53.963 ± 0.662
2025-12-26 16:48:27,911 [INFO]   Learning Rate:           0.000460
2025-12-26 16:48:28,313 [INFO] 
================================================================================
2025-12-26 16:48:28,313 [INFO] Epoch 56/300 (0.05s)
2025-12-26 16:48:28,313 [INFO] ================================================================================
2025-12-26 16:48:28,313 [INFO]   Total Loss:               1362.2119
2025-12-26 16:48:28,313 [INFO]   Recon Loss:              1335.4182
2025-12-26 16:48:28,313 [INFO]   🔥 Contrastive Loss:     18.7585
2025-12-26 16:48:28,313 [INFO]     - Self Contrast:        6.5946
2025-12-26 16:48:28,313 [INFO]     - Hard Negative:        1.3786
2025-12-26 16:48:28,313 [INFO]     - Soft Positive:        0.0549
2025-12-26 16:48:28,313 [INFO]     - Kept Edges:           20964
2025-12-26 16:48:28,313 [INFO]     - Pruned Edges:         870
2025-12-26 16:48:28,313 [INFO]   🔥 Prototype Loss:       8.0351
2025-12-26 16:48:28,313 [INFO]     - Spot-to-Prototype:    0.2343
2025-12-26 16:48:28,314 [INFO]     - Compactness:          0.2546
2025-12-26 16:48:28,314 [INFO]     - Dispersion:           0.4016
2025-12-26 16:48:28,314 [INFO]   GIB Keep Rate:           0.960
2025-12-26 16:48:28,314 [INFO]   GIB Avg Prob:            0.539
2025-12-26 16:48:28,314 [INFO]   Dispersion (θ):          53.954 ± 0.668
2025-12-26 16:48:28,314 [INFO]   Learning Rate:           0.000459
2025-12-26 16:48:28,699 [INFO] 
================================================================================
2025-12-26 16:48:28,699 [INFO] Epoch 57/300 (0.05s)
2025-12-26 16:48:28,699 [INFO] ================================================================================
2025-12-26 16:48:28,699 [INFO]   Total Loss:               1353.4834
2025-12-26 16:48:28,699 [INFO]   Recon Loss:              1327.0385
2025-12-26 16:48:28,700 [INFO]   🔥 Contrastive Loss:     18.6516
2025-12-26 16:48:28,700 [INFO]     - Self Contrast:        6.5282
2025-12-26 16:48:28,700 [INFO]     - Hard Negative:        1.3855
2025-12-26 16:48:28,700 [INFO]     - Soft Positive:        0.0532
2025-12-26 16:48:28,700 [INFO]     - Kept Edges:           20847
2025-12-26 16:48:28,700 [INFO]     - Pruned Edges:         987
2025-12-26 16:48:28,700 [INFO]   🔥 Prototype Loss:       7.7933
2025-12-26 16:48:28,700 [INFO]     - Spot-to-Prototype:    0.2275
2025-12-26 16:48:28,700 [INFO]     - Compactness:          0.2452
2025-12-26 16:48:28,700 [INFO]     - Dispersion:           0.3956
2025-12-26 16:48:28,700 [INFO]   GIB Keep Rate:           0.955
2025-12-26 16:48:28,700 [INFO]   GIB Avg Prob:            0.538
2025-12-26 16:48:28,700 [INFO]   Dispersion (θ):          53.944 ± 0.674
2025-12-26 16:48:28,700 [INFO]   Learning Rate:           0.000457
2025-12-26 16:48:29,079 [INFO] 
================================================================================
2025-12-26 16:48:29,079 [INFO] Epoch 58/300 (0.05s)
2025-12-26 16:48:29,079 [INFO] ================================================================================
2025-12-26 16:48:29,079 [INFO]   Total Loss:               1347.7207
2025-12-26 16:48:29,080 [INFO]   Recon Loss:              1321.4200
2025-12-26 16:48:29,080 [INFO]   🔥 Contrastive Loss:     18.7532
2025-12-26 16:48:29,080 [INFO]     - Self Contrast:        6.5597
2025-12-26 16:48:29,080 [INFO]     - Hard Negative:        1.3949
2025-12-26 16:48:29,080 [INFO]     - Soft Positive:        0.0542
2025-12-26 16:48:29,080 [INFO]     - Kept Edges:           20764
2025-12-26 16:48:29,080 [INFO]     - Pruned Edges:         1070
2025-12-26 16:48:29,080 [INFO]   🔥 Prototype Loss:       7.5475
2025-12-26 16:48:29,080 [INFO]     - Spot-to-Prototype:    0.2223
2025-12-26 16:48:29,080 [INFO]     - Compactness:          0.2322
2025-12-26 16:48:29,080 [INFO]     - Dispersion:           0.3896
2025-12-26 16:48:29,080 [INFO]   GIB Keep Rate:           0.951
2025-12-26 16:48:29,080 [INFO]   GIB Avg Prob:            0.537
2025-12-26 16:48:29,080 [INFO]   Dispersion (θ):          53.934 ± 0.679
2025-12-26 16:48:29,080 [INFO]   Learning Rate:           0.000456
2025-12-26 16:48:29,467 [INFO] 
================================================================================
2025-12-26 16:48:29,467 [INFO] Epoch 59/300 (0.05s)
2025-12-26 16:48:29,467 [INFO] ================================================================================
2025-12-26 16:48:29,467 [INFO]   Total Loss:               1340.2686
2025-12-26 16:48:29,467 [INFO]   Recon Loss:              1314.2336
2025-12-26 16:48:29,467 [INFO]   🔥 Contrastive Loss:     18.6902
2025-12-26 16:48:29,467 [INFO]     - Self Contrast:        6.5468
2025-12-26 16:48:29,468 [INFO]     - Hard Negative:        1.3856
2025-12-26 16:48:29,468 [INFO]     - Soft Positive:        0.0541
2025-12-26 16:48:29,468 [INFO]     - Kept Edges:           20607
2025-12-26 16:48:29,468 [INFO]     - Pruned Edges:         1227
2025-12-26 16:48:29,468 [INFO]   🔥 Prototype Loss:       7.3447
2025-12-26 16:48:29,468 [INFO]     - Spot-to-Prototype:    0.2159
2025-12-26 16:48:29,468 [INFO]     - Compactness:          0.2260
2025-12-26 16:48:29,468 [INFO]     - Dispersion:           0.3836
2025-12-26 16:48:29,468 [INFO]   GIB Keep Rate:           0.944
2025-12-26 16:48:29,468 [INFO]   GIB Avg Prob:            0.536
2025-12-26 16:48:29,468 [INFO]   Dispersion (θ):          53.924 ± 0.685
2025-12-26 16:48:29,468 [INFO]   Learning Rate:           0.000454
2025-12-26 16:48:29,866 [INFO] 
================================================================================
2025-12-26 16:48:29,866 [INFO] Epoch 60/300 (0.05s)
2025-12-26 16:48:29,866 [INFO] ================================================================================
2025-12-26 16:48:29,866 [INFO]   Total Loss:               1334.2104
2025-12-26 16:48:29,866 [INFO]   Recon Loss:              1308.4933
2025-12-26 16:48:29,866 [INFO]   🔥 Contrastive Loss:     18.5974
2025-12-26 16:48:29,866 [INFO]     - Self Contrast:        6.5382
2025-12-26 16:48:29,866 [INFO]     - Hard Negative:        1.3670
2025-12-26 16:48:29,867 [INFO]     - Soft Positive:        0.0531
2025-12-26 16:48:29,867 [INFO]     - Kept Edges:           20480
2025-12-26 16:48:29,867 [INFO]     - Pruned Edges:         1354
2025-12-26 16:48:29,867 [INFO]   🔥 Prototype Loss:       7.1198
2025-12-26 16:48:29,867 [INFO]     - Spot-to-Prototype:    0.2114
2025-12-26 16:48:29,867 [INFO]     - Compactness:          0.2137
2025-12-26 16:48:29,867 [INFO]     - Dispersion:           0.3776
2025-12-26 16:48:29,867 [INFO]   GIB Keep Rate:           0.938
2025-12-26 16:48:29,867 [INFO]   GIB Avg Prob:            0.535
2025-12-26 16:48:29,867 [INFO]   Dispersion (θ):          53.914 ± 0.690
2025-12-26 16:48:29,867 [INFO]   Learning Rate:           0.000453
2025-12-26 16:48:30,271 [INFO] 
================================================================================
2025-12-26 16:48:30,271 [INFO] Epoch 61/300 (0.05s)
2025-12-26 16:48:30,271 [INFO] ================================================================================
2025-12-26 16:48:30,271 [INFO]   Total Loss:               1327.3346
2025-12-26 16:48:30,271 [INFO]   Recon Loss:              1301.7775
2025-12-26 16:48:30,271 [INFO]   🔥 Contrastive Loss:     18.5882
2025-12-26 16:48:30,271 [INFO]     - Self Contrast:        6.5090
2025-12-26 16:48:30,272 [INFO]     - Hard Negative:        1.3794
2025-12-26 16:48:30,272 [INFO]     - Soft Positive:        0.0526
2025-12-26 16:48:30,272 [INFO]     - Kept Edges:           20328
2025-12-26 16:48:30,272 [INFO]     - Pruned Edges:         1506
2025-12-26 16:48:30,272 [INFO]   🔥 Prototype Loss:       6.9690
2025-12-26 16:48:30,272 [INFO]     - Spot-to-Prototype:    0.2072
2025-12-26 16:48:30,272 [INFO]     - Compactness:          0.2080
2025-12-26 16:48:30,272 [INFO]     - Dispersion:           0.3724
2025-12-26 16:48:30,272 [INFO]   GIB Keep Rate:           0.931
2025-12-26 16:48:30,272 [INFO]   GIB Avg Prob:            0.534
2025-12-26 16:48:30,272 [INFO]   Dispersion (θ):          53.903 ± 0.696
2025-12-26 16:48:30,272 [INFO]   Learning Rate:           0.000451
2025-12-26 16:48:30,661 [INFO] 
================================================================================
2025-12-26 16:48:30,662 [INFO] Epoch 62/300 (0.05s)
2025-12-26 16:48:30,662 [INFO] ================================================================================
2025-12-26 16:48:30,662 [INFO]   Total Loss:               1321.6025
2025-12-26 16:48:30,662 [INFO]   Recon Loss:              1296.1779
2025-12-26 16:48:30,662 [INFO]   🔥 Contrastive Loss:     18.6017
2025-12-26 16:48:30,662 [INFO]     - Self Contrast:        6.5133
2025-12-26 16:48:30,662 [INFO]     - Hard Negative:        1.3803
2025-12-26 16:48:30,662 [INFO]     - Soft Positive:        0.0540
2025-12-26 16:48:30,662 [INFO]     - Kept Edges:           20185
2025-12-26 16:48:30,662 [INFO]     - Pruned Edges:         1649
2025-12-26 16:48:30,662 [INFO]   🔥 Prototype Loss:       6.8230
2025-12-26 16:48:30,662 [INFO]     - Spot-to-Prototype:    0.2017
2025-12-26 16:48:30,662 [INFO]     - Compactness:          0.2054
2025-12-26 16:48:30,662 [INFO]     - Dispersion:           0.3672
2025-12-26 16:48:30,663 [INFO]   GIB Keep Rate:           0.924
2025-12-26 16:48:30,663 [INFO]   GIB Avg Prob:            0.533
2025-12-26 16:48:30,663 [INFO]   Dispersion (θ):          53.892 ± 0.701
2025-12-26 16:48:30,663 [INFO]   Learning Rate:           0.000450
2025-12-26 16:48:31,100 [INFO] 
================================================================================
2025-12-26 16:48:31,101 [INFO] Epoch 63/300 (0.05s)
2025-12-26 16:48:31,101 [INFO] ================================================================================
2025-12-26 16:48:31,101 [INFO]   Total Loss:               1315.9539
2025-12-26 16:48:31,101 [INFO]   Recon Loss:              1290.7362
2025-12-26 16:48:31,101 [INFO]   🔥 Contrastive Loss:     18.6208
2025-12-26 16:48:31,101 [INFO]     - Self Contrast:        6.5050
2025-12-26 16:48:31,101 [INFO]     - Hard Negative:        1.3895
2025-12-26 16:48:31,101 [INFO]     - Soft Positive:        0.0530
2025-12-26 16:48:31,101 [INFO]     - Kept Edges:           20066
2025-12-26 16:48:31,101 [INFO]     - Pruned Edges:         1768
2025-12-26 16:48:31,101 [INFO]   🔥 Prototype Loss:       6.5968
2025-12-26 16:48:31,101 [INFO]     - Spot-to-Prototype:    0.1944
2025-12-26 16:48:31,101 [INFO]     - Compactness:          0.1985
2025-12-26 16:48:31,101 [INFO]     - Dispersion:           0.3620
2025-12-26 16:48:31,101 [INFO]   GIB Keep Rate:           0.919
2025-12-26 16:48:31,101 [INFO]   GIB Avg Prob:            0.532
2025-12-26 16:48:31,101 [INFO]   Dispersion (θ):          53.881 ± 0.707
2025-12-26 16:48:31,101 [INFO]   Learning Rate:           0.000448
2025-12-26 16:48:31,508 [INFO] 
================================================================================
2025-12-26 16:48:31,508 [INFO] Epoch 64/300 (0.05s)
2025-12-26 16:48:31,508 [INFO] ================================================================================
2025-12-26 16:48:31,508 [INFO]   Total Loss:               1310.9052
2025-12-26 16:48:31,508 [INFO]   Recon Loss:              1285.9369
2025-12-26 16:48:31,508 [INFO]   🔥 Contrastive Loss:     18.4780
2025-12-26 16:48:31,508 [INFO]     - Self Contrast:        6.4534
2025-12-26 16:48:31,508 [INFO]     - Hard Negative:        1.3799
2025-12-26 16:48:31,508 [INFO]     - Soft Positive:        0.0514
2025-12-26 16:48:31,508 [INFO]     - Kept Edges:           19880
2025-12-26 16:48:31,508 [INFO]     - Pruned Edges:         1954
2025-12-26 16:48:31,508 [INFO]   🔥 Prototype Loss:       6.4903
2025-12-26 16:48:31,508 [INFO]     - Spot-to-Prototype:    0.1909
2025-12-26 16:48:31,508 [INFO]     - Compactness:          0.1958
2025-12-26 16:48:31,509 [INFO]     - Dispersion:           0.3568
2025-12-26 16:48:31,509 [INFO]   GIB Keep Rate:           0.911
2025-12-26 16:48:31,509 [INFO]   GIB Avg Prob:            0.531
2025-12-26 16:48:31,509 [INFO]   Dispersion (θ):          53.870 ± 0.712
2025-12-26 16:48:31,509 [INFO]   Learning Rate:           0.000446
2025-12-26 16:48:31,879 [INFO] 
================================================================================
2025-12-26 16:48:31,880 [INFO] Epoch 65/300 (0.05s)
2025-12-26 16:48:31,880 [INFO] ================================================================================
2025-12-26 16:48:31,880 [INFO]   Total Loss:               1305.6875
2025-12-26 16:48:31,880 [INFO]   Recon Loss:              1280.9164
2025-12-26 16:48:31,880 [INFO]   🔥 Contrastive Loss:     18.4436
2025-12-26 16:48:31,880 [INFO]     - Self Contrast:        6.4104
2025-12-26 16:48:31,880 [INFO]     - Hard Negative:        1.3928
2025-12-26 16:48:31,880 [INFO]     - Soft Positive:        0.0515
2025-12-26 16:48:31,880 [INFO]     - Kept Edges:           19770
2025-12-26 16:48:31,880 [INFO]     - Pruned Edges:         2064
2025-12-26 16:48:31,880 [INFO]   🔥 Prototype Loss:       6.3275
2025-12-26 16:48:31,880 [INFO]     - Spot-to-Prototype:    0.1863
2025-12-26 16:48:31,880 [INFO]     - Compactness:          0.1896
2025-12-26 16:48:31,881 [INFO]     - Dispersion:           0.3524
2025-12-26 16:48:31,881 [INFO]   GIB Keep Rate:           0.905
2025-12-26 16:48:31,881 [INFO]   GIB Avg Prob:            0.530
2025-12-26 16:48:31,881 [INFO]   Dispersion (θ):          53.858 ± 0.718
2025-12-26 16:48:31,881 [INFO]   Learning Rate:           0.000445
2025-12-26 16:48:32,318 [INFO] 
================================================================================
2025-12-26 16:48:32,318 [INFO] Epoch 66/300 (0.05s)
2025-12-26 16:48:32,318 [INFO] ================================================================================
2025-12-26 16:48:32,318 [INFO]   Total Loss:               1300.7135
2025-12-26 16:48:32,318 [INFO]   Recon Loss:              1276.0885
2025-12-26 16:48:32,318 [INFO]   🔥 Contrastive Loss:     18.4323
2025-12-26 16:48:32,318 [INFO]     - Self Contrast:        6.4134
2025-12-26 16:48:32,318 [INFO]     - Hard Negative:        1.3886
2025-12-26 16:48:32,318 [INFO]     - Soft Positive:        0.0509
2025-12-26 16:48:32,319 [INFO]     - Kept Edges:           19632
2025-12-26 16:48:32,319 [INFO]     - Pruned Edges:         2202
2025-12-26 16:48:32,319 [INFO]   🔥 Prototype Loss:       6.1928
2025-12-26 16:48:32,319 [INFO]     - Spot-to-Prototype:    0.1814
2025-12-26 16:48:32,319 [INFO]     - Compactness:          0.1868
2025-12-26 16:48:32,319 [INFO]     - Dispersion:           0.3482
2025-12-26 16:48:32,319 [INFO]   GIB Keep Rate:           0.899
2025-12-26 16:48:32,319 [INFO]   GIB Avg Prob:            0.529
2025-12-26 16:48:32,319 [INFO]   Dispersion (θ):          53.846 ± 0.723
2025-12-26 16:48:32,319 [INFO]   Learning Rate:           0.000443
2025-12-26 16:48:32,704 [INFO] 
================================================================================
2025-12-26 16:48:32,704 [INFO] Epoch 67/300 (0.05s)
2025-12-26 16:48:32,704 [INFO] ================================================================================
2025-12-26 16:48:32,705 [INFO]   Total Loss:               1296.0458
2025-12-26 16:48:32,705 [INFO]   Recon Loss:              1271.5983
2025-12-26 16:48:32,705 [INFO]   🔥 Contrastive Loss:     18.4371
2025-12-26 16:48:32,705 [INFO]     - Self Contrast:        6.4177
2025-12-26 16:48:32,705 [INFO]     - Hard Negative:        1.3876
2025-12-26 16:48:32,705 [INFO]     - Soft Positive:        0.0513
2025-12-26 16:48:32,705 [INFO]     - Kept Edges:           19464
2025-12-26 16:48:32,705 [INFO]     - Pruned Edges:         2370
2025-12-26 16:48:32,705 [INFO]   🔥 Prototype Loss:       6.0104
2025-12-26 16:48:32,705 [INFO]     - Spot-to-Prototype:    0.1782
2025-12-26 16:48:32,705 [INFO]     - Compactness:          0.1758
2025-12-26 16:48:32,705 [INFO]     - Dispersion:           0.3439
2025-12-26 16:48:32,705 [INFO]   GIB Keep Rate:           0.891
2025-12-26 16:48:32,705 [INFO]   GIB Avg Prob:            0.527
2025-12-26 16:48:32,705 [INFO]   Dispersion (θ):          53.834 ± 0.728
2025-12-26 16:48:32,705 [INFO]   Learning Rate:           0.000442
2025-12-26 16:48:33,084 [INFO] 
================================================================================
2025-12-26 16:48:33,085 [INFO] Epoch 68/300 (0.05s)
2025-12-26 16:48:33,085 [INFO] ================================================================================
2025-12-26 16:48:33,085 [INFO]   Total Loss:               1291.6437
2025-12-26 16:48:33,085 [INFO]   Recon Loss:              1267.3151
2025-12-26 16:48:33,085 [INFO]   🔥 Contrastive Loss:     18.4292
2025-12-26 16:48:33,085 [INFO]     - Self Contrast:        6.4264
2025-12-26 16:48:33,085 [INFO]     - Hard Negative:        1.3811
2025-12-26 16:48:33,085 [INFO]     - Soft Positive:        0.0522
2025-12-26 16:48:33,085 [INFO]     - Kept Edges:           19240
2025-12-26 16:48:33,085 [INFO]     - Pruned Edges:         2594
2025-12-26 16:48:33,085 [INFO]   🔥 Prototype Loss:       5.8994
2025-12-26 16:48:33,085 [INFO]     - Spot-to-Prototype:    0.1748
2025-12-26 16:48:33,085 [INFO]     - Compactness:          0.1724
2025-12-26 16:48:33,085 [INFO]     - Dispersion:           0.3397
2025-12-26 16:48:33,085 [INFO]   GIB Keep Rate:           0.881
2025-12-26 16:48:33,085 [INFO]   GIB Avg Prob:            0.526
2025-12-26 16:48:33,085 [INFO]   Dispersion (θ):          53.821 ± 0.734
2025-12-26 16:48:33,085 [INFO]   Learning Rate:           0.000440
2025-12-26 16:48:33,480 [INFO] 
================================================================================
2025-12-26 16:48:33,480 [INFO] Epoch 69/300 (0.05s)
2025-12-26 16:48:33,480 [INFO] ================================================================================
2025-12-26 16:48:33,480 [INFO]   Total Loss:               1288.2913
2025-12-26 16:48:33,480 [INFO]   Recon Loss:              1263.6547
2025-12-26 16:48:33,480 [INFO]   🔥 Contrastive Loss:     18.4892
2025-12-26 16:48:33,480 [INFO]     - Self Contrast:        6.4385
2025-12-26 16:48:33,480 [INFO]     - Hard Negative:        1.3899
2025-12-26 16:48:33,480 [INFO]     - Soft Positive:        0.0529
2025-12-26 16:48:33,480 [INFO]     - Kept Edges:           19152
2025-12-26 16:48:33,480 [INFO]     - Pruned Edges:         2682
2025-12-26 16:48:33,480 [INFO]   🔥 Prototype Loss:       6.1473
2025-12-26 16:48:33,480 [INFO]     - Spot-to-Prototype:    0.1761
2025-12-26 16:48:33,481 [INFO]     - Compactness:          0.1955
2025-12-26 16:48:33,481 [INFO]     - Dispersion:           0.3356
2025-12-26 16:48:33,481 [INFO]   GIB Keep Rate:           0.877
2025-12-26 16:48:33,481 [INFO]   GIB Avg Prob:            0.525
2025-12-26 16:48:33,481 [INFO]   Dispersion (θ):          53.808 ± 0.739
2025-12-26 16:48:33,481 [INFO]   Learning Rate:           0.000438
2025-12-26 16:48:33,855 [INFO] 
================================================================================
2025-12-26 16:48:33,855 [INFO] Epoch 70/300 (0.05s)
2025-12-26 16:48:33,856 [INFO] ================================================================================
2025-12-26 16:48:33,856 [INFO]   Total Loss:               1283.5344
2025-12-26 16:48:33,856 [INFO]   Recon Loss:              1259.5095
2025-12-26 16:48:33,856 [INFO]   🔥 Contrastive Loss:     18.3574
2025-12-26 16:48:33,856 [INFO]     - Self Contrast:        6.3738
2025-12-26 16:48:33,856 [INFO]     - Hard Negative:        1.3896
2025-12-26 16:48:33,856 [INFO]     - Soft Positive:        0.0514
2025-12-26 16:48:33,856 [INFO]     - Kept Edges:           18985
2025-12-26 16:48:33,856 [INFO]     - Pruned Edges:         2849
2025-12-26 16:48:33,856 [INFO]   🔥 Prototype Loss:       5.6674
2025-12-26 16:48:33,856 [INFO]     - Spot-to-Prototype:    0.1708
2025-12-26 16:48:33,856 [INFO]     - Compactness:          0.1588
2025-12-26 16:48:33,856 [INFO]     - Dispersion:           0.3314
2025-12-26 16:48:33,856 [INFO]   GIB Keep Rate:           0.870
2025-12-26 16:48:33,856 [INFO]   GIB Avg Prob:            0.524
2025-12-26 16:48:33,856 [INFO]   Dispersion (θ):          53.795 ± 0.745
2025-12-26 16:48:33,856 [INFO]   Learning Rate:           0.000436
2025-12-26 16:48:34,235 [INFO] 
================================================================================
2025-12-26 16:48:34,236 [INFO] Epoch 71/300 (0.05s)
2025-12-26 16:48:34,236 [INFO] ================================================================================
2025-12-26 16:48:34,236 [INFO]   Total Loss:               1279.8374
2025-12-26 16:48:34,236 [INFO]   Recon Loss:              1255.5719
2025-12-26 16:48:34,236 [INFO]   🔥 Contrastive Loss:     18.3999
2025-12-26 16:48:34,236 [INFO]     - Self Contrast:        6.3867
2025-12-26 16:48:34,236 [INFO]     - Hard Negative:        1.3936
2025-12-26 16:48:34,236 [INFO]     - Soft Positive:        0.0520
2025-12-26 16:48:34,236 [INFO]     - Kept Edges:           18780
2025-12-26 16:48:34,236 [INFO]     - Pruned Edges:         3054
2025-12-26 16:48:34,236 [INFO]   🔥 Prototype Loss:       5.8656
2025-12-26 16:48:34,236 [INFO]     - Spot-to-Prototype:    0.1686
2025-12-26 16:48:34,236 [INFO]     - Compactness:          0.1838
2025-12-26 16:48:34,236 [INFO]     - Dispersion:           0.3272
2025-12-26 16:48:34,236 [INFO]   GIB Keep Rate:           0.860
2025-12-26 16:48:34,236 [INFO]   GIB Avg Prob:            0.523
2025-12-26 16:48:34,236 [INFO]   Dispersion (θ):          53.781 ± 0.750
2025-12-26 16:48:34,237 [INFO]   Learning Rate:           0.000435
2025-12-26 16:48:34,642 [INFO] 
================================================================================
2025-12-26 16:48:34,643 [INFO] Epoch 72/300 (0.05s)
2025-12-26 16:48:34,643 [INFO] ================================================================================
2025-12-26 16:48:34,643 [INFO]   Total Loss:               1275.9922
2025-12-26 16:48:34,643 [INFO]   Recon Loss:              1251.8960
2025-12-26 16:48:34,643 [INFO]   🔥 Contrastive Loss:     18.3355
2025-12-26 16:48:34,643 [INFO]     - Self Contrast:        6.3560
2025-12-26 16:48:34,643 [INFO]     - Hard Negative:        1.3930
2025-12-26 16:48:34,643 [INFO]     - Soft Positive:        0.0516
2025-12-26 16:48:34,643 [INFO]     - Kept Edges:           18565
2025-12-26 16:48:34,643 [INFO]     - Pruned Edges:         3269
2025-12-26 16:48:34,643 [INFO]   🔥 Prototype Loss:       5.7607
2025-12-26 16:48:34,643 [INFO]     - Spot-to-Prototype:    0.1659
2025-12-26 16:48:34,643 [INFO]     - Compactness:          0.1796
2025-12-26 16:48:34,643 [INFO]     - Dispersion:           0.3230
2025-12-26 16:48:34,643 [INFO]   GIB Keep Rate:           0.850
2025-12-26 16:48:34,643 [INFO]   GIB Avg Prob:            0.522
2025-12-26 16:48:34,643 [INFO]   Dispersion (θ):          53.768 ± 0.756
2025-12-26 16:48:34,644 [INFO]   Learning Rate:           0.000433
2025-12-26 16:48:35,048 [INFO] 
================================================================================
2025-12-26 16:48:35,048 [INFO] Epoch 73/300 (0.05s)
2025-12-26 16:48:35,048 [INFO] ================================================================================
2025-12-26 16:48:35,048 [INFO]   Total Loss:               1272.9443
2025-12-26 16:48:35,048 [INFO]   Recon Loss:              1249.0046
2025-12-26 16:48:35,048 [INFO]   🔥 Contrastive Loss:     18.2244
2025-12-26 16:48:35,048 [INFO]     - Self Contrast:        6.2902
2025-12-26 16:48:35,049 [INFO]     - Hard Negative:        1.3984
2025-12-26 16:48:35,049 [INFO]     - Soft Positive:        0.0503
2025-12-26 16:48:35,049 [INFO]     - Kept Edges:           18329
2025-12-26 16:48:35,049 [INFO]     - Pruned Edges:         3505
2025-12-26 16:48:35,049 [INFO]   🔥 Prototype Loss:       5.7154
2025-12-26 16:48:35,049 [INFO]     - Spot-to-Prototype:    0.1656
2025-12-26 16:48:35,049 [INFO]     - Compactness:          0.1765
2025-12-26 16:48:35,049 [INFO]     - Dispersion:           0.3187
2025-12-26 16:48:35,049 [INFO]   GIB Keep Rate:           0.839
2025-12-26 16:48:35,049 [INFO]   GIB Avg Prob:            0.521
2025-12-26 16:48:35,049 [INFO]   Dispersion (θ):          53.753 ± 0.761
2025-12-26 16:48:35,049 [INFO]   Learning Rate:           0.000431
2025-12-26 16:48:35,465 [INFO] 
================================================================================
2025-12-26 16:48:35,465 [INFO] Epoch 74/300 (0.05s)
2025-12-26 16:48:35,465 [INFO] ================================================================================
2025-12-26 16:48:35,465 [INFO]   Total Loss:               1269.3958
2025-12-26 16:48:35,465 [INFO]   Recon Loss:              1245.5693
2025-12-26 16:48:35,465 [INFO]   🔥 Contrastive Loss:     18.2064
2025-12-26 16:48:35,465 [INFO]     - Self Contrast:        6.2837
2025-12-26 16:48:35,465 [INFO]     - Hard Negative:        1.3969
2025-12-26 16:48:35,465 [INFO]     - Soft Positive:        0.0514
2025-12-26 16:48:35,465 [INFO]     - Kept Edges:           18052
2025-12-26 16:48:35,465 [INFO]     - Pruned Edges:         3782
2025-12-26 16:48:35,465 [INFO]   🔥 Prototype Loss:       5.6199
2025-12-26 16:48:35,465 [INFO]     - Spot-to-Prototype:    0.1657
2025-12-26 16:48:35,466 [INFO]     - Compactness:          0.1677
2025-12-26 16:48:35,466 [INFO]     - Dispersion:           0.3145
2025-12-26 16:48:35,466 [INFO]   GIB Keep Rate:           0.827
2025-12-26 16:48:35,466 [INFO]   GIB Avg Prob:            0.520
2025-12-26 16:48:35,466 [INFO]   Dispersion (θ):          53.739 ± 0.767
2025-12-26 16:48:35,466 [INFO]   Learning Rate:           0.000429
2025-12-26 16:48:35,844 [INFO] 
================================================================================
2025-12-26 16:48:35,844 [INFO] Epoch 75/300 (0.05s)
2025-12-26 16:48:35,844 [INFO] ================================================================================
2025-12-26 16:48:35,844 [INFO]   Total Loss:               1266.6346
2025-12-26 16:48:35,844 [INFO]   Recon Loss:              1243.0522
2025-12-26 16:48:35,844 [INFO]   🔥 Contrastive Loss:     18.0888
2025-12-26 16:48:35,844 [INFO]     - Self Contrast:        6.2246
2025-12-26 16:48:35,844 [INFO]     - Hard Negative:        1.3971
2025-12-26 16:48:35,844 [INFO]     - Soft Positive:        0.0513
2025-12-26 16:48:35,844 [INFO]     - Kept Edges:           17768
2025-12-26 16:48:35,844 [INFO]     - Pruned Edges:         4066
2025-12-26 16:48:35,845 [INFO]   🔥 Prototype Loss:       5.4935
2025-12-26 16:48:35,845 [INFO]     - Spot-to-Prototype:    0.1629
2025-12-26 16:48:35,845 [INFO]     - Compactness:          0.1615
2025-12-26 16:48:35,845 [INFO]     - Dispersion:           0.3102
2025-12-26 16:48:35,845 [INFO]   GIB Keep Rate:           0.814
2025-12-26 16:48:35,845 [INFO]   GIB Avg Prob:            0.518
2025-12-26 16:48:35,845 [INFO]   Dispersion (θ):          53.724 ± 0.773
2025-12-26 16:48:35,845 [INFO]   Learning Rate:           0.000428
2025-12-26 16:48:36,277 [INFO] 
================================================================================
2025-12-26 16:48:36,277 [INFO] Epoch 76/300 (0.05s)
2025-12-26 16:48:36,277 [INFO] ================================================================================
2025-12-26 16:48:36,277 [INFO]   Total Loss:               1263.2319
2025-12-26 16:48:36,277 [INFO]   Recon Loss:              1239.7651
2025-12-26 16:48:36,277 [INFO]   🔥 Contrastive Loss:     18.0727
2025-12-26 16:48:36,277 [INFO]     - Self Contrast:        6.2247
2025-12-26 16:48:36,277 [INFO]     - Hard Negative:        1.3928
2025-12-26 16:48:36,277 [INFO]     - Soft Positive:        0.0521
2025-12-26 16:48:36,277 [INFO]     - Kept Edges:           17523
2025-12-26 16:48:36,277 [INFO]     - Pruned Edges:         4311
2025-12-26 16:48:36,277 [INFO]   🔥 Prototype Loss:       5.3940
2025-12-26 16:48:36,278 [INFO]     - Spot-to-Prototype:    0.1612
2025-12-26 16:48:36,278 [INFO]     - Compactness:          0.1558
2025-12-26 16:48:36,278 [INFO]     - Dispersion:           0.3059
2025-12-26 16:48:36,278 [INFO]   GIB Keep Rate:           0.803
2025-12-26 16:48:36,278 [INFO]   GIB Avg Prob:            0.517
2025-12-26 16:48:36,278 [INFO]   Dispersion (θ):          53.709 ± 0.779
2025-12-26 16:48:36,278 [INFO]   Learning Rate:           0.000426
2025-12-26 16:48:36,675 [INFO] 
================================================================================
2025-12-26 16:48:36,675 [INFO] Epoch 77/300 (0.05s)
2025-12-26 16:48:36,675 [INFO] ================================================================================
2025-12-26 16:48:36,675 [INFO]   Total Loss:               1260.2748
2025-12-26 16:48:36,675 [INFO]   Recon Loss:              1236.8279
2025-12-26 16:48:36,675 [INFO]   🔥 Contrastive Loss:     18.0518
2025-12-26 16:48:36,676 [INFO]     - Self Contrast:        6.2154
2025-12-26 16:48:36,676 [INFO]     - Hard Negative:        1.3920
2025-12-26 16:48:36,676 [INFO]     - Soft Positive:        0.0528
2025-12-26 16:48:36,676 [INFO]     - Kept Edges:           17126
2025-12-26 16:48:36,676 [INFO]     - Pruned Edges:         4708
2025-12-26 16:48:36,676 [INFO]   🔥 Prototype Loss:       5.3951
2025-12-26 16:48:36,676 [INFO]     - Spot-to-Prototype:    0.1637
2025-12-26 16:48:36,676 [INFO]     - Compactness:          0.1517
2025-12-26 16:48:36,676 [INFO]     - Dispersion:           0.3015
2025-12-26 16:48:36,676 [INFO]   GIB Keep Rate:           0.784
2025-12-26 16:48:36,676 [INFO]   GIB Avg Prob:            0.516
2025-12-26 16:48:36,676 [INFO]   Dispersion (θ):          53.694 ± 0.785
2025-12-26 16:48:36,676 [INFO]   Learning Rate:           0.000424
2025-12-26 16:48:37,104 [INFO] 
================================================================================
2025-12-26 16:48:37,105 [INFO] Epoch 78/300 (0.05s)
2025-12-26 16:48:37,105 [INFO] ================================================================================
2025-12-26 16:48:37,105 [INFO]   Total Loss:               1257.8098
2025-12-26 16:48:37,105 [INFO]   Recon Loss:              1234.4750
2025-12-26 16:48:37,105 [INFO]   🔥 Contrastive Loss:     18.0474
2025-12-26 16:48:37,105 [INFO]     - Self Contrast:        6.2133
2025-12-26 16:48:37,105 [INFO]     - Hard Negative:        1.3916
2025-12-26 16:48:37,105 [INFO]     - Soft Positive:        0.0545
2025-12-26 16:48:37,105 [INFO]     - Kept Edges:           16811
2025-12-26 16:48:37,105 [INFO]     - Pruned Edges:         5023
2025-12-26 16:48:37,105 [INFO]   🔥 Prototype Loss:       5.2873
2025-12-26 16:48:37,105 [INFO]     - Spot-to-Prototype:    0.1619
2025-12-26 16:48:37,105 [INFO]     - Compactness:          0.1454
2025-12-26 16:48:37,105 [INFO]     - Dispersion:           0.2972
2025-12-26 16:48:37,105 [INFO]   GIB Keep Rate:           0.770
2025-12-26 16:48:37,106 [INFO]   GIB Avg Prob:            0.514
2025-12-26 16:48:37,106 [INFO]   Dispersion (θ):          53.678 ± 0.791
2025-12-26 16:48:37,106 [INFO]   Learning Rate:           0.000422
2025-12-26 16:48:37,485 [INFO] 
================================================================================
2025-12-26 16:48:37,485 [INFO] Epoch 79/300 (0.05s)
2025-12-26 16:48:37,485 [INFO] ================================================================================
2025-12-26 16:48:37,485 [INFO]   Total Loss:               1255.5154
2025-12-26 16:48:37,485 [INFO]   Recon Loss:              1232.3815
2025-12-26 16:48:37,485 [INFO]   🔥 Contrastive Loss:     17.8755
2025-12-26 16:48:37,486 [INFO]     - Self Contrast:        6.1143
2025-12-26 16:48:37,486 [INFO]     - Hard Negative:        1.3985
2025-12-26 16:48:37,486 [INFO]     - Soft Positive:        0.0530
2025-12-26 16:48:37,486 [INFO]     - Kept Edges:           16508
2025-12-26 16:48:37,486 [INFO]     - Pruned Edges:         5326
2025-12-26 16:48:37,486 [INFO]   🔥 Prototype Loss:       5.2584
2025-12-26 16:48:37,486 [INFO]     - Spot-to-Prototype:    0.1629
2025-12-26 16:48:37,486 [INFO]     - Compactness:          0.1415
2025-12-26 16:48:37,486 [INFO]     - Dispersion:           0.2928
2025-12-26 16:48:37,486 [INFO]   GIB Keep Rate:           0.756
2025-12-26 16:48:37,486 [INFO]   GIB Avg Prob:            0.513
2025-12-26 16:48:37,486 [INFO]   Dispersion (θ):          53.662 ± 0.798
2025-12-26 16:48:37,486 [INFO]   Learning Rate:           0.000420
2025-12-26 16:48:37,868 [INFO] 
================================================================================
2025-12-26 16:48:37,868 [INFO] Epoch 80/300 (0.05s)
2025-12-26 16:48:37,868 [INFO] ================================================================================
2025-12-26 16:48:37,868 [INFO]   Total Loss:               1253.1063
2025-12-26 16:48:37,868 [INFO]   Recon Loss:              1230.1097
2025-12-26 16:48:37,868 [INFO]   🔥 Contrastive Loss:     17.8314
2025-12-26 16:48:37,868 [INFO]     - Self Contrast:        6.0994
2025-12-26 16:48:37,868 [INFO]     - Hard Negative:        1.3948
2025-12-26 16:48:37,868 [INFO]     - Soft Positive:        0.0536
2025-12-26 16:48:37,869 [INFO]     - Kept Edges:           16052
2025-12-26 16:48:37,869 [INFO]     - Pruned Edges:         5782
2025-12-26 16:48:37,869 [INFO]   🔥 Prototype Loss:       5.1652
2025-12-26 16:48:37,869 [INFO]     - Spot-to-Prototype:    0.1612
2025-12-26 16:48:37,869 [INFO]     - Compactness:          0.1364
2025-12-26 16:48:37,869 [INFO]     - Dispersion:           0.2885
2025-12-26 16:48:37,869 [INFO]   GIB Keep Rate:           0.735
2025-12-26 16:48:37,869 [INFO]   GIB Avg Prob:            0.512
2025-12-26 16:48:37,869 [INFO]   Dispersion (θ):          53.646 ± 0.804
2025-12-26 16:48:37,869 [INFO]   Learning Rate:           0.000418
2025-12-26 16:48:38,259 [INFO] 
================================================================================
2025-12-26 16:48:38,259 [INFO] Epoch 81/300 (0.05s)
2025-12-26 16:48:38,259 [INFO] ================================================================================
2025-12-26 16:48:38,259 [INFO]   Total Loss:               1250.4856
2025-12-26 16:48:38,260 [INFO]   Recon Loss:              1227.6508
2025-12-26 16:48:38,260 [INFO]   🔥 Contrastive Loss:     17.6796
2025-12-26 16:48:38,260 [INFO]     - Self Contrast:        6.0123
2025-12-26 16:48:38,260 [INFO]     - Hard Negative:        1.4005
2025-12-26 16:48:38,260 [INFO]     - Soft Positive:        0.0532
2025-12-26 16:48:38,260 [INFO]     - Kept Edges:           15711
2025-12-26 16:48:38,260 [INFO]     - Pruned Edges:         6123
2025-12-26 16:48:38,260 [INFO]   🔥 Prototype Loss:       5.1552
2025-12-26 16:48:38,260 [INFO]     - Spot-to-Prototype:    0.1633
2025-12-26 16:48:38,260 [INFO]     - Compactness:          0.1320
2025-12-26 16:48:38,260 [INFO]     - Dispersion:           0.2850
2025-12-26 16:48:38,260 [INFO]   GIB Keep Rate:           0.720
2025-12-26 16:48:38,260 [INFO]   GIB Avg Prob:            0.510
2025-12-26 16:48:38,260 [INFO]   Dispersion (θ):          53.629 ± 0.811
2025-12-26 16:48:38,260 [INFO]   Learning Rate:           0.000416
2025-12-26 16:48:38,637 [INFO] 
================================================================================
2025-12-26 16:48:38,637 [INFO] Epoch 82/300 (0.05s)
2025-12-26 16:48:38,637 [INFO] ================================================================================
2025-12-26 16:48:38,638 [INFO]   Total Loss:               1247.9496
2025-12-26 16:48:38,638 [INFO]   Recon Loss:              1225.2346
2025-12-26 16:48:38,638 [INFO]   🔥 Contrastive Loss:     17.5998
2025-12-26 16:48:38,638 [INFO]     - Self Contrast:        5.9879
2025-12-26 16:48:38,638 [INFO]     - Hard Negative:        1.3921
2025-12-26 16:48:38,638 [INFO]     - Soft Positive:        0.0557
2025-12-26 16:48:38,638 [INFO]     - Kept Edges:           15288
2025-12-26 16:48:38,638 [INFO]     - Pruned Edges:         6546
2025-12-26 16:48:38,638 [INFO]   🔥 Prototype Loss:       5.1151
2025-12-26 16:48:38,638 [INFO]     - Spot-to-Prototype:    0.1636
2025-12-26 16:48:38,638 [INFO]     - Compactness:          0.1281
2025-12-26 16:48:38,638 [INFO]     - Dispersion:           0.2816
2025-12-26 16:48:38,638 [INFO]   GIB Keep Rate:           0.700
2025-12-26 16:48:38,638 [INFO]   GIB Avg Prob:            0.509
2025-12-26 16:48:38,638 [INFO]   Dispersion (θ):          53.612 ± 0.817
2025-12-26 16:48:38,638 [INFO]   Learning Rate:           0.000414
2025-12-26 16:48:39,021 [INFO] 
================================================================================
2025-12-26 16:48:39,022 [INFO] Epoch 83/300 (0.05s)
2025-12-26 16:48:39,022 [INFO] ================================================================================
2025-12-26 16:48:39,022 [INFO]   Total Loss:               1245.9757
2025-12-26 16:48:39,022 [INFO]   Recon Loss:              1223.3718
2025-12-26 16:48:39,022 [INFO]   🔥 Contrastive Loss:     17.5455
2025-12-26 16:48:39,022 [INFO]     - Self Contrast:        5.9520
2025-12-26 16:48:39,022 [INFO]     - Hard Negative:        1.3965
2025-12-26 16:48:39,022 [INFO]     - Soft Positive:        0.0557
2025-12-26 16:48:39,022 [INFO]     - Kept Edges:           14638
2025-12-26 16:48:39,022 [INFO]     - Pruned Edges:         7196
2025-12-26 16:48:39,022 [INFO]   🔥 Prototype Loss:       5.0584
2025-12-26 16:48:39,022 [INFO]     - Spot-to-Prototype:    0.1620
2025-12-26 16:48:39,022 [INFO]     - Compactness:          0.1263
2025-12-26 16:48:39,022 [INFO]     - Dispersion:           0.2781
2025-12-26 16:48:39,022 [INFO]   GIB Keep Rate:           0.670
2025-12-26 16:48:39,022 [INFO]   GIB Avg Prob:            0.507
2025-12-26 16:48:39,022 [INFO]   Dispersion (θ):          53.595 ± 0.824
2025-12-26 16:48:39,023 [INFO]   Learning Rate:           0.000412
2025-12-26 16:48:39,469 [INFO] 
================================================================================
2025-12-26 16:48:39,469 [INFO] Epoch 84/300 (0.05s)
2025-12-26 16:48:39,469 [INFO] ================================================================================
2025-12-26 16:48:39,469 [INFO]   Total Loss:               1243.9070
2025-12-26 16:48:39,469 [INFO]   Recon Loss:              1221.3893
2025-12-26 16:48:39,469 [INFO]   🔥 Contrastive Loss:     17.4864
2025-12-26 16:48:39,469 [INFO]     - Self Contrast:        5.9307
2025-12-26 16:48:39,469 [INFO]     - Hard Negative:        1.3922
2025-12-26 16:48:39,469 [INFO]     - Soft Positive:        0.0564
2025-12-26 16:48:39,469 [INFO]     - Kept Edges:           14068
2025-12-26 16:48:39,469 [INFO]     - Pruned Edges:         7766
2025-12-26 16:48:39,469 [INFO]   🔥 Prototype Loss:       5.0314
2025-12-26 16:48:39,469 [INFO]     - Spot-to-Prototype:    0.1619
2025-12-26 16:48:39,470 [INFO]     - Compactness:          0.1244
2025-12-26 16:48:39,470 [INFO]     - Dispersion:           0.2745
2025-12-26 16:48:39,470 [INFO]   GIB Keep Rate:           0.644
2025-12-26 16:48:39,470 [INFO]   GIB Avg Prob:            0.505
2025-12-26 16:48:39,470 [INFO]   Dispersion (θ):          53.577 ± 0.831
2025-12-26 16:48:39,470 [INFO]   Learning Rate:           0.000410
2025-12-26 16:48:39,831 [INFO] 
================================================================================
2025-12-26 16:48:39,831 [INFO] Epoch 85/300 (0.05s)
2025-12-26 16:48:39,831 [INFO] ================================================================================
2025-12-26 16:48:39,831 [INFO]   Total Loss:               1241.9919
2025-12-26 16:48:39,831 [INFO]   Recon Loss:              1219.6971
2025-12-26 16:48:39,831 [INFO]   🔥 Contrastive Loss:     17.3611
2025-12-26 16:48:39,831 [INFO]     - Self Contrast:        5.8649
2025-12-26 16:48:39,831 [INFO]     - Hard Negative:        1.3935
2025-12-26 16:48:39,831 [INFO]     - Soft Positive:        0.0574
2025-12-26 16:48:39,831 [INFO]     - Kept Edges:           13463
2025-12-26 16:48:39,831 [INFO]     - Pruned Edges:         8371
2025-12-26 16:48:39,831 [INFO]   🔥 Prototype Loss:       4.9337
2025-12-26 16:48:39,832 [INFO]     - Spot-to-Prototype:    0.1601
2025-12-26 16:48:39,832 [INFO]     - Compactness:          0.1189
2025-12-26 16:48:39,832 [INFO]     - Dispersion:           0.2711
2025-12-26 16:48:39,832 [INFO]   GIB Keep Rate:           0.617
2025-12-26 16:48:39,832 [INFO]   GIB Avg Prob:            0.504
2025-12-26 16:48:39,832 [INFO]   Dispersion (θ):          53.559 ± 0.838
2025-12-26 16:48:39,832 [INFO]   Learning Rate:           0.000408
2025-12-26 16:48:40,218 [INFO] 
================================================================================
2025-12-26 16:48:40,219 [INFO] Epoch 86/300 (0.05s)
2025-12-26 16:48:40,219 [INFO] ================================================================================
2025-12-26 16:48:40,219 [INFO]   Total Loss:               1240.0343
2025-12-26 16:48:40,219 [INFO]   Recon Loss:              1217.7999
2025-12-26 16:48:40,219 [INFO]   🔥 Contrastive Loss:     17.2809
2025-12-26 16:48:40,219 [INFO]     - Self Contrast:        5.8197
2025-12-26 16:48:40,219 [INFO]     - Hard Negative:        1.3957
2025-12-26 16:48:40,219 [INFO]     - Soft Positive:        0.0587
2025-12-26 16:48:40,219 [INFO]     - Kept Edges:           12775
2025-12-26 16:48:40,219 [INFO]     - Pruned Edges:         9059
2025-12-26 16:48:40,219 [INFO]   🔥 Prototype Loss:       4.9534
2025-12-26 16:48:40,219 [INFO]     - Spot-to-Prototype:    0.1625
2025-12-26 16:48:40,219 [INFO]     - Compactness:          0.1167
2025-12-26 16:48:40,219 [INFO]     - Dispersion:           0.2681
2025-12-26 16:48:40,219 [INFO]   GIB Keep Rate:           0.585
2025-12-26 16:48:40,220 [INFO]   GIB Avg Prob:            0.502
2025-12-26 16:48:40,220 [INFO]   Dispersion (θ):          53.541 ± 0.846
2025-12-26 16:48:40,220 [INFO]   Learning Rate:           0.000406
2025-12-26 16:48:40,624 [INFO] 
================================================================================
2025-12-26 16:48:40,624 [INFO] Epoch 87/300 (0.05s)
2025-12-26 16:48:40,624 [INFO] ================================================================================
2025-12-26 16:48:40,624 [INFO]   Total Loss:               1238.8068
2025-12-26 16:48:40,624 [INFO]   Recon Loss:              1216.8192
2025-12-26 16:48:40,624 [INFO]   🔥 Contrastive Loss:     17.1340
2025-12-26 16:48:40,624 [INFO]     - Self Contrast:        5.7482
2025-12-26 16:48:40,624 [INFO]     - Hard Negative:        1.3949
2025-12-26 16:48:40,624 [INFO]     - Soft Positive:        0.0578
2025-12-26 16:48:40,624 [INFO]     - Kept Edges:           12014
2025-12-26 16:48:40,625 [INFO]     - Pruned Edges:         9820
2025-12-26 16:48:40,625 [INFO]   🔥 Prototype Loss:       4.8535
2025-12-26 16:48:40,625 [INFO]     - Spot-to-Prototype:    0.1604
2025-12-26 16:48:40,625 [INFO]     - Compactness:          0.1115
2025-12-26 16:48:40,625 [INFO]     - Dispersion:           0.2650
2025-12-26 16:48:40,625 [INFO]   GIB Keep Rate:           0.550
2025-12-26 16:48:40,625 [INFO]   GIB Avg Prob:            0.500
2025-12-26 16:48:40,625 [INFO]   Dispersion (θ):          53.523 ± 0.853
2025-12-26 16:48:40,625 [INFO]   Learning Rate:           0.000404
2025-12-26 16:48:41,009 [INFO] 
================================================================================
2025-12-26 16:48:41,010 [INFO] Epoch 88/300 (0.05s)
2025-12-26 16:48:41,010 [INFO] ================================================================================
2025-12-26 16:48:41,010 [INFO]   Total Loss:               1236.8273
2025-12-26 16:48:41,010 [INFO]   Recon Loss:              1214.9340
2025-12-26 16:48:41,010 [INFO]   🔥 Contrastive Loss:     17.0380
2025-12-26 16:48:41,010 [INFO]     - Self Contrast:        5.7102
2025-12-26 16:48:41,010 [INFO]     - Hard Negative:        1.3891
2025-12-26 16:48:41,010 [INFO]     - Soft Positive:        0.0613
2025-12-26 16:48:41,010 [INFO]     - Kept Edges:           11244
2025-12-26 16:48:41,010 [INFO]     - Pruned Edges:         10590
2025-12-26 16:48:41,010 [INFO]   🔥 Prototype Loss:       4.8554
2025-12-26 16:48:41,010 [INFO]     - Spot-to-Prototype:    0.1622
2025-12-26 16:48:41,010 [INFO]     - Compactness:          0.1088
2025-12-26 16:48:41,010 [INFO]     - Dispersion:           0.2618
2025-12-26 16:48:41,010 [INFO]   GIB Keep Rate:           0.515
2025-12-26 16:48:41,010 [INFO]   GIB Avg Prob:            0.499
2025-12-26 16:48:41,011 [INFO]   Dispersion (θ):          53.504 ± 0.860
2025-12-26 16:48:41,011 [INFO]   Learning Rate:           0.000402
2025-12-26 16:48:41,441 [INFO] 
================================================================================
2025-12-26 16:48:41,441 [INFO] Epoch 89/300 (0.05s)
2025-12-26 16:48:41,441 [INFO] ================================================================================
2025-12-26 16:48:41,441 [INFO]   Total Loss:               1235.1039
2025-12-26 16:48:41,441 [INFO]   Recon Loss:              1213.4208
2025-12-26 16:48:41,441 [INFO]   🔥 Contrastive Loss:     16.8854
2025-12-26 16:48:41,441 [INFO]     - Self Contrast:        5.6378
2025-12-26 16:48:41,441 [INFO]     - Hard Negative:        1.3872
2025-12-26 16:48:41,441 [INFO]     - Soft Positive:        0.0612
2025-12-26 16:48:41,441 [INFO]     - Kept Edges:           10405
2025-12-26 16:48:41,442 [INFO]     - Pruned Edges:         11429
2025-12-26 16:48:41,442 [INFO]   🔥 Prototype Loss:       4.7978
2025-12-26 16:48:41,442 [INFO]     - Spot-to-Prototype:    0.1611
2025-12-26 16:48:41,442 [INFO]     - Compactness:          0.1059
2025-12-26 16:48:41,442 [INFO]     - Dispersion:           0.2588
2025-12-26 16:48:41,442 [INFO]   GIB Keep Rate:           0.477
2025-12-26 16:48:41,442 [INFO]   GIB Avg Prob:            0.497
2025-12-26 16:48:41,442 [INFO]   Dispersion (θ):          53.485 ± 0.868
2025-12-26 16:48:41,442 [INFO]   Learning Rate:           0.000400
2025-12-26 16:48:41,813 [INFO] 
================================================================================
2025-12-26 16:48:41,813 [INFO] Epoch 90/300 (0.05s)
2025-12-26 16:48:41,813 [INFO] ================================================================================
2025-12-26 16:48:41,813 [INFO]   Total Loss:               1233.3425
2025-12-26 16:48:41,813 [INFO]   Recon Loss:              1211.7196
2025-12-26 16:48:41,813 [INFO]   🔥 Contrastive Loss:     16.8009
2025-12-26 16:48:41,813 [INFO]     - Self Contrast:        5.5984
2025-12-26 16:48:41,813 [INFO]     - Hard Negative:        1.3852
2025-12-26 16:48:41,813 [INFO]     - Soft Positive:        0.0635
2025-12-26 16:48:41,813 [INFO]     - Kept Edges:           9440
2025-12-26 16:48:41,814 [INFO]     - Pruned Edges:         12394
2025-12-26 16:48:41,814 [INFO]   🔥 Prototype Loss:       4.8220
2025-12-26 16:48:41,814 [INFO]     - Spot-to-Prototype:    0.1629
2025-12-26 16:48:41,814 [INFO]     - Compactness:          0.1051
2025-12-26 16:48:41,814 [INFO]     - Dispersion:           0.2560
2025-12-26 16:48:41,814 [INFO]   GIB Keep Rate:           0.432
2025-12-26 16:48:41,814 [INFO]   GIB Avg Prob:            0.495
2025-12-26 16:48:41,814 [INFO]   Dispersion (θ):          53.465 ± 0.876
2025-12-26 16:48:41,814 [INFO]   Learning Rate:           0.000398
2025-12-26 16:48:42,226 [INFO] 
================================================================================
2025-12-26 16:48:42,258 [INFO] Epoch 91/300 (0.05s)
2025-12-26 16:48:42,258 [INFO] ================================================================================
2025-12-26 16:48:42,258 [INFO]   Total Loss:               1231.9653
2025-12-26 16:48:42,258 [INFO]   Recon Loss:              1210.4768
2025-12-26 16:48:42,258 [INFO]   🔥 Contrastive Loss:     16.7218
2025-12-26 16:48:42,258 [INFO]     - Self Contrast:        5.5651
2025-12-26 16:48:42,259 [INFO]     - Hard Negative:        1.3818
2025-12-26 16:48:42,259 [INFO]     - Soft Positive:        0.0646
2025-12-26 16:48:42,259 [INFO]     - Kept Edges:           8593
2025-12-26 16:48:42,259 [INFO]     - Pruned Edges:         13241
2025-12-26 16:48:42,259 [INFO]   🔥 Prototype Loss:       4.7667
2025-12-26 16:48:42,259 [INFO]     - Spot-to-Prototype:    0.1619
2025-12-26 16:48:42,259 [INFO]     - Compactness:          0.1022
2025-12-26 16:48:42,259 [INFO]     - Dispersion:           0.2535
2025-12-26 16:48:42,259 [INFO]   GIB Keep Rate:           0.394
2025-12-26 16:48:42,260 [INFO]   GIB Avg Prob:            0.493
2025-12-26 16:48:42,260 [INFO]   Dispersion (θ):          53.446 ± 0.884
2025-12-26 16:48:42,260 [INFO]   Learning Rate:           0.000396
2025-12-26 16:48:42,656 [INFO] 
================================================================================
2025-12-26 16:48:42,656 [INFO] Epoch 92/300 (0.05s)
2025-12-26 16:48:42,656 [INFO] ================================================================================
2025-12-26 16:48:42,656 [INFO]   Total Loss:               1230.6165
2025-12-26 16:48:42,657 [INFO]   Recon Loss:              1209.2877
2025-12-26 16:48:42,657 [INFO]   🔥 Contrastive Loss:     16.5796
2025-12-26 16:48:42,657 [INFO]     - Self Contrast:        5.4910
2025-12-26 16:48:42,657 [INFO]     - Hard Negative:        1.3833
2025-12-26 16:48:42,657 [INFO]     - Soft Positive:        0.0645
2025-12-26 16:48:42,657 [INFO]     - Kept Edges:           7648
2025-12-26 16:48:42,657 [INFO]     - Pruned Edges:         14186
2025-12-26 16:48:42,657 [INFO]   🔥 Prototype Loss:       4.7491
2025-12-26 16:48:42,657 [INFO]     - Spot-to-Prototype:    0.1627
2025-12-26 16:48:42,657 [INFO]     - Compactness:          0.0990
2025-12-26 16:48:42,657 [INFO]     - Dispersion:           0.2525
2025-12-26 16:48:42,657 [INFO]   GIB Keep Rate:           0.350
2025-12-26 16:48:42,657 [INFO]   GIB Avg Prob:            0.491
2025-12-26 16:48:42,657 [INFO]   Dispersion (θ):          53.426 ± 0.892
2025-12-26 16:48:42,657 [INFO]   Learning Rate:           0.000394
2025-12-26 16:48:43,043 [INFO] 
================================================================================
2025-12-26 16:48:43,043 [INFO] Epoch 93/300 (0.05s)
2025-12-26 16:48:43,043 [INFO] ================================================================================
2025-12-26 16:48:43,043 [INFO]   Total Loss:               1229.4979
2025-12-26 16:48:43,043 [INFO]   Recon Loss:              1208.3120
2025-12-26 16:48:43,043 [INFO]   🔥 Contrastive Loss:     16.4936
2025-12-26 16:48:43,043 [INFO]     - Self Contrast:        5.4538
2025-12-26 16:48:43,043 [INFO]     - Hard Negative:        1.3804
2025-12-26 16:48:43,043 [INFO]     - Soft Positive:        0.0644
2025-12-26 16:48:43,043 [INFO]     - Kept Edges:           6815
2025-12-26 16:48:43,044 [INFO]     - Pruned Edges:         15019
2025-12-26 16:48:43,044 [INFO]   🔥 Prototype Loss:       4.6924
2025-12-26 16:48:43,044 [INFO]     - Spot-to-Prototype:    0.1614
2025-12-26 16:48:43,044 [INFO]     - Compactness:          0.0960
2025-12-26 16:48:43,044 [INFO]     - Dispersion:           0.2517
2025-12-26 16:48:43,044 [INFO]   GIB Keep Rate:           0.312
2025-12-26 16:48:43,044 [INFO]   GIB Avg Prob:            0.489
2025-12-26 16:48:43,044 [INFO]   Dispersion (θ):          53.406 ± 0.900
2025-12-26 16:48:43,044 [INFO]   Learning Rate:           0.000392
2025-12-26 16:48:43,474 [INFO] 
================================================================================
2025-12-26 16:48:43,474 [INFO] Epoch 94/300 (0.05s)
2025-12-26 16:48:43,474 [INFO] ================================================================================
2025-12-26 16:48:43,474 [INFO]   Total Loss:               1228.2515
2025-12-26 16:48:43,474 [INFO]   Recon Loss:              1207.0957
2025-12-26 16:48:43,474 [INFO]   🔥 Contrastive Loss:     16.4479
2025-12-26 16:48:43,474 [INFO]     - Self Contrast:        5.4360
2025-12-26 16:48:43,474 [INFO]     - Hard Negative:        1.3770
2025-12-26 16:48:43,475 [INFO]     - Soft Positive:        0.0680
2025-12-26 16:48:43,475 [INFO]     - Kept Edges:           5931
2025-12-26 16:48:43,475 [INFO]     - Pruned Edges:         15903
2025-12-26 16:48:43,475 [INFO]   🔥 Prototype Loss:       4.7079
2025-12-26 16:48:43,475 [INFO]     - Spot-to-Prototype:    0.1634
2025-12-26 16:48:43,475 [INFO]     - Compactness:          0.0938
2025-12-26 16:48:43,475 [INFO]     - Dispersion:           0.2511
2025-12-26 16:48:43,475 [INFO]   GIB Keep Rate:           0.272
2025-12-26 16:48:43,475 [INFO]   GIB Avg Prob:            0.487
2025-12-26 16:48:43,475 [INFO]   Dispersion (θ):          53.385 ± 0.908
2025-12-26 16:48:43,475 [INFO]   Learning Rate:           0.000389
2025-12-26 16:48:43,867 [INFO] 
================================================================================
2025-12-26 16:48:43,867 [INFO] Epoch 95/300 (0.05s)
2025-12-26 16:48:43,867 [INFO] ================================================================================
2025-12-26 16:48:43,868 [INFO]   Total Loss:               1227.3612
2025-12-26 16:48:43,868 [INFO]   Recon Loss:              1206.2168
2025-12-26 16:48:43,868 [INFO]   🔥 Contrastive Loss:     16.4315
2025-12-26 16:48:43,868 [INFO]     - Self Contrast:        5.4378
2025-12-26 16:48:43,868 [INFO]     - Hard Negative:        1.3712
2025-12-26 16:48:43,868 [INFO]     - Soft Positive:        0.0713
2025-12-26 16:48:43,868 [INFO]     - Kept Edges:           5153
2025-12-26 16:48:43,868 [INFO]     - Pruned Edges:         16681
2025-12-26 16:48:43,868 [INFO]   🔥 Prototype Loss:       4.7129
2025-12-26 16:48:43,868 [INFO]     - Spot-to-Prototype:    0.1653
2025-12-26 16:48:43,868 [INFO]     - Compactness:          0.0903
2025-12-26 16:48:43,868 [INFO]     - Dispersion:           0.2513
2025-12-26 16:48:43,868 [INFO]   GIB Keep Rate:           0.236
2025-12-26 16:48:43,868 [INFO]   GIB Avg Prob:            0.485
2025-12-26 16:48:43,868 [INFO]   Dispersion (θ):          53.364 ± 0.917
2025-12-26 16:48:43,868 [INFO]   Learning Rate:           0.000387
2025-12-26 16:48:44,239 [INFO] 
================================================================================
2025-12-26 16:48:44,239 [INFO] Epoch 96/300 (0.05s)
2025-12-26 16:48:44,239 [INFO] ================================================================================
2025-12-26 16:48:44,239 [INFO]   Total Loss:               1226.0575
2025-12-26 16:48:44,239 [INFO]   Recon Loss:              1205.0647
2025-12-26 16:48:44,239 [INFO]   🔥 Contrastive Loss:     16.2980
2025-12-26 16:48:44,239 [INFO]     - Self Contrast:        5.3733
2025-12-26 16:48:44,239 [INFO]     - Hard Negative:        1.3700
2025-12-26 16:48:44,239 [INFO]     - Soft Positive:        0.0712
2025-12-26 16:48:44,239 [INFO]     - Kept Edges:           4295
2025-12-26 16:48:44,239 [INFO]     - Pruned Edges:         17539
2025-12-26 16:48:44,239 [INFO]   🔥 Prototype Loss:       4.6947
2025-12-26 16:48:44,239 [INFO]     - Spot-to-Prototype:    0.1645
2025-12-26 16:48:44,239 [INFO]     - Compactness:          0.0902
2025-12-26 16:48:44,240 [INFO]     - Dispersion:           0.2516
2025-12-26 16:48:44,240 [INFO]   GIB Keep Rate:           0.197
2025-12-26 16:48:44,240 [INFO]   GIB Avg Prob:            0.483
2025-12-26 16:48:44,240 [INFO]   Dispersion (θ):          53.344 ± 0.925
2025-12-26 16:48:44,240 [INFO]   Learning Rate:           0.000385
2025-12-26 16:48:44,657 [INFO] 
================================================================================
2025-12-26 16:48:44,657 [INFO] Epoch 97/300 (0.05s)
2025-12-26 16:48:44,658 [INFO] ================================================================================
2025-12-26 16:48:44,658 [INFO]   Total Loss:               1224.7461
2025-12-26 16:48:44,658 [INFO]   Recon Loss:              1203.9047
2025-12-26 16:48:44,658 [INFO]   🔥 Contrastive Loss:     16.1932
2025-12-26 16:48:44,658 [INFO]     - Self Contrast:        5.3310
2025-12-26 16:48:44,658 [INFO]     - Hard Negative:        1.3651
2025-12-26 16:48:44,658 [INFO]     - Soft Positive:        0.0708
2025-12-26 16:48:44,658 [INFO]     - Kept Edges:           3597
2025-12-26 16:48:44,658 [INFO]     - Pruned Edges:         18237
2025-12-26 16:48:44,658 [INFO]   🔥 Prototype Loss:       4.6481
2025-12-26 16:48:44,658 [INFO]     - Spot-to-Prototype:    0.1639
2025-12-26 16:48:44,658 [INFO]     - Compactness:          0.0868
2025-12-26 16:48:44,658 [INFO]     - Dispersion:           0.2517
2025-12-26 16:48:44,658 [INFO]   GIB Keep Rate:           0.165
2025-12-26 16:48:44,658 [INFO]   GIB Avg Prob:            0.481
2025-12-26 16:48:44,658 [INFO]   Dispersion (θ):          53.323 ± 0.934
2025-12-26 16:48:44,658 [INFO]   Learning Rate:           0.000383
2025-12-26 16:48:45,158 [INFO] 
================================================================================
2025-12-26 16:48:45,159 [INFO] Epoch 98/300 (0.05s)
2025-12-26 16:48:45,159 [INFO] ================================================================================
2025-12-26 16:48:45,159 [INFO]   Total Loss:               1224.0747
2025-12-26 16:48:45,159 [INFO]   Recon Loss:              1203.2034
2025-12-26 16:48:45,159 [INFO]   🔥 Contrastive Loss:     16.1453
2025-12-26 16:48:45,159 [INFO]     - Self Contrast:        5.3130
2025-12-26 16:48:45,159 [INFO]     - Hard Negative:        1.3624
2025-12-26 16:48:45,159 [INFO]     - Soft Positive:        0.0698
2025-12-26 16:48:45,159 [INFO]     - Kept Edges:           3018
2025-12-26 16:48:45,159 [INFO]     - Pruned Edges:         18816
2025-12-26 16:48:45,159 [INFO]   🔥 Prototype Loss:       4.7260
2025-12-26 16:48:45,159 [INFO]     - Spot-to-Prototype:    0.1681
2025-12-26 16:48:45,159 [INFO]     - Compactness:          0.0860
2025-12-26 16:48:45,159 [INFO]     - Dispersion:           0.2519
2025-12-26 16:48:45,159 [INFO]   GIB Keep Rate:           0.138
2025-12-26 16:48:45,160 [INFO]   GIB Avg Prob:            0.479
2025-12-26 16:48:45,160 [INFO]   Dispersion (θ):          53.302 ± 0.942
2025-12-26 16:48:45,160 [INFO]   Learning Rate:           0.000381
2025-12-26 16:48:45,553 [INFO] 
================================================================================
2025-12-26 16:48:45,553 [INFO] Epoch 99/300 (0.05s)
2025-12-26 16:48:45,553 [INFO] ================================================================================
2025-12-26 16:48:45,553 [INFO]   Total Loss:               1223.3833
2025-12-26 16:48:45,553 [INFO]   Recon Loss:              1202.5348
2025-12-26 16:48:45,553 [INFO]   🔥 Contrastive Loss:     16.1247
2025-12-26 16:48:45,553 [INFO]     - Self Contrast:        5.3001
2025-12-26 16:48:45,553 [INFO]     - Hard Negative:        1.3633
2025-12-26 16:48:45,553 [INFO]     - Soft Positive:        0.0714
2025-12-26 16:48:45,553 [INFO]     - Kept Edges:           2458
2025-12-26 16:48:45,553 [INFO]     - Pruned Edges:         19376
2025-12-26 16:48:45,553 [INFO]   🔥 Prototype Loss:       4.7239
2025-12-26 16:48:45,553 [INFO]     - Spot-to-Prototype:    0.1692
2025-12-26 16:48:45,554 [INFO]     - Compactness:          0.0835
2025-12-26 16:48:45,554 [INFO]     - Dispersion:           0.2520
2025-12-26 16:48:45,554 [INFO]   GIB Keep Rate:           0.113
2025-12-26 16:48:45,554 [INFO]   GIB Avg Prob:            0.477
2025-12-26 16:48:45,554 [INFO]   Dispersion (θ):          53.281 ± 0.951
2025-12-26 16:48:45,554 [INFO]   Learning Rate:           0.000378
2025-12-26 16:48:45,967 [INFO] 
================================================================================
2025-12-26 16:48:45,967 [INFO] Epoch 100/300 (0.05s)
2025-12-26 16:48:45,967 [INFO] ================================================================================
2025-12-26 16:48:45,967 [INFO]   Total Loss:               1222.1666
2025-12-26 16:48:45,967 [INFO]   Recon Loss:              1201.3977
2025-12-26 16:48:45,967 [INFO]   🔥 Contrastive Loss:     16.0476
2025-12-26 16:48:45,967 [INFO]     - Self Contrast:        5.2673
2025-12-26 16:48:45,967 [INFO]     - Hard Negative:        1.3606
2025-12-26 16:48:45,967 [INFO]     - Soft Positive:        0.0705
2025-12-26 16:48:45,967 [INFO]     - Kept Edges:           2007
2025-12-26 16:48:45,967 [INFO]     - Pruned Edges:         19827
2025-12-26 16:48:45,968 [INFO]   🔥 Prototype Loss:       4.7213
2025-12-26 16:48:45,968 [INFO]     - Spot-to-Prototype:    0.1700
2025-12-26 16:48:45,968 [INFO]     - Compactness:          0.0816
2025-12-26 16:48:45,968 [INFO]     - Dispersion:           0.2523
2025-12-26 16:48:45,968 [INFO]   GIB Keep Rate:           0.092
2025-12-26 16:48:45,968 [INFO]   GIB Avg Prob:            0.475
2025-12-26 16:48:45,968 [INFO]   Dispersion (θ):          53.260 ± 0.959
2025-12-26 16:48:45,968 [INFO]   Learning Rate:           0.000376
2025-12-26 16:48:46,352 [INFO] 
================================================================================
2025-12-26 16:48:46,352 [INFO] Epoch 101/300 (0.05s)
2025-12-26 16:48:46,352 [INFO] ================================================================================
2025-12-26 16:48:46,353 [INFO]   Total Loss:               1221.7427
2025-12-26 16:48:46,353 [INFO]   Recon Loss:              1201.0210
2025-12-26 16:48:46,353 [INFO]   🔥 Contrastive Loss:     16.0338
2025-12-26 16:48:46,353 [INFO]     - Self Contrast:        5.2686
2025-12-26 16:48:46,353 [INFO]     - Hard Negative:        1.3570
2025-12-26 16:48:46,353 [INFO]     - Soft Positive:        0.0686
2025-12-26 16:48:46,353 [INFO]     - Kept Edges:           1567
2025-12-26 16:48:46,353 [INFO]     - Pruned Edges:         20267
2025-12-26 16:48:46,353 [INFO]   🔥 Prototype Loss:       4.6878
2025-12-26 16:48:46,353 [INFO]     - Spot-to-Prototype:    0.1696
2025-12-26 16:48:46,353 [INFO]     - Compactness:          0.0791
2025-12-26 16:48:46,353 [INFO]     - Dispersion:           0.2531
2025-12-26 16:48:46,353 [INFO]   GIB Keep Rate:           0.072
2025-12-26 16:48:46,353 [INFO]   GIB Avg Prob:            0.473
2025-12-26 16:48:46,353 [INFO]   Dispersion (θ):          53.239 ± 0.968
2025-12-26 16:48:46,353 [INFO]   Learning Rate:           0.000374
2025-12-26 16:48:46,760 [INFO] 
================================================================================
2025-12-26 16:48:46,760 [INFO] Epoch 102/300 (0.05s)
2025-12-26 16:48:46,760 [INFO] ================================================================================
2025-12-26 16:48:46,760 [INFO]   Total Loss:               1220.4674
2025-12-26 16:48:46,761 [INFO]   Recon Loss:              1199.8135
2025-12-26 16:48:46,761 [INFO]   🔥 Contrastive Loss:     15.9701
2025-12-26 16:48:46,761 [INFO]     - Self Contrast:        5.2411
2025-12-26 16:48:46,761 [INFO]     - Hard Negative:        1.3544
2025-12-26 16:48:46,761 [INFO]     - Soft Positive:        0.0702
2025-12-26 16:48:46,761 [INFO]     - Kept Edges:           1273
2025-12-26 16:48:46,761 [INFO]     - Pruned Edges:         20561
2025-12-26 16:48:46,761 [INFO]   🔥 Prototype Loss:       4.6838
2025-12-26 16:48:46,761 [INFO]     - Spot-to-Prototype:    0.1699
2025-12-26 16:48:46,761 [INFO]     - Compactness:          0.0777
2025-12-26 16:48:46,761 [INFO]     - Dispersion:           0.2540
2025-12-26 16:48:46,761 [INFO]   GIB Keep Rate:           0.058
2025-12-26 16:48:46,761 [INFO]   GIB Avg Prob:            0.471
2025-12-26 16:48:46,761 [INFO]   Dispersion (θ):          53.217 ± 0.976
2025-12-26 16:48:46,761 [INFO]   Learning Rate:           0.000372
2025-12-26 16:48:47,151 [INFO] 
================================================================================
2025-12-26 16:48:47,151 [INFO] Epoch 103/300 (0.05s)
2025-12-26 16:48:47,151 [INFO] ================================================================================
2025-12-26 16:48:47,151 [INFO]   Total Loss:               1220.1627
2025-12-26 16:48:47,152 [INFO]   Recon Loss:              1199.4791
2025-12-26 16:48:47,152 [INFO]   🔥 Contrastive Loss:     15.9800
2025-12-26 16:48:47,152 [INFO]     - Self Contrast:        5.2550
2025-12-26 16:48:47,152 [INFO]     - Hard Negative:        1.3506
2025-12-26 16:48:47,152 [INFO]     - Soft Positive:        0.0674
2025-12-26 16:48:47,152 [INFO]     - Kept Edges:           1014
2025-12-26 16:48:47,152 [INFO]     - Pruned Edges:         20820
2025-12-26 16:48:47,152 [INFO]   🔥 Prototype Loss:       4.7036
2025-12-26 16:48:47,152 [INFO]     - Spot-to-Prototype:    0.1721
2025-12-26 16:48:47,152 [INFO]     - Compactness:          0.0751
2025-12-26 16:48:47,152 [INFO]     - Dispersion:           0.2550
2025-12-26 16:48:47,152 [INFO]   GIB Keep Rate:           0.046
2025-12-26 16:48:47,152 [INFO]   GIB Avg Prob:            0.469
2025-12-26 16:48:47,152 [INFO]   Dispersion (θ):          53.195 ± 0.985
2025-12-26 16:48:47,152 [INFO]   Learning Rate:           0.000369
2025-12-26 16:48:47,538 [INFO] 
================================================================================
2025-12-26 16:48:47,538 [INFO] Epoch 104/300 (0.05s)
2025-12-26 16:48:47,538 [INFO] ================================================================================
2025-12-26 16:48:47,538 [INFO]   Total Loss:               1219.1949
2025-12-26 16:48:47,538 [INFO]   Recon Loss:              1198.6176
2025-12-26 16:48:47,538 [INFO]   🔥 Contrastive Loss:     15.8709
2025-12-26 16:48:47,539 [INFO]     - Self Contrast:        5.1979
2025-12-26 16:48:47,539 [INFO]     - Hard Negative:        1.3522
2025-12-26 16:48:47,539 [INFO]     - Soft Positive:        0.0663
2025-12-26 16:48:47,539 [INFO]     - Kept Edges:           745
2025-12-26 16:48:47,539 [INFO]     - Pruned Edges:         21089
2025-12-26 16:48:47,539 [INFO]   🔥 Prototype Loss:       4.7064
2025-12-26 16:48:47,539 [INFO]     - Spot-to-Prototype:    0.1725
2025-12-26 16:48:47,539 [INFO]     - Compactness:          0.0745
2025-12-26 16:48:47,539 [INFO]     - Dispersion:           0.2559
2025-12-26 16:48:47,539 [INFO]   GIB Keep Rate:           0.034
2025-12-26 16:48:47,539 [INFO]   GIB Avg Prob:            0.467
2025-12-26 16:48:47,539 [INFO]   Dispersion (θ):          53.174 ± 0.993
2025-12-26 16:48:47,539 [INFO]   Learning Rate:           0.000367
2025-12-26 16:48:47,892 [INFO] 
================================================================================
2025-12-26 16:48:47,893 [INFO] Epoch 105/300 (0.05s)
2025-12-26 16:48:47,893 [INFO] ================================================================================
2025-12-26 16:48:47,893 [INFO]   Total Loss:               1218.7606
2025-12-26 16:48:47,893 [INFO]   Recon Loss:              1198.2072
2025-12-26 16:48:47,893 [INFO]   🔥 Contrastive Loss:     15.8357
2025-12-26 16:48:47,893 [INFO]     - Self Contrast:        5.1830
2025-12-26 16:48:47,893 [INFO]     - Hard Negative:        1.3505
2025-12-26 16:48:47,893 [INFO]     - Soft Positive:        0.0678
2025-12-26 16:48:47,893 [INFO]     - Kept Edges:           596
2025-12-26 16:48:47,893 [INFO]     - Pruned Edges:         21238
2025-12-26 16:48:47,893 [INFO]   🔥 Prototype Loss:       4.7178
2025-12-26 16:48:47,893 [INFO]     - Spot-to-Prototype:    0.1739
2025-12-26 16:48:47,893 [INFO]     - Compactness:          0.0724
2025-12-26 16:48:47,893 [INFO]     - Dispersion:           0.2577
2025-12-26 16:48:47,894 [INFO]   GIB Keep Rate:           0.027
2025-12-26 16:48:47,894 [INFO]   GIB Avg Prob:            0.465
2025-12-26 16:48:47,894 [INFO]   Dispersion (θ):          53.152 ± 1.002
2025-12-26 16:48:47,894 [INFO]   Learning Rate:           0.000365
2025-12-26 16:48:48,293 [INFO] 
================================================================================
2025-12-26 16:48:48,293 [INFO] Epoch 106/300 (0.05s)
2025-12-26 16:48:48,293 [INFO] ================================================================================
2025-12-26 16:48:48,293 [INFO]   Total Loss:               1217.8887
2025-12-26 16:48:48,294 [INFO]   Recon Loss:              1197.3021
2025-12-26 16:48:48,294 [INFO]   🔥 Contrastive Loss:     15.8535
2025-12-26 16:48:48,294 [INFO]     - Self Contrast:        5.1928
2025-12-26 16:48:48,294 [INFO]     - Hard Negative:        1.3515
2025-12-26 16:48:48,294 [INFO]     - Soft Positive:        0.0619
2025-12-26 16:48:48,294 [INFO]     - Kept Edges:           462
2025-12-26 16:48:48,294 [INFO]     - Pruned Edges:         21372
2025-12-26 16:48:48,294 [INFO]   🔥 Prototype Loss:       4.7331
2025-12-26 16:48:48,294 [INFO]     - Spot-to-Prototype:    0.1753
2025-12-26 16:48:48,294 [INFO]     - Compactness:          0.0708
2025-12-26 16:48:48,294 [INFO]     - Dispersion:           0.2594
2025-12-26 16:48:48,294 [INFO]   GIB Keep Rate:           0.021
2025-12-26 16:48:48,294 [INFO]   GIB Avg Prob:            0.463
2025-12-26 16:48:48,294 [INFO]   Dispersion (θ):          53.130 ± 1.011
2025-12-26 16:48:48,294 [INFO]   Learning Rate:           0.000363
2025-12-26 16:48:48,715 [INFO] 
================================================================================
2025-12-26 16:48:48,715 [INFO] Epoch 107/300 (0.05s)
2025-12-26 16:48:48,715 [INFO] ================================================================================
2025-12-26 16:48:48,715 [INFO]   Total Loss:               1217.4744
2025-12-26 16:48:48,715 [INFO]   Recon Loss:              1196.8824
2025-12-26 16:48:48,715 [INFO]   🔥 Contrastive Loss:     15.8376
2025-12-26 16:48:48,715 [INFO]     - Self Contrast:        5.1931
2025-12-26 16:48:48,715 [INFO]     - Hard Negative:        1.3481
2025-12-26 16:48:48,715 [INFO]     - Soft Positive:        0.0591
2025-12-26 16:48:48,716 [INFO]     - Kept Edges:           369
2025-12-26 16:48:48,716 [INFO]     - Pruned Edges:         21465
2025-12-26 16:48:48,716 [INFO]   🔥 Prototype Loss:       4.7543
2025-12-26 16:48:48,716 [INFO]     - Spot-to-Prototype:    0.1775
2025-12-26 16:48:48,716 [INFO]     - Compactness:          0.0681
2025-12-26 16:48:48,716 [INFO]     - Dispersion:           0.2612
2025-12-26 16:48:48,716 [INFO]   GIB Keep Rate:           0.017
2025-12-26 16:48:48,716 [INFO]   GIB Avg Prob:            0.461
2025-12-26 16:48:48,716 [INFO]   Dispersion (θ):          53.108 ± 1.019
2025-12-26 16:48:48,716 [INFO]   Learning Rate:           0.000360
2025-12-26 16:48:49,106 [INFO] 
================================================================================
2025-12-26 16:48:49,106 [INFO] Epoch 108/300 (0.05s)
2025-12-26 16:48:49,107 [INFO] ================================================================================
2025-12-26 16:48:49,107 [INFO]   Total Loss:               1217.0840
2025-12-26 16:48:49,107 [INFO]   Recon Loss:              1196.4773
2025-12-26 16:48:49,107 [INFO]   🔥 Contrastive Loss:     15.8431
2025-12-26 16:48:49,107 [INFO]     - Self Contrast:        5.2057
2025-12-26 16:48:49,107 [INFO]     - Hard Negative:        1.3437
2025-12-26 16:48:49,107 [INFO]     - Soft Positive:        0.0568
2025-12-26 16:48:49,107 [INFO]     - Kept Edges:           267
2025-12-26 16:48:49,107 [INFO]     - Pruned Edges:         21567
2025-12-26 16:48:49,107 [INFO]   🔥 Prototype Loss:       4.7636
2025-12-26 16:48:49,107 [INFO]     - Spot-to-Prototype:    0.1784
2025-12-26 16:48:49,107 [INFO]     - Compactness:          0.0669
2025-12-26 16:48:49,107 [INFO]     - Dispersion:           0.2631
2025-12-26 16:48:49,107 [INFO]   GIB Keep Rate:           0.012
2025-12-26 16:48:49,107 [INFO]   GIB Avg Prob:            0.459
2025-12-26 16:48:49,107 [INFO]   Dispersion (θ):          53.086 ± 1.028
2025-12-26 16:48:49,107 [INFO]   Learning Rate:           0.000358
2025-12-26 16:48:49,556 [INFO] 
================================================================================
2025-12-26 16:48:49,556 [INFO] Epoch 109/300 (0.05s)
2025-12-26 16:48:49,556 [INFO] ================================================================================
2025-12-26 16:48:49,556 [INFO]   Total Loss:               1216.2738
2025-12-26 16:48:49,556 [INFO]   Recon Loss:              1195.6853
2025-12-26 16:48:49,556 [INFO]   🔥 Contrastive Loss:     15.8025
2025-12-26 16:48:49,556 [INFO]     - Self Contrast:        5.1914
2025-12-26 16:48:49,556 [INFO]     - Hard Negative:        1.3413
2025-12-26 16:48:49,557 [INFO]     - Soft Positive:        0.0548
2025-12-26 16:48:49,557 [INFO]     - Kept Edges:           213
2025-12-26 16:48:49,557 [INFO]     - Pruned Edges:         21621
2025-12-26 16:48:49,557 [INFO]   🔥 Prototype Loss:       4.7860
2025-12-26 16:48:49,557 [INFO]     - Spot-to-Prototype:    0.1797
2025-12-26 16:48:49,557 [INFO]     - Compactness:          0.0661
2025-12-26 16:48:49,557 [INFO]     - Dispersion:           0.2648
2025-12-26 16:48:49,557 [INFO]   GIB Keep Rate:           0.010
2025-12-26 16:48:49,557 [INFO]   GIB Avg Prob:            0.457
2025-12-26 16:48:49,557 [INFO]   Dispersion (θ):          53.064 ± 1.037
2025-12-26 16:48:49,557 [INFO]   Learning Rate:           0.000356
2025-12-26 16:48:49,973 [INFO] 
================================================================================
2025-12-26 16:48:49,974 [INFO] Epoch 110/300 (0.05s)
2025-12-26 16:48:49,974 [INFO] ================================================================================
2025-12-26 16:48:49,974 [INFO]   Total Loss:               1215.8815
2025-12-26 16:48:49,974 [INFO]   Recon Loss:              1195.2980
2025-12-26 16:48:49,974 [INFO]   🔥 Contrastive Loss:     15.7554
2025-12-26 16:48:49,974 [INFO]     - Self Contrast:        5.1689
2025-12-26 16:48:49,974 [INFO]     - Hard Negative:        1.3416
2025-12-26 16:48:49,974 [INFO]     - Soft Positive:        0.0512
2025-12-26 16:48:49,974 [INFO]     - Kept Edges:           181
2025-12-26 16:48:49,974 [INFO]     - Pruned Edges:         21653
2025-12-26 16:48:49,974 [INFO]   🔥 Prototype Loss:       4.8281
2025-12-26 16:48:49,974 [INFO]     - Spot-to-Prototype:    0.1821
2025-12-26 16:48:49,974 [INFO]     - Compactness:          0.0653
2025-12-26 16:48:49,974 [INFO]     - Dispersion:           0.2665
2025-12-26 16:48:49,974 [INFO]   GIB Keep Rate:           0.008
2025-12-26 16:48:49,974 [INFO]   GIB Avg Prob:            0.456
2025-12-26 16:48:49,975 [INFO]   Dispersion (θ):          53.042 ± 1.045
2025-12-26 16:48:49,975 [INFO]   Learning Rate:           0.000353
2025-12-26 16:48:50,326 [INFO] 
================================================================================
2025-12-26 16:48:50,326 [INFO] Epoch 111/300 (0.05s)
2025-12-26 16:48:50,326 [INFO] ================================================================================
2025-12-26 16:48:50,326 [INFO]   Total Loss:               1215.2111
2025-12-26 16:48:50,326 [INFO]   Recon Loss:              1194.6471
2025-12-26 16:48:50,326 [INFO]   🔥 Contrastive Loss:     15.7457
2025-12-26 16:48:50,326 [INFO]     - Self Contrast:        5.1788
2025-12-26 16:48:50,326 [INFO]     - Hard Negative:        1.3350
2025-12-26 16:48:50,326 [INFO]     - Soft Positive:        0.0481
2025-12-26 16:48:50,326 [INFO]     - Kept Edges:           125
2025-12-26 16:48:50,326 [INFO]     - Pruned Edges:         21709
2025-12-26 16:48:50,327 [INFO]   🔥 Prototype Loss:       4.8183
2025-12-26 16:48:50,327 [INFO]     - Spot-to-Prototype:    0.1826
2025-12-26 16:48:50,327 [INFO]     - Compactness:          0.0630
2025-12-26 16:48:50,327 [INFO]     - Dispersion:           0.2682
2025-12-26 16:48:50,327 [INFO]   GIB Keep Rate:           0.006
2025-12-26 16:48:50,327 [INFO]   GIB Avg Prob:            0.454
2025-12-26 16:48:50,327 [INFO]   Dispersion (θ):          53.020 ± 1.054
2025-12-26 16:48:50,327 [INFO]   Learning Rate:           0.000351
2025-12-26 16:48:50,719 [INFO] 
================================================================================
2025-12-26 16:48:50,720 [INFO] Epoch 112/300 (0.05s)
2025-12-26 16:48:50,720 [INFO] ================================================================================
2025-12-26 16:48:50,720 [INFO]   Total Loss:               1214.9915
2025-12-26 16:48:50,720 [INFO]   Recon Loss:              1194.3124
2025-12-26 16:48:50,720 [INFO]   🔥 Contrastive Loss:     15.7547
2025-12-26 16:48:50,720 [INFO]     - Self Contrast:        5.1856
2025-12-26 16:48:50,720 [INFO]     - Hard Negative:        1.3355
2025-12-26 16:48:50,720 [INFO]     - Soft Positive:        0.0415
2025-12-26 16:48:50,720 [INFO]     - Kept Edges:           104
2025-12-26 16:48:50,720 [INFO]     - Pruned Edges:         21730
2025-12-26 16:48:50,720 [INFO]   🔥 Prototype Loss:       4.9244
2025-12-26 16:48:50,720 [INFO]     - Spot-to-Prototype:    0.1879
2025-12-26 16:48:50,720 [INFO]     - Compactness:          0.0627
2025-12-26 16:48:50,720 [INFO]     - Dispersion:           0.2698
2025-12-26 16:48:50,720 [INFO]   GIB Keep Rate:           0.005
2025-12-26 16:48:50,721 [INFO]   GIB Avg Prob:            0.452
2025-12-26 16:48:50,721 [INFO]   Dispersion (θ):          52.997 ± 1.062
2025-12-26 16:48:50,721 [INFO]   Learning Rate:           0.000348
2025-12-26 16:48:51,110 [INFO] 
================================================================================
2025-12-26 16:48:51,111 [INFO] Epoch 113/300 (0.05s)
2025-12-26 16:48:51,111 [INFO] ================================================================================
2025-12-26 16:48:51,111 [INFO]   Total Loss:               1214.3488
2025-12-26 16:48:51,111 [INFO]   Recon Loss:              1193.7637
2025-12-26 16:48:51,111 [INFO]   🔥 Contrastive Loss:     15.6533
2025-12-26 16:48:51,111 [INFO]     - Self Contrast:        5.1253
2025-12-26 16:48:51,111 [INFO]     - Hard Negative:        1.3362
2025-12-26 16:48:51,111 [INFO]     - Soft Positive:        0.0581
2025-12-26 16:48:51,111 [INFO]     - Kept Edges:           67
2025-12-26 16:48:51,111 [INFO]     - Pruned Edges:         21767
2025-12-26 16:48:51,111 [INFO]   🔥 Prototype Loss:       4.9318
2025-12-26 16:48:51,111 [INFO]     - Spot-to-Prototype:    0.1884
2025-12-26 16:48:51,111 [INFO]     - Compactness:          0.0620
2025-12-26 16:48:51,111 [INFO]     - Dispersion:           0.2714
2025-12-26 16:48:51,111 [INFO]   GIB Keep Rate:           0.003
2025-12-26 16:48:51,111 [INFO]   GIB Avg Prob:            0.451
2025-12-26 16:48:51,112 [INFO]   Dispersion (θ):          52.975 ± 1.071
2025-12-26 16:48:51,112 [INFO]   Learning Rate:           0.000346
2025-12-26 16:48:51,501 [INFO] 
================================================================================
2025-12-26 16:48:51,502 [INFO] Epoch 114/300 (0.05s)
2025-12-26 16:48:51,502 [INFO] ================================================================================
2025-12-26 16:48:51,502 [INFO]   Total Loss:               1214.0447
2025-12-26 16:48:51,502 [INFO]   Recon Loss:              1193.5002
2025-12-26 16:48:51,502 [INFO]   🔥 Contrastive Loss:     15.6306
2025-12-26 16:48:51,502 [INFO]     - Self Contrast:        5.1139
2025-12-26 16:48:51,502 [INFO]     - Hard Negative:        1.3357
2025-12-26 16:48:51,502 [INFO]     - Soft Positive:        0.0602
2025-12-26 16:48:51,502 [INFO]     - Kept Edges:           59
2025-12-26 16:48:51,502 [INFO]     - Pruned Edges:         21775
2025-12-26 16:48:51,502 [INFO]   🔥 Prototype Loss:       4.9138
2025-12-26 16:48:51,502 [INFO]     - Spot-to-Prototype:    0.1882
2025-12-26 16:48:51,502 [INFO]     - Compactness:          0.0602
2025-12-26 16:48:51,502 [INFO]     - Dispersion:           0.2738
2025-12-26 16:48:51,502 [INFO]   GIB Keep Rate:           0.003
2025-12-26 16:48:51,502 [INFO]   GIB Avg Prob:            0.449
2025-12-26 16:48:51,502 [INFO]   Dispersion (θ):          52.953 ± 1.079
2025-12-26 16:48:51,502 [INFO]   Learning Rate:           0.000344
2025-12-26 16:48:51,887 [INFO] 
================================================================================
2025-12-26 16:48:51,888 [INFO] Epoch 115/300 (0.05s)
2025-12-26 16:48:51,888 [INFO] ================================================================================
2025-12-26 16:48:51,888 [INFO]   Total Loss:               1213.7107
2025-12-26 16:48:51,888 [INFO]   Recon Loss:              1193.0339
2025-12-26 16:48:51,888 [INFO]   🔥 Contrastive Loss:     15.6483
2025-12-26 16:48:51,888 [INFO]     - Self Contrast:        5.1360
2025-12-26 16:48:51,888 [INFO]     - Hard Negative:        1.3313
2025-12-26 16:48:51,888 [INFO]     - Soft Positive:        0.0508
2025-12-26 16:48:51,888 [INFO]     - Kept Edges:           35
2025-12-26 16:48:51,888 [INFO]     - Pruned Edges:         21799
2025-12-26 16:48:51,888 [INFO]   🔥 Prototype Loss:       5.0285
2025-12-26 16:48:51,888 [INFO]     - Spot-to-Prototype:    0.1936
2025-12-26 16:48:51,888 [INFO]     - Compactness:          0.0604
2025-12-26 16:48:51,888 [INFO]     - Dispersion:           0.2762
2025-12-26 16:48:51,888 [INFO]   GIB Keep Rate:           0.002
2025-12-26 16:48:51,889 [INFO]   GIB Avg Prob:            0.448
2025-12-26 16:48:51,889 [INFO]   Dispersion (θ):          52.932 ± 1.087
2025-12-26 16:48:51,889 [INFO]   Learning Rate:           0.000341
2025-12-26 16:48:52,305 [INFO] 
================================================================================
2025-12-26 16:48:52,337 [INFO] Epoch 116/300 (0.05s)
2025-12-26 16:48:52,337 [INFO] ================================================================================
2025-12-26 16:48:52,337 [INFO]   Total Loss:               1213.4554
2025-12-26 16:48:52,337 [INFO]   Recon Loss:              1192.8217
2025-12-26 16:48:52,338 [INFO]   🔥 Contrastive Loss:     15.6040
2025-12-26 16:48:52,338 [INFO]     - Self Contrast:        5.1169
2025-12-26 16:48:52,338 [INFO]     - Hard Negative:        1.3291
2025-12-26 16:48:52,338 [INFO]     - Soft Positive:        0.0539
2025-12-26 16:48:52,338 [INFO]     - Kept Edges:           23
2025-12-26 16:48:52,338 [INFO]     - Pruned Edges:         21811
2025-12-26 16:48:52,338 [INFO]   🔥 Prototype Loss:       5.0297
2025-12-26 16:48:52,338 [INFO]     - Spot-to-Prototype:    0.1944
2025-12-26 16:48:52,339 [INFO]     - Compactness:          0.0586
2025-12-26 16:48:52,339 [INFO]     - Dispersion:           0.2784
2025-12-26 16:48:52,339 [INFO]   GIB Keep Rate:           0.001
2025-12-26 16:48:52,339 [INFO]   GIB Avg Prob:            0.446
2025-12-26 16:48:52,339 [INFO]   Dispersion (θ):          52.910 ± 1.096
2025-12-26 16:48:52,339 [INFO]   Learning Rate:           0.000339
2025-12-26 16:48:52,735 [INFO] 
================================================================================
2025-12-26 16:48:52,735 [INFO] Epoch 117/300 (0.05s)
2025-12-26 16:48:52,735 [INFO] ================================================================================
2025-12-26 16:48:52,735 [INFO]   Total Loss:               1213.2507
2025-12-26 16:48:52,735 [INFO]   Recon Loss:              1192.6558
2025-12-26 16:48:52,735 [INFO]   🔥 Contrastive Loss:     15.5599
2025-12-26 16:48:52,735 [INFO]     - Self Contrast:        5.0910
2025-12-26 16:48:52,735 [INFO]     - Hard Negative:        1.3282
2025-12-26 16:48:52,735 [INFO]     - Soft Positive:        0.0652
2025-12-26 16:48:52,735 [INFO]     - Kept Edges:           15
2025-12-26 16:48:52,736 [INFO]     - Pruned Edges:         21819
2025-12-26 16:48:52,736 [INFO]   🔥 Prototype Loss:       5.0350
2025-12-26 16:48:52,736 [INFO]     - Spot-to-Prototype:    0.1950
2025-12-26 16:48:52,736 [INFO]     - Compactness:          0.0574
2025-12-26 16:48:52,736 [INFO]     - Dispersion:           0.2806
2025-12-26 16:48:52,736 [INFO]   GIB Keep Rate:           0.001
2025-12-26 16:48:52,736 [INFO]   GIB Avg Prob:            0.445
2025-12-26 16:48:52,736 [INFO]   Dispersion (θ):          52.889 ± 1.104
2025-12-26 16:48:52,736 [INFO]   Learning Rate:           0.000336
2025-12-26 16:48:53,101 [INFO] 
================================================================================
2025-12-26 16:48:53,101 [INFO] Epoch 118/300 (0.05s)
2025-12-26 16:48:53,101 [INFO] ================================================================================
2025-12-26 16:48:53,101 [INFO]   Total Loss:               1212.4974
2025-12-26 16:48:53,101 [INFO]   Recon Loss:              1191.8470
2025-12-26 16:48:53,101 [INFO]   🔥 Contrastive Loss:     15.5287
2025-12-26 16:48:53,101 [INFO]     - Self Contrast:        5.0880
2025-12-26 16:48:53,101 [INFO]     - Hard Negative:        1.3240
2025-12-26 16:48:53,101 [INFO]     - Soft Positive:        0.0569
2025-12-26 16:48:53,101 [INFO]     - Kept Edges:           10
2025-12-26 16:48:53,101 [INFO]     - Pruned Edges:         21824
2025-12-26 16:48:53,101 [INFO]   🔥 Prototype Loss:       5.1217
2025-12-26 16:48:53,101 [INFO]     - Spot-to-Prototype:    0.1993
2025-12-26 16:48:53,102 [INFO]     - Compactness:          0.0571
2025-12-26 16:48:53,102 [INFO]     - Dispersion:           0.2827
2025-12-26 16:48:53,102 [INFO]   GIB Keep Rate:           0.000
2025-12-26 16:48:53,102 [INFO]   GIB Avg Prob:            0.443
2025-12-26 16:48:53,102 [INFO]   Dispersion (θ):          52.867 ± 1.112
2025-12-26 16:48:53,102 [INFO]   Learning Rate:           0.000334
2025-12-26 16:48:53,506 [INFO] 
================================================================================
2025-12-26 16:48:53,507 [INFO] Epoch 119/300 (0.05s)
2025-12-26 16:48:53,507 [INFO] ================================================================================
2025-12-26 16:48:53,507 [INFO]   Total Loss:               1212.1515
2025-12-26 16:48:53,507 [INFO]   Recon Loss:              1191.5101
2025-12-26 16:48:53,507 [INFO]   🔥 Contrastive Loss:     15.4678
2025-12-26 16:48:53,507 [INFO]     - Self Contrast:        5.0633
2025-12-26 16:48:53,507 [INFO]     - Hard Negative:        1.3239
2025-12-26 16:48:53,507 [INFO]     - Soft Positive:        0.0456
2025-12-26 16:48:53,507 [INFO]     - Kept Edges:           7
2025-12-26 16:48:53,507 [INFO]     - Pruned Edges:         21827
2025-12-26 16:48:53,507 [INFO]   🔥 Prototype Loss:       5.1735
2025-12-26 16:48:53,507 [INFO]     - Spot-to-Prototype:    0.2018
2025-12-26 16:48:53,507 [INFO]     - Compactness:          0.0568
2025-12-26 16:48:53,507 [INFO]     - Dispersion:           0.2847
2025-12-26 16:48:53,507 [INFO]   GIB Keep Rate:           0.000
2025-12-26 16:48:53,507 [INFO]   GIB Avg Prob:            0.442
2025-12-26 16:48:53,508 [INFO]   Dispersion (θ):          52.846 ± 1.119
2025-12-26 16:48:53,508 [INFO]   Learning Rate:           0.000331
2025-12-26 16:48:53,878 [INFO] 
================================================================================
2025-12-26 16:48:53,879 [INFO] Epoch 120/300 (0.05s)
2025-12-26 16:48:53,879 [INFO] ================================================================================
2025-12-26 16:48:53,879 [INFO]   Total Loss:               1211.9436
2025-12-26 16:48:53,879 [INFO]   Recon Loss:              1191.2537
2025-12-26 16:48:53,879 [INFO]   🔥 Contrastive Loss:     15.5182
2025-12-26 16:48:53,879 [INFO]     - Self Contrast:        5.1108
2025-12-26 16:48:53,879 [INFO]     - Hard Negative:        1.3172
2025-12-26 16:48:53,879 [INFO]     - Soft Positive:        0.0278
2025-12-26 16:48:53,879 [INFO]     - Kept Edges:           4
2025-12-26 16:48:53,879 [INFO]     - Pruned Edges:         21830
2025-12-26 16:48:53,879 [INFO]   🔥 Prototype Loss:       5.1717
2025-12-26 16:48:53,879 [INFO]     - Spot-to-Prototype:    0.2023
2025-12-26 16:48:53,879 [INFO]     - Compactness:          0.0552
2025-12-26 16:48:53,879 [INFO]     - Dispersion:           0.2866
2025-12-26 16:48:53,880 [INFO]   GIB Keep Rate:           0.000
2025-12-26 16:48:53,880 [INFO]   GIB Avg Prob:            0.441
2025-12-26 16:48:53,880 [INFO]   Dispersion (θ):          52.825 ± 1.127
2025-12-26 16:48:53,880 [INFO]   Learning Rate:           0.000329
2025-12-26 16:48:54,302 [INFO] 
================================================================================
2025-12-26 16:48:54,302 [INFO] Epoch 121/300 (0.05s)
2025-12-26 16:48:54,302 [INFO] ================================================================================
2025-12-26 16:48:54,303 [INFO]   Total Loss:               1211.2990
2025-12-26 16:48:54,303 [INFO]   Recon Loss:              1190.6787
2025-12-26 16:48:54,303 [INFO]   🔥 Contrastive Loss:     15.3769
2025-12-26 16:48:54,303 [INFO]     - Self Contrast:        5.0268
2025-12-26 16:48:54,303 [INFO]     - Hard Negative:        1.3229
2025-12-26 16:48:54,303 [INFO]     - Soft Positive:        0.0318
2025-12-26 16:48:54,303 [INFO]     - Kept Edges:           5
2025-12-26 16:48:54,303 [INFO]     - Pruned Edges:         21829
2025-12-26 16:48:54,303 [INFO]   🔥 Prototype Loss:       5.2434
2025-12-26 16:48:54,303 [INFO]     - Spot-to-Prototype:    0.2052
2025-12-26 16:48:54,303 [INFO]     - Compactness:          0.0560
2025-12-26 16:48:54,303 [INFO]     - Dispersion:           0.2891
2025-12-26 16:48:54,303 [INFO]   GIB Keep Rate:           0.000
2025-12-26 16:48:54,303 [INFO]   GIB Avg Prob:            0.439
2025-12-26 16:48:54,303 [INFO]   Dispersion (θ):          52.804 ± 1.135
2025-12-26 16:48:54,303 [INFO]   Learning Rate:           0.000327
2025-12-26 16:48:54,656 [INFO] 
================================================================================
2025-12-26 16:48:54,656 [INFO] Epoch 122/300 (0.05s)
2025-12-26 16:48:54,656 [INFO] ================================================================================
2025-12-26 16:48:54,656 [INFO]   Total Loss:               1211.4198
2025-12-26 16:48:54,656 [INFO]   Recon Loss:              1190.7201
2025-12-26 16:48:54,656 [INFO]   🔥 Contrastive Loss:     15.4003
2025-12-26 16:48:54,656 [INFO]     - Self Contrast:        5.0636
2025-12-26 16:48:54,657 [INFO]     - Hard Negative:        1.3159
2025-12-26 16:48:54,657 [INFO]     - Soft Positive:        0.0096
2025-12-26 16:48:54,657 [INFO]     - Kept Edges:           1
2025-12-26 16:48:54,657 [INFO]     - Pruned Edges:         21833
2025-12-26 16:48:54,657 [INFO]   🔥 Prototype Loss:       5.2995
2025-12-26 16:48:54,657 [INFO]     - Spot-to-Prototype:    0.2086
2025-12-26 16:48:54,657 [INFO]     - Compactness:          0.0544
2025-12-26 16:48:54,657 [INFO]     - Dispersion:           0.2919
2025-12-26 16:48:54,657 [INFO]   GIB Keep Rate:           0.000
2025-12-26 16:48:54,657 [INFO]   GIB Avg Prob:            0.438
2025-12-26 16:48:54,657 [INFO]   Dispersion (θ):          52.782 ± 1.143
2025-12-26 16:48:54,657 [INFO]   Learning Rate:           0.000324
2025-12-26 16:48:54,694 [INFO] 
================================================================================
2025-12-26 16:48:54,694 [INFO] Epoch 123/300 (0.04s)
2025-12-26 16:48:54,694 [INFO] ================================================================================
2025-12-26 16:48:54,694 [INFO]   Total Loss:               1210.7535
2025-12-26 16:48:54,694 [INFO]   Recon Loss:              1190.0160
2025-12-26 16:48:54,694 [INFO]   🔥 Contrastive Loss:     15.4003
2025-12-26 16:48:54,694 [INFO]     - Self Contrast:        5.0458
2025-12-26 16:48:54,694 [INFO]     - Hard Negative:        1.3158
2025-12-26 16:48:54,694 [INFO]     - Soft Positive:        0.0456
2025-12-26 16:48:54,694 [INFO]     - Kept Edges:           2
2025-12-26 16:48:54,694 [INFO]     - Pruned Edges:         21832
2025-12-26 16:48:54,694 [INFO]   🔥 Prototype Loss:       5.3372
2025-12-26 16:48:54,694 [INFO]     - Spot-to-Prototype:    0.2102
2025-12-26 16:48:54,694 [INFO]     - Compactness:          0.0544
2025-12-26 16:48:54,694 [INFO]     - Dispersion:           0.2945
2025-12-26 16:48:54,694 [INFO]   GIB Keep Rate:           0.000
2025-12-26 16:48:54,695 [INFO]   GIB Avg Prob:            0.437
2025-12-26 16:48:54,695 [INFO]   Dispersion (θ):          52.761 ± 1.151
2025-12-26 16:48:54,695 [INFO]   Learning Rate:           0.000322
2025-12-26 16:48:55,081 [INFO] 
================================================================================
2025-12-26 16:48:55,081 [INFO] Epoch 124/300 (0.05s)
2025-12-26 16:48:55,082 [INFO] ================================================================================
2025-12-26 16:48:55,082 [INFO]   Total Loss:               1210.7139
2025-12-26 16:48:55,082 [INFO]   Recon Loss:              1190.0602
2025-12-26 16:48:55,082 [INFO]   🔥 Contrastive Loss:     15.3013
2025-12-26 16:48:55,082 [INFO]     - Self Contrast:        5.0067
2025-12-26 16:48:55,082 [INFO]     - Hard Negative:        1.3184
2025-12-26 16:48:55,082 [INFO]     - Soft Positive:        0.0143
2025-12-26 16:48:55,082 [INFO]     - Kept Edges:           1
2025-12-26 16:48:55,082 [INFO]     - Pruned Edges:         21833
2025-12-26 16:48:55,082 [INFO]   🔥 Prototype Loss:       5.3525
2025-12-26 16:48:55,082 [INFO]     - Spot-to-Prototype:    0.2109
2025-12-26 16:48:55,082 [INFO]     - Compactness:          0.0540
2025-12-26 16:48:55,082 [INFO]     - Dispersion:           0.2970
2025-12-26 16:48:55,082 [INFO]   GIB Keep Rate:           0.000
2025-12-26 16:48:55,082 [INFO]   GIB Avg Prob:            0.436
2025-12-26 16:48:55,082 [INFO]   Dispersion (θ):          52.740 ± 1.158
2025-12-26 16:48:55,083 [INFO]   Learning Rate:           0.000319
2025-12-26 16:48:55,497 [INFO] 
================================================================================
2025-12-26 16:48:55,497 [INFO] Epoch 125/300 (0.05s)
2025-12-26 16:48:55,497 [INFO] ================================================================================
2025-12-26 16:48:55,497 [INFO]   Total Loss:               1210.4307
2025-12-26 16:48:55,497 [INFO]   Recon Loss:              1189.7535
2025-12-26 16:48:55,497 [INFO]   🔥 Contrastive Loss:     15.2854
2025-12-26 16:48:55,497 [INFO]     - Self Contrast:        5.0140
2025-12-26 16:48:55,497 [INFO]     - Hard Negative:        1.3144
2025-12-26 16:48:55,498 [INFO]     - Soft Positive:        0.0000
2025-12-26 16:48:55,498 [INFO]     - Kept Edges:           0
2025-12-26 16:48:55,498 [INFO]     - Pruned Edges:         21834
2025-12-26 16:48:55,498 [INFO]   🔥 Prototype Loss:       5.3917
2025-12-26 16:48:55,498 [INFO]     - Spot-to-Prototype:    0.2133
2025-12-26 16:48:55,498 [INFO]     - Compactness:          0.0526
2025-12-26 16:48:55,498 [INFO]     - Dispersion:           0.2994
2025-12-26 16:48:55,498 [INFO]   GIB Keep Rate:           0.000
2025-12-26 16:48:55,498 [INFO]   GIB Avg Prob:            0.436
2025-12-26 16:48:55,498 [INFO]   Dispersion (θ):          52.719 ± 1.166
2025-12-26 16:48:55,498 [INFO]   Learning Rate:           0.000317
2025-12-26 16:48:55,879 [INFO] 
================================================================================
2025-12-26 16:48:55,879 [INFO] Epoch 126/300 (0.05s)
2025-12-26 16:48:55,879 [INFO] ================================================================================
2025-12-26 16:48:55,879 [INFO]   Total Loss:               1210.0228
2025-12-26 16:48:55,879 [INFO]   Recon Loss:              1189.3331
2025-12-26 16:48:55,880 [INFO]   🔥 Contrastive Loss:     15.2808
2025-12-26 16:48:55,880 [INFO]     - Self Contrast:        5.0106
2025-12-26 16:48:55,880 [INFO]     - Hard Negative:        1.3149
2025-12-26 16:48:55,880 [INFO]     - Soft Positive:        0.0000
2025-12-26 16:48:55,880 [INFO]     - Kept Edges:           0
2025-12-26 16:48:55,880 [INFO]     - Pruned Edges:         21834
2025-12-26 16:48:55,880 [INFO]   🔥 Prototype Loss:       5.4088
2025-12-26 16:48:55,880 [INFO]     - Spot-to-Prototype:    0.2147
2025-12-26 16:48:55,880 [INFO]     - Compactness:          0.0511
2025-12-26 16:48:55,880 [INFO]     - Dispersion:           0.3017
2025-12-26 16:48:55,880 [INFO]   GIB Keep Rate:           0.000
2025-12-26 16:48:55,880 [INFO]   GIB Avg Prob:            0.435
2025-12-26 16:48:55,880 [INFO]   Dispersion (θ):          52.698 ± 1.173
2025-12-26 16:48:55,880 [INFO]   Learning Rate:           0.000314
2025-12-26 16:48:56,302 [INFO] 
================================================================================
2025-12-26 16:48:56,302 [INFO] Epoch 127/300 (0.05s)
2025-12-26 16:48:56,302 [INFO] ================================================================================
2025-12-26 16:48:56,302 [INFO]   Total Loss:               1209.8230
2025-12-26 16:48:56,302 [INFO]   Recon Loss:              1189.0105
2025-12-26 16:48:56,302 [INFO]   🔥 Contrastive Loss:     15.3135
2025-12-26 16:48:56,302 [INFO]     - Self Contrast:        5.0316
2025-12-26 16:48:56,302 [INFO]     - Hard Negative:        1.3126
2025-12-26 16:48:56,302 [INFO]     - Soft Positive:        0.0000
2025-12-26 16:48:56,302 [INFO]     - Kept Edges:           0
2025-12-26 16:48:56,302 [INFO]     - Pruned Edges:         21834
2025-12-26 16:48:56,303 [INFO]   🔥 Prototype Loss:       5.4991
2025-12-26 16:48:56,303 [INFO]     - Spot-to-Prototype:    0.2187
2025-12-26 16:48:56,303 [INFO]     - Compactness:          0.0518
2025-12-26 16:48:56,303 [INFO]     - Dispersion:           0.3039
2025-12-26 16:48:56,303 [INFO]   GIB Keep Rate:           0.000
2025-12-26 16:48:56,303 [INFO]   GIB Avg Prob:            0.434
2025-12-26 16:48:56,303 [INFO]   Dispersion (θ):          52.677 ± 1.181
2025-12-26 16:48:56,303 [INFO]   Learning Rate:           0.000312
2025-12-26 16:48:56,664 [INFO] 
================================================================================
2025-12-26 16:48:56,664 [INFO] Epoch 128/300 (0.05s)
2025-12-26 16:48:56,664 [INFO] ================================================================================
2025-12-26 16:48:56,664 [INFO]   Total Loss:               1209.6068
2025-12-26 16:48:56,664 [INFO]   Recon Loss:              1188.8660
2025-12-26 16:48:56,664 [INFO]   🔥 Contrastive Loss:     15.2094
2025-12-26 16:48:56,664 [INFO]     - Self Contrast:        4.9812
2025-12-26 16:48:56,664 [INFO]     - Hard Negative:        1.3118
2025-12-26 16:48:56,665 [INFO]     - Soft Positive:        0.0000
2025-12-26 16:48:56,665 [INFO]     - Kept Edges:           0
2025-12-26 16:48:56,665 [INFO]     - Pruned Edges:         21834
2025-12-26 16:48:56,665 [INFO]   🔥 Prototype Loss:       5.5314
2025-12-26 16:48:56,665 [INFO]     - Spot-to-Prototype:    0.2205
2025-12-26 16:48:56,665 [INFO]     - Compactness:          0.0511
2025-12-26 16:48:56,665 [INFO]     - Dispersion:           0.3059
2025-12-26 16:48:56,665 [INFO]   GIB Keep Rate:           0.000
2025-12-26 16:48:56,665 [INFO]   GIB Avg Prob:            0.433
2025-12-26 16:48:56,665 [INFO]   Dispersion (θ):          52.656 ± 1.188
2025-12-26 16:48:56,665 [INFO]   Learning Rate:           0.000309
2025-12-26 16:48:57,097 [INFO] 
================================================================================
2025-12-26 16:48:57,098 [INFO] Epoch 129/300 (0.05s)
2025-12-26 16:48:57,098 [INFO] ================================================================================
2025-12-26 16:48:57,098 [INFO]   Total Loss:               1209.1656
2025-12-26 16:48:57,098 [INFO]   Recon Loss:              1188.4021
2025-12-26 16:48:57,098 [INFO]   🔥 Contrastive Loss:     15.2415
2025-12-26 16:48:57,098 [INFO]     - Self Contrast:        5.0051
2025-12-26 16:48:57,098 [INFO]     - Hard Negative:        1.3078
2025-12-26 16:48:57,098 [INFO]     - Soft Positive:        0.0000
2025-12-26 16:48:57,098 [INFO]     - Kept Edges:           0
2025-12-26 16:48:57,098 [INFO]     - Pruned Edges:         21834
2025-12-26 16:48:57,098 [INFO]   🔥 Prototype Loss:       5.5220
2025-12-26 16:48:57,098 [INFO]     - Spot-to-Prototype:    0.2202
2025-12-26 16:48:57,098 [INFO]     - Compactness:          0.0502
2025-12-26 16:48:57,098 [INFO]     - Dispersion:           0.3077
2025-12-26 16:48:57,098 [INFO]   GIB Keep Rate:           0.000
2025-12-26 16:48:57,098 [INFO]   GIB Avg Prob:            0.433
2025-12-26 16:48:57,098 [INFO]   Dispersion (θ):          52.635 ± 1.196
2025-12-26 16:48:57,099 [INFO]   Learning Rate:           0.000306
2025-12-26 16:48:57,517 [INFO] 
================================================================================
2025-12-26 16:48:57,517 [INFO] Epoch 130/300 (0.05s)
2025-12-26 16:48:57,517 [INFO] ================================================================================
2025-12-26 16:48:57,517 [INFO]   Total Loss:               1208.9149
2025-12-26 16:48:57,517 [INFO]   Recon Loss:              1188.1699
2025-12-26 16:48:57,517 [INFO]   🔥 Contrastive Loss:     15.1569
2025-12-26 16:48:57,517 [INFO]     - Self Contrast:        4.9583
2025-12-26 16:48:57,517 [INFO]     - Hard Negative:        1.3101
2025-12-26 16:48:57,517 [INFO]     - Soft Positive:        0.0000
2025-12-26 16:48:57,517 [INFO]     - Kept Edges:           0
2025-12-26 16:48:57,517 [INFO]     - Pruned Edges:         21834
2025-12-26 16:48:57,517 [INFO]   🔥 Prototype Loss:       5.5882
2025-12-26 16:48:57,517 [INFO]     - Spot-to-Prototype:    0.2231
2025-12-26 16:48:57,517 [INFO]     - Compactness:          0.0507
2025-12-26 16:48:57,518 [INFO]     - Dispersion:           0.3095
2025-12-26 16:48:57,518 [INFO]   GIB Keep Rate:           0.000
2025-12-26 16:48:57,518 [INFO]   GIB Avg Prob:            0.433
2025-12-26 16:48:57,518 [INFO]   Dispersion (θ):          52.615 ± 1.203
2025-12-26 16:48:57,518 [INFO]   Learning Rate:           0.000304
2025-12-26 16:48:57,972 [INFO] 
================================================================================
2025-12-26 16:48:57,972 [INFO] Epoch 131/300 (0.05s)
2025-12-26 16:48:57,972 [INFO] ================================================================================
2025-12-26 16:48:57,972 [INFO]   Total Loss:               1208.7208
2025-12-26 16:48:57,972 [INFO]   Recon Loss:              1187.9165
2025-12-26 16:48:57,972 [INFO]   🔥 Contrastive Loss:     15.1844
2025-12-26 16:48:57,973 [INFO]     - Self Contrast:        4.9824
2025-12-26 16:48:57,973 [INFO]     - Hard Negative:        1.3049
2025-12-26 16:48:57,973 [INFO]     - Soft Positive:        0.0000
2025-12-26 16:48:57,973 [INFO]     - Kept Edges:           0
2025-12-26 16:48:57,973 [INFO]     - Pruned Edges:         21834
2025-12-26 16:48:57,973 [INFO]   🔥 Prototype Loss:       5.6199
2025-12-26 16:48:57,973 [INFO]     - Spot-to-Prototype:    0.2248
2025-12-26 16:48:57,973 [INFO]     - Compactness:          0.0501
2025-12-26 16:48:57,973 [INFO]     - Dispersion:           0.3110
2025-12-26 16:48:57,973 [INFO]   GIB Keep Rate:           0.000
2025-12-26 16:48:57,973 [INFO]   GIB Avg Prob:            0.432
2025-12-26 16:48:57,973 [INFO]   Dispersion (θ):          52.595 ± 1.210
2025-12-26 16:48:57,973 [INFO]   Learning Rate:           0.000301
2025-12-26 16:48:58,366 [INFO] 
================================================================================
2025-12-26 16:48:58,366 [INFO] Epoch 132/300 (0.05s)
2025-12-26 16:48:58,366 [INFO] ================================================================================
2025-12-26 16:48:58,366 [INFO]   Total Loss:               1208.5150
2025-12-26 16:48:58,366 [INFO]   Recon Loss:              1187.7051
2025-12-26 16:48:58,366 [INFO]   🔥 Contrastive Loss:     15.1819
2025-12-26 16:48:58,366 [INFO]     - Self Contrast:        4.9836
2025-12-26 16:48:58,366 [INFO]     - Hard Negative:        1.3037
2025-12-26 16:48:58,366 [INFO]     - Soft Positive:        0.0000
2025-12-26 16:48:58,367 [INFO]     - Kept Edges:           0
2025-12-26 16:48:58,367 [INFO]     - Pruned Edges:         21834
2025-12-26 16:48:58,367 [INFO]   🔥 Prototype Loss:       5.6281
2025-12-26 16:48:58,367 [INFO]     - Spot-to-Prototype:    0.2247
2025-12-26 16:48:58,367 [INFO]     - Compactness:          0.0509
2025-12-26 16:48:58,367 [INFO]     - Dispersion:           0.3125
2025-12-26 16:48:58,367 [INFO]   GIB Keep Rate:           0.000
2025-12-26 16:48:58,367 [INFO]   GIB Avg Prob:            0.432
2025-12-26 16:48:58,367 [INFO]   Dispersion (θ):          52.574 ± 1.218
2025-12-26 16:48:58,367 [INFO]   Learning Rate:           0.000299
2025-12-26 16:48:58,758 [INFO] 
================================================================================
2025-12-26 16:48:58,758 [INFO] Epoch 133/300 (0.05s)
2025-12-26 16:48:58,758 [INFO] ================================================================================
2025-12-26 16:48:58,758 [INFO]   Total Loss:               1208.1736
2025-12-26 16:48:58,758 [INFO]   Recon Loss:              1187.3740
2025-12-26 16:48:58,759 [INFO]   🔥 Contrastive Loss:     15.1327
2025-12-26 16:48:58,759 [INFO]     - Self Contrast:        4.9579
2025-12-26 16:48:58,759 [INFO]     - Hard Negative:        1.3042
2025-12-26 16:48:58,759 [INFO]     - Soft Positive:        0.0000
2025-12-26 16:48:58,759 [INFO]     - Kept Edges:           0
2025-12-26 16:48:58,759 [INFO]     - Pruned Edges:         21834
2025-12-26 16:48:58,759 [INFO]   🔥 Prototype Loss:       5.6669
2025-12-26 16:48:58,759 [INFO]     - Spot-to-Prototype:    0.2264
2025-12-26 16:48:58,759 [INFO]     - Compactness:          0.0512
2025-12-26 16:48:58,759 [INFO]     - Dispersion:           0.3139
2025-12-26 16:48:58,759 [INFO]   GIB Keep Rate:           0.000
2025-12-26 16:48:58,759 [INFO]   GIB Avg Prob:            0.432
2025-12-26 16:48:58,759 [INFO]   Dispersion (θ):          52.554 ± 1.225
2025-12-26 16:48:58,759 [INFO]   Learning Rate:           0.000296
2025-12-26 16:48:59,158 [INFO] 
================================================================================
2025-12-26 16:48:59,158 [INFO] Epoch 134/300 (0.05s)
2025-12-26 16:48:59,158 [INFO] ================================================================================
2025-12-26 16:48:59,158 [INFO]   Total Loss:               1208.2412
2025-12-26 16:48:59,158 [INFO]   Recon Loss:              1187.4685
2025-12-26 16:48:59,158 [INFO]   🔥 Contrastive Loss:     15.1470
2025-12-26 16:48:59,158 [INFO]     - Self Contrast:        4.9711
2025-12-26 16:48:59,158 [INFO]     - Hard Negative:        1.3012
2025-12-26 16:48:59,158 [INFO]     - Soft Positive:        0.0000
2025-12-26 16:48:59,158 [INFO]     - Kept Edges:           0
2025-12-26 16:48:59,158 [INFO]     - Pruned Edges:         21834
2025-12-26 16:48:59,158 [INFO]   🔥 Prototype Loss:       5.6258
2025-12-26 16:48:59,159 [INFO]     - Spot-to-Prototype:    0.2247
2025-12-26 16:48:59,159 [INFO]     - Compactness:          0.0502
2025-12-26 16:48:59,159 [INFO]     - Dispersion:           0.3151
2025-12-26 16:48:59,159 [INFO]   GIB Keep Rate:           0.000
2025-12-26 16:48:59,159 [INFO]   GIB Avg Prob:            0.432
2025-12-26 16:48:59,159 [INFO]   Dispersion (θ):          52.534 ± 1.232
2025-12-26 16:48:59,159 [INFO]   Learning Rate:           0.000294
2025-12-26 16:48:59,196 [INFO] 
================================================================================
2025-12-26 16:48:59,196 [INFO] Epoch 135/300 (0.04s)
2025-12-26 16:48:59,196 [INFO] ================================================================================
2025-12-26 16:48:59,196 [INFO]   Total Loss:               1207.6912
2025-12-26 16:48:59,196 [INFO]   Recon Loss:              1187.0254
2025-12-26 16:48:59,196 [INFO]   🔥 Contrastive Loss:     15.0429
2025-12-26 16:48:59,196 [INFO]     - Self Contrast:        4.9109
2025-12-26 16:48:59,196 [INFO]     - Hard Negative:        1.3053
2025-12-26 16:48:59,196 [INFO]     - Soft Positive:        0.0000
2025-12-26 16:48:59,196 [INFO]     - Kept Edges:           0
2025-12-26 16:48:59,197 [INFO]     - Pruned Edges:         21834
2025-12-26 16:48:59,197 [INFO]   🔥 Prototype Loss:       5.6227
2025-12-26 16:48:59,197 [INFO]     - Spot-to-Prototype:    0.2289
2025-12-26 16:48:59,197 [INFO]     - Compactness:          0.0412
2025-12-26 16:48:59,197 [INFO]     - Dispersion:           0.3162
2025-12-26 16:48:59,197 [INFO]   GIB Keep Rate:           0.000
2025-12-26 16:48:59,197 [INFO]   GIB Avg Prob:            0.431
2025-12-26 16:48:59,197 [INFO]   Dispersion (θ):          52.514 ± 1.239
2025-12-26 16:48:59,197 [INFO]   Learning Rate:           0.000291
2025-12-26 16:48:59,541 [INFO] 
================================================================================
2025-12-26 16:48:59,541 [INFO] Epoch 136/300 (0.05s)
2025-12-26 16:48:59,541 [INFO] ================================================================================
2025-12-26 16:48:59,541 [INFO]   Total Loss:               1207.5131
2025-12-26 16:48:59,541 [INFO]   Recon Loss:              1186.7480
2025-12-26 16:48:59,541 [INFO]   🔥 Contrastive Loss:     15.0453
2025-12-26 16:48:59,541 [INFO]     - Self Contrast:        4.9181
2025-12-26 16:48:59,541 [INFO]     - Hard Negative:        1.3023
2025-12-26 16:48:59,541 [INFO]     - Soft Positive:        0.0000
2025-12-26 16:48:59,541 [INFO]     - Kept Edges:           0
2025-12-26 16:48:59,541 [INFO]     - Pruned Edges:         21834
2025-12-26 16:48:59,541 [INFO]   🔥 Prototype Loss:       5.7198
2025-12-26 16:48:59,541 [INFO]     - Spot-to-Prototype:    0.2297
2025-12-26 16:48:59,541 [INFO]     - Compactness:          0.0491
2025-12-26 16:48:59,542 [INFO]     - Dispersion:           0.3171
2025-12-26 16:48:59,542 [INFO]   GIB Keep Rate:           0.000
2025-12-26 16:48:59,542 [INFO]   GIB Avg Prob:            0.431
2025-12-26 16:48:59,542 [INFO]   Dispersion (θ):          52.494 ± 1.246
2025-12-26 16:48:59,542 [INFO]   Learning Rate:           0.000289
2025-12-26 16:48:59,919 [INFO] 
================================================================================
2025-12-26 16:48:59,919 [INFO] Epoch 137/300 (0.05s)
2025-12-26 16:48:59,919 [INFO] ================================================================================
2025-12-26 16:48:59,919 [INFO]   Total Loss:               1206.9323
2025-12-26 16:48:59,919 [INFO]   Recon Loss:              1186.2048
2025-12-26 16:48:59,919 [INFO]   🔥 Contrastive Loss:     15.0579
2025-12-26 16:48:59,919 [INFO]     - Self Contrast:        4.9373
2025-12-26 16:48:59,919 [INFO]     - Hard Negative:        1.2959
2025-12-26 16:48:59,919 [INFO]     - Soft Positive:        0.0000
2025-12-26 16:48:59,919 [INFO]     - Kept Edges:           0
2025-12-26 16:48:59,919 [INFO]     - Pruned Edges:         21834
2025-12-26 16:48:59,919 [INFO]   🔥 Prototype Loss:       5.6694
2025-12-26 16:48:59,919 [INFO]     - Spot-to-Prototype:    0.2277
2025-12-26 16:48:59,919 [INFO]     - Compactness:          0.0480
2025-12-26 16:48:59,919 [INFO]     - Dispersion:           0.3180
2025-12-26 16:48:59,919 [INFO]   GIB Keep Rate:           0.000
2025-12-26 16:48:59,920 [INFO]   GIB Avg Prob:            0.431
2025-12-26 16:48:59,920 [INFO]   Dispersion (θ):          52.474 ± 1.253
2025-12-26 16:48:59,920 [INFO]   Learning Rate:           0.000286
2025-12-26 16:49:00,309 [INFO] 
================================================================================
2025-12-26 16:49:00,309 [INFO] Epoch 138/300 (0.05s)
2025-12-26 16:49:00,309 [INFO] ================================================================================
2025-12-26 16:49:00,309 [INFO]   Total Loss:               1207.2505
2025-12-26 16:49:00,309 [INFO]   Recon Loss:              1186.5229
2025-12-26 16:49:00,309 [INFO]   🔥 Contrastive Loss:     14.9801
2025-12-26 16:49:00,310 [INFO]     - Self Contrast:        4.8932
2025-12-26 16:49:00,310 [INFO]     - Hard Negative:        1.2984
2025-12-26 16:49:00,310 [INFO]     - Soft Positive:        0.0000
2025-12-26 16:49:00,310 [INFO]     - Kept Edges:           0
2025-12-26 16:49:00,310 [INFO]     - Pruned Edges:         21834
2025-12-26 16:49:00,310 [INFO]   🔥 Prototype Loss:       5.7475
2025-12-26 16:49:00,310 [INFO]     - Spot-to-Prototype:    0.2315
2025-12-26 16:49:00,310 [INFO]     - Compactness:          0.0479
2025-12-26 16:49:00,310 [INFO]     - Dispersion:           0.3188
2025-12-26 16:49:00,310 [INFO]   GIB Keep Rate:           0.000
2025-12-26 16:49:00,310 [INFO]   GIB Avg Prob:            0.431
2025-12-26 16:49:00,310 [INFO]   Dispersion (θ):          52.453 ± 1.260
2025-12-26 16:49:00,310 [INFO]   Learning Rate:           0.000284
2025-12-26 16:49:00,344 [INFO] 
================================================================================
2025-12-26 16:49:00,345 [INFO] Epoch 139/300 (0.03s)
2025-12-26 16:49:00,345 [INFO] ================================================================================
2025-12-26 16:49:00,345 [INFO]   Total Loss:               1206.7686
2025-12-26 16:49:00,345 [INFO]   Recon Loss:              1186.1542
2025-12-26 16:49:00,345 [INFO]   🔥 Contrastive Loss:     14.9906
2025-12-26 16:49:00,345 [INFO]     - Self Contrast:        4.9075
2025-12-26 16:49:00,345 [INFO]     - Hard Negative:        1.2939
2025-12-26 16:49:00,345 [INFO]     - Soft Positive:        0.0000
2025-12-26 16:49:00,345 [INFO]     - Kept Edges:           0
2025-12-26 16:49:00,345 [INFO]     - Pruned Edges:         21834
2025-12-26 16:49:00,345 [INFO]   🔥 Prototype Loss:       5.6238
2025-12-26 16:49:00,345 [INFO]     - Spot-to-Prototype:    0.2288
2025-12-26 16:49:00,345 [INFO]     - Compactness:          0.0408
2025-12-26 16:49:00,345 [INFO]     - Dispersion:           0.3195
2025-12-26 16:49:00,345 [INFO]   GIB Keep Rate:           0.000
2025-12-26 16:49:00,345 [INFO]   GIB Avg Prob:            0.431
2025-12-26 16:49:00,345 [INFO]   Dispersion (θ):          52.433 ± 1.267
2025-12-26 16:49:00,345 [INFO]   Learning Rate:           0.000281
2025-12-26 16:49:00,691 [INFO] 
================================================================================
2025-12-26 16:49:00,691 [INFO] Epoch 140/300 (0.05s)
2025-12-26 16:49:00,691 [INFO] ================================================================================
2025-12-26 16:49:00,691 [INFO]   Total Loss:               1206.4155
2025-12-26 16:49:00,691 [INFO]   Recon Loss:              1185.8263
2025-12-26 16:49:00,691 [INFO]   🔥 Contrastive Loss:     14.9220
2025-12-26 16:49:00,691 [INFO]     - Self Contrast:        4.8647
2025-12-26 16:49:00,691 [INFO]     - Hard Negative:        1.2982
2025-12-26 16:49:00,691 [INFO]     - Soft Positive:        0.0000
2025-12-26 16:49:00,691 [INFO]     - Kept Edges:           0
2025-12-26 16:49:00,692 [INFO]     - Pruned Edges:         21834
2025-12-26 16:49:00,692 [INFO]   🔥 Prototype Loss:       5.6673
2025-12-26 16:49:00,692 [INFO]     - Spot-to-Prototype:    0.2310
2025-12-26 16:49:00,692 [INFO]     - Compactness:          0.0407
2025-12-26 16:49:00,692 [INFO]     - Dispersion:           0.3201
2025-12-26 16:49:00,692 [INFO]   GIB Keep Rate:           0.000
2025-12-26 16:49:00,692 [INFO]   GIB Avg Prob:            0.431
2025-12-26 16:49:00,692 [INFO]   Dispersion (θ):          52.413 ± 1.274
2025-12-26 16:49:00,692 [INFO]   Learning Rate:           0.000278
2025-12-26 16:49:01,081 [INFO] 
================================================================================
2025-12-26 16:49:01,082 [INFO] Epoch 141/300 (0.05s)
2025-12-26 16:49:01,082 [INFO] ================================================================================
2025-12-26 16:49:01,082 [INFO]   Total Loss:               1206.8984
2025-12-26 16:49:01,082 [INFO]   Recon Loss:              1186.2275
2025-12-26 16:49:01,082 [INFO]   🔥 Contrastive Loss:     15.0064
2025-12-26 16:49:01,082 [INFO]     - Self Contrast:        4.9308
2025-12-26 16:49:01,082 [INFO]     - Hard Negative:        1.2862
2025-12-26 16:49:01,082 [INFO]     - Soft Positive:        0.0000
2025-12-26 16:49:01,082 [INFO]     - Kept Edges:           0
2025-12-26 16:49:01,082 [INFO]     - Pruned Edges:         21834
2025-12-26 16:49:01,082 [INFO]   🔥 Prototype Loss:       5.6645
2025-12-26 16:49:01,082 [INFO]     - Spot-to-Prototype:    0.2272
2025-12-26 16:49:01,082 [INFO]     - Compactness:          0.0479
2025-12-26 16:49:01,083 [INFO]     - Dispersion:           0.3206
2025-12-26 16:49:01,083 [INFO]   GIB Keep Rate:           0.000
2025-12-26 16:49:01,083 [INFO]   GIB Avg Prob:            0.431
2025-12-26 16:49:01,083 [INFO]   Dispersion (θ):          52.393 ± 1.280
2025-12-26 16:49:01,083 [INFO]   Learning Rate:           0.000276
2025-12-26 16:49:01,118 [INFO] 
================================================================================
2025-12-26 16:49:01,118 [INFO] Epoch 142/300 (0.04s)
2025-12-26 16:49:01,118 [INFO] ================================================================================
2025-12-26 16:49:01,118 [INFO]   Total Loss:               1206.1200
2025-12-26 16:49:01,118 [INFO]   Recon Loss:              1185.5472
2025-12-26 16:49:01,118 [INFO]   🔥 Contrastive Loss:     14.9122
2025-12-26 16:49:01,118 [INFO]     - Self Contrast:        4.8726
2025-12-26 16:49:01,119 [INFO]     - Hard Negative:        1.2918
2025-12-26 16:49:01,119 [INFO]     - Soft Positive:        0.0000
2025-12-26 16:49:01,119 [INFO]     - Kept Edges:           0
2025-12-26 16:49:01,119 [INFO]     - Pruned Edges:         21834
2025-12-26 16:49:01,119 [INFO]   🔥 Prototype Loss:       5.6605
2025-12-26 16:49:01,119 [INFO]     - Spot-to-Prototype:    0.2287
2025-12-26 16:49:01,119 [INFO]     - Compactness:          0.0445
2025-12-26 16:49:01,119 [INFO]     - Dispersion:           0.3211
2025-12-26 16:49:01,119 [INFO]   GIB Keep Rate:           0.000
2025-12-26 16:49:01,119 [INFO]   GIB Avg Prob:            0.431
2025-12-26 16:49:01,119 [INFO]   Dispersion (θ):          52.373 ± 1.287
2025-12-26 16:49:01,119 [INFO]   Learning Rate:           0.000273
2025-12-26 16:49:01,467 [INFO] 
================================================================================
2025-12-26 16:49:01,467 [INFO] Epoch 143/300 (0.05s)
2025-12-26 16:49:01,467 [INFO] ================================================================================
2025-12-26 16:49:01,468 [INFO]   Total Loss:               1205.6650
2025-12-26 16:49:01,468 [INFO]   Recon Loss:              1185.2281
2025-12-26 16:49:01,468 [INFO]   🔥 Contrastive Loss:     14.8631
2025-12-26 16:49:01,468 [INFO]     - Self Contrast:        4.8434
2025-12-26 16:49:01,468 [INFO]     - Hard Negative:        1.2941
2025-12-26 16:49:01,468 [INFO]     - Soft Positive:        0.0000
2025-12-26 16:49:01,468 [INFO]     - Kept Edges:           0
2025-12-26 16:49:01,468 [INFO]     - Pruned Edges:         21834
2025-12-26 16:49:01,468 [INFO]   🔥 Prototype Loss:       5.5739
2025-12-26 16:49:01,468 [INFO]     - Spot-to-Prototype:    0.2258
2025-12-26 16:49:01,468 [INFO]     - Compactness:          0.0414
2025-12-26 16:49:01,468 [INFO]     - Dispersion:           0.3214
2025-12-26 16:49:01,468 [INFO]   GIB Keep Rate:           0.000
2025-12-26 16:49:01,468 [INFO]   GIB Avg Prob:            0.431
2025-12-26 16:49:01,468 [INFO]   Dispersion (θ):          52.354 ± 1.294
2025-12-26 16:49:01,468 [INFO]   Learning Rate:           0.000271
2025-12-26 16:49:01,911 [INFO] 
================================================================================
2025-12-26 16:49:01,911 [INFO] Epoch 144/300 (0.05s)
2025-12-26 16:49:01,911 [INFO] ================================================================================
2025-12-26 16:49:01,911 [INFO]   Total Loss:               1205.7238
2025-12-26 16:49:01,911 [INFO]   Recon Loss:              1185.3040
2025-12-26 16:49:01,912 [INFO]   🔥 Contrastive Loss:     14.8859
2025-12-26 16:49:01,912 [INFO]     - Self Contrast:        4.8695
2025-12-26 16:49:01,912 [INFO]     - Hard Negative:        1.2867
2025-12-26 16:49:01,912 [INFO]     - Soft Positive:        0.0000
2025-12-26 16:49:01,912 [INFO]     - Kept Edges:           0
2025-12-26 16:49:01,912 [INFO]     - Pruned Edges:         21834
2025-12-26 16:49:01,912 [INFO]   🔥 Prototype Loss:       5.5340
2025-12-26 16:49:01,912 [INFO]     - Spot-to-Prototype:    0.2221
2025-12-26 16:49:01,912 [INFO]     - Compactness:          0.0450
2025-12-26 16:49:01,912 [INFO]     - Dispersion:           0.3216
2025-12-26 16:49:01,912 [INFO]   GIB Keep Rate:           0.000
2025-12-26 16:49:01,912 [INFO]   GIB Avg Prob:            0.431
2025-12-26 16:49:01,912 [INFO]   Dispersion (θ):          52.335 ± 1.300
2025-12-26 16:49:01,912 [INFO]   Learning Rate:           0.000268
2025-12-26 16:49:01,948 [INFO] 
================================================================================
2025-12-26 16:49:01,948 [INFO] Epoch 145/300 (0.04s)
2025-12-26 16:49:01,948 [INFO] ================================================================================
2025-12-26 16:49:01,948 [INFO]   Total Loss:               1205.3700
2025-12-26 16:49:01,948 [INFO]   Recon Loss:              1185.1582
2025-12-26 16:49:01,948 [INFO]   🔥 Contrastive Loss:     14.7693
2025-12-26 16:49:01,948 [INFO]     - Self Contrast:        4.8067
2025-12-26 16:49:01,948 [INFO]     - Hard Negative:        1.2890
2025-12-26 16:49:01,948 [INFO]     - Soft Positive:        0.0000
2025-12-26 16:49:01,948 [INFO]     - Kept Edges:           0
2025-12-26 16:49:01,948 [INFO]     - Pruned Edges:         21834
2025-12-26 16:49:01,948 [INFO]   🔥 Prototype Loss:       5.4425
2025-12-26 16:49:01,948 [INFO]     - Spot-to-Prototype:    0.2194
2025-12-26 16:49:01,948 [INFO]     - Compactness:          0.0411
2025-12-26 16:49:01,949 [INFO]     - Dispersion:           0.3219
2025-12-26 16:49:01,949 [INFO]   GIB Keep Rate:           0.000
2025-12-26 16:49:01,949 [INFO]   GIB Avg Prob:            0.431
2025-12-26 16:49:01,949 [INFO]   Dispersion (θ):          52.316 ± 1.306
2025-12-26 16:49:01,949 [INFO]   Learning Rate:           0.000265
2025-12-26 16:49:02,291 [INFO] 
================================================================================
2025-12-26 16:49:02,291 [INFO] Epoch 146/300 (0.05s)
2025-12-26 16:49:02,291 [INFO] ================================================================================
2025-12-26 16:49:02,291 [INFO]   Total Loss:               1205.0529
2025-12-26 16:49:02,291 [INFO]   Recon Loss:              1184.8512
2025-12-26 16:49:02,291 [INFO]   🔥 Contrastive Loss:     14.8275
2025-12-26 16:49:02,291 [INFO]     - Self Contrast:        4.8509
2025-12-26 16:49:02,291 [INFO]     - Hard Negative:        1.2814
2025-12-26 16:49:02,291 [INFO]     - Soft Positive:        0.0000
2025-12-26 16:49:02,291 [INFO]     - Kept Edges:           0
2025-12-26 16:49:02,291 [INFO]     - Pruned Edges:         21834
2025-12-26 16:49:02,291 [INFO]   🔥 Prototype Loss:       5.3741
2025-12-26 16:49:02,291 [INFO]     - Spot-to-Prototype:    0.2165
2025-12-26 16:49:02,291 [INFO]     - Compactness:          0.0399
2025-12-26 16:49:02,292 [INFO]     - Dispersion:           0.3223
2025-12-26 16:49:02,292 [INFO]   GIB Keep Rate:           0.000
2025-12-26 16:49:02,292 [INFO]   GIB Avg Prob:            0.431
2025-12-26 16:49:02,292 [INFO]   Dispersion (θ):          52.297 ± 1.313
2025-12-26 16:49:02,292 [INFO]   Learning Rate:           0.000263
2025-12-26 16:49:02,735 [INFO] 
================================================================================
2025-12-26 16:49:02,735 [INFO] Epoch 147/300 (0.05s)
2025-12-26 16:49:02,735 [INFO] ================================================================================
2025-12-26 16:49:02,735 [INFO]   Total Loss:               1204.9221
2025-12-26 16:49:02,736 [INFO]   Recon Loss:              1184.8717
2025-12-26 16:49:02,736 [INFO]   🔥 Contrastive Loss:     14.7890
2025-12-26 16:49:02,736 [INFO]     - Self Contrast:        4.8241
2025-12-26 16:49:02,736 [INFO]     - Hard Negative:        1.2852
2025-12-26 16:49:02,736 [INFO]     - Soft Positive:        0.0000
2025-12-26 16:49:02,736 [INFO]     - Kept Edges:           0
2025-12-26 16:49:02,736 [INFO]     - Pruned Edges:         21834
2025-12-26 16:49:02,736 [INFO]   🔥 Prototype Loss:       5.2614
2025-12-26 16:49:02,736 [INFO]     - Spot-to-Prototype:    0.2121
2025-12-26 16:49:02,736 [INFO]     - Compactness:          0.0374
2025-12-26 16:49:02,736 [INFO]     - Dispersion:           0.3229
2025-12-26 16:49:02,736 [INFO]   GIB Keep Rate:           0.000
2025-12-26 16:49:02,736 [INFO]   GIB Avg Prob:            0.431
2025-12-26 16:49:02,736 [INFO]   Dispersion (θ):          52.279 ± 1.319
2025-12-26 16:49:02,736 [INFO]   Learning Rate:           0.000260
2025-12-26 16:49:03,127 [INFO] 
================================================================================
2025-12-26 16:49:03,127 [INFO] Epoch 148/300 (0.05s)
2025-12-26 16:49:03,127 [INFO] ================================================================================
2025-12-26 16:49:03,127 [INFO]   Total Loss:               1204.4867
2025-12-26 16:49:03,127 [INFO]   Recon Loss:              1184.5571
2025-12-26 16:49:03,127 [INFO]   🔥 Contrastive Loss:     14.7800
2025-12-26 16:49:03,127 [INFO]     - Self Contrast:        4.8179
2025-12-26 16:49:03,127 [INFO]     - Hard Negative:        1.2861
2025-12-26 16:49:03,127 [INFO]     - Soft Positive:        0.0000
2025-12-26 16:49:03,127 [INFO]     - Kept Edges:           0
2025-12-26 16:49:03,128 [INFO]     - Pruned Edges:         21834
2025-12-26 16:49:03,128 [INFO]   🔥 Prototype Loss:       5.1495
2025-12-26 16:49:03,128 [INFO]     - Spot-to-Prototype:    0.2069
2025-12-26 16:49:03,128 [INFO]     - Compactness:          0.0364
2025-12-26 16:49:03,128 [INFO]     - Dispersion:           0.3236
2025-12-26 16:49:03,128 [INFO]   GIB Keep Rate:           0.000
2025-12-26 16:49:03,128 [INFO]   GIB Avg Prob:            0.431
2025-12-26 16:49:03,128 [INFO]   Dispersion (θ):          52.261 ± 1.325
2025-12-26 16:49:03,128 [INFO]   Learning Rate:           0.000258
2025-12-26 16:49:03,544 [INFO] 
================================================================================
2025-12-26 16:49:03,545 [INFO] Epoch 149/300 (0.05s)
2025-12-26 16:49:03,545 [INFO] ================================================================================
2025-12-26 16:49:03,545 [INFO]   Total Loss:               1204.2566
2025-12-26 16:49:03,545 [INFO]   Recon Loss:              1184.3048
2025-12-26 16:49:03,545 [INFO]   🔥 Contrastive Loss:     14.7349
2025-12-26 16:49:03,545 [INFO]     - Self Contrast:        4.7957
2025-12-26 16:49:03,545 [INFO]     - Hard Negative:        1.2859
2025-12-26 16:49:03,545 [INFO]     - Soft Positive:        0.0000
2025-12-26 16:49:03,545 [INFO]     - Kept Edges:           0
2025-12-26 16:49:03,545 [INFO]     - Pruned Edges:         21834
2025-12-26 16:49:03,545 [INFO]   🔥 Prototype Loss:       5.2169
2025-12-26 16:49:03,545 [INFO]     - Spot-to-Prototype:    0.2060
2025-12-26 16:49:03,545 [INFO]     - Compactness:          0.0449
2025-12-26 16:49:03,545 [INFO]     - Dispersion:           0.3245
2025-12-26 16:49:03,545 [INFO]   GIB Keep Rate:           0.000
2025-12-26 16:49:03,546 [INFO]   GIB Avg Prob:            0.431
2025-12-26 16:49:03,546 [INFO]   Dispersion (θ):          52.244 ± 1.330
2025-12-26 16:49:03,546 [INFO]   Learning Rate:           0.000255
2025-12-26 16:49:03,940 [INFO] 
================================================================================
2025-12-26 16:49:03,940 [INFO] Epoch 150/300 (0.05s)
2025-12-26 16:49:03,940 [INFO] ================================================================================
2025-12-26 16:49:03,941 [INFO]   Total Loss:               1204.1157
2025-12-26 16:49:03,941 [INFO]   Recon Loss:              1184.2212
2025-12-26 16:49:03,941 [INFO]   🔥 Contrastive Loss:     14.7517
2025-12-26 16:49:03,941 [INFO]     - Self Contrast:        4.8110
2025-12-26 16:49:03,941 [INFO]     - Hard Negative:        1.2824
2025-12-26 16:49:03,941 [INFO]     - Soft Positive:        0.0000
2025-12-26 16:49:03,941 [INFO]     - Kept Edges:           0
2025-12-26 16:49:03,941 [INFO]     - Pruned Edges:         21834
2025-12-26 16:49:03,941 [INFO]   🔥 Prototype Loss:       5.1429
2025-12-26 16:49:03,941 [INFO]     - Spot-to-Prototype:    0.2006
2025-12-26 16:49:03,941 [INFO]     - Compactness:          0.0481
2025-12-26 16:49:03,941 [INFO]     - Dispersion:           0.3255
2025-12-26 16:49:03,941 [INFO]   GIB Keep Rate:           0.000
2025-12-26 16:49:03,941 [INFO]   GIB Avg Prob:            0.431
2025-12-26 16:49:03,941 [INFO]   Dispersion (θ):          52.227 ± 1.336
2025-12-26 16:49:03,941 [INFO]   Learning Rate:           0.000252
2025-12-26 16:49:04,337 [INFO] 
================================================================================
2025-12-26 16:49:04,337 [INFO] Epoch 151/300 (0.05s)
2025-12-26 16:49:04,337 [INFO] ================================================================================
2025-12-26 16:49:04,338 [INFO]   Total Loss:               1203.9039
2025-12-26 16:49:04,338 [INFO]   Recon Loss:              1183.9718
2025-12-26 16:49:04,338 [INFO]   🔥 Contrastive Loss:     14.8644
2025-12-26 16:49:04,338 [INFO]     - Self Contrast:        4.7602
2025-12-26 16:49:04,338 [INFO]     - Hard Negative:        1.2839
2025-12-26 16:49:04,338 [INFO]     - Soft Positive:        0.2084
2025-12-26 16:49:04,338 [INFO]     - Kept Edges:           1
2025-12-26 16:49:04,338 [INFO]     - Pruned Edges:         21833
2025-12-26 16:49:04,338 [INFO]   🔥 Prototype Loss:       5.0677
2025-12-26 16:49:04,338 [INFO]     - Spot-to-Prototype:    0.1982
2025-12-26 16:49:04,338 [INFO]     - Compactness:          0.0451
2025-12-26 16:49:04,338 [INFO]     - Dispersion:           0.3266
2025-12-26 16:49:04,338 [INFO]   GIB Keep Rate:           0.000
2025-12-26 16:49:04,338 [INFO]   GIB Avg Prob:            0.431
2025-12-26 16:49:04,338 [INFO]   Dispersion (θ):          52.210 ± 1.342
2025-12-26 16:49:04,338 [INFO]   Learning Rate:           0.000250
2025-12-26 16:49:04,725 [INFO] 
================================================================================
2025-12-26 16:49:04,726 [INFO] Epoch 152/300 (0.05s)
2025-12-26 16:49:04,726 [INFO] ================================================================================
2025-12-26 16:49:04,726 [INFO]   Total Loss:               1203.4122
2025-12-26 16:49:04,726 [INFO]   Recon Loss:              1183.6472
2025-12-26 16:49:04,726 [INFO]   🔥 Contrastive Loss:     14.7226
2025-12-26 16:49:04,726 [INFO]     - Self Contrast:        4.7714
2025-12-26 16:49:04,726 [INFO]     - Hard Negative:        1.2842
2025-12-26 16:49:04,726 [INFO]     - Soft Positive:        0.0430
2025-12-26 16:49:04,726 [INFO]     - Kept Edges:           1
2025-12-26 16:49:04,726 [INFO]     - Pruned Edges:         21833
2025-12-26 16:49:04,726 [INFO]   🔥 Prototype Loss:       5.0424
2025-12-26 16:49:04,726 [INFO]     - Spot-to-Prototype:    0.1957
2025-12-26 16:49:04,726 [INFO]     - Compactness:          0.0474
2025-12-26 16:49:04,726 [INFO]     - Dispersion:           0.3277
2025-12-26 16:49:04,726 [INFO]   GIB Keep Rate:           0.000
2025-12-26 16:49:04,726 [INFO]   GIB Avg Prob:            0.431
2025-12-26 16:49:04,726 [INFO]   Dispersion (θ):          52.193 ± 1.347
2025-12-26 16:49:04,727 [INFO]   Learning Rate:           0.000247
2025-12-26 16:49:05,131 [INFO] 
================================================================================
2025-12-26 16:49:05,131 [INFO] Epoch 153/300 (0.05s)
2025-12-26 16:49:05,132 [INFO] ================================================================================
2025-12-26 16:49:05,132 [INFO]   Total Loss:               1203.5431
2025-12-26 16:49:05,132 [INFO]   Recon Loss:              1183.7604
2025-12-26 16:49:05,132 [INFO]   🔥 Contrastive Loss:     14.7521
2025-12-26 16:49:05,132 [INFO]     - Self Contrast:        4.7865
2025-12-26 16:49:05,132 [INFO]     - Hard Negative:        1.2791
2025-12-26 16:49:05,132 [INFO]     - Soft Positive:        0.0628
2025-12-26 16:49:05,132 [INFO]     - Kept Edges:           1
2025-12-26 16:49:05,132 [INFO]     - Pruned Edges:         21833
2025-12-26 16:49:05,132 [INFO]   🔥 Prototype Loss:       5.0306
2025-12-26 16:49:05,132 [INFO]     - Spot-to-Prototype:    0.1960
2025-12-26 16:49:05,132 [INFO]     - Compactness:          0.0454
2025-12-26 16:49:05,132 [INFO]     - Dispersion:           0.3288
2025-12-26 16:49:05,132 [INFO]   GIB Keep Rate:           0.000
2025-12-26 16:49:05,132 [INFO]   GIB Avg Prob:            0.431
2025-12-26 16:49:05,132 [INFO]   Dispersion (θ):          52.176 ± 1.353
2025-12-26 16:49:05,132 [INFO]   Learning Rate:           0.000245
2025-12-26 16:49:05,170 [INFO] 
================================================================================
2025-12-26 16:49:05,170 [INFO] Epoch 154/300 (0.04s)
2025-12-26 16:49:05,170 [INFO] ================================================================================
2025-12-26 16:49:05,170 [INFO]   Total Loss:               1203.3939
2025-12-26 16:49:05,170 [INFO]   Recon Loss:              1183.7781
2025-12-26 16:49:05,170 [INFO]   🔥 Contrastive Loss:     14.6408
2025-12-26 16:49:05,170 [INFO]     - Self Contrast:        4.7591
2025-12-26 16:49:05,170 [INFO]     - Hard Negative:        1.2807
2025-12-26 16:49:05,170 [INFO]     - Soft Positive:        0.0000
2025-12-26 16:49:05,170 [INFO]     - Kept Edges:           0
2025-12-26 16:49:05,170 [INFO]     - Pruned Edges:         21834
2025-12-26 16:49:05,170 [INFO]   🔥 Prototype Loss:       4.9750
2025-12-26 16:49:05,170 [INFO]     - Spot-to-Prototype:    0.1932
2025-12-26 16:49:05,170 [INFO]     - Compactness:          0.0449
2025-12-26 16:49:05,170 [INFO]     - Dispersion:           0.3305
2025-12-26 16:49:05,170 [INFO]   GIB Keep Rate:           0.000
2025-12-26 16:49:05,170 [INFO]   GIB Avg Prob:            0.431
2025-12-26 16:49:05,170 [INFO]   Dispersion (θ):          52.160 ± 1.358
2025-12-26 16:49:05,170 [INFO]   Learning Rate:           0.000242
2025-12-26 16:49:05,518 [INFO] 
================================================================================
2025-12-26 16:49:05,518 [INFO] Epoch 155/300 (0.05s)
2025-12-26 16:49:05,518 [INFO] ================================================================================
2025-12-26 16:49:05,518 [INFO]   Total Loss:               1203.0746
2025-12-26 16:49:05,518 [INFO]   Recon Loss:              1183.4830
2025-12-26 16:49:05,519 [INFO]   🔥 Contrastive Loss:     14.6274
2025-12-26 16:49:05,519 [INFO]     - Self Contrast:        4.7581
2025-12-26 16:49:05,519 [INFO]     - Hard Negative:        1.2778
2025-12-26 16:49:05,519 [INFO]     - Soft Positive:        0.0000
2025-12-26 16:49:05,519 [INFO]     - Kept Edges:           0
2025-12-26 16:49:05,519 [INFO]     - Pruned Edges:         21834
2025-12-26 16:49:05,519 [INFO]   🔥 Prototype Loss:       4.9642
2025-12-26 16:49:05,519 [INFO]     - Spot-to-Prototype:    0.1916
2025-12-26 16:49:05,519 [INFO]     - Compactness:          0.0467
2025-12-26 16:49:05,519 [INFO]     - Dispersion:           0.3321
2025-12-26 16:49:05,519 [INFO]   GIB Keep Rate:           0.000
2025-12-26 16:49:05,519 [INFO]   GIB Avg Prob:            0.431
2025-12-26 16:49:05,519 [INFO]   Dispersion (θ):          52.143 ± 1.364
2025-12-26 16:49:05,519 [INFO]   Learning Rate:           0.000240
2025-12-26 16:49:05,910 [INFO] 
================================================================================
2025-12-26 16:49:05,910 [INFO] Epoch 156/300 (0.05s)
2025-12-26 16:49:05,910 [INFO] ================================================================================
2025-12-26 16:49:05,910 [INFO]   Total Loss:               1202.7878
2025-12-26 16:49:05,910 [INFO]   Recon Loss:              1183.2383
2025-12-26 16:49:05,910 [INFO]   🔥 Contrastive Loss:     14.6488
2025-12-26 16:49:05,910 [INFO]     - Self Contrast:        4.7769
2025-12-26 16:49:05,910 [INFO]     - Hard Negative:        1.2737
2025-12-26 16:49:05,910 [INFO]     - Soft Positive:        0.0000
2025-12-26 16:49:05,910 [INFO]     - Kept Edges:           0
2025-12-26 16:49:05,910 [INFO]     - Pruned Edges:         21834
2025-12-26 16:49:05,910 [INFO]   🔥 Prototype Loss:       4.9008
2025-12-26 16:49:05,910 [INFO]     - Spot-to-Prototype:    0.1884
2025-12-26 16:49:05,911 [INFO]     - Compactness:          0.0465
2025-12-26 16:49:05,911 [INFO]     - Dispersion:           0.3336
2025-12-26 16:49:05,911 [INFO]   GIB Keep Rate:           0.000
2025-12-26 16:49:05,911 [INFO]   GIB Avg Prob:            0.431
2025-12-26 16:49:05,911 [INFO]   Dispersion (θ):          52.127 ± 1.369
2025-12-26 16:49:05,911 [INFO]   Learning Rate:           0.000237
2025-12-26 16:49:06,308 [INFO] 
================================================================================
2025-12-26 16:49:06,308 [INFO] Epoch 157/300 (0.05s)
2025-12-26 16:49:06,308 [INFO] ================================================================================
2025-12-26 16:49:06,308 [INFO]   Total Loss:               1202.6401
2025-12-26 16:49:06,308 [INFO]   Recon Loss:              1183.1654
2025-12-26 16:49:06,308 [INFO]   🔥 Contrastive Loss:     14.5938
2025-12-26 16:49:06,308 [INFO]     - Self Contrast:        4.7280
2025-12-26 16:49:06,309 [INFO]     - Hard Negative:        1.2786
2025-12-26 16:49:06,309 [INFO]     - Soft Positive:        0.0235
2025-12-26 16:49:06,309 [INFO]     - Kept Edges:           1
2025-12-26 16:49:06,309 [INFO]     - Pruned Edges:         21833
2025-12-26 16:49:06,309 [INFO]   🔥 Prototype Loss:       4.8809
2025-12-26 16:49:06,309 [INFO]     - Spot-to-Prototype:    0.1876
2025-12-26 16:49:06,309 [INFO]     - Compactness:          0.0458
2025-12-26 16:49:06,309 [INFO]     - Dispersion:           0.3351
2025-12-26 16:49:06,309 [INFO]   GIB Keep Rate:           0.000
2025-12-26 16:49:06,309 [INFO]   GIB Avg Prob:            0.430
2025-12-26 16:49:06,309 [INFO]   Dispersion (θ):          52.112 ± 1.374
2025-12-26 16:49:06,309 [INFO]   Learning Rate:           0.000234
2025-12-26 16:49:06,701 [INFO] 
================================================================================
2025-12-26 16:49:06,701 [INFO] Epoch 158/300 (0.05s)
2025-12-26 16:49:06,701 [INFO] ================================================================================
2025-12-26 16:49:06,701 [INFO]   Total Loss:               1202.5173
2025-12-26 16:49:06,701 [INFO]   Recon Loss:              1182.9789
2025-12-26 16:49:06,701 [INFO]   🔥 Contrastive Loss:     14.6335
2025-12-26 16:49:06,701 [INFO]     - Self Contrast:        4.7666
2025-12-26 16:49:06,701 [INFO]     - Hard Negative:        1.2751
2025-12-26 16:49:06,701 [INFO]     - Soft Positive:        0.0000
2025-12-26 16:49:06,701 [INFO]     - Kept Edges:           0
2025-12-26 16:49:06,701 [INFO]     - Pruned Edges:         21834
2025-12-26 16:49:06,701 [INFO]   🔥 Prototype Loss:       4.9050
2025-12-26 16:49:06,701 [INFO]     - Spot-to-Prototype:    0.1884
2025-12-26 16:49:06,701 [INFO]     - Compactness:          0.0463
2025-12-26 16:49:06,701 [INFO]     - Dispersion:           0.3364
2025-12-26 16:49:06,702 [INFO]   GIB Keep Rate:           0.000
2025-12-26 16:49:06,702 [INFO]   GIB Avg Prob:            0.430
2025-12-26 16:49:06,702 [INFO]   Dispersion (θ):          52.096 ± 1.379
2025-12-26 16:49:06,702 [INFO]   Learning Rate:           0.000232
2025-12-26 16:49:07,122 [INFO] 
================================================================================
2025-12-26 16:49:07,123 [INFO] Epoch 159/300 (0.05s)
2025-12-26 16:49:07,123 [INFO] ================================================================================
2025-12-26 16:49:07,123 [INFO]   Total Loss:               1202.0679
2025-12-26 16:49:07,123 [INFO]   Recon Loss:              1182.6479
2025-12-26 16:49:07,123 [INFO]   🔥 Contrastive Loss:     14.5673
2025-12-26 16:49:07,123 [INFO]     - Self Contrast:        4.7308
2025-12-26 16:49:07,123 [INFO]     - Hard Negative:        1.2764
2025-12-26 16:49:07,123 [INFO]     - Soft Positive:        0.0000
2025-12-26 16:49:07,123 [INFO]     - Kept Edges:           0
2025-12-26 16:49:07,123 [INFO]     - Pruned Edges:         21834
2025-12-26 16:49:07,123 [INFO]   🔥 Prototype Loss:       4.8527
2025-12-26 16:49:07,123 [INFO]     - Spot-to-Prototype:    0.1858
2025-12-26 16:49:07,123 [INFO]     - Compactness:          0.0461
2025-12-26 16:49:07,123 [INFO]     - Dispersion:           0.3376
2025-12-26 16:49:07,123 [INFO]   GIB Keep Rate:           0.000
2025-12-26 16:49:07,123 [INFO]   GIB Avg Prob:            0.430
2025-12-26 16:49:07,123 [INFO]   Dispersion (θ):          52.081 ± 1.384
2025-12-26 16:49:07,123 [INFO]   Learning Rate:           0.000229
2025-12-26 16:49:07,558 [INFO] 
================================================================================
2025-12-26 16:49:07,558 [INFO] Epoch 160/300 (0.05s)
2025-12-26 16:49:07,558 [INFO] ================================================================================
2025-12-26 16:49:07,558 [INFO]   Total Loss:               1202.2208
2025-12-26 16:49:07,558 [INFO]   Recon Loss:              1182.8558
2025-12-26 16:49:07,558 [INFO]   🔥 Contrastive Loss:     14.5596
2025-12-26 16:49:07,559 [INFO]     - Self Contrast:        4.7312
2025-12-26 16:49:07,559 [INFO]     - Hard Negative:        1.2743
2025-12-26 16:49:07,559 [INFO]     - Soft Positive:        0.0000
2025-12-26 16:49:07,559 [INFO]     - Kept Edges:           0
2025-12-26 16:49:07,559 [INFO]     - Pruned Edges:         21834
2025-12-26 16:49:07,559 [INFO]   🔥 Prototype Loss:       4.8054
2025-12-26 16:49:07,559 [INFO]     - Spot-to-Prototype:    0.1833
2025-12-26 16:49:07,559 [INFO]     - Compactness:          0.0462
2025-12-26 16:49:07,559 [INFO]     - Dispersion:           0.3388
2025-12-26 16:49:07,559 [INFO]   GIB Keep Rate:           0.000
2025-12-26 16:49:07,559 [INFO]   GIB Avg Prob:            0.430
2025-12-26 16:49:07,559 [INFO]   Dispersion (θ):          52.066 ± 1.389
2025-12-26 16:49:07,559 [INFO]   Learning Rate:           0.000227
2025-12-26 16:49:07,595 [INFO] 
================================================================================
2025-12-26 16:49:07,595 [INFO] Epoch 161/300 (0.04s)
2025-12-26 16:49:07,595 [INFO] ================================================================================
2025-12-26 16:49:07,595 [INFO]   Total Loss:               1201.9349
2025-12-26 16:49:07,595 [INFO]   Recon Loss:              1182.5465
2025-12-26 16:49:07,596 [INFO]   🔥 Contrastive Loss:     14.5787
2025-12-26 16:49:07,596 [INFO]     - Self Contrast:        4.7430
2025-12-26 16:49:07,596 [INFO]     - Hard Negative:        1.2732
2025-12-26 16:49:07,596 [INFO]     - Soft Positive:        0.0000
2025-12-26 16:49:07,596 [INFO]     - Kept Edges:           0
2025-12-26 16:49:07,596 [INFO]     - Pruned Edges:         21834
2025-12-26 16:49:07,596 [INFO]   🔥 Prototype Loss:       4.8096
2025-12-26 16:49:07,596 [INFO]     - Spot-to-Prototype:    0.1832
2025-12-26 16:49:07,596 [INFO]     - Compactness:          0.0465
2025-12-26 16:49:07,596 [INFO]     - Dispersion:           0.3400
2025-12-26 16:49:07,596 [INFO]   GIB Keep Rate:           0.000
2025-12-26 16:49:07,596 [INFO]   GIB Avg Prob:            0.430
2025-12-26 16:49:07,596 [INFO]   Dispersion (θ):          52.051 ± 1.393
2025-12-26 16:49:07,596 [INFO]   Learning Rate:           0.000224
2025-12-26 16:49:07,989 [INFO] 
================================================================================
2025-12-26 16:49:07,990 [INFO] Epoch 162/300 (0.05s)
2025-12-26 16:49:07,990 [INFO] ================================================================================
2025-12-26 16:49:07,990 [INFO]   Total Loss:               1202.0863
2025-12-26 16:49:07,990 [INFO]   Recon Loss:              1182.7731
2025-12-26 16:49:07,990 [INFO]   🔥 Contrastive Loss:     14.5584
2025-12-26 16:49:07,990 [INFO]     - Self Contrast:        4.7363
2025-12-26 16:49:07,990 [INFO]     - Hard Negative:        1.2715
2025-12-26 16:49:07,990 [INFO]     - Soft Positive:        0.0000
2025-12-26 16:49:07,990 [INFO]     - Kept Edges:           0
2025-12-26 16:49:07,990 [INFO]     - Pruned Edges:         21834
2025-12-26 16:49:07,990 [INFO]   🔥 Prototype Loss:       4.7549
2025-12-26 16:49:07,990 [INFO]     - Spot-to-Prototype:    0.1810
2025-12-26 16:49:07,990 [INFO]     - Compactness:          0.0453
2025-12-26 16:49:07,990 [INFO]     - Dispersion:           0.3412
2025-12-26 16:49:07,990 [INFO]   GIB Keep Rate:           0.000
2025-12-26 16:49:07,990 [INFO]   GIB Avg Prob:            0.430
2025-12-26 16:49:07,990 [INFO]   Dispersion (θ):          52.037 ± 1.398
2025-12-26 16:49:07,990 [INFO]   Learning Rate:           0.000221
2025-12-26 16:49:08,025 [INFO] 
================================================================================
2025-12-26 16:49:08,025 [INFO] Epoch 163/300 (0.03s)
2025-12-26 16:49:08,025 [INFO] ================================================================================
2025-12-26 16:49:08,026 [INFO]   Total Loss:               1201.2749
2025-12-26 16:49:08,026 [INFO]   Recon Loss:              1182.0474
2025-12-26 16:49:08,026 [INFO]   🔥 Contrastive Loss:     14.4893
2025-12-26 16:49:08,026 [INFO]     - Self Contrast:        4.6935
2025-12-26 16:49:08,026 [INFO]     - Hard Negative:        1.2756
2025-12-26 16:49:08,026 [INFO]     - Soft Positive:        0.0000
2025-12-26 16:49:08,026 [INFO]     - Kept Edges:           0
2025-12-26 16:49:08,026 [INFO]     - Pruned Edges:         21834
2025-12-26 16:49:08,026 [INFO]   🔥 Prototype Loss:       4.7381
2025-12-26 16:49:08,026 [INFO]     - Spot-to-Prototype:    0.1802
2025-12-26 16:49:08,026 [INFO]     - Compactness:          0.0449
2025-12-26 16:49:08,026 [INFO]     - Dispersion:           0.3423
2025-12-26 16:49:08,026 [INFO]   GIB Keep Rate:           0.000
2025-12-26 16:49:08,026 [INFO]   GIB Avg Prob:            0.430
2025-12-26 16:49:08,026 [INFO]   Dispersion (θ):          52.022 ± 1.403
2025-12-26 16:49:08,026 [INFO]   Learning Rate:           0.000219
2025-12-26 16:49:08,370 [INFO] 
================================================================================
2025-12-26 16:49:08,370 [INFO] Epoch 164/300 (0.05s)
2025-12-26 16:49:08,370 [INFO] ================================================================================
2025-12-26 16:49:08,370 [INFO]   Total Loss:               1201.4358
2025-12-26 16:49:08,370 [INFO]   Recon Loss:              1182.2078
2025-12-26 16:49:08,370 [INFO]   🔥 Contrastive Loss:     14.4992
2025-12-26 16:49:08,370 [INFO]     - Self Contrast:        4.7060
2025-12-26 16:49:08,370 [INFO]     - Hard Negative:        1.2718
2025-12-26 16:49:08,370 [INFO]     - Soft Positive:        0.0000
2025-12-26 16:49:08,370 [INFO]     - Kept Edges:           0
2025-12-26 16:49:08,370 [INFO]     - Pruned Edges:         21834
2025-12-26 16:49:08,370 [INFO]   🔥 Prototype Loss:       4.7289
2025-12-26 16:49:08,371 [INFO]     - Spot-to-Prototype:    0.1788
2025-12-26 16:49:08,371 [INFO]     - Compactness:          0.0465
2025-12-26 16:49:08,371 [INFO]     - Dispersion:           0.3434
2025-12-26 16:49:08,371 [INFO]   GIB Keep Rate:           0.000
2025-12-26 16:49:08,371 [INFO]   GIB Avg Prob:            0.430
2025-12-26 16:49:08,371 [INFO]   Dispersion (θ):          52.008 ± 1.407
2025-12-26 16:49:08,371 [INFO]   Learning Rate:           0.000216
2025-12-26 16:49:08,405 [INFO] 
================================================================================
2025-12-26 16:49:08,405 [INFO] Epoch 165/300 (0.03s)
2025-12-26 16:49:08,405 [INFO] ================================================================================
2025-12-26 16:49:08,405 [INFO]   Total Loss:               1201.3101
2025-12-26 16:49:08,405 [INFO]   Recon Loss:              1182.2032
2025-12-26 16:49:08,405 [INFO]   🔥 Contrastive Loss:     14.4544
2025-12-26 16:49:08,405 [INFO]     - Self Contrast:        4.6921
2025-12-26 16:49:08,405 [INFO]     - Hard Negative:        1.2675
2025-12-26 16:49:08,405 [INFO]     - Soft Positive:        0.0000
2025-12-26 16:49:08,405 [INFO]     - Kept Edges:           0
2025-12-26 16:49:08,405 [INFO]     - Pruned Edges:         21834
2025-12-26 16:49:08,405 [INFO]   🔥 Prototype Loss:       4.6525
2025-12-26 16:49:08,406 [INFO]     - Spot-to-Prototype:    0.1757
2025-12-26 16:49:08,406 [INFO]     - Compactness:          0.0450
2025-12-26 16:49:08,406 [INFO]     - Dispersion:           0.3444
2025-12-26 16:49:08,406 [INFO]   GIB Keep Rate:           0.000
2025-12-26 16:49:08,406 [INFO]   GIB Avg Prob:            0.430
2025-12-26 16:49:08,406 [INFO]   Dispersion (θ):          51.994 ± 1.412
2025-12-26 16:49:08,406 [INFO]   Learning Rate:           0.000214
2025-12-26 16:49:08,440 [INFO] 
================================================================================
2025-12-26 16:49:08,441 [INFO] Epoch 166/300 (0.03s)
2025-12-26 16:49:08,441 [INFO] ================================================================================
2025-12-26 16:49:08,441 [INFO]   Total Loss:               1200.7970
2025-12-26 16:49:08,441 [INFO]   Recon Loss:              1181.7096
2025-12-26 16:49:08,441 [INFO]   🔥 Contrastive Loss:     14.5102
2025-12-26 16:49:08,441 [INFO]     - Self Contrast:        4.7252
2025-12-26 16:49:08,441 [INFO]     - Hard Negative:        1.2649
2025-12-26 16:49:08,441 [INFO]     - Soft Positive:        0.0000
2025-12-26 16:49:08,441 [INFO]     - Kept Edges:           0
2025-12-26 16:49:08,441 [INFO]     - Pruned Edges:         21834
2025-12-26 16:49:08,441 [INFO]   🔥 Prototype Loss:       4.5772
2025-12-26 16:49:08,441 [INFO]     - Spot-to-Prototype:    0.1741
2025-12-26 16:49:08,441 [INFO]     - Compactness:          0.0404
2025-12-26 16:49:08,441 [INFO]     - Dispersion:           0.3454
2025-12-26 16:49:08,441 [INFO]   GIB Keep Rate:           0.000
2025-12-26 16:49:08,441 [INFO]   GIB Avg Prob:            0.430
2025-12-26 16:49:08,441 [INFO]   Dispersion (θ):          51.980 ± 1.416
2025-12-26 16:49:08,441 [INFO]   Learning Rate:           0.000211
2025-12-26 16:49:08,783 [INFO] 
================================================================================
2025-12-26 16:49:08,784 [INFO] Epoch 167/300 (0.05s)
2025-12-26 16:49:08,784 [INFO] ================================================================================
2025-12-26 16:49:08,784 [INFO]   Total Loss:               1201.0486
2025-12-26 16:49:08,784 [INFO]   Recon Loss:              1182.0145
2025-12-26 16:49:08,784 [INFO]   🔥 Contrastive Loss:     14.4597
2025-12-26 16:49:08,784 [INFO]     - Self Contrast:        4.7002
2025-12-26 16:49:08,784 [INFO]     - Hard Negative:        1.2648
2025-12-26 16:49:08,784 [INFO]     - Soft Positive:        0.0000
2025-12-26 16:49:08,784 [INFO]     - Kept Edges:           0
2025-12-26 16:49:08,784 [INFO]     - Pruned Edges:         21834
2025-12-26 16:49:08,784 [INFO]   🔥 Prototype Loss:       4.5744
2025-12-26 16:49:08,784 [INFO]     - Spot-to-Prototype:    0.1702
2025-12-26 16:49:08,784 [INFO]     - Compactness:          0.0478
2025-12-26 16:49:08,784 [INFO]     - Dispersion:           0.3465
2025-12-26 16:49:08,785 [INFO]   GIB Keep Rate:           0.000
2025-12-26 16:49:08,785 [INFO]   GIB Avg Prob:            0.430
2025-12-26 16:49:08,785 [INFO]   Dispersion (θ):          51.967 ± 1.421
2025-12-26 16:49:08,785 [INFO]   Learning Rate:           0.000209
2025-12-26 16:49:08,820 [INFO] 
================================================================================
2025-12-26 16:49:08,820 [INFO] Epoch 168/300 (0.03s)
2025-12-26 16:49:08,820 [INFO] ================================================================================
2025-12-26 16:49:08,820 [INFO]   Total Loss:               1200.5759
2025-12-26 16:49:08,820 [INFO]   Recon Loss:              1181.6329
2025-12-26 16:49:08,820 [INFO]   🔥 Contrastive Loss:     14.4231
2025-12-26 16:49:08,820 [INFO]     - Self Contrast:        4.6715
2025-12-26 16:49:08,820 [INFO]     - Hard Negative:        1.2701
2025-12-26 16:49:08,820 [INFO]     - Soft Positive:        0.0000
2025-12-26 16:49:08,820 [INFO]     - Kept Edges:           0
2025-12-26 16:49:08,820 [INFO]     - Pruned Edges:         21834
2025-12-26 16:49:08,820 [INFO]   🔥 Prototype Loss:       4.5199
2025-12-26 16:49:08,820 [INFO]     - Spot-to-Prototype:    0.1674
2025-12-26 16:49:08,820 [INFO]     - Compactness:          0.0477
2025-12-26 16:49:08,820 [INFO]     - Dispersion:           0.3474
2025-12-26 16:49:08,820 [INFO]   GIB Keep Rate:           0.000
2025-12-26 16:49:08,820 [INFO]   GIB Avg Prob:            0.430
2025-12-26 16:49:08,820 [INFO]   Dispersion (θ):          51.954 ± 1.425
2025-12-26 16:49:08,820 [INFO]   Learning Rate:           0.000206
2025-12-26 16:49:09,218 [INFO] 
================================================================================
2025-12-26 16:49:09,218 [INFO] Epoch 169/300 (0.05s)
2025-12-26 16:49:09,218 [INFO] ================================================================================
2025-12-26 16:49:09,218 [INFO]   Total Loss:               1200.2588
2025-12-26 16:49:09,218 [INFO]   Recon Loss:              1181.3751
2025-12-26 16:49:09,218 [INFO]   🔥 Contrastive Loss:     14.4389
2025-12-26 16:49:09,218 [INFO]     - Self Contrast:        4.6840
2025-12-26 16:49:09,218 [INFO]     - Hard Negative:        1.2677
2025-12-26 16:49:09,218 [INFO]     - Soft Positive:        0.0000
2025-12-26 16:49:09,218 [INFO]     - Kept Edges:           0
2025-12-26 16:49:09,218 [INFO]     - Pruned Edges:         21834
2025-12-26 16:49:09,218 [INFO]   🔥 Prototype Loss:       4.4448
2025-12-26 16:49:09,218 [INFO]     - Spot-to-Prototype:    0.1664
2025-12-26 16:49:09,218 [INFO]     - Compactness:          0.0419
2025-12-26 16:49:09,218 [INFO]     - Dispersion:           0.3484
2025-12-26 16:49:09,218 [INFO]   GIB Keep Rate:           0.000
2025-12-26 16:49:09,218 [INFO]   GIB Avg Prob:            0.430
2025-12-26 16:49:09,218 [INFO]   Dispersion (θ):          51.940 ± 1.429
2025-12-26 16:49:09,218 [INFO]   Learning Rate:           0.000204
2025-12-26 16:49:09,630 [INFO] 
================================================================================
2025-12-26 16:49:09,630 [INFO] Epoch 170/300 (0.05s)
2025-12-26 16:49:09,630 [INFO] ================================================================================
2025-12-26 16:49:09,630 [INFO]   Total Loss:               1200.4788
2025-12-26 16:49:09,630 [INFO]   Recon Loss:              1181.5188
2025-12-26 16:49:09,630 [INFO]   🔥 Contrastive Loss:     14.5764
2025-12-26 16:49:09,630 [INFO]     - Self Contrast:        4.6806
2025-12-26 16:49:09,630 [INFO]     - Hard Negative:        1.2660
2025-12-26 16:49:09,630 [INFO]     - Soft Positive:        0.1514
2025-12-26 16:49:09,630 [INFO]     - Kept Edges:           1
2025-12-26 16:49:09,630 [INFO]     - Pruned Edges:         21833
2025-12-26 16:49:09,630 [INFO]   🔥 Prototype Loss:       4.3835
2025-12-26 16:49:09,630 [INFO]     - Spot-to-Prototype:    0.1634
2025-12-26 16:49:09,630 [INFO]     - Compactness:          0.0417
2025-12-26 16:49:09,631 [INFO]     - Dispersion:           0.3493
2025-12-26 16:49:09,631 [INFO]   GIB Keep Rate:           0.000
2025-12-26 16:49:09,631 [INFO]   GIB Avg Prob:            0.430
2025-12-26 16:49:09,631 [INFO]   Dispersion (θ):          51.928 ± 1.433
2025-12-26 16:49:09,631 [INFO]   Learning Rate:           0.000201
2025-12-26 16:49:09,666 [INFO] 
================================================================================
2025-12-26 16:49:09,666 [INFO] Epoch 171/300 (0.03s)
2025-12-26 16:49:09,666 [INFO] ================================================================================
2025-12-26 16:49:09,666 [INFO]   Total Loss:               1200.2517
2025-12-26 16:49:09,666 [INFO]   Recon Loss:              1181.4512
2025-12-26 16:49:09,666 [INFO]   🔥 Contrastive Loss:     14.4061
2025-12-26 16:49:09,666 [INFO]     - Self Contrast:        4.6764
2025-12-26 16:49:09,666 [INFO]     - Hard Negative:        1.2633
2025-12-26 16:49:09,666 [INFO]     - Soft Positive:        0.0000
2025-12-26 16:49:09,666 [INFO]     - Kept Edges:           0
2025-12-26 16:49:09,667 [INFO]     - Pruned Edges:         21834
2025-12-26 16:49:09,667 [INFO]   🔥 Prototype Loss:       4.3944
2025-12-26 16:49:09,667 [INFO]     - Spot-to-Prototype:    0.1601
2025-12-26 16:49:09,667 [INFO]     - Compactness:          0.0491
2025-12-26 16:49:09,667 [INFO]     - Dispersion:           0.3503
2025-12-26 16:49:09,667 [INFO]   GIB Keep Rate:           0.000
2025-12-26 16:49:09,667 [INFO]   GIB Avg Prob:            0.430
2025-12-26 16:49:09,667 [INFO]   Dispersion (θ):          51.915 ± 1.437
2025-12-26 16:49:09,667 [INFO]   Learning Rate:           0.000199
2025-12-26 16:49:10,029 [INFO] 
================================================================================
2025-12-26 16:49:10,030 [INFO] Epoch 172/300 (0.05s)
2025-12-26 16:49:10,030 [INFO] ================================================================================
2025-12-26 16:49:10,030 [INFO]   Total Loss:               1199.8328
2025-12-26 16:49:10,030 [INFO]   Recon Loss:              1181.1265
2025-12-26 16:49:10,030 [INFO]   🔥 Contrastive Loss:     14.4110
2025-12-26 16:49:10,030 [INFO]     - Self Contrast:        4.6811
2025-12-26 16:49:10,030 [INFO]     - Hard Negative:        1.2622
2025-12-26 16:49:10,030 [INFO]     - Soft Positive:        0.0000
2025-12-26 16:49:10,030 [INFO]     - Kept Edges:           0
2025-12-26 16:49:10,030 [INFO]     - Pruned Edges:         21834
2025-12-26 16:49:10,030 [INFO]   🔥 Prototype Loss:       4.2953
2025-12-26 16:49:10,030 [INFO]     - Spot-to-Prototype:    0.1551
2025-12-26 16:49:10,030 [INFO]     - Compactness:          0.0491
2025-12-26 16:49:10,030 [INFO]     - Dispersion:           0.3512
2025-12-26 16:49:10,030 [INFO]   GIB Keep Rate:           0.000
2025-12-26 16:49:10,031 [INFO]   GIB Avg Prob:            0.430
2025-12-26 16:49:10,031 [INFO]   Dispersion (θ):          51.902 ± 1.442
2025-12-26 16:49:10,031 [INFO]   Learning Rate:           0.000196
2025-12-26 16:49:10,436 [INFO] 
================================================================================
2025-12-26 16:49:10,436 [INFO] Epoch 173/300 (0.05s)
2025-12-26 16:49:10,436 [INFO] ================================================================================
2025-12-26 16:49:10,437 [INFO]   Total Loss:               1200.0712
2025-12-26 16:49:10,437 [INFO]   Recon Loss:              1181.4882
2025-12-26 16:49:10,437 [INFO]   🔥 Contrastive Loss:     14.3297
2025-12-26 16:49:10,437 [INFO]     - Self Contrast:        4.6308
2025-12-26 16:49:10,437 [INFO]     - Hard Negative:        1.2670
2025-12-26 16:49:10,437 [INFO]     - Soft Positive:        0.0000
2025-12-26 16:49:10,437 [INFO]     - Kept Edges:           0
2025-12-26 16:49:10,437 [INFO]     - Pruned Edges:         21834
2025-12-26 16:49:10,437 [INFO]   🔥 Prototype Loss:       4.2533
2025-12-26 16:49:10,437 [INFO]     - Spot-to-Prototype:    0.1525
2025-12-26 16:49:10,437 [INFO]     - Compactness:          0.0499
2025-12-26 16:49:10,437 [INFO]     - Dispersion:           0.3522
2025-12-26 16:49:10,437 [INFO]   GIB Keep Rate:           0.000
2025-12-26 16:49:10,437 [INFO]   GIB Avg Prob:            0.430
2025-12-26 16:49:10,437 [INFO]   Dispersion (θ):          51.890 ± 1.445
2025-12-26 16:49:10,437 [INFO]   Learning Rate:           0.000193
2025-12-26 16:49:10,473 [INFO] 
================================================================================
2025-12-26 16:49:10,473 [INFO] Epoch 174/300 (0.04s)
2025-12-26 16:49:10,473 [INFO] ================================================================================
2025-12-26 16:49:10,473 [INFO]   Total Loss:               1199.9443
2025-12-26 16:49:10,473 [INFO]   Recon Loss:              1181.4003
2025-12-26 16:49:10,473 [INFO]   🔥 Contrastive Loss:     14.2970
2025-12-26 16:49:10,473 [INFO]     - Self Contrast:        4.6133
2025-12-26 16:49:10,474 [INFO]     - Hard Negative:        1.2676
2025-12-26 16:49:10,474 [INFO]     - Soft Positive:        0.0000
2025-12-26 16:49:10,474 [INFO]     - Kept Edges:           0
2025-12-26 16:49:10,474 [INFO]     - Pruned Edges:         21834
2025-12-26 16:49:10,474 [INFO]   🔥 Prototype Loss:       4.2471
2025-12-26 16:49:10,474 [INFO]     - Spot-to-Prototype:    0.1524
2025-12-26 16:49:10,474 [INFO]     - Compactness:          0.0493
2025-12-26 16:49:10,474 [INFO]     - Dispersion:           0.3532
2025-12-26 16:49:10,474 [INFO]   GIB Keep Rate:           0.000
2025-12-26 16:49:10,474 [INFO]   GIB Avg Prob:            0.430
2025-12-26 16:49:10,474 [INFO]   Dispersion (θ):          51.879 ± 1.449
2025-12-26 16:49:10,474 [INFO]   Learning Rate:           0.000191
2025-12-26 16:49:10,510 [INFO] 
================================================================================
2025-12-26 16:49:10,510 [INFO] Epoch 175/300 (0.04s)
2025-12-26 16:49:10,510 [INFO] ================================================================================
2025-12-26 16:49:10,510 [INFO]   Total Loss:               1199.5361
2025-12-26 16:49:10,510 [INFO]   Recon Loss:              1180.9532
2025-12-26 16:49:10,510 [INFO]   🔥 Contrastive Loss:     14.3427
2025-12-26 16:49:10,510 [INFO]     - Self Contrast:        4.5943
2025-12-26 16:49:10,510 [INFO]     - Hard Negative:        1.2673
2025-12-26 16:49:10,510 [INFO]     - Soft Positive:        0.0847
2025-12-26 16:49:10,510 [INFO]     - Kept Edges:           1
2025-12-26 16:49:10,510 [INFO]     - Pruned Edges:         21833
2025-12-26 16:49:10,510 [INFO]   🔥 Prototype Loss:       4.2402
2025-12-26 16:49:10,510 [INFO]     - Spot-to-Prototype:    0.1512
2025-12-26 16:49:10,511 [INFO]     - Compactness:          0.0508
2025-12-26 16:49:10,511 [INFO]     - Dispersion:           0.3542
2025-12-26 16:49:10,511 [INFO]   GIB Keep Rate:           0.000
2025-12-26 16:49:10,511 [INFO]   GIB Avg Prob:            0.430
2025-12-26 16:49:10,511 [INFO]   Dispersion (θ):          51.867 ± 1.453
2025-12-26 16:49:10,511 [INFO]   Learning Rate:           0.000188
2025-12-26 16:49:10,865 [INFO] 
================================================================================
2025-12-26 16:49:10,865 [INFO] Epoch 176/300 (0.05s)
2025-12-26 16:49:10,865 [INFO] ================================================================================
2025-12-26 16:49:10,865 [INFO]   Total Loss:               1199.5228
2025-12-26 16:49:10,865 [INFO]   Recon Loss:              1181.0486
2025-12-26 16:49:10,865 [INFO]   🔥 Contrastive Loss:     14.3399
2025-12-26 16:49:10,865 [INFO]     - Self Contrast:        4.6466
2025-12-26 16:49:10,865 [INFO]     - Hard Negative:        1.2617
2025-12-26 16:49:10,865 [INFO]     - Soft Positive:        0.0000
2025-12-26 16:49:10,866 [INFO]     - Kept Edges:           0
2025-12-26 16:49:10,866 [INFO]     - Pruned Edges:         21834
2025-12-26 16:49:10,866 [INFO]   🔥 Prototype Loss:       4.1343
2025-12-26 16:49:10,866 [INFO]     - Spot-to-Prototype:    0.1463
2025-12-26 16:49:10,866 [INFO]     - Compactness:          0.0497
2025-12-26 16:49:10,866 [INFO]     - Dispersion:           0.3551
2025-12-26 16:49:10,866 [INFO]   GIB Keep Rate:           0.000
2025-12-26 16:49:10,866 [INFO]   GIB Avg Prob:            0.429
2025-12-26 16:49:10,866 [INFO]   Dispersion (θ):          51.857 ± 1.456
2025-12-26 16:49:10,866 [INFO]   Learning Rate:           0.000186
2025-12-26 16:49:11,311 [INFO] 
================================================================================
2025-12-26 16:49:11,311 [INFO] Epoch 177/300 (0.05s)
2025-12-26 16:49:11,311 [INFO] ================================================================================
2025-12-26 16:49:11,311 [INFO]   Total Loss:               1199.2333
2025-12-26 16:49:11,311 [INFO]   Recon Loss:              1180.7458
2025-12-26 16:49:11,311 [INFO]   🔥 Contrastive Loss:     14.3556
2025-12-26 16:49:11,311 [INFO]     - Self Contrast:        4.6489
2025-12-26 16:49:11,311 [INFO]     - Hard Negative:        1.2644
2025-12-26 16:49:11,311 [INFO]     - Soft Positive:        0.0000
2025-12-26 16:49:11,312 [INFO]     - Kept Edges:           0
2025-12-26 16:49:11,312 [INFO]     - Pruned Edges:         21834
2025-12-26 16:49:11,312 [INFO]   🔥 Prototype Loss:       4.1318
2025-12-26 16:49:11,312 [INFO]     - Spot-to-Prototype:    0.1457
2025-12-26 16:49:11,312 [INFO]     - Compactness:          0.0507
2025-12-26 16:49:11,312 [INFO]     - Dispersion:           0.3558
2025-12-26 16:49:11,312 [INFO]   GIB Keep Rate:           0.000
2025-12-26 16:49:11,312 [INFO]   GIB Avg Prob:            0.429
2025-12-26 16:49:11,312 [INFO]   Dispersion (θ):          51.846 ± 1.459
2025-12-26 16:49:11,312 [INFO]   Learning Rate:           0.000183
2025-12-26 16:49:11,729 [INFO] 
================================================================================
2025-12-26 16:49:11,729 [INFO] Epoch 178/300 (0.05s)
2025-12-26 16:49:11,729 [INFO] ================================================================================
2025-12-26 16:49:11,729 [INFO]   Total Loss:               1199.3887
2025-12-26 16:49:11,729 [INFO]   Recon Loss:              1180.9646
2025-12-26 16:49:11,729 [INFO]   🔥 Contrastive Loss:     14.3032
2025-12-26 16:49:11,729 [INFO]     - Self Contrast:        4.6270
2025-12-26 16:49:11,729 [INFO]     - Hard Negative:        1.2623
2025-12-26 16:49:11,729 [INFO]     - Soft Positive:        0.0000
2025-12-26 16:49:11,729 [INFO]     - Kept Edges:           0
2025-12-26 16:49:11,729 [INFO]     - Pruned Edges:         21834
2025-12-26 16:49:11,729 [INFO]   🔥 Prototype Loss:       4.1209
2025-12-26 16:49:11,729 [INFO]     - Spot-to-Prototype:    0.1449
2025-12-26 16:49:11,729 [INFO]     - Compactness:          0.0510
2025-12-26 16:49:11,730 [INFO]     - Dispersion:           0.3563
2025-12-26 16:49:11,730 [INFO]   GIB Keep Rate:           0.000
2025-12-26 16:49:11,730 [INFO]   GIB Avg Prob:            0.429
2025-12-26 16:49:11,730 [INFO]   Dispersion (θ):          51.836 ± 1.463
2025-12-26 16:49:11,730 [INFO]   Learning Rate:           0.000181
2025-12-26 16:49:11,766 [INFO] 
================================================================================
2025-12-26 16:49:11,766 [INFO] Epoch 179/300 (0.04s)
2025-12-26 16:49:11,766 [INFO] ================================================================================
2025-12-26 16:49:11,766 [INFO]   Total Loss:               1199.1400
2025-12-26 16:49:11,766 [INFO]   Recon Loss:              1180.5809
2025-12-26 16:49:11,766 [INFO]   🔥 Contrastive Loss:     14.3856
2025-12-26 16:49:11,766 [INFO]     - Self Contrast:        4.6452
2025-12-26 16:49:11,766 [INFO]     - Hard Negative:        1.2600
2025-12-26 16:49:11,767 [INFO]     - Soft Positive:        0.0553
2025-12-26 16:49:11,767 [INFO]     - Kept Edges:           1
2025-12-26 16:49:11,767 [INFO]     - Pruned Edges:         21833
2025-12-26 16:49:11,767 [INFO]   🔥 Prototype Loss:       4.1735
2025-12-26 16:49:11,767 [INFO]     - Spot-to-Prototype:    0.1475
2025-12-26 16:49:11,767 [INFO]     - Compactness:          0.0511
2025-12-26 16:49:11,767 [INFO]     - Dispersion:           0.3566
2025-12-26 16:49:11,767 [INFO]   GIB Keep Rate:           0.000
2025-12-26 16:49:11,767 [INFO]   GIB Avg Prob:            0.429
2025-12-26 16:49:11,767 [INFO]   Dispersion (θ):          51.825 ± 1.466
2025-12-26 16:49:11,767 [INFO]   Learning Rate:           0.000178
2025-12-26 16:49:12,134 [INFO] 
================================================================================
2025-12-26 16:49:12,134 [INFO] Epoch 180/300 (0.05s)
2025-12-26 16:49:12,134 [INFO] ================================================================================
2025-12-26 16:49:12,134 [INFO]   Total Loss:               1198.8447
2025-12-26 16:49:12,134 [INFO]   Recon Loss:              1180.4208
2025-12-26 16:49:12,134 [INFO]   🔥 Contrastive Loss:     14.2553
2025-12-26 16:49:12,134 [INFO]     - Self Contrast:        4.6033
2025-12-26 16:49:12,134 [INFO]     - Hard Negative:        1.2621
2025-12-26 16:49:12,134 [INFO]     - Soft Positive:        0.0000
2025-12-26 16:49:12,134 [INFO]     - Kept Edges:           0
2025-12-26 16:49:12,134 [INFO]     - Pruned Edges:         21834
2025-12-26 16:49:12,134 [INFO]   🔥 Prototype Loss:       4.1687
2025-12-26 16:49:12,134 [INFO]     - Spot-to-Prototype:    0.1480
2025-12-26 16:49:12,135 [INFO]     - Compactness:          0.0494
2025-12-26 16:49:12,135 [INFO]     - Dispersion:           0.3568
2025-12-26 16:49:12,135 [INFO]   GIB Keep Rate:           0.000
2025-12-26 16:49:12,135 [INFO]   GIB Avg Prob:            0.429
2025-12-26 16:49:12,135 [INFO]   Dispersion (θ):          51.815 ± 1.469
2025-12-26 16:49:12,135 [INFO]   Learning Rate:           0.000176
2025-12-26 16:49:12,589 [INFO] 
================================================================================
2025-12-26 16:49:12,589 [INFO] Epoch 181/300 (0.05s)
2025-12-26 16:49:12,590 [INFO] ================================================================================
2025-12-26 16:49:12,590 [INFO]   Total Loss:               1198.8916
2025-12-26 16:49:12,590 [INFO]   Recon Loss:              1180.4351
2025-12-26 16:49:12,590 [INFO]   🔥 Contrastive Loss:     14.3003
2025-12-26 16:49:12,590 [INFO]     - Self Contrast:        4.6388
2025-12-26 16:49:12,590 [INFO]     - Hard Negative:        1.2557
2025-12-26 16:49:12,590 [INFO]     - Soft Positive:        0.0000
2025-12-26 16:49:12,590 [INFO]     - Kept Edges:           0
2025-12-26 16:49:12,590 [INFO]     - Pruned Edges:         21834
2025-12-26 16:49:12,590 [INFO]   🔥 Prototype Loss:       4.1563
2025-12-26 16:49:12,590 [INFO]     - Spot-to-Prototype:    0.1470
2025-12-26 16:49:12,590 [INFO]     - Compactness:          0.0503
2025-12-26 16:49:12,590 [INFO]     - Dispersion:           0.3570
2025-12-26 16:49:12,590 [INFO]   GIB Keep Rate:           0.000
2025-12-26 16:49:12,590 [INFO]   GIB Avg Prob:            0.429
2025-12-26 16:49:12,590 [INFO]   Dispersion (θ):          51.805 ± 1.472
2025-12-26 16:49:12,590 [INFO]   Learning Rate:           0.000174
2025-12-26 16:49:12,624 [INFO] 
================================================================================
2025-12-26 16:49:12,624 [INFO] Epoch 182/300 (0.03s)
2025-12-26 16:49:12,624 [INFO] ================================================================================
2025-12-26 16:49:12,624 [INFO]   Total Loss:               1198.9924
2025-12-26 16:49:12,624 [INFO]   Recon Loss:              1180.4840
2025-12-26 16:49:12,624 [INFO]   🔥 Contrastive Loss:     14.3456
2025-12-26 16:49:12,624 [INFO]     - Self Contrast:        4.6595
2025-12-26 16:49:12,624 [INFO]     - Hard Negative:        1.2567
2025-12-26 16:49:12,624 [INFO]     - Soft Positive:        0.0000
2025-12-26 16:49:12,624 [INFO]     - Kept Edges:           0
2025-12-26 16:49:12,624 [INFO]     - Pruned Edges:         21834
2025-12-26 16:49:12,624 [INFO]   🔥 Prototype Loss:       4.1629
2025-12-26 16:49:12,624 [INFO]     - Spot-to-Prototype:    0.1472
2025-12-26 16:49:12,624 [INFO]     - Compactness:          0.0505
2025-12-26 16:49:12,624 [INFO]     - Dispersion:           0.3570
2025-12-26 16:49:12,624 [INFO]   GIB Keep Rate:           0.000
2025-12-26 16:49:12,624 [INFO]   GIB Avg Prob:            0.429
2025-12-26 16:49:12,624 [INFO]   Dispersion (θ):          51.795 ± 1.476
2025-12-26 16:49:12,625 [INFO]   Learning Rate:           0.000171
2025-12-26 16:49:12,658 [INFO] 
================================================================================
2025-12-26 16:49:12,658 [INFO] Epoch 183/300 (0.03s)
2025-12-26 16:49:12,658 [INFO] ================================================================================
2025-12-26 16:49:12,658 [INFO]   Total Loss:               1198.8096
2025-12-26 16:49:12,658 [INFO]   Recon Loss:              1180.4591
2025-12-26 16:49:12,658 [INFO]   🔥 Contrastive Loss:     14.2336
2025-12-26 16:49:12,658 [INFO]     - Self Contrast:        4.5931
2025-12-26 16:49:12,658 [INFO]     - Hard Negative:        1.2618
2025-12-26 16:49:12,658 [INFO]     - Soft Positive:        0.0000
2025-12-26 16:49:12,658 [INFO]     - Kept Edges:           0
2025-12-26 16:49:12,658 [INFO]     - Pruned Edges:         21834
2025-12-26 16:49:12,658 [INFO]   🔥 Prototype Loss:       4.1169
2025-12-26 16:49:12,658 [INFO]     - Spot-to-Prototype:    0.1461
2025-12-26 16:49:12,658 [INFO]     - Compactness:          0.0480
2025-12-26 16:49:12,658 [INFO]     - Dispersion:           0.3570
2025-12-26 16:49:12,658 [INFO]   GIB Keep Rate:           0.000
2025-12-26 16:49:12,658 [INFO]   GIB Avg Prob:            0.429
2025-12-26 16:49:12,658 [INFO]   Dispersion (θ):          51.786 ± 1.479
2025-12-26 16:49:12,658 [INFO]   Learning Rate:           0.000169
2025-12-26 16:49:13,024 [INFO] 
================================================================================
2025-12-26 16:49:13,024 [INFO] Epoch 184/300 (0.05s)
2025-12-26 16:49:13,024 [INFO] ================================================================================
2025-12-26 16:49:13,024 [INFO]   Total Loss:               1198.5380
2025-12-26 16:49:13,025 [INFO]   Recon Loss:              1180.1910
2025-12-26 16:49:13,025 [INFO]   🔥 Contrastive Loss:     14.2124
2025-12-26 16:49:13,025 [INFO]     - Self Contrast:        4.5807
2025-12-26 16:49:13,025 [INFO]     - Hard Negative:        1.2627
2025-12-26 16:49:13,025 [INFO]     - Soft Positive:        0.0000
2025-12-26 16:49:13,025 [INFO]     - Kept Edges:           0
2025-12-26 16:49:13,025 [INFO]     - Pruned Edges:         21834
2025-12-26 16:49:13,025 [INFO]   🔥 Prototype Loss:       4.1345
2025-12-26 16:49:13,025 [INFO]     - Spot-to-Prototype:    0.1473
2025-12-26 16:49:13,025 [INFO]     - Compactness:          0.0475
2025-12-26 16:49:13,025 [INFO]     - Dispersion:           0.3570
2025-12-26 16:49:13,025 [INFO]   GIB Keep Rate:           0.000
2025-12-26 16:49:13,025 [INFO]   GIB Avg Prob:            0.429
2025-12-26 16:49:13,025 [INFO]   Dispersion (θ):          51.777 ± 1.482
2025-12-26 16:49:13,025 [INFO]   Learning Rate:           0.000166
2025-12-26 16:49:13,402 [INFO] 
================================================================================
2025-12-26 16:49:13,402 [INFO] Epoch 185/300 (0.05s)
2025-12-26 16:49:13,403 [INFO] ================================================================================
2025-12-26 16:49:13,403 [INFO]   Total Loss:               1198.5361
2025-12-26 16:49:13,403 [INFO]   Recon Loss:              1180.3313
2025-12-26 16:49:13,403 [INFO]   🔥 Contrastive Loss:     14.1743
2025-12-26 16:49:13,403 [INFO]     - Self Contrast:        4.5664
2025-12-26 16:49:13,403 [INFO]     - Hard Negative:        1.2604
2025-12-26 16:49:13,403 [INFO]     - Soft Positive:        0.0000
2025-12-26 16:49:13,403 [INFO]     - Kept Edges:           0
2025-12-26 16:49:13,403 [INFO]     - Pruned Edges:         21834
2025-12-26 16:49:13,403 [INFO]   🔥 Prototype Loss:       4.0305
2025-12-26 16:49:13,403 [INFO]     - Spot-to-Prototype:    0.1432
2025-12-26 16:49:13,403 [INFO]     - Compactness:          0.0452
2025-12-26 16:49:13,403 [INFO]     - Dispersion:           0.3569
2025-12-26 16:49:13,403 [INFO]   GIB Keep Rate:           0.000
2025-12-26 16:49:13,403 [INFO]   GIB Avg Prob:            0.429
2025-12-26 16:49:13,403 [INFO]   Dispersion (θ):          51.767 ± 1.485
2025-12-26 16:49:13,403 [INFO]   Learning Rate:           0.000164
2025-12-26 16:49:13,814 [INFO] 
================================================================================
2025-12-26 16:49:13,815 [INFO] Epoch 186/300 (0.05s)
2025-12-26 16:49:13,815 [INFO] ================================================================================
2025-12-26 16:49:13,815 [INFO]   Total Loss:               1198.2478
2025-12-26 16:49:13,815 [INFO]   Recon Loss:              1180.0111
2025-12-26 16:49:13,815 [INFO]   🔥 Contrastive Loss:     14.1533
2025-12-26 16:49:13,815 [INFO]     - Self Contrast:        4.5527
2025-12-26 16:49:13,815 [INFO]     - Hard Negative:        1.2620
2025-12-26 16:49:13,815 [INFO]     - Soft Positive:        0.0000
2025-12-26 16:49:13,815 [INFO]     - Kept Edges:           0
2025-12-26 16:49:13,815 [INFO]     - Pruned Edges:         21834
2025-12-26 16:49:13,815 [INFO]   🔥 Prototype Loss:       4.0834
2025-12-26 16:49:13,815 [INFO]     - Spot-to-Prototype:    0.1461
2025-12-26 16:49:13,815 [INFO]     - Compactness:          0.0447
2025-12-26 16:49:13,815 [INFO]     - Dispersion:           0.3569
2025-12-26 16:49:13,815 [INFO]   GIB Keep Rate:           0.000
2025-12-26 16:49:13,815 [INFO]   GIB Avg Prob:            0.429
2025-12-26 16:49:13,815 [INFO]   Dispersion (θ):          51.758 ± 1.488
2025-12-26 16:49:13,815 [INFO]   Learning Rate:           0.000161
2025-12-26 16:49:14,229 [INFO] 
================================================================================
2025-12-26 16:49:14,229 [INFO] Epoch 187/300 (0.05s)
2025-12-26 16:49:14,229 [INFO] ================================================================================
2025-12-26 16:49:14,229 [INFO]   Total Loss:               1197.9635
2025-12-26 16:49:14,229 [INFO]   Recon Loss:              1179.7783
2025-12-26 16:49:14,229 [INFO]   🔥 Contrastive Loss:     14.1357
2025-12-26 16:49:14,229 [INFO]     - Self Contrast:        4.5495
2025-12-26 16:49:14,229 [INFO]     - Hard Negative:        1.2592
2025-12-26 16:49:14,229 [INFO]     - Soft Positive:        0.0000
2025-12-26 16:49:14,229 [INFO]     - Kept Edges:           0
2025-12-26 16:49:14,229 [INFO]     - Pruned Edges:         21834
2025-12-26 16:49:14,229 [INFO]   🔥 Prototype Loss:       4.0494
2025-12-26 16:49:14,229 [INFO]     - Spot-to-Prototype:    0.1434
2025-12-26 16:49:14,230 [INFO]     - Compactness:          0.0467
2025-12-26 16:49:14,230 [INFO]     - Dispersion:           0.3569
2025-12-26 16:49:14,230 [INFO]   GIB Keep Rate:           0.000
2025-12-26 16:49:14,230 [INFO]   GIB Avg Prob:            0.429
2025-12-26 16:49:14,230 [INFO]   Dispersion (θ):          51.748 ± 1.490
2025-12-26 16:49:14,230 [INFO]   Learning Rate:           0.000159
2025-12-26 16:49:14,631 [INFO] 
================================================================================
2025-12-26 16:49:14,631 [INFO] Epoch 188/300 (0.05s)
2025-12-26 16:49:14,631 [INFO] ================================================================================
2025-12-26 16:49:14,631 [INFO]   Total Loss:               1197.8715
2025-12-26 16:49:14,631 [INFO]   Recon Loss:              1179.7043
2025-12-26 16:49:14,631 [INFO]   🔥 Contrastive Loss:     14.1930
2025-12-26 16:49:14,631 [INFO]     - Self Contrast:        4.5786
2025-12-26 16:49:14,632 [INFO]     - Hard Negative:        1.2590
2025-12-26 16:49:14,632 [INFO]     - Soft Positive:        0.0000
2025-12-26 16:49:14,632 [INFO]     - Kept Edges:           0
2025-12-26 16:49:14,632 [INFO]     - Pruned Edges:         21834
2025-12-26 16:49:14,632 [INFO]   🔥 Prototype Loss:       3.9741
2025-12-26 16:49:14,632 [INFO]     - Spot-to-Prototype:    0.1412
2025-12-26 16:49:14,632 [INFO]     - Compactness:          0.0437
2025-12-26 16:49:14,632 [INFO]     - Dispersion:           0.3569
2025-12-26 16:49:14,632 [INFO]   GIB Keep Rate:           0.000
2025-12-26 16:49:14,632 [INFO]   GIB Avg Prob:            0.429
2025-12-26 16:49:14,632 [INFO]   Dispersion (θ):          51.739 ± 1.493
2025-12-26 16:49:14,632 [INFO]   Learning Rate:           0.000157
2025-12-26 16:49:15,062 [INFO] 
================================================================================
2025-12-26 16:49:15,062 [INFO] Epoch 189/300 (0.05s)
2025-12-26 16:49:15,062 [INFO] ================================================================================
2025-12-26 16:49:15,063 [INFO]   Total Loss:               1197.9857
2025-12-26 16:49:15,063 [INFO]   Recon Loss:              1179.7546
2025-12-26 16:49:15,063 [INFO]   🔥 Contrastive Loss:     14.2821
2025-12-26 16:49:15,063 [INFO]     - Self Contrast:        4.6362
2025-12-26 16:49:15,063 [INFO]     - Hard Negative:        1.2524
2025-12-26 16:49:15,063 [INFO]     - Soft Positive:        0.0000
2025-12-26 16:49:15,063 [INFO]     - Kept Edges:           0
2025-12-26 16:49:15,063 [INFO]     - Pruned Edges:         21834
2025-12-26 16:49:15,063 [INFO]   🔥 Prototype Loss:       3.9490
2025-12-26 16:49:15,063 [INFO]     - Spot-to-Prototype:    0.1395
2025-12-26 16:49:15,063 [INFO]     - Compactness:          0.0444
2025-12-26 16:49:15,063 [INFO]     - Dispersion:           0.3570
2025-12-26 16:49:15,063 [INFO]   GIB Keep Rate:           0.000
2025-12-26 16:49:15,063 [INFO]   GIB Avg Prob:            0.429
2025-12-26 16:49:15,063 [INFO]   Dispersion (θ):          51.730 ± 1.496
2025-12-26 16:49:15,063 [INFO]   Learning Rate:           0.000154
2025-12-26 16:49:15,098 [INFO] 
================================================================================
2025-12-26 16:49:15,098 [INFO] Epoch 190/300 (0.03s)
2025-12-26 16:49:15,098 [INFO] ================================================================================
2025-12-26 16:49:15,099 [INFO]   Total Loss:               1198.0067
2025-12-26 16:49:15,099 [INFO]   Recon Loss:              1179.9270
2025-12-26 16:49:15,099 [INFO]   🔥 Contrastive Loss:     14.1790
2025-12-26 16:49:15,099 [INFO]     - Self Contrast:        4.5751
2025-12-26 16:49:15,099 [INFO]     - Hard Negative:        1.2572
2025-12-26 16:49:15,099 [INFO]     - Soft Positive:        0.0000
2025-12-26 16:49:15,099 [INFO]     - Kept Edges:           0
2025-12-26 16:49:15,099 [INFO]     - Pruned Edges:         21834
2025-12-26 16:49:15,099 [INFO]   🔥 Prototype Loss:       3.9006
2025-12-26 16:49:15,099 [INFO]     - Spot-to-Prototype:    0.1366
2025-12-26 16:49:15,099 [INFO]     - Compactness:          0.0455
2025-12-26 16:49:15,099 [INFO]     - Dispersion:           0.3571
2025-12-26 16:49:15,099 [INFO]   GIB Keep Rate:           0.000
2025-12-26 16:49:15,099 [INFO]   GIB Avg Prob:            0.429
2025-12-26 16:49:15,099 [INFO]   Dispersion (θ):          51.722 ± 1.499
2025-12-26 16:49:15,099 [INFO]   Learning Rate:           0.000152
2025-12-26 16:49:15,135 [INFO] 
================================================================================
2025-12-26 16:49:15,135 [INFO] Epoch 191/300 (0.04s)
2025-12-26 16:49:15,135 [INFO] ================================================================================
2025-12-26 16:49:15,135 [INFO]   Total Loss:               1197.5519
2025-12-26 16:49:15,135 [INFO]   Recon Loss:              1179.8041
2025-12-26 16:49:15,135 [INFO]   🔥 Contrastive Loss:     14.1886
2025-12-26 16:49:15,135 [INFO]     - Self Contrast:        4.5848
2025-12-26 16:49:15,135 [INFO]     - Hard Negative:        1.2548
2025-12-26 16:49:15,135 [INFO]     - Soft Positive:        0.0000
2025-12-26 16:49:15,135 [INFO]     - Kept Edges:           0
2025-12-26 16:49:15,135 [INFO]     - Pruned Edges:         21834
2025-12-26 16:49:15,135 [INFO]   🔥 Prototype Loss:       3.5592
2025-12-26 16:49:15,135 [INFO]     - Spot-to-Prototype:    0.1181
2025-12-26 16:49:15,135 [INFO]     - Compactness:          0.0482
2025-12-26 16:49:15,135 [INFO]     - Dispersion:           0.3574
2025-12-26 16:49:15,135 [INFO]   GIB Keep Rate:           0.000
2025-12-26 16:49:15,136 [INFO]   GIB Avg Prob:            0.429
2025-12-26 16:49:15,136 [INFO]   Dispersion (θ):          51.714 ± 1.501
2025-12-26 16:49:15,136 [INFO]   Learning Rate:           0.000149
2025-12-26 16:49:15,505 [INFO] 
================================================================================
2025-12-26 16:49:15,505 [INFO] Epoch 192/300 (0.05s)
2025-12-26 16:49:15,505 [INFO] ================================================================================
2025-12-26 16:49:15,505 [INFO]   Total Loss:               1197.0142
2025-12-26 16:49:15,505 [INFO]   Recon Loss:              1179.8728
2025-12-26 16:49:15,505 [INFO]   🔥 Contrastive Loss:     14.1236
2025-12-26 16:49:15,505 [INFO]     - Self Contrast:        4.5570
2025-12-26 16:49:15,505 [INFO]     - Hard Negative:        1.2524
2025-12-26 16:49:15,505 [INFO]     - Soft Positive:        0.0000
2025-12-26 16:49:15,506 [INFO]     - Kept Edges:           0
2025-12-26 16:49:15,506 [INFO]     - Pruned Edges:         21834
2025-12-26 16:49:15,506 [INFO]   🔥 Prototype Loss:       3.0178
2025-12-26 16:49:15,506 [INFO]     - Spot-to-Prototype:    0.0896
2025-12-26 16:49:15,506 [INFO]     - Compactness:          0.0510
2025-12-26 16:49:15,506 [INFO]     - Dispersion:           0.3575
2025-12-26 16:49:15,506 [INFO]   GIB Keep Rate:           0.000
2025-12-26 16:49:15,506 [INFO]   GIB Avg Prob:            0.429
2025-12-26 16:49:15,506 [INFO]   Dispersion (θ):          51.707 ± 1.504
2025-12-26 16:49:15,506 [INFO]   Learning Rate:           0.000147
2025-12-26 16:49:15,890 [INFO] 
================================================================================
2025-12-26 16:49:15,891 [INFO] Epoch 193/300 (0.05s)
2025-12-26 16:49:15,891 [INFO] ================================================================================
2025-12-26 16:49:15,891 [INFO]   Total Loss:               1196.7454
2025-12-26 16:49:15,891 [INFO]   Recon Loss:              1179.9329
2025-12-26 16:49:15,891 [INFO]   🔥 Contrastive Loss:     14.1237
2025-12-26 16:49:15,891 [INFO]     - Self Contrast:        4.5450
2025-12-26 16:49:15,891 [INFO]     - Hard Negative:        1.2584
2025-12-26 16:49:15,891 [INFO]     - Soft Positive:        0.0000
2025-12-26 16:49:15,891 [INFO]     - Kept Edges:           0
2025-12-26 16:49:15,891 [INFO]     - Pruned Edges:         21834
2025-12-26 16:49:15,891 [INFO]   🔥 Prototype Loss:       2.6889
2025-12-26 16:49:15,891 [INFO]     - Spot-to-Prototype:    0.0768
2025-12-26 16:49:15,891 [INFO]     - Compactness:          0.0437
2025-12-26 16:49:15,891 [INFO]     - Dispersion:           0.3576
2025-12-26 16:49:15,891 [INFO]   GIB Keep Rate:           0.000
2025-12-26 16:49:15,891 [INFO]   GIB Avg Prob:            0.429
2025-12-26 16:49:15,892 [INFO]   Dispersion (θ):          51.700 ± 1.506
2025-12-26 16:49:15,892 [INFO]   Learning Rate:           0.000145
2025-12-26 16:49:16,277 [INFO] 
================================================================================
2025-12-26 16:49:16,277 [INFO] Epoch 194/300 (0.05s)
2025-12-26 16:49:16,277 [INFO] ================================================================================
2025-12-26 16:49:16,277 [INFO]   Total Loss:               1196.6573
2025-12-26 16:49:16,277 [INFO]   Recon Loss:              1179.8014
2025-12-26 16:49:16,277 [INFO]   🔥 Contrastive Loss:     14.1246
2025-12-26 16:49:16,277 [INFO]     - Self Contrast:        4.5518
2025-12-26 16:49:16,277 [INFO]     - Hard Negative:        1.2552
2025-12-26 16:49:16,277 [INFO]     - Soft Positive:        0.0000
2025-12-26 16:49:16,277 [INFO]     - Kept Edges:           0
2025-12-26 16:49:16,278 [INFO]     - Pruned Edges:         21834
2025-12-26 16:49:16,278 [INFO]   🔥 Prototype Loss:       2.7314
2025-12-26 16:49:16,278 [INFO]     - Spot-to-Prototype:    0.0747
2025-12-26 16:49:16,278 [INFO]     - Compactness:          0.0522
2025-12-26 16:49:16,278 [INFO]     - Dispersion:           0.3576
2025-12-26 16:49:16,278 [INFO]   GIB Keep Rate:           0.000
2025-12-26 16:49:16,278 [INFO]   GIB Avg Prob:            0.429
2025-12-26 16:49:16,278 [INFO]   Dispersion (θ):          51.693 ± 1.508
2025-12-26 16:49:16,278 [INFO]   Learning Rate:           0.000142
2025-12-26 16:49:16,693 [INFO] 
================================================================================
2025-12-26 16:49:16,694 [INFO] Epoch 195/300 (0.05s)
2025-12-26 16:49:16,694 [INFO] ================================================================================
2025-12-26 16:49:16,694 [INFO]   Total Loss:               1196.7365
2025-12-26 16:49:16,694 [INFO]   Recon Loss:              1179.7324
2025-12-26 16:49:16,694 [INFO]   🔥 Contrastive Loss:     14.2236
2025-12-26 16:49:16,694 [INFO]     - Self Contrast:        4.6107
2025-12-26 16:49:16,694 [INFO]     - Hard Negative:        1.2505
2025-12-26 16:49:16,694 [INFO]     - Soft Positive:        0.0000
2025-12-26 16:49:16,694 [INFO]     - Kept Edges:           0
2025-12-26 16:49:16,694 [INFO]     - Pruned Edges:         21834
2025-12-26 16:49:16,694 [INFO]   🔥 Prototype Loss:       2.7805
2025-12-26 16:49:16,694 [INFO]     - Spot-to-Prototype:    0.0735
2025-12-26 16:49:16,694 [INFO]     - Compactness:          0.0596
2025-12-26 16:49:16,694 [INFO]     - Dispersion:           0.3569
2025-12-26 16:49:16,694 [INFO]   GIB Keep Rate:           0.000
2025-12-26 16:49:16,694 [INFO]   GIB Avg Prob:            0.429
2025-12-26 16:49:16,694 [INFO]   Dispersion (θ):          51.686 ± 1.510
2025-12-26 16:49:16,694 [INFO]   Learning Rate:           0.000140
2025-12-26 16:49:16,727 [INFO] 
================================================================================
2025-12-26 16:49:16,727 [INFO] Epoch 196/300 (0.03s)
2025-12-26 16:49:16,727 [INFO] ================================================================================
2025-12-26 16:49:16,727 [INFO]   Total Loss:               1196.3457
2025-12-26 16:49:16,727 [INFO]   Recon Loss:              1179.3424
2025-12-26 16:49:16,727 [INFO]   🔥 Contrastive Loss:     14.1906
2025-12-26 16:49:16,727 [INFO]     - Self Contrast:        4.5883
2025-12-26 16:49:16,727 [INFO]     - Hard Negative:        1.2535
2025-12-26 16:49:16,727 [INFO]     - Soft Positive:        0.0000
2025-12-26 16:49:16,727 [INFO]     - Kept Edges:           0
2025-12-26 16:49:16,727 [INFO]     - Pruned Edges:         21834
2025-12-26 16:49:16,727 [INFO]   🔥 Prototype Loss:       2.8127
2025-12-26 16:49:16,727 [INFO]     - Spot-to-Prototype:    0.0742
2025-12-26 16:49:16,727 [INFO]     - Compactness:          0.0619
2025-12-26 16:49:16,727 [INFO]     - Dispersion:           0.3552
2025-12-26 16:49:16,727 [INFO]   GIB Keep Rate:           0.000
2025-12-26 16:49:16,727 [INFO]   GIB Avg Prob:            0.429
2025-12-26 16:49:16,727 [INFO]   Dispersion (θ):          51.679 ± 1.512
2025-12-26 16:49:16,727 [INFO]   Learning Rate:           0.000138
2025-12-26 16:49:17,065 [INFO] 
================================================================================
2025-12-26 16:49:17,066 [INFO] Epoch 197/300 (0.05s)
2025-12-26 16:49:17,066 [INFO] ================================================================================
2025-12-26 16:49:17,066 [INFO]   Total Loss:               1196.0178
2025-12-26 16:49:17,066 [INFO]   Recon Loss:              1179.2064
2025-12-26 16:49:17,066 [INFO]   🔥 Contrastive Loss:     14.1293
2025-12-26 16:49:17,066 [INFO]     - Self Contrast:        4.5530
2025-12-26 16:49:17,066 [INFO]     - Hard Negative:        1.2558
2025-12-26 16:49:17,066 [INFO]     - Soft Positive:        0.0000
2025-12-26 16:49:17,066 [INFO]     - Kept Edges:           0
2025-12-26 16:49:17,066 [INFO]     - Pruned Edges:         21834
2025-12-26 16:49:17,066 [INFO]   🔥 Prototype Loss:       2.6821
2025-12-26 16:49:17,066 [INFO]     - Spot-to-Prototype:    0.0746
2025-12-26 16:49:17,066 [INFO]     - Compactness:          0.0484
2025-12-26 16:49:17,066 [INFO]     - Dispersion:           0.3529
2025-12-26 16:49:17,066 [INFO]   GIB Keep Rate:           0.000
2025-12-26 16:49:17,066 [INFO]   GIB Avg Prob:            0.429
2025-12-26 16:49:17,066 [INFO]   Dispersion (θ):          51.672 ± 1.514
2025-12-26 16:49:17,067 [INFO]   Learning Rate:           0.000136
2025-12-26 16:49:17,456 [INFO] 
================================================================================
2025-12-26 16:49:17,457 [INFO] Epoch 198/300 (0.05s)
2025-12-26 16:49:17,457 [INFO] ================================================================================
2025-12-26 16:49:17,457 [INFO]   Total Loss:               1196.3262
2025-12-26 16:49:17,457 [INFO]   Recon Loss:              1179.3347
2025-12-26 16:49:17,457 [INFO]   🔥 Contrastive Loss:     14.2145
2025-12-26 16:49:17,457 [INFO]     - Self Contrast:        4.6058
2025-12-26 16:49:17,457 [INFO]     - Hard Negative:        1.2507
2025-12-26 16:49:17,457 [INFO]     - Soft Positive:        0.0000
2025-12-26 16:49:17,457 [INFO]     - Kept Edges:           0
2025-12-26 16:49:17,457 [INFO]     - Pruned Edges:         21834
2025-12-26 16:49:17,457 [INFO]   🔥 Prototype Loss:       2.7770
2025-12-26 16:49:17,457 [INFO]     - Spot-to-Prototype:    0.0751
2025-12-26 16:49:17,457 [INFO]     - Compactness:          0.0574
2025-12-26 16:49:17,457 [INFO]     - Dispersion:           0.3505
2025-12-26 16:49:17,457 [INFO]   GIB Keep Rate:           0.000
2025-12-26 16:49:17,457 [INFO]   GIB Avg Prob:            0.430
2025-12-26 16:49:17,458 [INFO]   Dispersion (θ):          51.665 ± 1.517
2025-12-26 16:49:17,458 [INFO]   Learning Rate:           0.000133
2025-12-26 16:49:17,489 [INFO] 
================================================================================
2025-12-26 16:49:17,489 [INFO] Epoch 199/300 (0.03s)
2025-12-26 16:49:17,489 [INFO] ================================================================================
2025-12-26 16:49:17,489 [INFO]   Total Loss:               1196.1407
2025-12-26 16:49:17,489 [INFO]   Recon Loss:              1179.2493
2025-12-26 16:49:17,490 [INFO]   🔥 Contrastive Loss:     14.1056
2025-12-26 16:49:17,490 [INFO]     - Self Contrast:        4.5443
2025-12-26 16:49:17,490 [INFO]     - Hard Negative:        1.2542
2025-12-26 16:49:17,490 [INFO]     - Soft Positive:        0.0000
2025-12-26 16:49:17,490 [INFO]     - Kept Edges:           0
2025-12-26 16:49:17,490 [INFO]     - Pruned Edges:         21834
2025-12-26 16:49:17,490 [INFO]   🔥 Prototype Loss:       2.7859
2025-12-26 16:49:17,490 [INFO]     - Spot-to-Prototype:    0.0759
2025-12-26 16:49:17,490 [INFO]     - Compactness:          0.0571
2025-12-26 16:49:17,490 [INFO]     - Dispersion:           0.3479
2025-12-26 16:49:17,490 [INFO]   GIB Keep Rate:           0.000
2025-12-26 16:49:17,490 [INFO]   GIB Avg Prob:            0.430
2025-12-26 16:49:17,490 [INFO]   Dispersion (θ):          51.658 ± 1.519
2025-12-26 16:49:17,490 [INFO]   Learning Rate:           0.000131
2025-12-26 16:49:17,523 [INFO] 
================================================================================
2025-12-26 16:49:17,523 [INFO] Epoch 200/300 (0.03s)
2025-12-26 16:49:17,523 [INFO] ================================================================================
2025-12-26 16:49:17,524 [INFO]   Total Loss:               1195.8615
2025-12-26 16:49:17,524 [INFO]   Recon Loss:              1179.0641
2025-12-26 16:49:17,524 [INFO]   🔥 Contrastive Loss:     14.1251
2025-12-26 16:49:17,524 [INFO]     - Self Contrast:        4.5558
2025-12-26 16:49:17,524 [INFO]     - Hard Negative:        1.2534
2025-12-26 16:49:17,524 [INFO]     - Soft Positive:        0.0000
2025-12-26 16:49:17,524 [INFO]     - Kept Edges:           0
2025-12-26 16:49:17,524 [INFO]     - Pruned Edges:         21834
2025-12-26 16:49:17,524 [INFO]   🔥 Prototype Loss:       2.6723
2025-12-26 16:49:17,524 [INFO]     - Spot-to-Prototype:    0.0767
2025-12-26 16:49:17,524 [INFO]     - Compactness:          0.0447
2025-12-26 16:49:17,524 [INFO]     - Dispersion:           0.3450
2025-12-26 16:49:17,524 [INFO]   GIB Keep Rate:           0.000
2025-12-26 16:49:17,524 [INFO]   GIB Avg Prob:            0.430
2025-12-26 16:49:17,524 [INFO]   Dispersion (θ):          51.651 ± 1.521
2025-12-26 16:49:17,524 [INFO]   Learning Rate:           0.000129
2025-12-26 16:49:17,862 [INFO] 
================================================================================
2025-12-26 16:49:17,862 [INFO] Epoch 201/300 (0.05s)
2025-12-26 16:49:17,862 [INFO] ================================================================================
2025-12-26 16:49:17,862 [INFO]   Total Loss:               1196.0476
2025-12-26 16:49:17,862 [INFO]   Recon Loss:              1179.1790
2025-12-26 16:49:17,862 [INFO]   🔥 Contrastive Loss:     14.1143
2025-12-26 16:49:17,862 [INFO]     - Self Contrast:        4.5458
2025-12-26 16:49:17,862 [INFO]     - Hard Negative:        1.2557
2025-12-26 16:49:17,862 [INFO]     - Soft Positive:        0.0000
2025-12-26 16:49:17,862 [INFO]     - Kept Edges:           0
2025-12-26 16:49:17,862 [INFO]     - Pruned Edges:         21834
2025-12-26 16:49:17,862 [INFO]   🔥 Prototype Loss:       2.7544
2025-12-26 16:49:17,862 [INFO]     - Spot-to-Prototype:    0.0768
2025-12-26 16:49:17,862 [INFO]     - Compactness:          0.0533
2025-12-26 16:49:17,862 [INFO]     - Dispersion:           0.3423
2025-12-26 16:49:17,862 [INFO]   GIB Keep Rate:           0.000
2025-12-26 16:49:17,863 [INFO]   GIB Avg Prob:            0.430
2025-12-26 16:49:17,863 [INFO]   Dispersion (θ):          51.644 ± 1.523
2025-12-26 16:49:17,863 [INFO]   Learning Rate:           0.000127
2025-12-26 16:49:17,896 [INFO] 
================================================================================
2025-12-26 16:49:17,896 [INFO] Epoch 202/300 (0.03s)
2025-12-26 16:49:17,896 [INFO] ================================================================================
2025-12-26 16:49:17,896 [INFO]   Total Loss:               1195.8953
2025-12-26 16:49:17,896 [INFO]   Recon Loss:              1179.0424
2025-12-26 16:49:17,897 [INFO]   🔥 Contrastive Loss:     14.1061
2025-12-26 16:49:17,897 [INFO]     - Self Contrast:        4.5419
2025-12-26 16:49:17,897 [INFO]     - Hard Negative:        1.2556
2025-12-26 16:49:17,897 [INFO]     - Soft Positive:        0.0000
2025-12-26 16:49:17,897 [INFO]     - Kept Edges:           0
2025-12-26 16:49:17,897 [INFO]     - Pruned Edges:         21834
2025-12-26 16:49:17,897 [INFO]   🔥 Prototype Loss:       2.7468
2025-12-26 16:49:17,897 [INFO]     - Spot-to-Prototype:    0.0778
2025-12-26 16:49:17,897 [INFO]     - Compactness:          0.0512
2025-12-26 16:49:17,897 [INFO]     - Dispersion:           0.3392
2025-12-26 16:49:17,897 [INFO]   GIB Keep Rate:           0.000
2025-12-26 16:49:17,897 [INFO]   GIB Avg Prob:            0.430
2025-12-26 16:49:17,897 [INFO]   Dispersion (θ):          51.637 ± 1.525
2025-12-26 16:49:17,897 [INFO]   Learning Rate:           0.000124
2025-12-26 16:49:17,933 [INFO] 
================================================================================
2025-12-26 16:49:17,933 [INFO] Epoch 203/300 (0.04s)
2025-12-26 16:49:17,933 [INFO] ================================================================================
2025-12-26 16:49:17,933 [INFO]   Total Loss:               1195.5580
2025-12-26 16:49:17,933 [INFO]   Recon Loss:              1178.7559
2025-12-26 16:49:17,933 [INFO]   🔥 Contrastive Loss:     14.0961
2025-12-26 16:49:17,933 [INFO]     - Self Contrast:        4.5324
2025-12-26 16:49:17,934 [INFO]     - Hard Negative:        1.2532
2025-12-26 16:49:17,934 [INFO]     - Soft Positive:        0.0185
2025-12-26 16:49:17,934 [INFO]     - Kept Edges:           1
2025-12-26 16:49:17,934 [INFO]     - Pruned Edges:         21833
2025-12-26 16:49:17,934 [INFO]   🔥 Prototype Loss:       2.7061
2025-12-26 16:49:17,934 [INFO]     - Spot-to-Prototype:    0.0802
2025-12-26 16:49:17,934 [INFO]     - Compactness:          0.0430
2025-12-26 16:49:17,934 [INFO]     - Dispersion:           0.3360
2025-12-26 16:49:17,934 [INFO]   GIB Keep Rate:           0.000
2025-12-26 16:49:17,934 [INFO]   GIB Avg Prob:            0.430
2025-12-26 16:49:17,934 [INFO]   Dispersion (θ):          51.630 ± 1.528
2025-12-26 16:49:17,934 [INFO]   Learning Rate:           0.000122
2025-12-26 16:49:18,280 [INFO] 
================================================================================
2025-12-26 16:49:18,281 [INFO] Epoch 204/300 (0.05s)
2025-12-26 16:49:18,281 [INFO] ================================================================================
2025-12-26 16:49:18,281 [INFO]   Total Loss:               1195.5786
2025-12-26 16:49:18,281 [INFO]   Recon Loss:              1178.9075
2025-12-26 16:49:18,281 [INFO]   🔥 Contrastive Loss:     14.0130
2025-12-26 16:49:18,281 [INFO]     - Self Contrast:        4.4936
2025-12-26 16:49:18,281 [INFO]     - Hard Negative:        1.2565
2025-12-26 16:49:18,281 [INFO]     - Soft Positive:        0.0000
2025-12-26 16:49:18,281 [INFO]     - Kept Edges:           0
2025-12-26 16:49:18,281 [INFO]     - Pruned Edges:         21834
2025-12-26 16:49:18,281 [INFO]   🔥 Prototype Loss:       2.6580
2025-12-26 16:49:18,281 [INFO]     - Spot-to-Prototype:    0.0798
2025-12-26 16:49:18,281 [INFO]     - Compactness:          0.0396
2025-12-26 16:49:18,282 [INFO]     - Dispersion:           0.3326
2025-12-26 16:49:18,282 [INFO]   GIB Keep Rate:           0.000
2025-12-26 16:49:18,282 [INFO]   GIB Avg Prob:            0.430
2025-12-26 16:49:18,282 [INFO]   Dispersion (θ):          51.623 ± 1.530
2025-12-26 16:49:18,282 [INFO]   Learning Rate:           0.000120
2025-12-26 16:49:18,315 [INFO] 
================================================================================
2025-12-26 16:49:18,315 [INFO] Epoch 205/300 (0.03s)
2025-12-26 16:49:18,315 [INFO] ================================================================================
2025-12-26 16:49:18,315 [INFO]   Total Loss:               1195.8873
2025-12-26 16:49:18,315 [INFO]   Recon Loss:              1179.0033
2025-12-26 16:49:18,315 [INFO]   🔥 Contrastive Loss:     14.1368
2025-12-26 16:49:18,315 [INFO]     - Self Contrast:        4.5640
2025-12-26 16:49:18,315 [INFO]     - Hard Negative:        1.2522
2025-12-26 16:49:18,315 [INFO]     - Soft Positive:        0.0000
2025-12-26 16:49:18,315 [INFO]     - Kept Edges:           0
2025-12-26 16:49:18,315 [INFO]     - Pruned Edges:         21834
2025-12-26 16:49:18,316 [INFO]   🔥 Prototype Loss:       2.7471
2025-12-26 16:49:18,316 [INFO]     - Spot-to-Prototype:    0.0813
2025-12-26 16:49:18,316 [INFO]     - Compactness:          0.0462
2025-12-26 16:49:18,316 [INFO]     - Dispersion:           0.3293
2025-12-26 16:49:18,316 [INFO]   GIB Keep Rate:           0.000
2025-12-26 16:49:18,316 [INFO]   GIB Avg Prob:            0.430
2025-12-26 16:49:18,316 [INFO]   Dispersion (θ):          51.615 ± 1.532
2025-12-26 16:49:18,316 [INFO]   Learning Rate:           0.000118
2025-12-26 16:49:18,348 [INFO] 
================================================================================
2025-12-26 16:49:18,349 [INFO] Epoch 206/300 (0.03s)
2025-12-26 16:49:18,349 [INFO] ================================================================================
2025-12-26 16:49:18,349 [INFO]   Total Loss:               1195.8538
2025-12-26 16:49:18,349 [INFO]   Recon Loss:              1178.9678
2025-12-26 16:49:18,349 [INFO]   🔥 Contrastive Loss:     14.1278
2025-12-26 16:49:18,349 [INFO]     - Self Contrast:        4.5560
2025-12-26 16:49:18,349 [INFO]     - Hard Negative:        1.2539
2025-12-26 16:49:18,349 [INFO]     - Soft Positive:        0.0000
2025-12-26 16:49:18,349 [INFO]     - Kept Edges:           0
2025-12-26 16:49:18,349 [INFO]     - Pruned Edges:         21834
2025-12-26 16:49:18,349 [INFO]   🔥 Prototype Loss:       2.7581
2025-12-26 16:49:18,349 [INFO]     - Spot-to-Prototype:    0.0826
2025-12-26 16:49:18,349 [INFO]     - Compactness:          0.0454
2025-12-26 16:49:18,349 [INFO]     - Dispersion:           0.3261
2025-12-26 16:49:18,349 [INFO]   GIB Keep Rate:           0.000
2025-12-26 16:49:18,349 [INFO]   GIB Avg Prob:            0.430
2025-12-26 16:49:18,349 [INFO]   Dispersion (θ):          51.608 ± 1.534
2025-12-26 16:49:18,349 [INFO]   Learning Rate:           0.000116
2025-12-26 16:49:18,381 [INFO] 
================================================================================
2025-12-26 16:49:18,381 [INFO] Epoch 207/300 (0.03s)
2025-12-26 16:49:18,381 [INFO] ================================================================================
2025-12-26 16:49:18,381 [INFO]   Total Loss:               1195.5685
2025-12-26 16:49:18,381 [INFO]   Recon Loss:              1178.8203
2025-12-26 16:49:18,381 [INFO]   🔥 Contrastive Loss:     14.0527
2025-12-26 16:49:18,381 [INFO]     - Self Contrast:        4.5221
2025-12-26 16:49:18,381 [INFO]     - Hard Negative:        1.2521
2025-12-26 16:49:18,381 [INFO]     - Soft Positive:        0.0000
2025-12-26 16:49:18,381 [INFO]     - Kept Edges:           0
2025-12-26 16:49:18,381 [INFO]     - Pruned Edges:         21834
2025-12-26 16:49:18,381 [INFO]   🔥 Prototype Loss:       2.6954
2025-12-26 16:49:18,382 [INFO]     - Spot-to-Prototype:    0.0810
2025-12-26 16:49:18,382 [INFO]     - Compactness:          0.0431
2025-12-26 16:49:18,382 [INFO]     - Dispersion:           0.3226
2025-12-26 16:49:18,382 [INFO]   GIB Keep Rate:           0.000
2025-12-26 16:49:18,382 [INFO]   GIB Avg Prob:            0.430
2025-12-26 16:49:18,382 [INFO]   Dispersion (θ):          51.601 ± 1.537
2025-12-26 16:49:18,382 [INFO]   Learning Rate:           0.000113
2025-12-26 16:49:18,412 [INFO] 
================================================================================
2025-12-26 16:49:18,412 [INFO] Epoch 208/300 (0.03s)
2025-12-26 16:49:18,412 [INFO] ================================================================================
2025-12-26 16:49:18,412 [INFO]   Total Loss:               1195.4308
2025-12-26 16:49:18,412 [INFO]   Recon Loss:              1178.6852
2025-12-26 16:49:18,412 [INFO]   🔥 Contrastive Loss:     14.0956
2025-12-26 16:49:18,412 [INFO]     - Self Contrast:        4.5445
2025-12-26 16:49:18,413 [INFO]     - Hard Negative:        1.2516
2025-12-26 16:49:18,413 [INFO]     - Soft Positive:        0.0000
2025-12-26 16:49:18,413 [INFO]     - Kept Edges:           0
2025-12-26 16:49:18,413 [INFO]     - Pruned Edges:         21834
2025-12-26 16:49:18,413 [INFO]   🔥 Prototype Loss:       2.6500
2025-12-26 16:49:18,413 [INFO]     - Spot-to-Prototype:    0.0837
2025-12-26 16:49:18,413 [INFO]     - Compactness:          0.0338
2025-12-26 16:49:18,413 [INFO]     - Dispersion:           0.3192
2025-12-26 16:49:18,413 [INFO]   GIB Keep Rate:           0.000
2025-12-26 16:49:18,413 [INFO]   GIB Avg Prob:            0.430
2025-12-26 16:49:18,413 [INFO]   Dispersion (θ):          51.593 ± 1.539
2025-12-26 16:49:18,413 [INFO]   Learning Rate:           0.000111
2025-12-26 16:49:18,777 [INFO] 
================================================================================
2025-12-26 16:49:18,777 [INFO] Epoch 209/300 (0.05s)
2025-12-26 16:49:18,777 [INFO] ================================================================================
2025-12-26 16:49:18,777 [INFO]   Total Loss:               1195.3142
2025-12-26 16:49:18,777 [INFO]   Recon Loss:              1178.6044
2025-12-26 16:49:18,777 [INFO]   🔥 Contrastive Loss:     14.0337
2025-12-26 16:49:18,777 [INFO]     - Self Contrast:        4.5178
2025-12-26 16:49:18,777 [INFO]     - Hard Negative:        1.2495
2025-12-26 16:49:18,778 [INFO]     - Soft Positive:        0.0000
2025-12-26 16:49:18,778 [INFO]     - Kept Edges:           0
2025-12-26 16:49:18,778 [INFO]     - Pruned Edges:         21834
2025-12-26 16:49:18,778 [INFO]   🔥 Prototype Loss:       2.6761
2025-12-26 16:49:18,778 [INFO]     - Spot-to-Prototype:    0.0852
2025-12-26 16:49:18,778 [INFO]     - Compactness:          0.0338
2025-12-26 16:49:18,778 [INFO]     - Dispersion:           0.3170
2025-12-26 16:49:18,778 [INFO]   GIB Keep Rate:           0.000
2025-12-26 16:49:18,778 [INFO]   GIB Avg Prob:            0.430
2025-12-26 16:49:18,778 [INFO]   Dispersion (θ):          51.586 ± 1.541
2025-12-26 16:49:18,778 [INFO]   Learning Rate:           0.000109
2025-12-26 16:49:19,268 [INFO] 
================================================================================
2025-12-26 16:49:19,268 [INFO] Epoch 210/300 (0.05s)
2025-12-26 16:49:19,268 [INFO] ================================================================================
2025-12-26 16:49:19,268 [INFO]   Total Loss:               1195.3746
2025-12-26 16:49:19,268 [INFO]   Recon Loss:              1178.6083
2025-12-26 16:49:19,268 [INFO]   🔥 Contrastive Loss:     14.0049
2025-12-26 16:49:19,268 [INFO]     - Self Contrast:        4.4950
2025-12-26 16:49:19,268 [INFO]     - Hard Negative:        1.2537
2025-12-26 16:49:19,268 [INFO]     - Soft Positive:        0.0000
2025-12-26 16:49:19,268 [INFO]     - Kept Edges:           0
2025-12-26 16:49:19,268 [INFO]     - Pruned Edges:         21834
2025-12-26 16:49:19,268 [INFO]   🔥 Prototype Loss:       2.7615
2025-12-26 16:49:19,268 [INFO]     - Spot-to-Prototype:    0.0859
2025-12-26 16:49:19,269 [INFO]     - Compactness:          0.0413
2025-12-26 16:49:19,269 [INFO]     - Dispersion:           0.3151
2025-12-26 16:49:19,269 [INFO]   GIB Keep Rate:           0.000
2025-12-26 16:49:19,269 [INFO]   GIB Avg Prob:            0.430
2025-12-26 16:49:19,269 [INFO]   Dispersion (θ):          51.579 ± 1.543
2025-12-26 16:49:19,269 [INFO]   Learning Rate:           0.000107
2025-12-26 16:49:19,302 [INFO] 
================================================================================
2025-12-26 16:49:19,302 [INFO] Epoch 211/300 (0.03s)
2025-12-26 16:49:19,302 [INFO] ================================================================================
2025-12-26 16:49:19,302 [INFO]   Total Loss:               1195.4144
2025-12-26 16:49:19,302 [INFO]   Recon Loss:              1178.6449
2025-12-26 16:49:19,302 [INFO]   🔥 Contrastive Loss:     14.0717
2025-12-26 16:49:19,302 [INFO]     - Self Contrast:        4.5382
2025-12-26 16:49:19,302 [INFO]     - Hard Negative:        1.2488
2025-12-26 16:49:19,302 [INFO]     - Soft Positive:        0.0000
2025-12-26 16:49:19,302 [INFO]     - Kept Edges:           0
2025-12-26 16:49:19,302 [INFO]     - Pruned Edges:         21834
2025-12-26 16:49:19,302 [INFO]   🔥 Prototype Loss:       2.6978
2025-12-26 16:49:19,302 [INFO]     - Spot-to-Prototype:    0.0864
2025-12-26 16:49:19,302 [INFO]     - Compactness:          0.0343
2025-12-26 16:49:19,302 [INFO]     - Dispersion:           0.3138
2025-12-26 16:49:19,302 [INFO]   GIB Keep Rate:           0.000
2025-12-26 16:49:19,302 [INFO]   GIB Avg Prob:            0.430
2025-12-26 16:49:19,303 [INFO]   Dispersion (θ):          51.572 ± 1.546
2025-12-26 16:49:19,303 [INFO]   Learning Rate:           0.000105
2025-12-26 16:49:19,338 [INFO] 
================================================================================
2025-12-26 16:49:19,338 [INFO] Epoch 212/300 (0.04s)
2025-12-26 16:49:19,338 [INFO] ================================================================================
2025-12-26 16:49:19,338 [INFO]   Total Loss:               1195.2468
2025-12-26 16:49:19,338 [INFO]   Recon Loss:              1178.3110
2025-12-26 16:49:19,338 [INFO]   🔥 Contrastive Loss:     14.1466
2025-12-26 16:49:19,338 [INFO]     - Self Contrast:        4.5056
2025-12-26 16:49:19,338 [INFO]     - Hard Negative:        1.2498
2025-12-26 16:49:19,338 [INFO]     - Soft Positive:        0.1360
2025-12-26 16:49:19,338 [INFO]     - Kept Edges:           1
2025-12-26 16:49:19,338 [INFO]     - Pruned Edges:         21833
2025-12-26 16:49:19,339 [INFO]   🔥 Prototype Loss:       2.7892
2025-12-26 16:49:19,339 [INFO]     - Spot-to-Prototype:    0.0879
2025-12-26 16:49:19,339 [INFO]     - Compactness:          0.0405
2025-12-26 16:49:19,339 [INFO]     - Dispersion:           0.3131
2025-12-26 16:49:19,339 [INFO]   GIB Keep Rate:           0.000
2025-12-26 16:49:19,339 [INFO]   GIB Avg Prob:            0.430
2025-12-26 16:49:19,339 [INFO]   Dispersion (θ):          51.565 ± 1.548
2025-12-26 16:49:19,339 [INFO]   Learning Rate:           0.000103
2025-12-26 16:49:19,775 [INFO] 
================================================================================
2025-12-26 16:49:19,776 [INFO] Epoch 213/300 (0.05s)
2025-12-26 16:49:19,776 [INFO] ================================================================================
2025-12-26 16:49:19,776 [INFO]   Total Loss:               1195.0223
2025-12-26 16:49:19,776 [INFO]   Recon Loss:              1178.3544
2025-12-26 16:49:19,776 [INFO]   🔥 Contrastive Loss:     13.9702
2025-12-26 16:49:19,776 [INFO]     - Self Contrast:        4.4886
2025-12-26 16:49:19,776 [INFO]     - Hard Negative:        1.2483
2025-12-26 16:49:19,776 [INFO]     - Soft Positive:        0.0000
2025-12-26 16:49:19,776 [INFO]     - Kept Edges:           0
2025-12-26 16:49:19,776 [INFO]     - Pruned Edges:         21834
2025-12-26 16:49:19,776 [INFO]   🔥 Prototype Loss:       2.6978
2025-12-26 16:49:19,776 [INFO]     - Spot-to-Prototype:    0.0878
2025-12-26 16:49:19,776 [INFO]     - Compactness:          0.0317
2025-12-26 16:49:19,776 [INFO]     - Dispersion:           0.3126
2025-12-26 16:49:19,777 [INFO]   GIB Keep Rate:           0.000
2025-12-26 16:49:19,777 [INFO]   GIB Avg Prob:            0.430
2025-12-26 16:49:19,777 [INFO]   Dispersion (θ):          51.558 ± 1.550
2025-12-26 16:49:19,777 [INFO]   Learning Rate:           0.000101
2025-12-26 16:49:20,185 [INFO] 
================================================================================
2025-12-26 16:49:20,185 [INFO] Epoch 214/300 (0.05s)
2025-12-26 16:49:20,185 [INFO] ================================================================================
2025-12-26 16:49:20,185 [INFO]   Total Loss:               1195.1053
2025-12-26 16:49:20,185 [INFO]   Recon Loss:              1178.3790
2025-12-26 16:49:20,185 [INFO]   🔥 Contrastive Loss:     14.0337
2025-12-26 16:49:20,185 [INFO]     - Self Contrast:        4.5276
2025-12-26 16:49:20,185 [INFO]     - Hard Negative:        1.2447
2025-12-26 16:49:20,185 [INFO]     - Soft Positive:        0.0000
2025-12-26 16:49:20,185 [INFO]     - Kept Edges:           0
2025-12-26 16:49:20,185 [INFO]     - Pruned Edges:         21834
2025-12-26 16:49:20,185 [INFO]   🔥 Prototype Loss:       2.6926
2025-12-26 16:49:20,185 [INFO]     - Spot-to-Prototype:    0.0870
2025-12-26 16:49:20,185 [INFO]     - Compactness:          0.0328
2025-12-26 16:49:20,185 [INFO]     - Dispersion:           0.3125
2025-12-26 16:49:20,185 [INFO]   GIB Keep Rate:           0.000
2025-12-26 16:49:20,186 [INFO]   GIB Avg Prob:            0.430
2025-12-26 16:49:20,186 [INFO]   Dispersion (θ):          51.551 ± 1.552
2025-12-26 16:49:20,186 [INFO]   Learning Rate:           0.000099
2025-12-26 16:49:20,221 [INFO] 
================================================================================
2025-12-26 16:49:20,222 [INFO] Epoch 215/300 (0.04s)
2025-12-26 16:49:20,222 [INFO] ================================================================================
2025-12-26 16:49:20,222 [INFO]   Total Loss:               1195.1089
2025-12-26 16:49:20,222 [INFO]   Recon Loss:              1178.2383
2025-12-26 16:49:20,222 [INFO]   🔥 Contrastive Loss:     14.1072
2025-12-26 16:49:20,222 [INFO]     - Self Contrast:        4.4915
2025-12-26 16:49:20,222 [INFO]     - Hard Negative:        1.2484
2025-12-26 16:49:20,222 [INFO]     - Soft Positive:        0.1308
2025-12-26 16:49:20,222 [INFO]     - Kept Edges:           2
2025-12-26 16:49:20,222 [INFO]     - Pruned Edges:         21832
2025-12-26 16:49:20,222 [INFO]   🔥 Prototype Loss:       2.7634
2025-12-26 16:49:20,222 [INFO]     - Spot-to-Prototype:    0.0904
2025-12-26 16:49:20,222 [INFO]     - Compactness:          0.0329
2025-12-26 16:49:20,222 [INFO]     - Dispersion:           0.3135
2025-12-26 16:49:20,222 [INFO]   GIB Keep Rate:           0.000
2025-12-26 16:49:20,222 [INFO]   GIB Avg Prob:            0.430
2025-12-26 16:49:20,222 [INFO]   Dispersion (θ):          51.544 ± 1.554
2025-12-26 16:49:20,223 [INFO]   Learning Rate:           0.000097
2025-12-26 16:49:20,258 [INFO] 
================================================================================
2025-12-26 16:49:20,258 [INFO] Epoch 216/300 (0.04s)
2025-12-26 16:49:20,258 [INFO] ================================================================================
2025-12-26 16:49:20,258 [INFO]   Total Loss:               1195.2321
2025-12-26 16:49:20,258 [INFO]   Recon Loss:              1178.4702
2025-12-26 16:49:20,258 [INFO]   🔥 Contrastive Loss:     14.0156
2025-12-26 16:49:20,258 [INFO]     - Self Contrast:        4.5194
2025-12-26 16:49:20,258 [INFO]     - Hard Negative:        1.2442
2025-12-26 16:49:20,258 [INFO]     - Soft Positive:        0.0000
2025-12-26 16:49:20,258 [INFO]     - Kept Edges:           0
2025-12-26 16:49:20,258 [INFO]     - Pruned Edges:         21834
2025-12-26 16:49:20,258 [INFO]   🔥 Prototype Loss:       2.7462
2025-12-26 16:49:20,258 [INFO]     - Spot-to-Prototype:    0.0899
2025-12-26 16:49:20,258 [INFO]     - Compactness:          0.0320
2025-12-26 16:49:20,258 [INFO]     - Dispersion:           0.3146
2025-12-26 16:49:20,258 [INFO]   GIB Keep Rate:           0.000
2025-12-26 16:49:20,258 [INFO]   GIB Avg Prob:            0.430
2025-12-26 16:49:20,259 [INFO]   Dispersion (θ):          51.538 ± 1.556
2025-12-26 16:49:20,259 [INFO]   Learning Rate:           0.000095
2025-12-26 16:49:20,292 [INFO] 
================================================================================
2025-12-26 16:49:20,292 [INFO] Epoch 217/300 (0.03s)
2025-12-26 16:49:20,292 [INFO] ================================================================================
2025-12-26 16:49:20,293 [INFO]   Total Loss:               1195.2836
2025-12-26 16:49:20,293 [INFO]   Recon Loss:              1178.4199
2025-12-26 16:49:20,293 [INFO]   🔥 Contrastive Loss:     14.0285
2025-12-26 16:49:20,293 [INFO]     - Self Contrast:        4.5223
2025-12-26 16:49:20,293 [INFO]     - Hard Negative:        1.2460
2025-12-26 16:49:20,293 [INFO]     - Soft Positive:        0.0000
2025-12-26 16:49:20,293 [INFO]     - Kept Edges:           0
2025-12-26 16:49:20,293 [INFO]     - Pruned Edges:         21834
2025-12-26 16:49:20,293 [INFO]   🔥 Prototype Loss:       2.8352
2025-12-26 16:49:20,293 [INFO]     - Spot-to-Prototype:    0.0909
2025-12-26 16:49:20,293 [INFO]     - Compactness:          0.0382
2025-12-26 16:49:20,293 [INFO]     - Dispersion:           0.3169
2025-12-26 16:49:20,293 [INFO]   GIB Keep Rate:           0.000
2025-12-26 16:49:20,293 [INFO]   GIB Avg Prob:            0.430
2025-12-26 16:49:20,293 [INFO]   Dispersion (θ):          51.531 ± 1.558
2025-12-26 16:49:20,293 [INFO]   Learning Rate:           0.000093
2025-12-26 16:49:20,329 [INFO] 
================================================================================
2025-12-26 16:49:20,329 [INFO] Epoch 218/300 (0.04s)
2025-12-26 16:49:20,329 [INFO] ================================================================================
2025-12-26 16:49:20,329 [INFO]   Total Loss:               1195.0513
2025-12-26 16:49:20,329 [INFO]   Recon Loss:              1178.2677
2025-12-26 16:49:20,329 [INFO]   🔥 Contrastive Loss:     13.9610
2025-12-26 16:49:20,329 [INFO]     - Self Contrast:        4.4891
2025-12-26 16:49:20,329 [INFO]     - Hard Negative:        1.2457
2025-12-26 16:49:20,329 [INFO]     - Soft Positive:        0.0000
2025-12-26 16:49:20,329 [INFO]     - Kept Edges:           0
2025-12-26 16:49:20,329 [INFO]     - Pruned Edges:         21834
2025-12-26 16:49:20,329 [INFO]   🔥 Prototype Loss:       2.8225
2025-12-26 16:49:20,329 [INFO]     - Spot-to-Prototype:    0.0924
2025-12-26 16:49:20,330 [INFO]     - Compactness:          0.0336
2025-12-26 16:49:20,330 [INFO]     - Dispersion:           0.3193
2025-12-26 16:49:20,330 [INFO]   GIB Keep Rate:           0.000
2025-12-26 16:49:20,330 [INFO]   GIB Avg Prob:            0.430
2025-12-26 16:49:20,330 [INFO]   Dispersion (θ):          51.525 ± 1.560
2025-12-26 16:49:20,330 [INFO]   Learning Rate:           0.000091
2025-12-26 16:49:20,368 [INFO] 
================================================================================
2025-12-26 16:49:20,369 [INFO] Epoch 219/300 (0.04s)
2025-12-26 16:49:20,369 [INFO] ================================================================================
2025-12-26 16:49:20,369 [INFO]   Total Loss:               1194.8591
2025-12-26 16:49:20,369 [INFO]   Recon Loss:              1178.0256
2025-12-26 16:49:20,369 [INFO]   🔥 Contrastive Loss:     14.0463
2025-12-26 16:49:20,369 [INFO]     - Self Contrast:        4.5211
2025-12-26 16:49:20,369 [INFO]     - Hard Negative:        1.2430
2025-12-26 16:49:20,369 [INFO]     - Soft Positive:        0.0324
2025-12-26 16:49:20,369 [INFO]     - Kept Edges:           1
2025-12-26 16:49:20,369 [INFO]     - Pruned Edges:         21833
2025-12-26 16:49:20,369 [INFO]   🔥 Prototype Loss:       2.7873
2025-12-26 16:49:20,369 [INFO]     - Spot-to-Prototype:    0.0911
2025-12-26 16:49:20,369 [INFO]     - Compactness:          0.0322
2025-12-26 16:49:20,369 [INFO]     - Dispersion:           0.3216
2025-12-26 16:49:20,369 [INFO]   GIB Keep Rate:           0.000
2025-12-26 16:49:20,369 [INFO]   GIB Avg Prob:            0.430
2025-12-26 16:49:20,369 [INFO]   Dispersion (θ):          51.519 ± 1.562
2025-12-26 16:49:20,369 [INFO]   Learning Rate:           0.000089
2025-12-26 16:49:20,728 [INFO] 
================================================================================
2025-12-26 16:49:20,728 [INFO] Epoch 220/300 (0.05s)
2025-12-26 16:49:20,728 [INFO] ================================================================================
2025-12-26 16:49:20,728 [INFO]   Total Loss:               1195.1265
2025-12-26 16:49:20,728 [INFO]   Recon Loss:              1178.0862
2025-12-26 16:49:20,728 [INFO]   🔥 Contrastive Loss:     14.2390
2025-12-26 16:49:20,728 [INFO]     - Self Contrast:        4.4886
2025-12-26 16:49:20,728 [INFO]     - Hard Negative:        1.2446
2025-12-26 16:49:20,728 [INFO]     - Soft Positive:        0.2834
2025-12-26 16:49:20,728 [INFO]     - Kept Edges:           1
2025-12-26 16:49:20,728 [INFO]     - Pruned Edges:         21833
2025-12-26 16:49:20,728 [INFO]   🔥 Prototype Loss:       2.8013
2025-12-26 16:49:20,729 [INFO]     - Spot-to-Prototype:    0.0920
2025-12-26 16:49:20,729 [INFO]     - Compactness:          0.0314
2025-12-26 16:49:20,729 [INFO]     - Dispersion:           0.3239
2025-12-26 16:49:20,729 [INFO]   GIB Keep Rate:           0.000
2025-12-26 16:49:20,729 [INFO]   GIB Avg Prob:            0.430
2025-12-26 16:49:20,729 [INFO]   Dispersion (θ):          51.513 ± 1.564
2025-12-26 16:49:20,729 [INFO]   Learning Rate:           0.000087
2025-12-26 16:49:20,763 [INFO] 
================================================================================
2025-12-26 16:49:20,763 [INFO] Epoch 221/300 (0.03s)
2025-12-26 16:49:20,763 [INFO] ================================================================================
2025-12-26 16:49:20,763 [INFO]   Total Loss:               1194.7186
2025-12-26 16:49:20,763 [INFO]   Recon Loss:              1178.0452
2025-12-26 16:49:20,764 [INFO]   🔥 Contrastive Loss:     13.8655
2025-12-26 16:49:20,764 [INFO]     - Self Contrast:        4.4386
2025-12-26 16:49:20,764 [INFO]     - Hard Negative:        1.2471
2025-12-26 16:49:20,764 [INFO]     - Soft Positive:        0.0000
2025-12-26 16:49:20,764 [INFO]     - Kept Edges:           0
2025-12-26 16:49:20,764 [INFO]     - Pruned Edges:         21834
2025-12-26 16:49:20,764 [INFO]   🔥 Prototype Loss:       2.8079
2025-12-26 16:49:20,764 [INFO]     - Spot-to-Prototype:    0.0928
2025-12-26 16:49:20,764 [INFO]     - Compactness:          0.0296
2025-12-26 16:49:20,764 [INFO]     - Dispersion:           0.3277
2025-12-26 16:49:20,764 [INFO]   GIB Keep Rate:           0.000
2025-12-26 16:49:20,764 [INFO]   GIB Avg Prob:            0.430
2025-12-26 16:49:20,764 [INFO]   Dispersion (θ):          51.507 ± 1.565
2025-12-26 16:49:20,764 [INFO]   Learning Rate:           0.000085
2025-12-26 16:49:21,110 [INFO] 
================================================================================
2025-12-26 16:49:21,111 [INFO] Epoch 222/300 (0.05s)
2025-12-26 16:49:21,111 [INFO] ================================================================================
2025-12-26 16:49:21,111 [INFO]   Total Loss:               1194.6117
2025-12-26 16:49:21,111 [INFO]   Recon Loss:              1177.8453
2025-12-26 16:49:21,111 [INFO]   🔥 Contrastive Loss:     13.9267
2025-12-26 16:49:21,111 [INFO]     - Self Contrast:        4.4769
2025-12-26 16:49:21,111 [INFO]     - Hard Negative:        1.2432
2025-12-26 16:49:21,111 [INFO]     - Soft Positive:        0.0000
2025-12-26 16:49:21,111 [INFO]     - Kept Edges:           0
2025-12-26 16:49:21,111 [INFO]     - Pruned Edges:         21834
2025-12-26 16:49:21,111 [INFO]   🔥 Prototype Loss:       2.8397
2025-12-26 16:49:21,111 [INFO]     - Spot-to-Prototype:    0.0938
2025-12-26 16:49:21,111 [INFO]     - Compactness:          0.0300
2025-12-26 16:49:21,111 [INFO]     - Dispersion:           0.3314
2025-12-26 16:49:21,111 [INFO]   GIB Keep Rate:           0.000
2025-12-26 16:49:21,111 [INFO]   GIB Avg Prob:            0.430
2025-12-26 16:49:21,112 [INFO]   Dispersion (θ):          51.501 ± 1.567
2025-12-26 16:49:21,112 [INFO]   Learning Rate:           0.000083
2025-12-26 16:49:21,521 [INFO] 
================================================================================
2025-12-26 16:49:21,522 [INFO] Epoch 223/300 (0.05s)
2025-12-26 16:49:21,522 [INFO] ================================================================================
2025-12-26 16:49:21,522 [INFO]   Total Loss:               1194.5752
2025-12-26 16:49:21,522 [INFO]   Recon Loss:              1177.7439
2025-12-26 16:49:21,522 [INFO]   🔥 Contrastive Loss:     13.9464
2025-12-26 16:49:21,522 [INFO]     - Self Contrast:        4.4880
2025-12-26 16:49:21,522 [INFO]     - Hard Negative:        1.2426
2025-12-26 16:49:21,522 [INFO]     - Soft Positive:        0.0000
2025-12-26 16:49:21,522 [INFO]     - Kept Edges:           0
2025-12-26 16:49:21,522 [INFO]     - Pruned Edges:         21834
2025-12-26 16:49:21,522 [INFO]   🔥 Prototype Loss:       2.8849
2025-12-26 16:49:21,522 [INFO]     - Spot-to-Prototype:    0.0938
2025-12-26 16:49:21,522 [INFO]     - Compactness:          0.0338
2025-12-26 16:49:21,522 [INFO]     - Dispersion:           0.3351
2025-12-26 16:49:21,522 [INFO]   GIB Keep Rate:           0.000
2025-12-26 16:49:21,522 [INFO]   GIB Avg Prob:            0.429
2025-12-26 16:49:21,522 [INFO]   Dispersion (θ):          51.495 ± 1.569
2025-12-26 16:49:21,523 [INFO]   Learning Rate:           0.000081
2025-12-26 16:49:21,953 [INFO] 
================================================================================
2025-12-26 16:49:21,953 [INFO] Epoch 224/300 (0.05s)
2025-12-26 16:49:21,954 [INFO] ================================================================================
2025-12-26 16:49:21,954 [INFO]   Total Loss:               1194.7556
2025-12-26 16:49:21,954 [INFO]   Recon Loss:              1177.8683
2025-12-26 16:49:21,954 [INFO]   🔥 Contrastive Loss:     13.9707
2025-12-26 16:49:21,954 [INFO]     - Self Contrast:        4.4984
2025-12-26 16:49:21,954 [INFO]     - Hard Negative:        1.2435
2025-12-26 16:49:21,954 [INFO]     - Soft Positive:        0.0000
2025-12-26 16:49:21,954 [INFO]     - Kept Edges:           0
2025-12-26 16:49:21,954 [INFO]     - Pruned Edges:         21834
2025-12-26 16:49:21,954 [INFO]   🔥 Prototype Loss:       2.9166
2025-12-26 16:49:21,954 [INFO]     - Spot-to-Prototype:    0.0948
2025-12-26 16:49:21,954 [INFO]     - Compactness:          0.0341
2025-12-26 16:49:21,954 [INFO]     - Dispersion:           0.3398
2025-12-26 16:49:21,954 [INFO]   GIB Keep Rate:           0.000
2025-12-26 16:49:21,954 [INFO]   GIB Avg Prob:            0.429
2025-12-26 16:49:21,954 [INFO]   Dispersion (θ):          51.490 ± 1.571
2025-12-26 16:49:21,954 [INFO]   Learning Rate:           0.000079
2025-12-26 16:49:21,991 [INFO] 
================================================================================
2025-12-26 16:49:21,991 [INFO] Epoch 225/300 (0.04s)
2025-12-26 16:49:21,991 [INFO] ================================================================================
2025-12-26 16:49:21,991 [INFO]   Total Loss:               1194.7008
2025-12-26 16:49:21,991 [INFO]   Recon Loss:              1177.9167
2025-12-26 16:49:21,992 [INFO]   🔥 Contrastive Loss:     13.8989
2025-12-26 16:49:21,992 [INFO]     - Self Contrast:        4.4599
2025-12-26 16:49:21,992 [INFO]     - Hard Negative:        1.2448
2025-12-26 16:49:21,992 [INFO]     - Soft Positive:        0.0000
2025-12-26 16:49:21,992 [INFO]     - Kept Edges:           0
2025-12-26 16:49:21,992 [INFO]     - Pruned Edges:         21834
2025-12-26 16:49:21,992 [INFO]   🔥 Prototype Loss:       2.8852
2025-12-26 16:49:21,992 [INFO]     - Spot-to-Prototype:    0.0943
2025-12-26 16:49:21,992 [INFO]     - Compactness:          0.0310
2025-12-26 16:49:21,992 [INFO]     - Dispersion:           0.3446
2025-12-26 16:49:21,992 [INFO]   GIB Keep Rate:           0.000
2025-12-26 16:49:21,992 [INFO]   GIB Avg Prob:            0.429
2025-12-26 16:49:21,992 [INFO]   Dispersion (θ):          51.485 ± 1.572
2025-12-26 16:49:21,992 [INFO]   Learning Rate:           0.000077
2025-12-26 16:49:22,028 [INFO] 
================================================================================
2025-12-26 16:49:22,028 [INFO] Epoch 226/300 (0.04s)
2025-12-26 16:49:22,028 [INFO] ================================================================================
2025-12-26 16:49:22,029 [INFO]   Total Loss:               1194.6019
2025-12-26 16:49:22,029 [INFO]   Recon Loss:              1177.7748
2025-12-26 16:49:22,029 [INFO]   🔥 Contrastive Loss:     13.9467
2025-12-26 16:49:22,029 [INFO]     - Self Contrast:        4.4879
2025-12-26 16:49:22,029 [INFO]     - Hard Negative:        1.2427
2025-12-26 16:49:22,029 [INFO]     - Soft Positive:        0.0000
2025-12-26 16:49:22,029 [INFO]     - Kept Edges:           0
2025-12-26 16:49:22,029 [INFO]     - Pruned Edges:         21834
2025-12-26 16:49:22,029 [INFO]   🔥 Prototype Loss:       2.8804
2025-12-26 16:49:22,029 [INFO]     - Spot-to-Prototype:    0.0938
2025-12-26 16:49:22,029 [INFO]     - Compactness:          0.0306
2025-12-26 16:49:22,029 [INFO]     - Dispersion:           0.3492
2025-12-26 16:49:22,029 [INFO]   GIB Keep Rate:           0.000
2025-12-26 16:49:22,029 [INFO]   GIB Avg Prob:            0.429
2025-12-26 16:49:22,029 [INFO]   Dispersion (θ):          51.480 ± 1.574
2025-12-26 16:49:22,029 [INFO]   Learning Rate:           0.000076
2025-12-26 16:49:22,062 [INFO] 
================================================================================
2025-12-26 16:49:22,063 [INFO] Epoch 227/300 (0.03s)
2025-12-26 16:49:22,063 [INFO] ================================================================================
2025-12-26 16:49:22,063 [INFO]   Total Loss:               1194.5487
2025-12-26 16:49:22,063 [INFO]   Recon Loss:              1177.7404
2025-12-26 16:49:22,063 [INFO]   🔥 Contrastive Loss:     13.9257
2025-12-26 16:49:22,063 [INFO]     - Self Contrast:        4.4722
2025-12-26 16:49:22,063 [INFO]     - Hard Negative:        1.2453
2025-12-26 16:49:22,063 [INFO]     - Soft Positive:        0.0000
2025-12-26 16:49:22,063 [INFO]     - Kept Edges:           0
2025-12-26 16:49:22,063 [INFO]     - Pruned Edges:         21834
2025-12-26 16:49:22,063 [INFO]   🔥 Prototype Loss:       2.8827
2025-12-26 16:49:22,063 [INFO]     - Spot-to-Prototype:    0.0934
2025-12-26 16:49:22,063 [INFO]     - Compactness:          0.0308
2025-12-26 16:49:22,063 [INFO]     - Dispersion:           0.3538
2025-12-26 16:49:22,063 [INFO]   GIB Keep Rate:           0.000
2025-12-26 16:49:22,063 [INFO]   GIB Avg Prob:            0.429
2025-12-26 16:49:22,063 [INFO]   Dispersion (θ):          51.475 ± 1.575
2025-12-26 16:49:22,063 [INFO]   Learning Rate:           0.000074
2025-12-26 16:49:22,416 [INFO] 
================================================================================
2025-12-26 16:49:22,417 [INFO] Epoch 228/300 (0.05s)
2025-12-26 16:49:22,417 [INFO] ================================================================================
2025-12-26 16:49:22,417 [INFO]   Total Loss:               1194.4727
2025-12-26 16:49:22,417 [INFO]   Recon Loss:              1177.6951
2025-12-26 16:49:22,417 [INFO]   🔥 Contrastive Loss:     13.8752
2025-12-26 16:49:22,417 [INFO]     - Self Contrast:        4.4440
2025-12-26 16:49:22,417 [INFO]     - Hard Negative:        1.2468
2025-12-26 16:49:22,417 [INFO]     - Soft Positive:        0.0000
2025-12-26 16:49:22,417 [INFO]     - Kept Edges:           0
2025-12-26 16:49:22,417 [INFO]     - Pruned Edges:         21834
2025-12-26 16:49:22,417 [INFO]   🔥 Prototype Loss:       2.9023
2025-12-26 16:49:22,417 [INFO]     - Spot-to-Prototype:    0.0943
2025-12-26 16:49:22,417 [INFO]     - Compactness:          0.0300
2025-12-26 16:49:22,417 [INFO]     - Dispersion:           0.3581
2025-12-26 16:49:22,417 [INFO]   GIB Keep Rate:           0.000
2025-12-26 16:49:22,417 [INFO]   GIB Avg Prob:            0.429
2025-12-26 16:49:22,417 [INFO]   Dispersion (θ):          51.470 ± 1.577
2025-12-26 16:49:22,418 [INFO]   Learning Rate:           0.000072
2025-12-26 16:49:22,833 [INFO] 
================================================================================
2025-12-26 16:49:22,833 [INFO] Epoch 229/300 (0.05s)
2025-12-26 16:49:22,833 [INFO] ================================================================================
2025-12-26 16:49:22,833 [INFO]   Total Loss:               1194.6726
2025-12-26 16:49:22,833 [INFO]   Recon Loss:              1177.8625
2025-12-26 16:49:22,833 [INFO]   🔥 Contrastive Loss:     13.8966
2025-12-26 16:49:22,833 [INFO]     - Self Contrast:        4.4596
2025-12-26 16:49:22,833 [INFO]     - Hard Negative:        1.2444
2025-12-26 16:49:22,833 [INFO]     - Soft Positive:        0.0000
2025-12-26 16:49:22,833 [INFO]     - Kept Edges:           0
2025-12-26 16:49:22,833 [INFO]     - Pruned Edges:         21834
2025-12-26 16:49:22,833 [INFO]   🔥 Prototype Loss:       2.9134
2025-12-26 16:49:22,833 [INFO]     - Spot-to-Prototype:    0.0946
2025-12-26 16:49:22,833 [INFO]     - Compactness:          0.0297
2025-12-26 16:49:22,834 [INFO]     - Dispersion:           0.3624
2025-12-26 16:49:22,834 [INFO]   GIB Keep Rate:           0.000
2025-12-26 16:49:22,834 [INFO]   GIB Avg Prob:            0.429
2025-12-26 16:49:22,834 [INFO]   Dispersion (θ):          51.465 ± 1.578
2025-12-26 16:49:22,834 [INFO]   Learning Rate:           0.000070
2025-12-26 16:49:22,868 [INFO] 
================================================================================
2025-12-26 16:49:22,868 [INFO] Epoch 230/300 (0.03s)
2025-12-26 16:49:22,868 [INFO] ================================================================================
2025-12-26 16:49:22,868 [INFO]   Total Loss:               1194.2667
2025-12-26 16:49:22,868 [INFO]   Recon Loss:              1177.4529
2025-12-26 16:49:22,868 [INFO]   🔥 Contrastive Loss:     13.8822
2025-12-26 16:49:22,868 [INFO]     - Self Contrast:        4.4583
2025-12-26 16:49:22,868 [INFO]     - Hard Negative:        1.2414
2025-12-26 16:49:22,868 [INFO]     - Soft Positive:        0.0000
2025-12-26 16:49:22,868 [INFO]     - Kept Edges:           0
2025-12-26 16:49:22,868 [INFO]     - Pruned Edges:         21834
2025-12-26 16:49:22,868 [INFO]   🔥 Prototype Loss:       2.9316
2025-12-26 16:49:22,868 [INFO]     - Spot-to-Prototype:    0.0955
2025-12-26 16:49:22,868 [INFO]     - Compactness:          0.0289
2025-12-26 16:49:22,869 [INFO]     - Dispersion:           0.3667
2025-12-26 16:49:22,869 [INFO]   GIB Keep Rate:           0.000
2025-12-26 16:49:22,869 [INFO]   GIB Avg Prob:            0.429
2025-12-26 16:49:22,869 [INFO]   Dispersion (θ):          51.460 ± 1.580
2025-12-26 16:49:22,869 [INFO]   Learning Rate:           0.000069
2025-12-26 16:49:23,205 [INFO] 
================================================================================
2025-12-26 16:49:23,205 [INFO] Epoch 231/300 (0.05s)
2025-12-26 16:49:23,205 [INFO] ================================================================================
2025-12-26 16:49:23,205 [INFO]   Total Loss:               1194.4471
2025-12-26 16:49:23,206 [INFO]   Recon Loss:              1177.6503
2025-12-26 16:49:23,206 [INFO]   🔥 Contrastive Loss:     13.8817
2025-12-26 16:49:23,206 [INFO]     - Self Contrast:        4.4617
2025-12-26 16:49:23,206 [INFO]     - Hard Negative:        1.2396
2025-12-26 16:49:23,206 [INFO]     - Soft Positive:        0.0000
2025-12-26 16:49:23,206 [INFO]     - Kept Edges:           0
2025-12-26 16:49:23,206 [INFO]     - Pruned Edges:         21834
2025-12-26 16:49:23,206 [INFO]   🔥 Prototype Loss:       2.9151
2025-12-26 16:49:23,206 [INFO]     - Spot-to-Prototype:    0.0942
2025-12-26 16:49:23,206 [INFO]     - Compactness:          0.0289
2025-12-26 16:49:23,206 [INFO]     - Dispersion:           0.3708
2025-12-26 16:49:23,206 [INFO]   GIB Keep Rate:           0.000
2025-12-26 16:49:23,206 [INFO]   GIB Avg Prob:            0.429
2025-12-26 16:49:23,206 [INFO]   Dispersion (θ):          51.456 ± 1.581
2025-12-26 16:49:23,206 [INFO]   Learning Rate:           0.000067
2025-12-26 16:49:23,240 [INFO] 
================================================================================
2025-12-26 16:49:23,240 [INFO] Epoch 232/300 (0.03s)
2025-12-26 16:49:23,240 [INFO] ================================================================================
2025-12-26 16:49:23,240 [INFO]   Total Loss:               1194.3289
2025-12-26 16:49:23,240 [INFO]   Recon Loss:              1177.4592
2025-12-26 16:49:23,241 [INFO]   🔥 Contrastive Loss:     13.9376
2025-12-26 16:49:23,241 [INFO]     - Self Contrast:        4.4893
2025-12-26 16:49:23,241 [INFO]     - Hard Negative:        1.2398
2025-12-26 16:49:23,241 [INFO]     - Soft Positive:        0.0000
2025-12-26 16:49:23,241 [INFO]     - Kept Edges:           0
2025-12-26 16:49:23,241 [INFO]     - Pruned Edges:         21834
2025-12-26 16:49:23,241 [INFO]   🔥 Prototype Loss:       2.9320
2025-12-26 16:49:23,241 [INFO]     - Spot-to-Prototype:    0.0947
2025-12-26 16:49:23,241 [INFO]     - Compactness:          0.0288
2025-12-26 16:49:23,241 [INFO]     - Dispersion:           0.3747
2025-12-26 16:49:23,241 [INFO]   GIB Keep Rate:           0.000
2025-12-26 16:49:23,241 [INFO]   GIB Avg Prob:            0.429
2025-12-26 16:49:23,241 [INFO]   Dispersion (θ):          51.451 ± 1.582
2025-12-26 16:49:23,241 [INFO]   Learning Rate:           0.000065
2025-12-26 16:49:23,276 [INFO] 
================================================================================
2025-12-26 16:49:23,276 [INFO] Epoch 233/300 (0.03s)
2025-12-26 16:49:23,276 [INFO] ================================================================================
2025-12-26 16:49:23,276 [INFO]   Total Loss:               1194.3734
2025-12-26 16:49:23,276 [INFO]   Recon Loss:              1177.6063
2025-12-26 16:49:23,276 [INFO]   🔥 Contrastive Loss:     13.8138
2025-12-26 16:49:23,276 [INFO]     - Self Contrast:        4.4234
2025-12-26 16:49:23,276 [INFO]     - Hard Negative:        1.2417
2025-12-26 16:49:23,276 [INFO]     - Soft Positive:        0.0000
2025-12-26 16:49:23,276 [INFO]     - Kept Edges:           0
2025-12-26 16:49:23,276 [INFO]     - Pruned Edges:         21834
2025-12-26 16:49:23,276 [INFO]   🔥 Prototype Loss:       2.9534
2025-12-26 16:49:23,276 [INFO]     - Spot-to-Prototype:    0.0954
2025-12-26 16:49:23,276 [INFO]     - Compactness:          0.0288
2025-12-26 16:49:23,276 [INFO]     - Dispersion:           0.3785
2025-12-26 16:49:23,276 [INFO]   GIB Keep Rate:           0.000
2025-12-26 16:49:23,277 [INFO]   GIB Avg Prob:            0.429
2025-12-26 16:49:23,277 [INFO]   Dispersion (θ):          51.447 ± 1.584
2025-12-26 16:49:23,277 [INFO]   Learning Rate:           0.000063
2025-12-26 16:49:23,311 [INFO] 
================================================================================
2025-12-26 16:49:23,311 [INFO] Epoch 234/300 (0.03s)
2025-12-26 16:49:23,312 [INFO] ================================================================================
2025-12-26 16:49:23,312 [INFO]   Total Loss:               1194.0898
2025-12-26 16:49:23,312 [INFO]   Recon Loss:              1177.3246
2025-12-26 16:49:23,312 [INFO]   🔥 Contrastive Loss:     13.8172
2025-12-26 16:49:23,312 [INFO]     - Self Contrast:        4.4101
2025-12-26 16:49:23,312 [INFO]     - Hard Negative:        1.2438
2025-12-26 16:49:23,312 [INFO]     - Soft Positive:        0.0219
2025-12-26 16:49:23,312 [INFO]     - Kept Edges:           1
2025-12-26 16:49:23,312 [INFO]     - Pruned Edges:         21833
2025-12-26 16:49:23,312 [INFO]   🔥 Prototype Loss:       2.9481
2025-12-26 16:49:23,312 [INFO]     - Spot-to-Prototype:    0.0953
2025-12-26 16:49:23,312 [INFO]     - Compactness:          0.0278
2025-12-26 16:49:23,312 [INFO]     - Dispersion:           0.3821
2025-12-26 16:49:23,312 [INFO]   GIB Keep Rate:           0.000
2025-12-26 16:49:23,312 [INFO]   GIB Avg Prob:            0.429
2025-12-26 16:49:23,312 [INFO]   Dispersion (θ):          51.443 ± 1.585
2025-12-26 16:49:23,312 [INFO]   Learning Rate:           0.000062
2025-12-26 16:49:23,658 [INFO] 
================================================================================
2025-12-26 16:49:23,658 [INFO] Epoch 235/300 (0.05s)
2025-12-26 16:49:23,658 [INFO] ================================================================================
2025-12-26 16:49:23,658 [INFO]   Total Loss:               1194.1621
2025-12-26 16:49:23,659 [INFO]   Recon Loss:              1177.2843
2025-12-26 16:49:23,659 [INFO]   🔥 Contrastive Loss:     13.8879
2025-12-26 16:49:23,659 [INFO]     - Self Contrast:        4.4669
2025-12-26 16:49:23,659 [INFO]     - Hard Negative:        1.2385
2025-12-26 16:49:23,659 [INFO]     - Soft Positive:        0.0000
2025-12-26 16:49:23,659 [INFO]     - Kept Edges:           0
2025-12-26 16:49:23,659 [INFO]     - Pruned Edges:         21834
2025-12-26 16:49:23,659 [INFO]   🔥 Prototype Loss:       2.9899
2025-12-26 16:49:23,659 [INFO]     - Spot-to-Prototype:    0.0961
2025-12-26 16:49:23,659 [INFO]     - Compactness:          0.0296
2025-12-26 16:49:23,659 [INFO]     - Dispersion:           0.3861
2025-12-26 16:49:23,659 [INFO]   GIB Keep Rate:           0.000
2025-12-26 16:49:23,659 [INFO]   GIB Avg Prob:            0.429
2025-12-26 16:49:23,659 [INFO]   Dispersion (θ):          51.439 ± 1.586
2025-12-26 16:49:23,659 [INFO]   Learning Rate:           0.000060
2025-12-26 16:49:23,696 [INFO] 
================================================================================
2025-12-26 16:49:23,696 [INFO] Epoch 236/300 (0.04s)
2025-12-26 16:49:23,696 [INFO] ================================================================================
2025-12-26 16:49:23,696 [INFO]   Total Loss:               1194.4685
2025-12-26 16:49:23,696 [INFO]   Recon Loss:              1177.5825
2025-12-26 16:49:23,697 [INFO]   🔥 Contrastive Loss:     13.9255
2025-12-26 16:49:23,697 [INFO]     - Self Contrast:        4.4550
2025-12-26 16:49:23,697 [INFO]     - Hard Negative:        1.2396
2025-12-26 16:49:23,697 [INFO]     - Soft Positive:        0.0569
2025-12-26 16:49:23,697 [INFO]     - Kept Edges:           1
2025-12-26 16:49:23,697 [INFO]     - Pruned Edges:         21833
2025-12-26 16:49:23,697 [INFO]   🔥 Prototype Loss:       2.9605
2025-12-26 16:49:23,697 [INFO]     - Spot-to-Prototype:    0.0959
2025-12-26 16:49:23,697 [INFO]     - Compactness:          0.0263
2025-12-26 16:49:23,697 [INFO]     - Dispersion:           0.3900
2025-12-26 16:49:23,697 [INFO]   GIB Keep Rate:           0.000
2025-12-26 16:49:23,697 [INFO]   GIB Avg Prob:            0.429
2025-12-26 16:49:23,697 [INFO]   Dispersion (θ):          51.435 ± 1.587
2025-12-26 16:49:23,697 [INFO]   Learning Rate:           0.000059
2025-12-26 16:49:23,732 [INFO] 
================================================================================
2025-12-26 16:49:23,732 [INFO] Epoch 237/300 (0.03s)
2025-12-26 16:49:23,732 [INFO] ================================================================================
2025-12-26 16:49:23,732 [INFO]   Total Loss:               1194.0542
2025-12-26 16:49:23,732 [INFO]   Recon Loss:              1177.2842
2025-12-26 16:49:23,733 [INFO]   🔥 Contrastive Loss:     13.8128
2025-12-26 16:49:23,733 [INFO]     - Self Contrast:        4.4216
2025-12-26 16:49:23,733 [INFO]     - Hard Negative:        1.2424
2025-12-26 16:49:23,733 [INFO]     - Soft Positive:        0.0000
2025-12-26 16:49:23,733 [INFO]     - Kept Edges:           0
2025-12-26 16:49:23,733 [INFO]     - Pruned Edges:         21834
2025-12-26 16:49:23,733 [INFO]   🔥 Prototype Loss:       2.9573
2025-12-26 16:49:23,733 [INFO]     - Spot-to-Prototype:    0.0952
2025-12-26 16:49:23,733 [INFO]     - Compactness:          0.0265
2025-12-26 16:49:23,733 [INFO]     - Dispersion:           0.3938
2025-12-26 16:49:23,733 [INFO]   GIB Keep Rate:           0.000
2025-12-26 16:49:23,733 [INFO]   GIB Avg Prob:            0.429
2025-12-26 16:49:23,733 [INFO]   Dispersion (θ):          51.431 ± 1.589
2025-12-26 16:49:23,733 [INFO]   Learning Rate:           0.000057
2025-12-26 16:49:24,110 [INFO] 
================================================================================
2025-12-26 16:49:24,110 [INFO] Epoch 238/300 (0.05s)
2025-12-26 16:49:24,110 [INFO] ================================================================================
2025-12-26 16:49:24,110 [INFO]   Total Loss:               1194.2140
2025-12-26 16:49:24,110 [INFO]   Recon Loss:              1177.3309
2025-12-26 16:49:24,111 [INFO]   🔥 Contrastive Loss:     13.9024
2025-12-26 16:49:24,111 [INFO]     - Self Contrast:        4.4717
2025-12-26 16:49:24,111 [INFO]     - Hard Negative:        1.2397
2025-12-26 16:49:24,111 [INFO]     - Soft Positive:        0.0000
2025-12-26 16:49:24,111 [INFO]     - Kept Edges:           0
2025-12-26 16:49:24,111 [INFO]     - Pruned Edges:         21834
2025-12-26 16:49:24,111 [INFO]   🔥 Prototype Loss:       2.9807
2025-12-26 16:49:24,111 [INFO]     - Spot-to-Prototype:    0.0942
2025-12-26 16:49:24,111 [INFO]     - Compactness:          0.0301
2025-12-26 16:49:24,111 [INFO]     - Dispersion:           0.3974
2025-12-26 16:49:24,111 [INFO]   GIB Keep Rate:           0.000
2025-12-26 16:49:24,111 [INFO]   GIB Avg Prob:            0.429
2025-12-26 16:49:24,111 [INFO]   Dispersion (θ):          51.427 ± 1.590
2025-12-26 16:49:24,111 [INFO]   Learning Rate:           0.000055
2025-12-26 16:49:24,145 [INFO] 
================================================================================
2025-12-26 16:49:24,146 [INFO] Epoch 239/300 (0.03s)
2025-12-26 16:49:24,146 [INFO] ================================================================================
2025-12-26 16:49:24,146 [INFO]   Total Loss:               1194.2645
2025-12-26 16:49:24,146 [INFO]   Recon Loss:              1177.4404
2025-12-26 16:49:24,146 [INFO]   🔥 Contrastive Loss:     13.8305
2025-12-26 16:49:24,146 [INFO]     - Self Contrast:        4.4320
2025-12-26 16:49:24,146 [INFO]     - Hard Negative:        1.2416
2025-12-26 16:49:24,146 [INFO]     - Soft Positive:        0.0000
2025-12-26 16:49:24,146 [INFO]     - Kept Edges:           0
2025-12-26 16:49:24,146 [INFO]     - Pruned Edges:         21834
2025-12-26 16:49:24,146 [INFO]   🔥 Prototype Loss:       2.9936
2025-12-26 16:49:24,146 [INFO]     - Spot-to-Prototype:    0.0943
2025-12-26 16:49:24,146 [INFO]     - Compactness:          0.0306
2025-12-26 16:49:24,146 [INFO]     - Dispersion:           0.4009
2025-12-26 16:49:24,146 [INFO]   GIB Keep Rate:           0.000
2025-12-26 16:49:24,146 [INFO]   GIB Avg Prob:            0.429
2025-12-26 16:49:24,146 [INFO]   Dispersion (θ):          51.423 ± 1.591
2025-12-26 16:49:24,146 [INFO]   Learning Rate:           0.000054
2025-12-26 16:49:24,179 [INFO] 
================================================================================
2025-12-26 16:49:24,179 [INFO] Epoch 240/300 (0.03s)
2025-12-26 16:49:24,180 [INFO] ================================================================================
2025-12-26 16:49:24,180 [INFO]   Total Loss:               1194.1335
2025-12-26 16:49:24,180 [INFO]   Recon Loss:              1177.3123
2025-12-26 16:49:24,180 [INFO]   🔥 Contrastive Loss:     13.8149
2025-12-26 16:49:24,180 [INFO]     - Self Contrast:        4.4218
2025-12-26 16:49:24,180 [INFO]     - Hard Negative:        1.2428
2025-12-26 16:49:24,180 [INFO]     - Soft Positive:        0.0000
2025-12-26 16:49:24,180 [INFO]     - Kept Edges:           0
2025-12-26 16:49:24,180 [INFO]     - Pruned Edges:         21834
2025-12-26 16:49:24,180 [INFO]   🔥 Prototype Loss:       3.0064
2025-12-26 16:49:24,180 [INFO]     - Spot-to-Prototype:    0.0946
2025-12-26 16:49:24,180 [INFO]     - Compactness:          0.0307
2025-12-26 16:49:24,180 [INFO]     - Dispersion:           0.4040
2025-12-26 16:49:24,180 [INFO]   GIB Keep Rate:           0.000
2025-12-26 16:49:24,180 [INFO]   GIB Avg Prob:            0.429
2025-12-26 16:49:24,180 [INFO]   Dispersion (θ):          51.420 ± 1.592
2025-12-26 16:49:24,180 [INFO]   Learning Rate:           0.000052
2025-12-26 16:49:24,212 [INFO] 
================================================================================
2025-12-26 16:49:24,212 [INFO] Epoch 241/300 (0.03s)
2025-12-26 16:49:24,212 [INFO] ================================================================================
2025-12-26 16:49:24,212 [INFO]   Total Loss:               1194.2948
2025-12-26 16:49:24,212 [INFO]   Recon Loss:              1177.4625
2025-12-26 16:49:24,212 [INFO]   🔥 Contrastive Loss:     13.8554
2025-12-26 16:49:24,212 [INFO]     - Self Contrast:        4.4488
2025-12-26 16:49:24,212 [INFO]     - Hard Negative:        1.2394
2025-12-26 16:49:24,212 [INFO]     - Soft Positive:        0.0000
2025-12-26 16:49:24,212 [INFO]     - Kept Edges:           0
2025-12-26 16:49:24,212 [INFO]     - Pruned Edges:         21834
2025-12-26 16:49:24,213 [INFO]   🔥 Prototype Loss:       2.9769
2025-12-26 16:49:24,213 [INFO]     - Spot-to-Prototype:    0.0932
2025-12-26 16:49:24,213 [INFO]     - Compactness:          0.0298
2025-12-26 16:49:24,213 [INFO]     - Dispersion:           0.4069
2025-12-26 16:49:24,213 [INFO]   GIB Keep Rate:           0.000
2025-12-26 16:49:24,213 [INFO]   GIB Avg Prob:            0.429
2025-12-26 16:49:24,213 [INFO]   Dispersion (θ):          51.417 ± 1.593
2025-12-26 16:49:24,213 [INFO]   Learning Rate:           0.000051
2025-12-26 16:49:24,246 [INFO] 
================================================================================
2025-12-26 16:49:24,246 [INFO] Epoch 242/300 (0.03s)
2025-12-26 16:49:24,246 [INFO] ================================================================================
2025-12-26 16:49:24,246 [INFO]   Total Loss:               1193.8824
2025-12-26 16:49:24,246 [INFO]   Recon Loss:              1177.0610
2025-12-26 16:49:24,246 [INFO]   🔥 Contrastive Loss:     13.8431
2025-12-26 16:49:24,246 [INFO]     - Self Contrast:        4.4419
2025-12-26 16:49:24,246 [INFO]     - Hard Negative:        1.2398
2025-12-26 16:49:24,246 [INFO]     - Soft Positive:        0.0000
2025-12-26 16:49:24,246 [INFO]     - Kept Edges:           0
2025-12-26 16:49:24,246 [INFO]     - Pruned Edges:         21834
2025-12-26 16:49:24,246 [INFO]   🔥 Prototype Loss:       2.9782
2025-12-26 16:49:24,246 [INFO]     - Spot-to-Prototype:    0.0928
2025-12-26 16:49:24,246 [INFO]     - Compactness:          0.0303
2025-12-26 16:49:24,246 [INFO]     - Dispersion:           0.4098
2025-12-26 16:49:24,247 [INFO]   GIB Keep Rate:           0.000
2025-12-26 16:49:24,247 [INFO]   GIB Avg Prob:            0.429
2025-12-26 16:49:24,247 [INFO]   Dispersion (θ):          51.413 ± 1.594
2025-12-26 16:49:24,247 [INFO]   Learning Rate:           0.000049
2025-12-26 16:49:24,565 [INFO] 
================================================================================
2025-12-26 16:49:24,565 [INFO] Epoch 243/300 (0.05s)
2025-12-26 16:49:24,565 [INFO] ================================================================================
2025-12-26 16:49:24,565 [INFO]   Total Loss:               1194.2375
2025-12-26 16:49:24,565 [INFO]   Recon Loss:              1177.3263
2025-12-26 16:49:24,565 [INFO]   🔥 Contrastive Loss:     13.9260
2025-12-26 16:49:24,565 [INFO]     - Self Contrast:        4.4898
2025-12-26 16:49:24,565 [INFO]     - Hard Negative:        1.2366
2025-12-26 16:49:24,565 [INFO]     - Soft Positive:        0.0000
2025-12-26 16:49:24,565 [INFO]     - Kept Edges:           0
2025-12-26 16:49:24,565 [INFO]     - Pruned Edges:         21834
2025-12-26 16:49:24,565 [INFO]   🔥 Prototype Loss:       2.9853
2025-12-26 16:49:24,565 [INFO]     - Spot-to-Prototype:    0.0931
2025-12-26 16:49:24,565 [INFO]     - Compactness:          0.0299
2025-12-26 16:49:24,566 [INFO]     - Dispersion:           0.4126
2025-12-26 16:49:24,566 [INFO]   GIB Keep Rate:           0.000
2025-12-26 16:49:24,566 [INFO]   GIB Avg Prob:            0.429
2025-12-26 16:49:24,566 [INFO]   Dispersion (θ):          51.410 ± 1.595
2025-12-26 16:49:24,566 [INFO]   Learning Rate:           0.000048
2025-12-26 16:49:24,601 [INFO] 
================================================================================
2025-12-26 16:49:24,601 [INFO] Epoch 244/300 (0.03s)
2025-12-26 16:49:24,601 [INFO] ================================================================================
2025-12-26 16:49:24,601 [INFO]   Total Loss:               1194.0133
2025-12-26 16:49:24,601 [INFO]   Recon Loss:              1177.1943
2025-12-26 16:49:24,601 [INFO]   🔥 Contrastive Loss:     13.8661
2025-12-26 16:49:24,601 [INFO]     - Self Contrast:        4.4566
2025-12-26 16:49:24,601 [INFO]     - Hard Negative:        1.2382
2025-12-26 16:49:24,601 [INFO]     - Soft Positive:        0.0000
2025-12-26 16:49:24,601 [INFO]     - Kept Edges:           0
2025-12-26 16:49:24,601 [INFO]     - Pruned Edges:         21834
2025-12-26 16:49:24,601 [INFO]   🔥 Prototype Loss:       2.9529
2025-12-26 16:49:24,601 [INFO]     - Spot-to-Prototype:    0.0910
2025-12-26 16:49:24,601 [INFO]     - Compactness:          0.0302
2025-12-26 16:49:24,601 [INFO]     - Dispersion:           0.4150
2025-12-26 16:49:24,602 [INFO]   GIB Keep Rate:           0.000
2025-12-26 16:49:24,602 [INFO]   GIB Avg Prob:            0.429
2025-12-26 16:49:24,602 [INFO]   Dispersion (θ):          51.407 ± 1.596
2025-12-26 16:49:24,602 [INFO]   Learning Rate:           0.000046
2025-12-26 16:49:24,633 [INFO] 
================================================================================
2025-12-26 16:49:24,633 [INFO] Epoch 245/300 (0.03s)
2025-12-26 16:49:24,633 [INFO] ================================================================================
2025-12-26 16:49:24,633 [INFO]   Total Loss:               1193.9026
2025-12-26 16:49:24,633 [INFO]   Recon Loss:              1177.1111
2025-12-26 16:49:24,633 [INFO]   🔥 Contrastive Loss:     13.8677
2025-12-26 16:49:24,633 [INFO]     - Self Contrast:        4.4563
2025-12-26 16:49:24,633 [INFO]     - Hard Negative:        1.2388
2025-12-26 16:49:24,633 [INFO]     - Soft Positive:        0.0000
2025-12-26 16:49:24,633 [INFO]     - Kept Edges:           0
2025-12-26 16:49:24,633 [INFO]     - Pruned Edges:         21834
2025-12-26 16:49:24,633 [INFO]   🔥 Prototype Loss:       2.9238
2025-12-26 16:49:24,633 [INFO]     - Spot-to-Prototype:    0.0892
2025-12-26 16:49:24,633 [INFO]     - Compactness:          0.0305
2025-12-26 16:49:24,633 [INFO]     - Dispersion:           0.4172
2025-12-26 16:49:24,633 [INFO]   GIB Keep Rate:           0.000
2025-12-26 16:49:24,633 [INFO]   GIB Avg Prob:            0.429
2025-12-26 16:49:24,633 [INFO]   Dispersion (θ):          51.404 ± 1.597
2025-12-26 16:49:24,633 [INFO]   Learning Rate:           0.000045
2025-12-26 16:49:24,665 [INFO] 
================================================================================
2025-12-26 16:49:24,666 [INFO] Epoch 246/300 (0.03s)
2025-12-26 16:49:24,666 [INFO] ================================================================================
2025-12-26 16:49:24,666 [INFO]   Total Loss:               1193.9308
2025-12-26 16:49:24,666 [INFO]   Recon Loss:              1177.1921
2025-12-26 16:49:24,666 [INFO]   🔥 Contrastive Loss:     13.8453
2025-12-26 16:49:24,666 [INFO]     - Self Contrast:        4.4469
2025-12-26 16:49:24,666 [INFO]     - Hard Negative:        1.2379
2025-12-26 16:49:24,666 [INFO]     - Soft Positive:        0.0000
2025-12-26 16:49:24,666 [INFO]     - Kept Edges:           0
2025-12-26 16:49:24,666 [INFO]     - Pruned Edges:         21834
2025-12-26 16:49:24,666 [INFO]   🔥 Prototype Loss:       2.8934
2025-12-26 16:49:24,666 [INFO]     - Spot-to-Prototype:    0.0873
2025-12-26 16:49:24,666 [INFO]     - Compactness:          0.0308
2025-12-26 16:49:24,666 [INFO]     - Dispersion:           0.4190
2025-12-26 16:49:24,666 [INFO]   GIB Keep Rate:           0.000
2025-12-26 16:49:24,666 [INFO]   GIB Avg Prob:            0.429
2025-12-26 16:49:24,666 [INFO]   Dispersion (θ):          51.401 ± 1.597
2025-12-26 16:49:24,667 [INFO]   Learning Rate:           0.000044
2025-12-26 16:49:24,699 [INFO] 
================================================================================
2025-12-26 16:49:24,699 [INFO] Epoch 247/300 (0.03s)
2025-12-26 16:49:24,699 [INFO] ================================================================================
2025-12-26 16:49:24,699 [INFO]   Total Loss:               1194.1357
2025-12-26 16:49:24,699 [INFO]   Recon Loss:              1177.4812
2025-12-26 16:49:24,699 [INFO]   🔥 Contrastive Loss:     13.7377
2025-12-26 16:49:24,699 [INFO]     - Self Contrast:        4.3822
2025-12-26 16:49:24,700 [INFO]     - Hard Negative:        1.2433
2025-12-26 16:49:24,700 [INFO]     - Soft Positive:        0.0000
2025-12-26 16:49:24,700 [INFO]     - Kept Edges:           0
2025-12-26 16:49:24,700 [INFO]     - Pruned Edges:         21834
2025-12-26 16:49:24,700 [INFO]   🔥 Prototype Loss:       2.9169
2025-12-26 16:49:24,700 [INFO]     - Spot-to-Prototype:    0.0888
2025-12-26 16:49:24,700 [INFO]     - Compactness:          0.0301
2025-12-26 16:49:24,700 [INFO]     - Dispersion:           0.4205
2025-12-26 16:49:24,700 [INFO]   GIB Keep Rate:           0.000
2025-12-26 16:49:24,700 [INFO]   GIB Avg Prob:            0.429
2025-12-26 16:49:24,700 [INFO]   Dispersion (θ):          51.399 ± 1.598
2025-12-26 16:49:24,700 [INFO]   Learning Rate:           0.000042
2025-12-26 16:49:24,732 [INFO] 
================================================================================
2025-12-26 16:49:24,733 [INFO] Epoch 248/300 (0.03s)
2025-12-26 16:49:24,733 [INFO] ================================================================================
2025-12-26 16:49:24,733 [INFO]   Total Loss:               1193.8156
2025-12-26 16:49:24,733 [INFO]   Recon Loss:              1177.1454
2025-12-26 16:49:24,733 [INFO]   🔥 Contrastive Loss:     13.7875
2025-12-26 16:49:24,733 [INFO]     - Self Contrast:        4.4197
2025-12-26 16:49:24,733 [INFO]     - Hard Negative:        1.2370
2025-12-26 16:49:24,733 [INFO]     - Soft Positive:        0.0000
2025-12-26 16:49:24,733 [INFO]     - Kept Edges:           0
2025-12-26 16:49:24,733 [INFO]     - Pruned Edges:         21834
2025-12-26 16:49:24,733 [INFO]   🔥 Prototype Loss:       2.8827
2025-12-26 16:49:24,733 [INFO]     - Spot-to-Prototype:    0.0868
2025-12-26 16:49:24,733 [INFO]     - Compactness:          0.0304
2025-12-26 16:49:24,733 [INFO]     - Dispersion:           0.4216
2025-12-26 16:49:24,733 [INFO]   GIB Keep Rate:           0.000
2025-12-26 16:49:24,733 [INFO]   GIB Avg Prob:            0.429
2025-12-26 16:49:24,733 [INFO]   Dispersion (θ):          51.396 ± 1.599
2025-12-26 16:49:24,733 [INFO]   Learning Rate:           0.000041
2025-12-26 16:49:25,094 [INFO] 
================================================================================
2025-12-26 16:49:25,094 [INFO] Epoch 249/300 (0.05s)
2025-12-26 16:49:25,094 [INFO] ================================================================================
2025-12-26 16:49:25,095 [INFO]   Total Loss:               1193.5996
2025-12-26 16:49:25,095 [INFO]   Recon Loss:              1176.9578
2025-12-26 16:49:25,095 [INFO]   🔥 Contrastive Loss:     13.8240
2025-12-26 16:49:25,095 [INFO]     - Self Contrast:        4.4386
2025-12-26 16:49:25,095 [INFO]     - Hard Negative:        1.2367
2025-12-26 16:49:25,095 [INFO]     - Soft Positive:        0.0000
2025-12-26 16:49:25,095 [INFO]     - Kept Edges:           0
2025-12-26 16:49:25,095 [INFO]     - Pruned Edges:         21834
2025-12-26 16:49:25,095 [INFO]   🔥 Prototype Loss:       2.8179
2025-12-26 16:49:25,095 [INFO]     - Spot-to-Prototype:    0.0834
2025-12-26 16:49:25,095 [INFO]     - Compactness:          0.0304
2025-12-26 16:49:25,095 [INFO]     - Dispersion:           0.4224
2025-12-26 16:49:25,095 [INFO]   GIB Keep Rate:           0.000
2025-12-26 16:49:25,095 [INFO]   GIB Avg Prob:            0.429
2025-12-26 16:49:25,095 [INFO]   Dispersion (θ):          51.394 ± 1.600
2025-12-26 16:49:25,095 [INFO]   Learning Rate:           0.000039
2025-12-26 16:49:25,505 [INFO] 
================================================================================
2025-12-26 16:49:25,505 [INFO] Epoch 250/300 (0.05s)
2025-12-26 16:49:25,505 [INFO] ================================================================================
2025-12-26 16:49:25,505 [INFO]   Total Loss:               1193.7256
2025-12-26 16:49:25,505 [INFO]   Recon Loss:              1177.0885
2025-12-26 16:49:25,505 [INFO]   🔥 Contrastive Loss:     13.8029
2025-12-26 16:49:25,506 [INFO]     - Self Contrast:        4.4225
2025-12-26 16:49:25,506 [INFO]     - Hard Negative:        1.2394
2025-12-26 16:49:25,506 [INFO]     - Soft Positive:        0.0000
2025-12-26 16:49:25,506 [INFO]     - Kept Edges:           0
2025-12-26 16:49:25,506 [INFO]     - Pruned Edges:         21834
2025-12-26 16:49:25,506 [INFO]   🔥 Prototype Loss:       2.8342
2025-12-26 16:49:25,506 [INFO]     - Spot-to-Prototype:    0.0838
2025-12-26 16:49:25,506 [INFO]     - Compactness:          0.0312
2025-12-26 16:49:25,506 [INFO]     - Dispersion:           0.4227
2025-12-26 16:49:25,506 [INFO]   GIB Keep Rate:           0.000
2025-12-26 16:49:25,506 [INFO]   GIB Avg Prob:            0.429
2025-12-26 16:49:25,506 [INFO]   Dispersion (θ):          51.391 ± 1.600
2025-12-26 16:49:25,506 [INFO]   Learning Rate:           0.000038
2025-12-26 16:49:25,541 [INFO] 
================================================================================
2025-12-26 16:49:25,541 [INFO] Epoch 251/300 (0.03s)
2025-12-26 16:49:25,541 [INFO] ================================================================================
2025-12-26 16:49:25,541 [INFO]   Total Loss:               1193.5166
2025-12-26 16:49:25,541 [INFO]   Recon Loss:              1176.9576
2025-12-26 16:49:25,541 [INFO]   🔥 Contrastive Loss:     13.7838
2025-12-26 16:49:25,541 [INFO]     - Self Contrast:        4.4157
2025-12-26 16:49:25,541 [INFO]     - Hard Negative:        1.2381
2025-12-26 16:49:25,541 [INFO]     - Soft Positive:        0.0000
2025-12-26 16:49:25,541 [INFO]     - Kept Edges:           0
2025-12-26 16:49:25,541 [INFO]     - Pruned Edges:         21834
2025-12-26 16:49:25,541 [INFO]   🔥 Prototype Loss:       2.7751
2025-12-26 16:49:25,541 [INFO]     - Spot-to-Prototype:    0.0813
2025-12-26 16:49:25,542 [INFO]     - Compactness:          0.0303
2025-12-26 16:49:25,542 [INFO]     - Dispersion:           0.4229
2025-12-26 16:49:25,542 [INFO]   GIB Keep Rate:           0.000
2025-12-26 16:49:25,542 [INFO]   GIB Avg Prob:            0.429
2025-12-26 16:49:25,542 [INFO]   Dispersion (θ):          51.389 ± 1.601
2025-12-26 16:49:25,542 [INFO]   Learning Rate:           0.000037
2025-12-26 16:49:25,880 [INFO] 
================================================================================
2025-12-26 16:49:25,880 [INFO] Epoch 252/300 (0.05s)
2025-12-26 16:49:25,881 [INFO] ================================================================================
2025-12-26 16:49:25,881 [INFO]   Total Loss:               1193.4354
2025-12-26 16:49:25,881 [INFO]   Recon Loss:              1176.9569
2025-12-26 16:49:25,881 [INFO]   🔥 Contrastive Loss:     13.7397
2025-12-26 16:49:25,881 [INFO]     - Self Contrast:        4.3879
2025-12-26 16:49:25,881 [INFO]     - Hard Negative:        1.2410
2025-12-26 16:49:25,881 [INFO]     - Soft Positive:        0.0000
2025-12-26 16:49:25,881 [INFO]     - Kept Edges:           0
2025-12-26 16:49:25,881 [INFO]     - Pruned Edges:         21834
2025-12-26 16:49:25,881 [INFO]   🔥 Prototype Loss:       2.7389
2025-12-26 16:49:25,881 [INFO]     - Spot-to-Prototype:    0.0795
2025-12-26 16:49:25,881 [INFO]     - Compactness:          0.0304
2025-12-26 16:49:25,881 [INFO]     - Dispersion:           0.4227
2025-12-26 16:49:25,881 [INFO]   GIB Keep Rate:           0.000
2025-12-26 16:49:25,881 [INFO]   GIB Avg Prob:            0.429
2025-12-26 16:49:25,881 [INFO]   Dispersion (θ):          51.387 ± 1.602
2025-12-26 16:49:25,881 [INFO]   Learning Rate:           0.000036
2025-12-26 16:49:26,304 [INFO] 
================================================================================
2025-12-26 16:49:26,305 [INFO] Epoch 253/300 (0.05s)
2025-12-26 16:49:26,305 [INFO] ================================================================================
2025-12-26 16:49:26,305 [INFO]   Total Loss:               1193.2255
2025-12-26 16:49:26,305 [INFO]   Recon Loss:              1176.8638
2025-12-26 16:49:26,305 [INFO]   🔥 Contrastive Loss:     13.7524
2025-12-26 16:49:26,305 [INFO]     - Self Contrast:        4.4013
2025-12-26 16:49:26,305 [INFO]     - Hard Negative:        1.2375
2025-12-26 16:49:26,305 [INFO]     - Soft Positive:        0.0000
2025-12-26 16:49:26,305 [INFO]     - Kept Edges:           0
2025-12-26 16:49:26,305 [INFO]     - Pruned Edges:         21834
2025-12-26 16:49:26,305 [INFO]   🔥 Prototype Loss:       2.6092
2025-12-26 16:49:26,305 [INFO]     - Spot-to-Prototype:    0.0727
2025-12-26 16:49:26,305 [INFO]     - Compactness:          0.0311
2025-12-26 16:49:26,305 [INFO]     - Dispersion:           0.4221
2025-12-26 16:49:26,305 [INFO]   GIB Keep Rate:           0.000
2025-12-26 16:49:26,305 [INFO]   GIB Avg Prob:            0.429
2025-12-26 16:49:26,305 [INFO]   Dispersion (θ):          51.385 ± 1.602
2025-12-26 16:49:26,305 [INFO]   Learning Rate:           0.000034
2025-12-26 16:49:26,696 [INFO] 
================================================================================
2025-12-26 16:49:26,696 [INFO] Epoch 254/300 (0.05s)
2025-12-26 16:49:26,696 [INFO] ================================================================================
2025-12-26 16:49:26,696 [INFO]   Total Loss:               1193.4230
2025-12-26 16:49:26,696 [INFO]   Recon Loss:              1176.9828
2025-12-26 16:49:26,696 [INFO]   🔥 Contrastive Loss:     13.8441
2025-12-26 16:49:26,696 [INFO]     - Self Contrast:        4.4474
2025-12-26 16:49:26,696 [INFO]     - Hard Negative:        1.2373
2025-12-26 16:49:26,696 [INFO]     - Soft Positive:        0.0000
2025-12-26 16:49:26,696 [INFO]     - Kept Edges:           0
2025-12-26 16:49:26,697 [INFO]     - Pruned Edges:         21834
2025-12-26 16:49:26,697 [INFO]   🔥 Prototype Loss:       2.5960
2025-12-26 16:49:26,697 [INFO]     - Spot-to-Prototype:    0.0727
2025-12-26 16:49:26,697 [INFO]     - Compactness:          0.0300
2025-12-26 16:49:26,697 [INFO]     - Dispersion:           0.4212
2025-12-26 16:49:26,697 [INFO]   GIB Keep Rate:           0.000
2025-12-26 16:49:26,697 [INFO]   GIB Avg Prob:            0.429
2025-12-26 16:49:26,697 [INFO]   Dispersion (θ):          51.383 ± 1.603
2025-12-26 16:49:26,697 [INFO]   Learning Rate:           0.000033
2025-12-26 16:49:26,730 [INFO] 
================================================================================
2025-12-26 16:49:26,730 [INFO] Epoch 255/300 (0.03s)
2025-12-26 16:49:26,730 [INFO] ================================================================================
2025-12-26 16:49:26,731 [INFO]   Total Loss:               1193.3452
2025-12-26 16:49:26,731 [INFO]   Recon Loss:              1177.0682
2025-12-26 16:49:26,731 [INFO]   🔥 Contrastive Loss:     13.7918
2025-12-26 16:49:26,731 [INFO]     - Self Contrast:        4.4202
2025-12-26 16:49:26,731 [INFO]     - Hard Negative:        1.2379
2025-12-26 16:49:26,731 [INFO]     - Soft Positive:        0.0000
2025-12-26 16:49:26,731 [INFO]     - Kept Edges:           0
2025-12-26 16:49:26,731 [INFO]     - Pruned Edges:         21834
2025-12-26 16:49:26,731 [INFO]   🔥 Prototype Loss:       2.4851
2025-12-26 16:49:26,731 [INFO]     - Spot-to-Prototype:    0.0670
2025-12-26 16:49:26,731 [INFO]     - Compactness:          0.0304
2025-12-26 16:49:26,731 [INFO]     - Dispersion:           0.4201
2025-12-26 16:49:26,731 [INFO]   GIB Keep Rate:           0.000
2025-12-26 16:49:26,731 [INFO]   GIB Avg Prob:            0.429
2025-12-26 16:49:26,731 [INFO]   Dispersion (θ):          51.382 ± 1.603
2025-12-26 16:49:26,731 [INFO]   Learning Rate:           0.000032
2025-12-26 16:49:26,765 [INFO] 
================================================================================
2025-12-26 16:49:26,765 [INFO] Epoch 256/300 (0.03s)
2025-12-26 16:49:26,765 [INFO] ================================================================================
2025-12-26 16:49:26,765 [INFO]   Total Loss:               1193.1403
2025-12-26 16:49:26,765 [INFO]   Recon Loss:              1176.9259
2025-12-26 16:49:26,765 [INFO]   🔥 Contrastive Loss:     13.7871
2025-12-26 16:49:26,765 [INFO]     - Self Contrast:        4.4129
2025-12-26 16:49:26,765 [INFO]     - Hard Negative:        1.2404
2025-12-26 16:49:26,765 [INFO]     - Soft Positive:        0.0000
2025-12-26 16:49:26,765 [INFO]     - Kept Edges:           0
2025-12-26 16:49:26,765 [INFO]     - Pruned Edges:         21834
2025-12-26 16:49:26,765 [INFO]   🔥 Prototype Loss:       2.4273
2025-12-26 16:49:26,765 [INFO]     - Spot-to-Prototype:    0.0610
2025-12-26 16:49:26,765 [INFO]     - Compactness:          0.0369
2025-12-26 16:49:26,765 [INFO]     - Dispersion:           0.4186
2025-12-26 16:49:26,765 [INFO]   GIB Keep Rate:           0.000
2025-12-26 16:49:26,765 [INFO]   GIB Avg Prob:            0.429
2025-12-26 16:49:26,765 [INFO]   Dispersion (θ):          51.380 ± 1.604
2025-12-26 16:49:26,765 [INFO]   Learning Rate:           0.000031
2025-12-26 16:49:27,088 [INFO] 
================================================================================
2025-12-26 16:49:27,089 [INFO] Epoch 257/300 (0.05s)
2025-12-26 16:49:27,089 [INFO] ================================================================================
2025-12-26 16:49:27,089 [INFO]   Total Loss:               1192.8760
2025-12-26 16:49:27,089 [INFO]   Recon Loss:              1176.9512
2025-12-26 16:49:27,089 [INFO]   🔥 Contrastive Loss:     13.6975
2025-12-26 16:49:27,089 [INFO]     - Self Contrast:        4.3619
2025-12-26 16:49:27,089 [INFO]     - Hard Negative:        1.2434
2025-12-26 16:49:27,089 [INFO]     - Soft Positive:        0.0000
2025-12-26 16:49:27,089 [INFO]     - Kept Edges:           0
2025-12-26 16:49:27,089 [INFO]     - Pruned Edges:         21834
2025-12-26 16:49:27,089 [INFO]   🔥 Prototype Loss:       2.2273
2025-12-26 16:49:27,089 [INFO]     - Spot-to-Prototype:    0.0507
2025-12-26 16:49:27,089 [INFO]     - Compactness:          0.0379
2025-12-26 16:49:27,089 [INFO]     - Dispersion:           0.4168
2025-12-26 16:49:27,089 [INFO]   GIB Keep Rate:           0.000
2025-12-26 16:49:27,089 [INFO]   GIB Avg Prob:            0.429
2025-12-26 16:49:27,089 [INFO]   Dispersion (θ):          51.379 ± 1.604
2025-12-26 16:49:27,089 [INFO]   Learning Rate:           0.000030
2025-12-26 16:49:27,521 [INFO] 
================================================================================
2025-12-26 16:49:27,576 [INFO] Epoch 258/300 (0.05s)
2025-12-26 16:49:27,576 [INFO] ================================================================================
2025-12-26 16:49:27,576 [INFO]   Total Loss:               1192.9816
2025-12-26 16:49:27,576 [INFO]   Recon Loss:              1177.1135
2025-12-26 16:49:27,576 [INFO]   🔥 Contrastive Loss:     13.7739
2025-12-26 16:49:27,577 [INFO]     - Self Contrast:        4.4058
2025-12-26 16:49:27,577 [INFO]     - Hard Negative:        1.2406
2025-12-26 16:49:27,577 [INFO]     - Soft Positive:        0.0000
2025-12-26 16:49:27,577 [INFO]     - Kept Edges:           0
2025-12-26 16:49:27,577 [INFO]     - Pruned Edges:         21834
2025-12-26 16:49:27,577 [INFO]   🔥 Prototype Loss:       2.0942
2025-12-26 16:49:27,577 [INFO]     - Spot-to-Prototype:    0.0446
2025-12-26 16:49:27,577 [INFO]     - Compactness:          0.0372
2025-12-26 16:49:27,577 [INFO]     - Dispersion:           0.4148
2025-12-26 16:49:27,578 [INFO]   GIB Keep Rate:           0.000
2025-12-26 16:49:27,578 [INFO]   GIB Avg Prob:            0.429
2025-12-26 16:49:27,578 [INFO]   Dispersion (θ):          51.377 ± 1.605
2025-12-26 16:49:27,578 [INFO]   Learning Rate:           0.000029
2025-12-26 16:49:27,619 [INFO] 
================================================================================
2025-12-26 16:49:27,619 [INFO] Epoch 259/300 (0.04s)
2025-12-26 16:49:27,619 [INFO] ================================================================================
2025-12-26 16:49:27,619 [INFO]   Total Loss:               1192.5342
2025-12-26 16:49:27,620 [INFO]   Recon Loss:              1176.8773
2025-12-26 16:49:27,620 [INFO]   🔥 Contrastive Loss:     13.8117
2025-12-26 16:49:27,620 [INFO]     - Self Contrast:        4.4289
2025-12-26 16:49:27,620 [INFO]     - Hard Negative:        1.2385
2025-12-26 16:49:27,620 [INFO]     - Soft Positive:        0.0000
2025-12-26 16:49:27,620 [INFO]     - Kept Edges:           0
2025-12-26 16:49:27,620 [INFO]     - Pruned Edges:         21834
2025-12-26 16:49:27,620 [INFO]   🔥 Prototype Loss:       1.8451
2025-12-26 16:49:27,620 [INFO]     - Spot-to-Prototype:    0.0360
2025-12-26 16:49:27,620 [INFO]     - Compactness:          0.0301
2025-12-26 16:49:27,620 [INFO]     - Dispersion:           0.4125
2025-12-26 16:49:27,620 [INFO]   GIB Keep Rate:           0.000
2025-12-26 16:49:27,620 [INFO]   GIB Avg Prob:            0.429
2025-12-26 16:49:27,620 [INFO]   Dispersion (θ):          51.376 ± 1.605
2025-12-26 16:49:27,620 [INFO]   Learning Rate:           0.000027
2025-12-26 16:49:28,054 [INFO] 
================================================================================
2025-12-26 16:49:28,054 [INFO] Epoch 260/300 (0.05s)
2025-12-26 16:49:28,054 [INFO] ================================================================================
2025-12-26 16:49:28,054 [INFO]   Total Loss:               1192.5277
2025-12-26 16:49:28,054 [INFO]   Recon Loss:              1177.0015
2025-12-26 16:49:28,054 [INFO]   🔥 Contrastive Loss:     13.8102
2025-12-26 16:49:28,054 [INFO]     - Self Contrast:        4.4192
2025-12-26 16:49:28,054 [INFO]     - Hard Negative:        1.2429
2025-12-26 16:49:28,054 [INFO]     - Soft Positive:        0.0000
2025-12-26 16:49:28,054 [INFO]     - Kept Edges:           0
2025-12-26 16:49:28,054 [INFO]     - Pruned Edges:         21834
2025-12-26 16:49:28,055 [INFO]   🔥 Prototype Loss:       1.7161
2025-12-26 16:49:28,055 [INFO]     - Spot-to-Prototype:    0.0263
2025-12-26 16:49:28,055 [INFO]     - Compactness:          0.0370
2025-12-26 16:49:28,055 [INFO]     - Dispersion:           0.4102
2025-12-26 16:49:28,055 [INFO]   GIB Keep Rate:           0.000
2025-12-26 16:49:28,055 [INFO]   GIB Avg Prob:            0.429
2025-12-26 16:49:28,055 [INFO]   Dispersion (θ):          51.375 ± 1.605
2025-12-26 16:49:28,055 [INFO]   Learning Rate:           0.000026
2025-12-26 16:49:28,440 [INFO] 
================================================================================
2025-12-26 16:49:28,440 [INFO] Epoch 261/300 (0.05s)
2025-12-26 16:49:28,440 [INFO] ================================================================================
2025-12-26 16:49:28,440 [INFO]   Total Loss:               1192.3781
2025-12-26 16:49:28,440 [INFO]   Recon Loss:              1176.9409
2025-12-26 16:49:28,441 [INFO]   🔥 Contrastive Loss:     13.7649
2025-12-26 16:49:28,441 [INFO]     - Self Contrast:        4.4028
2025-12-26 16:49:28,441 [INFO]     - Hard Negative:        1.2398
2025-12-26 16:49:28,441 [INFO]     - Soft Positive:        0.0000
2025-12-26 16:49:28,441 [INFO]     - Kept Edges:           0
2025-12-26 16:49:28,441 [INFO]     - Pruned Edges:         21834
2025-12-26 16:49:28,441 [INFO]   🔥 Prototype Loss:       1.6722
2025-12-26 16:49:28,441 [INFO]     - Spot-to-Prototype:    0.0248
2025-12-26 16:49:28,441 [INFO]     - Compactness:          0.0360
2025-12-26 16:49:28,441 [INFO]     - Dispersion:           0.4081
2025-12-26 16:49:28,441 [INFO]   GIB Keep Rate:           0.000
2025-12-26 16:49:28,441 [INFO]   GIB Avg Prob:            0.429
2025-12-26 16:49:28,441 [INFO]   Dispersion (θ):          51.374 ± 1.606
2025-12-26 16:49:28,441 [INFO]   Learning Rate:           0.000025
2025-12-26 16:49:28,849 [INFO] 
================================================================================
2025-12-26 16:49:28,849 [INFO] Epoch 262/300 (0.05s)
2025-12-26 16:49:28,849 [INFO] ================================================================================
2025-12-26 16:49:28,849 [INFO]   Total Loss:               1192.3799
2025-12-26 16:49:28,849 [INFO]   Recon Loss:              1176.9976
2025-12-26 16:49:28,849 [INFO]   🔥 Contrastive Loss:     13.7607
2025-12-26 16:49:28,849 [INFO]     - Self Contrast:        4.4000
2025-12-26 16:49:28,849 [INFO]     - Hard Negative:        1.2401
2025-12-26 16:49:28,849 [INFO]     - Soft Positive:        0.0000
2025-12-26 16:49:28,849 [INFO]     - Kept Edges:           0
2025-12-26 16:49:28,850 [INFO]     - Pruned Edges:         21834
2025-12-26 16:49:28,850 [INFO]   🔥 Prototype Loss:       1.6217
2025-12-26 16:49:28,850 [INFO]     - Spot-to-Prototype:    0.0220
2025-12-26 16:49:28,850 [INFO]     - Compactness:          0.0369
2025-12-26 16:49:28,850 [INFO]     - Dispersion:           0.4061
2025-12-26 16:49:28,850 [INFO]   GIB Keep Rate:           0.000
2025-12-26 16:49:28,850 [INFO]   GIB Avg Prob:            0.429
2025-12-26 16:49:28,850 [INFO]   Dispersion (θ):          51.373 ± 1.606
2025-12-26 16:49:28,850 [INFO]   Learning Rate:           0.000024
2025-12-26 16:49:28,885 [INFO] 
================================================================================
2025-12-26 16:49:28,885 [INFO] Epoch 263/300 (0.03s)
2025-12-26 16:49:28,885 [INFO] ================================================================================
2025-12-26 16:49:28,885 [INFO]   Total Loss:               1192.5670
2025-12-26 16:49:28,885 [INFO]   Recon Loss:              1177.1061
2025-12-26 16:49:28,885 [INFO]   🔥 Contrastive Loss:     13.8829
2025-12-26 16:49:28,885 [INFO]     - Self Contrast:        4.4431
2025-12-26 16:49:28,886 [INFO]     - Hard Negative:        1.2379
2025-12-26 16:49:28,886 [INFO]     - Soft Positive:        0.0451
2025-12-26 16:49:28,886 [INFO]     - Kept Edges:           1
2025-12-26 16:49:28,886 [INFO]     - Pruned Edges:         21833
2025-12-26 16:49:28,886 [INFO]   🔥 Prototype Loss:       1.5781
2025-12-26 16:49:28,886 [INFO]     - Spot-to-Prototype:    0.0206
2025-12-26 16:49:28,886 [INFO]     - Compactness:          0.0359
2025-12-26 16:49:28,886 [INFO]     - Dispersion:           0.4039
2025-12-26 16:49:28,886 [INFO]   GIB Keep Rate:           0.000
2025-12-26 16:49:28,886 [INFO]   GIB Avg Prob:            0.429
2025-12-26 16:49:28,886 [INFO]   Dispersion (θ):          51.372 ± 1.606
2025-12-26 16:49:28,886 [INFO]   Learning Rate:           0.000023
2025-12-26 16:49:28,923 [INFO] 
================================================================================
2025-12-26 16:49:28,923 [INFO] Epoch 264/300 (0.04s)
2025-12-26 16:49:28,923 [INFO] ================================================================================
2025-12-26 16:49:28,923 [INFO]   Total Loss:               1192.1860
2025-12-26 16:49:28,924 [INFO]   Recon Loss:              1176.9240
2025-12-26 16:49:28,924 [INFO]   🔥 Contrastive Loss:     13.7416
2025-12-26 16:49:28,924 [INFO]     - Self Contrast:        4.3902
2025-12-26 16:49:28,924 [INFO]     - Hard Negative:        1.2403
2025-12-26 16:49:28,924 [INFO]     - Soft Positive:        0.0000
2025-12-26 16:49:28,924 [INFO]     - Kept Edges:           0
2025-12-26 16:49:28,924 [INFO]     - Pruned Edges:         21834
2025-12-26 16:49:28,924 [INFO]   🔥 Prototype Loss:       1.5205
2025-12-26 16:49:28,924 [INFO]     - Spot-to-Prototype:    0.0188
2025-12-26 16:49:28,924 [INFO]     - Compactness:          0.0342
2025-12-26 16:49:28,924 [INFO]     - Dispersion:           0.4016
2025-12-26 16:49:28,924 [INFO]   GIB Keep Rate:           0.000
2025-12-26 16:49:28,924 [INFO]   GIB Avg Prob:            0.429
2025-12-26 16:49:28,924 [INFO]   Dispersion (θ):          51.371 ± 1.606
2025-12-26 16:49:28,924 [INFO]   Learning Rate:           0.000022
2025-12-26 16:49:29,265 [INFO] 
================================================================================
2025-12-26 16:49:29,265 [INFO] Epoch 265/300 (0.05s)
2025-12-26 16:49:29,265 [INFO] ================================================================================
2025-12-26 16:49:29,265 [INFO]   Total Loss:               1192.4884
2025-12-26 16:49:29,265 [INFO]   Recon Loss:              1177.0566
2025-12-26 16:49:29,265 [INFO]   🔥 Contrastive Loss:     13.8083
2025-12-26 16:49:29,265 [INFO]     - Self Contrast:        4.4256
2025-12-26 16:49:29,265 [INFO]     - Hard Negative:        1.2393
2025-12-26 16:49:29,266 [INFO]     - Soft Positive:        0.0000
2025-12-26 16:49:29,266 [INFO]     - Kept Edges:           0
2025-12-26 16:49:29,266 [INFO]     - Pruned Edges:         21834
2025-12-26 16:49:29,266 [INFO]   🔥 Prototype Loss:       1.6236
2025-12-26 16:49:29,266 [INFO]     - Spot-to-Prototype:    0.0185
2025-12-26 16:49:29,266 [INFO]     - Compactness:          0.0455
2025-12-26 16:49:29,266 [INFO]     - Dispersion:           0.3995
2025-12-26 16:49:29,266 [INFO]   GIB Keep Rate:           0.000
2025-12-26 16:49:29,266 [INFO]   GIB Avg Prob:            0.429
2025-12-26 16:49:29,266 [INFO]   Dispersion (θ):          51.370 ± 1.607
2025-12-26 16:49:29,266 [INFO]   Learning Rate:           0.000021
2025-12-26 16:49:29,298 [INFO] 
================================================================================
2025-12-26 16:49:29,299 [INFO] Epoch 266/300 (0.03s)
2025-12-26 16:49:29,299 [INFO] ================================================================================
2025-12-26 16:49:29,299 [INFO]   Total Loss:               1192.4670
2025-12-26 16:49:29,299 [INFO]   Recon Loss:              1176.9833
2025-12-26 16:49:29,299 [INFO]   🔥 Contrastive Loss:     13.8209
2025-12-26 16:49:29,299 [INFO]     - Self Contrast:        4.4361
2025-12-26 16:49:29,299 [INFO]     - Hard Negative:        1.2372
2025-12-26 16:49:29,299 [INFO]     - Soft Positive:        0.0000
2025-12-26 16:49:29,299 [INFO]     - Kept Edges:           0
2025-12-26 16:49:29,299 [INFO]     - Pruned Edges:         21834
2025-12-26 16:49:29,299 [INFO]   🔥 Prototype Loss:       1.6628
2025-12-26 16:49:29,299 [INFO]     - Spot-to-Prototype:    0.0206
2025-12-26 16:49:29,299 [INFO]     - Compactness:          0.0456
2025-12-26 16:49:29,299 [INFO]     - Dispersion:           0.3974
2025-12-26 16:49:29,299 [INFO]   GIB Keep Rate:           0.000
2025-12-26 16:49:29,299 [INFO]   GIB Avg Prob:            0.429
2025-12-26 16:49:29,299 [INFO]   Dispersion (θ):          51.370 ± 1.607
2025-12-26 16:49:29,299 [INFO]   Learning Rate:           0.000021
2025-12-26 16:49:29,330 [INFO] 
================================================================================
2025-12-26 16:49:29,331 [INFO] Epoch 267/300 (0.03s)
2025-12-26 16:49:29,331 [INFO] ================================================================================
2025-12-26 16:49:29,331 [INFO]   Total Loss:               1192.5996
2025-12-26 16:49:29,331 [INFO]   Recon Loss:              1177.1123
2025-12-26 16:49:29,331 [INFO]   🔥 Contrastive Loss:     13.7963
2025-12-26 16:49:29,331 [INFO]     - Self Contrast:        4.4208
2025-12-26 16:49:29,331 [INFO]     - Hard Negative:        1.2387
2025-12-26 16:49:29,331 [INFO]     - Soft Positive:        0.0000
2025-12-26 16:49:29,331 [INFO]     - Kept Edges:           0
2025-12-26 16:49:29,331 [INFO]     - Pruned Edges:         21834
2025-12-26 16:49:29,331 [INFO]   🔥 Prototype Loss:       1.6910
2025-12-26 16:49:29,331 [INFO]     - Spot-to-Prototype:    0.0223
2025-12-26 16:49:29,331 [INFO]     - Compactness:          0.0454
2025-12-26 16:49:29,331 [INFO]     - Dispersion:           0.3950
2025-12-26 16:49:29,331 [INFO]   GIB Keep Rate:           0.000
2025-12-26 16:49:29,331 [INFO]   GIB Avg Prob:            0.429
2025-12-26 16:49:29,331 [INFO]   Dispersion (θ):          51.369 ± 1.607
2025-12-26 16:49:29,331 [INFO]   Learning Rate:           0.000020
2025-12-26 16:49:29,362 [INFO] 
================================================================================
2025-12-26 16:49:29,362 [INFO] Epoch 268/300 (0.03s)
2025-12-26 16:49:29,362 [INFO] ================================================================================
2025-12-26 16:49:29,362 [INFO]   Total Loss:               1192.5328
2025-12-26 16:49:29,362 [INFO]   Recon Loss:              1177.0267
2025-12-26 16:49:29,362 [INFO]   🔥 Contrastive Loss:     13.8183
2025-12-26 16:49:29,362 [INFO]     - Self Contrast:        4.4334
2025-12-26 16:49:29,362 [INFO]     - Hard Negative:        1.2379
2025-12-26 16:49:29,362 [INFO]     - Soft Positive:        0.0000
2025-12-26 16:49:29,362 [INFO]     - Kept Edges:           0
2025-12-26 16:49:29,362 [INFO]     - Pruned Edges:         21834
2025-12-26 16:49:29,362 [INFO]   🔥 Prototype Loss:       1.6878
2025-12-26 16:49:29,363 [INFO]     - Spot-to-Prototype:    0.0226
2025-12-26 16:49:29,363 [INFO]     - Compactness:          0.0449
2025-12-26 16:49:29,363 [INFO]     - Dispersion:           0.3929
2025-12-26 16:49:29,363 [INFO]   GIB Keep Rate:           0.000
2025-12-26 16:49:29,363 [INFO]   GIB Avg Prob:            0.429
2025-12-26 16:49:29,363 [INFO]   Dispersion (θ):          51.368 ± 1.607
2025-12-26 16:49:29,363 [INFO]   Learning Rate:           0.000019
2025-12-26 16:49:29,394 [INFO] 
================================================================================
2025-12-26 16:49:29,394 [INFO] Epoch 269/300 (0.03s)
2025-12-26 16:49:29,394 [INFO] ================================================================================
2025-12-26 16:49:29,394 [INFO]   Total Loss:               1192.6597
2025-12-26 16:49:29,394 [INFO]   Recon Loss:              1177.0509
2025-12-26 16:49:29,394 [INFO]   🔥 Contrastive Loss:     13.8869
2025-12-26 16:49:29,394 [INFO]     - Self Contrast:        4.4494
2025-12-26 16:49:29,394 [INFO]     - Hard Negative:        1.2375
2025-12-26 16:49:29,394 [INFO]     - Soft Positive:        0.0383
2025-12-26 16:49:29,394 [INFO]     - Kept Edges:           1
2025-12-26 16:49:29,394 [INFO]     - Pruned Edges:         21833
2025-12-26 16:49:29,394 [INFO]   🔥 Prototype Loss:       1.7220
2025-12-26 16:49:29,394 [INFO]     - Spot-to-Prototype:    0.0247
2025-12-26 16:49:29,394 [INFO]     - Compactness:          0.0444
2025-12-26 16:49:29,394 [INFO]     - Dispersion:           0.3918
2025-12-26 16:49:29,394 [INFO]   GIB Keep Rate:           0.000
2025-12-26 16:49:29,394 [INFO]   GIB Avg Prob:            0.429
2025-12-26 16:49:29,394 [INFO]   Dispersion (θ):          51.367 ± 1.608
2025-12-26 16:49:29,394 [INFO]   Learning Rate:           0.000018
2025-12-26 16:49:29,426 [INFO] 
================================================================================
2025-12-26 16:49:29,426 [INFO] Epoch 270/300 (0.03s)
2025-12-26 16:49:29,426 [INFO] ================================================================================
2025-12-26 16:49:29,426 [INFO]   Total Loss:               1192.6382
2025-12-26 16:49:29,426 [INFO]   Recon Loss:              1176.9746
2025-12-26 16:49:29,426 [INFO]   🔥 Contrastive Loss:     13.9000
2025-12-26 16:49:29,427 [INFO]     - Self Contrast:        4.4638
2025-12-26 16:49:29,427 [INFO]     - Hard Negative:        1.2345
2025-12-26 16:49:29,427 [INFO]     - Soft Positive:        0.0346
2025-12-26 16:49:29,427 [INFO]     - Kept Edges:           1
2025-12-26 16:49:29,427 [INFO]     - Pruned Edges:         21833
2025-12-26 16:49:29,427 [INFO]   🔥 Prototype Loss:       1.7636
2025-12-26 16:49:29,427 [INFO]     - Spot-to-Prototype:    0.0269
2025-12-26 16:49:29,427 [INFO]     - Compactness:          0.0444
2025-12-26 16:49:29,427 [INFO]     - Dispersion:           0.3911
2025-12-26 16:49:29,427 [INFO]   GIB Keep Rate:           0.000
2025-12-26 16:49:29,427 [INFO]   GIB Avg Prob:            0.429
2025-12-26 16:49:29,427 [INFO]   Dispersion (θ):          51.366 ± 1.608
2025-12-26 16:49:29,427 [INFO]   Learning Rate:           0.000017
2025-12-26 16:49:29,459 [INFO] 
================================================================================
2025-12-26 16:49:29,459 [INFO] Epoch 271/300 (0.03s)
2025-12-26 16:49:29,459 [INFO] ================================================================================
2025-12-26 16:49:29,459 [INFO]   Total Loss:               1192.5695
2025-12-26 16:49:29,459 [INFO]   Recon Loss:              1176.9036
2025-12-26 16:49:29,459 [INFO]   🔥 Contrastive Loss:     13.8647
2025-12-26 16:49:29,459 [INFO]     - Self Contrast:        4.4584
2025-12-26 16:49:29,459 [INFO]     - Hard Negative:        1.2370
2025-12-26 16:49:29,459 [INFO]     - Soft Positive:        0.0000
2025-12-26 16:49:29,459 [INFO]     - Kept Edges:           0
2025-12-26 16:49:29,459 [INFO]     - Pruned Edges:         21834
2025-12-26 16:49:29,459 [INFO]   🔥 Prototype Loss:       1.8012
2025-12-26 16:49:29,460 [INFO]     - Spot-to-Prototype:    0.0287
2025-12-26 16:49:29,460 [INFO]     - Compactness:          0.0443
2025-12-26 16:49:29,460 [INFO]     - Dispersion:           0.3919
2025-12-26 16:49:29,460 [INFO]   GIB Keep Rate:           0.000
2025-12-26 16:49:29,460 [INFO]   GIB Avg Prob:            0.429
2025-12-26 16:49:29,460 [INFO]   Dispersion (θ):          51.365 ± 1.608
2025-12-26 16:49:29,460 [INFO]   Learning Rate:           0.000016
2025-12-26 16:49:29,490 [INFO] 
================================================================================
2025-12-26 16:49:29,491 [INFO] Epoch 272/300 (0.03s)
2025-12-26 16:49:29,491 [INFO] ================================================================================
2025-12-26 16:49:29,491 [INFO]   Total Loss:               1192.5948
2025-12-26 16:49:29,491 [INFO]   Recon Loss:              1176.9226
2025-12-26 16:49:29,491 [INFO]   🔥 Contrastive Loss:     13.8122
2025-12-26 16:49:29,491 [INFO]     - Self Contrast:        4.4274
2025-12-26 16:49:29,491 [INFO]     - Hard Negative:        1.2393
2025-12-26 16:49:29,491 [INFO]     - Soft Positive:        0.0000
2025-12-26 16:49:29,491 [INFO]     - Kept Edges:           0
2025-12-26 16:49:29,491 [INFO]     - Pruned Edges:         21834
2025-12-26 16:49:29,491 [INFO]   🔥 Prototype Loss:       1.8600
2025-12-26 16:49:29,491 [INFO]     - Spot-to-Prototype:    0.0317
2025-12-26 16:49:29,491 [INFO]     - Compactness:          0.0439
2025-12-26 16:49:29,491 [INFO]     - Dispersion:           0.3929
2025-12-26 16:49:29,491 [INFO]   GIB Keep Rate:           0.000
2025-12-26 16:49:29,491 [INFO]   GIB Avg Prob:            0.429
2025-12-26 16:49:29,491 [INFO]   Dispersion (θ):          51.365 ± 1.608
2025-12-26 16:49:29,492 [INFO]   Learning Rate:           0.000016
2025-12-26 16:49:29,524 [INFO] 
================================================================================
2025-12-26 16:49:29,524 [INFO] Epoch 273/300 (0.03s)
2025-12-26 16:49:29,524 [INFO] ================================================================================
2025-12-26 16:49:29,525 [INFO]   Total Loss:               1192.6117
2025-12-26 16:49:29,525 [INFO]   Recon Loss:              1176.7913
2025-12-26 16:49:29,525 [INFO]   🔥 Contrastive Loss:     13.8832
2025-12-26 16:49:29,525 [INFO]     - Self Contrast:        4.4687
2025-12-26 16:49:29,525 [INFO]     - Hard Negative:        1.2365
2025-12-26 16:49:29,525 [INFO]     - Soft Positive:        0.0000
2025-12-26 16:49:29,525 [INFO]     - Kept Edges:           0
2025-12-26 16:49:29,525 [INFO]     - Pruned Edges:         21834
2025-12-26 16:49:29,525 [INFO]   🔥 Prototype Loss:       1.9372
2025-12-26 16:49:29,525 [INFO]     - Spot-to-Prototype:    0.0354
2025-12-26 16:49:29,525 [INFO]     - Compactness:          0.0442
2025-12-26 16:49:29,525 [INFO]     - Dispersion:           0.3937
2025-12-26 16:49:29,525 [INFO]   GIB Keep Rate:           0.000
2025-12-26 16:49:29,525 [INFO]   GIB Avg Prob:            0.429
2025-12-26 16:49:29,525 [INFO]   Dispersion (θ):          51.364 ± 1.609
2025-12-26 16:49:29,525 [INFO]   Learning Rate:           0.000015
2025-12-26 16:49:29,554 [INFO] 
================================================================================
2025-12-26 16:49:29,554 [INFO] Epoch 274/300 (0.03s)
2025-12-26 16:49:29,554 [INFO] ================================================================================
2025-12-26 16:49:29,554 [INFO]   Total Loss:               1192.5922
2025-12-26 16:49:29,554 [INFO]   Recon Loss:              1176.7916
2025-12-26 16:49:29,554 [INFO]   🔥 Contrastive Loss:     13.8125
2025-12-26 16:49:29,554 [INFO]     - Self Contrast:        4.4333
2025-12-26 16:49:29,554 [INFO]     - Hard Negative:        1.2365
2025-12-26 16:49:29,554 [INFO]     - Soft Positive:        0.0000
2025-12-26 16:49:29,554 [INFO]     - Kept Edges:           0
2025-12-26 16:49:29,554 [INFO]     - Pruned Edges:         21834
2025-12-26 16:49:29,554 [INFO]   🔥 Prototype Loss:       1.9880
2025-12-26 16:49:29,554 [INFO]     - Spot-to-Prototype:    0.0380
2025-12-26 16:49:29,554 [INFO]     - Compactness:          0.0438
2025-12-26 16:49:29,555 [INFO]     - Dispersion:           0.3949
2025-12-26 16:49:29,555 [INFO]   GIB Keep Rate:           0.000
2025-12-26 16:49:29,555 [INFO]   GIB Avg Prob:            0.429
2025-12-26 16:49:29,555 [INFO]   Dispersion (θ):          51.363 ± 1.609
2025-12-26 16:49:29,555 [INFO]   Learning Rate:           0.000014
2025-12-26 16:49:29,583 [INFO] 
================================================================================
2025-12-26 16:49:29,583 [INFO] Epoch 275/300 (0.03s)
2025-12-26 16:49:29,583 [INFO] ================================================================================
2025-12-26 16:49:29,583 [INFO]   Total Loss:               1192.7731
2025-12-26 16:49:29,583 [INFO]   Recon Loss:              1176.9023
2025-12-26 16:49:29,583 [INFO]   🔥 Contrastive Loss:     13.8191
2025-12-26 16:49:29,583 [INFO]     - Self Contrast:        4.4339
2025-12-26 16:49:29,583 [INFO]     - Hard Negative:        1.2378
2025-12-26 16:49:29,583 [INFO]     - Soft Positive:        0.0000
2025-12-26 16:49:29,583 [INFO]     - Kept Edges:           0
2025-12-26 16:49:29,583 [INFO]     - Pruned Edges:         21834
2025-12-26 16:49:29,583 [INFO]   🔥 Prototype Loss:       2.0517
2025-12-26 16:49:29,583 [INFO]     - Spot-to-Prototype:    0.0414
2025-12-26 16:49:29,583 [INFO]     - Compactness:          0.0432
2025-12-26 16:49:29,584 [INFO]     - Dispersion:           0.3957
2025-12-26 16:49:29,584 [INFO]   GIB Keep Rate:           0.000
2025-12-26 16:49:29,584 [INFO]   GIB Avg Prob:            0.429
2025-12-26 16:49:29,584 [INFO]   Dispersion (θ):          51.363 ± 1.609
2025-12-26 16:49:29,584 [INFO]   Learning Rate:           0.000013
2025-12-26 16:49:29,613 [INFO] 
================================================================================
2025-12-26 16:49:29,613 [INFO] Epoch 276/300 (0.03s)
2025-12-26 16:49:29,613 [INFO] ================================================================================
2025-12-26 16:49:29,613 [INFO]   Total Loss:               1193.0597
2025-12-26 16:49:29,613 [INFO]   Recon Loss:              1177.0947
2025-12-26 16:49:29,613 [INFO]   🔥 Contrastive Loss:     13.7993
2025-12-26 16:49:29,613 [INFO]     - Self Contrast:        4.4226
2025-12-26 16:49:29,613 [INFO]     - Hard Negative:        1.2385
2025-12-26 16:49:29,613 [INFO]     - Soft Positive:        0.0000
2025-12-26 16:49:29,613 [INFO]     - Kept Edges:           0
2025-12-26 16:49:29,613 [INFO]     - Pruned Edges:         21834
2025-12-26 16:49:29,613 [INFO]   🔥 Prototype Loss:       2.1656
2025-12-26 16:49:29,613 [INFO]     - Spot-to-Prototype:    0.0468
2025-12-26 16:49:29,613 [INFO]     - Compactness:          0.0436
2025-12-26 16:49:29,613 [INFO]     - Dispersion:           0.3970
2025-12-26 16:49:29,614 [INFO]   GIB Keep Rate:           0.000
2025-12-26 16:49:29,614 [INFO]   GIB Avg Prob:            0.429
2025-12-26 16:49:29,614 [INFO]   Dispersion (θ):          51.362 ± 1.609
2025-12-26 16:49:29,614 [INFO]   Learning Rate:           0.000013
2025-12-26 16:49:29,643 [INFO] 
================================================================================
2025-12-26 16:49:29,643 [INFO] Epoch 277/300 (0.03s)
2025-12-26 16:49:29,643 [INFO] ================================================================================
2025-12-26 16:49:29,643 [INFO]   Total Loss:               1192.8842
2025-12-26 16:49:29,643 [INFO]   Recon Loss:              1176.8856
2025-12-26 16:49:29,643 [INFO]   🔥 Contrastive Loss:     13.7914
2025-12-26 16:49:29,643 [INFO]     - Self Contrast:        4.4157
2025-12-26 16:49:29,644 [INFO]     - Hard Negative:        1.2400
2025-12-26 16:49:29,644 [INFO]     - Soft Positive:        0.0000
2025-12-26 16:49:29,644 [INFO]     - Kept Edges:           0
2025-12-26 16:49:29,644 [INFO]     - Pruned Edges:         21834
2025-12-26 16:49:29,644 [INFO]   🔥 Prototype Loss:       2.2071
2025-12-26 16:49:29,644 [INFO]     - Spot-to-Prototype:    0.0493
2025-12-26 16:49:29,644 [INFO]     - Compactness:          0.0424
2025-12-26 16:49:29,644 [INFO]     - Dispersion:           0.3983
2025-12-26 16:49:29,644 [INFO]   GIB Keep Rate:           0.000
2025-12-26 16:49:29,644 [INFO]   GIB Avg Prob:            0.429
2025-12-26 16:49:29,644 [INFO]   Dispersion (θ):          51.361 ± 1.609
2025-12-26 16:49:29,644 [INFO]   Learning Rate:           0.000012
2025-12-26 16:49:29,673 [INFO] 
================================================================================
2025-12-26 16:49:29,673 [INFO] Epoch 278/300 (0.03s)
2025-12-26 16:49:29,673 [INFO] ================================================================================
2025-12-26 16:49:29,673 [INFO]   Total Loss:               1193.2874
2025-12-26 16:49:29,673 [INFO]   Recon Loss:              1177.1595
2025-12-26 16:49:29,673 [INFO]   🔥 Contrastive Loss:     13.8059
2025-12-26 16:49:29,673 [INFO]     - Self Contrast:        4.4248
2025-12-26 16:49:29,673 [INFO]     - Hard Negative:        1.2391
2025-12-26 16:49:29,673 [INFO]     - Soft Positive:        0.0000
2025-12-26 16:49:29,674 [INFO]     - Kept Edges:           0
2025-12-26 16:49:29,674 [INFO]     - Pruned Edges:         21834
2025-12-26 16:49:29,674 [INFO]   🔥 Prototype Loss:       2.3219
2025-12-26 16:49:29,674 [INFO]     - Spot-to-Prototype:    0.0547
2025-12-26 16:49:29,674 [INFO]     - Compactness:          0.0429
2025-12-26 16:49:29,674 [INFO]     - Dispersion:           0.3989
2025-12-26 16:49:29,674 [INFO]   GIB Keep Rate:           0.000
2025-12-26 16:49:29,674 [INFO]   GIB Avg Prob:            0.429
2025-12-26 16:49:29,674 [INFO]   Dispersion (θ):          51.361 ± 1.609
2025-12-26 16:49:29,674 [INFO]   Learning Rate:           0.000012
2025-12-26 16:49:29,704 [INFO] 
================================================================================
2025-12-26 16:49:29,705 [INFO] Epoch 279/300 (0.03s)
2025-12-26 16:49:29,705 [INFO] ================================================================================
2025-12-26 16:49:29,705 [INFO]   Total Loss:               1192.9117
2025-12-26 16:49:29,705 [INFO]   Recon Loss:              1176.7261
2025-12-26 16:49:29,705 [INFO]   🔥 Contrastive Loss:     13.7575
2025-12-26 16:49:29,705 [INFO]     - Self Contrast:        4.4025
2025-12-26 16:49:29,705 [INFO]     - Hard Negative:        1.2381
2025-12-26 16:49:29,705 [INFO]     - Soft Positive:        0.0000
2025-12-26 16:49:29,705 [INFO]     - Kept Edges:           0
2025-12-26 16:49:29,705 [INFO]     - Pruned Edges:         21834
2025-12-26 16:49:29,705 [INFO]   🔥 Prototype Loss:       2.4283
2025-12-26 16:49:29,705 [INFO]     - Spot-to-Prototype:    0.0596
2025-12-26 16:49:29,705 [INFO]     - Compactness:          0.0435
2025-12-26 16:49:29,705 [INFO]     - Dispersion:           0.4003
2025-12-26 16:49:29,705 [INFO]   GIB Keep Rate:           0.000
2025-12-26 16:49:29,705 [INFO]   GIB Avg Prob:            0.429
2025-12-26 16:49:29,705 [INFO]   Dispersion (θ):          51.360 ± 1.610
2025-12-26 16:49:29,705 [INFO]   Learning Rate:           0.000011
2025-12-26 16:49:29,735 [INFO] 
================================================================================
2025-12-26 16:49:29,735 [INFO] Epoch 280/300 (0.03s)
2025-12-26 16:49:29,735 [INFO] ================================================================================
2025-12-26 16:49:29,735 [INFO]   Total Loss:               1193.2751
2025-12-26 16:49:29,735 [INFO]   Recon Loss:              1177.0787
2025-12-26 16:49:29,736 [INFO]   🔥 Contrastive Loss:     13.6830
2025-12-26 16:49:29,736 [INFO]     - Self Contrast:        4.3536
2025-12-26 16:49:29,736 [INFO]     - Hard Negative:        1.2440
2025-12-26 16:49:29,736 [INFO]     - Soft Positive:        0.0000
2025-12-26 16:49:29,736 [INFO]     - Kept Edges:           0
2025-12-26 16:49:29,736 [INFO]     - Pruned Edges:         21834
2025-12-26 16:49:29,736 [INFO]   🔥 Prototype Loss:       2.5134
2025-12-26 16:49:29,736 [INFO]     - Spot-to-Prototype:    0.0642
2025-12-26 16:49:29,736 [INFO]     - Compactness:          0.0426
2025-12-26 16:49:29,736 [INFO]     - Dispersion:           0.4015
2025-12-26 16:49:29,736 [INFO]   GIB Keep Rate:           0.000
2025-12-26 16:49:29,736 [INFO]   GIB Avg Prob:            0.429
2025-12-26 16:49:29,736 [INFO]   Dispersion (θ):          51.360 ± 1.610
2025-12-26 16:49:29,736 [INFO]   Learning Rate:           0.000010
2025-12-26 16:49:29,765 [INFO] 
================================================================================
2025-12-26 16:49:29,765 [INFO] Epoch 281/300 (0.03s)
2025-12-26 16:49:29,765 [INFO] ================================================================================
2025-12-26 16:49:29,765 [INFO]   Total Loss:               1193.3273
2025-12-26 16:49:29,765 [INFO]   Recon Loss:              1176.8539
2025-12-26 16:49:29,765 [INFO]   🔥 Contrastive Loss:     13.8306
2025-12-26 16:49:29,765 [INFO]     - Self Contrast:        4.4382
2025-12-26 16:49:29,765 [INFO]     - Hard Negative:        1.2386
2025-12-26 16:49:29,765 [INFO]     - Soft Positive:        0.0000
2025-12-26 16:49:29,765 [INFO]     - Kept Edges:           0
2025-12-26 16:49:29,765 [INFO]     - Pruned Edges:         21834
2025-12-26 16:49:29,765 [INFO]   🔥 Prototype Loss:       2.6427
2025-12-26 16:49:29,765 [INFO]     - Spot-to-Prototype:    0.0707
2025-12-26 16:49:29,765 [INFO]     - Compactness:          0.0422
2025-12-26 16:49:29,765 [INFO]     - Dispersion:           0.4029
2025-12-26 16:49:29,765 [INFO]   GIB Keep Rate:           0.000
2025-12-26 16:49:29,765 [INFO]   GIB Avg Prob:            0.429
2025-12-26 16:49:29,765 [INFO]   Dispersion (θ):          51.360 ± 1.610
2025-12-26 16:49:29,765 [INFO]   Learning Rate:           0.000010
2025-12-26 16:49:29,795 [INFO] 
================================================================================
2025-12-26 16:49:29,795 [INFO] Epoch 282/300 (0.03s)
2025-12-26 16:49:29,795 [INFO] ================================================================================
2025-12-26 16:49:29,795 [INFO]   Total Loss:               1193.4468
2025-12-26 16:49:29,795 [INFO]   Recon Loss:              1176.8285
2025-12-26 16:49:29,795 [INFO]   🔥 Contrastive Loss:     13.8437
2025-12-26 16:49:29,795 [INFO]     - Self Contrast:        4.4522
2025-12-26 16:49:29,795 [INFO]     - Hard Negative:        1.2348
2025-12-26 16:49:29,795 [INFO]     - Soft Positive:        0.0000
2025-12-26 16:49:29,795 [INFO]     - Kept Edges:           0
2025-12-26 16:49:29,795 [INFO]     - Pruned Edges:         21834
2025-12-26 16:49:29,796 [INFO]   🔥 Prototype Loss:       2.7746
2025-12-26 16:49:29,796 [INFO]     - Spot-to-Prototype:    0.0771
2025-12-26 16:49:29,796 [INFO]     - Compactness:          0.0425
2025-12-26 16:49:29,796 [INFO]     - Dispersion:           0.4042
2025-12-26 16:49:29,796 [INFO]   GIB Keep Rate:           0.000
2025-12-26 16:49:29,796 [INFO]   GIB Avg Prob:            0.429
2025-12-26 16:49:29,796 [INFO]   Dispersion (θ):          51.359 ± 1.610
2025-12-26 16:49:29,796 [INFO]   Learning Rate:           0.000009
2025-12-26 16:49:29,827 [INFO] 
================================================================================
2025-12-26 16:49:29,827 [INFO] Epoch 283/300 (0.03s)
2025-12-26 16:49:29,827 [INFO] ================================================================================
2025-12-26 16:49:29,827 [INFO]   Total Loss:               1193.6499
2025-12-26 16:49:29,827 [INFO]   Recon Loss:              1177.0562
2025-12-26 16:49:29,827 [INFO]   🔥 Contrastive Loss:     13.7047
2025-12-26 16:49:29,827 [INFO]     - Self Contrast:        4.3667
2025-12-26 16:49:29,827 [INFO]     - Hard Negative:        1.2428
2025-12-26 16:49:29,827 [INFO]     - Soft Positive:        0.0000
2025-12-26 16:49:29,827 [INFO]     - Kept Edges:           0
2025-12-26 16:49:29,827 [INFO]     - Pruned Edges:         21834
2025-12-26 16:49:29,827 [INFO]   🔥 Prototype Loss:       2.8891
2025-12-26 16:49:29,827 [INFO]     - Spot-to-Prototype:    0.0827
2025-12-26 16:49:29,827 [INFO]     - Compactness:          0.0424
2025-12-26 16:49:29,827 [INFO]     - Dispersion:           0.4054
2025-12-26 16:49:29,828 [INFO]   GIB Keep Rate:           0.000
2025-12-26 16:49:29,828 [INFO]   GIB Avg Prob:            0.429
2025-12-26 16:49:29,828 [INFO]   Dispersion (θ):          51.359 ± 1.610
2025-12-26 16:49:29,828 [INFO]   Learning Rate:           0.000009
2025-12-26 16:49:29,861 [INFO] 
================================================================================
2025-12-26 16:49:29,861 [INFO] Epoch 284/300 (0.03s)
2025-12-26 16:49:29,861 [INFO] ================================================================================
2025-12-26 16:49:29,861 [INFO]   Total Loss:               1194.1355
2025-12-26 16:49:29,861 [INFO]   Recon Loss:              1176.9613
2025-12-26 16:49:29,861 [INFO]   🔥 Contrastive Loss:     14.1086
2025-12-26 16:49:29,861 [INFO]     - Self Contrast:        4.4182
2025-12-26 16:49:29,861 [INFO]     - Hard Negative:        1.2386
2025-12-26 16:49:29,861 [INFO]     - Soft Positive:        0.3177
2025-12-26 16:49:29,861 [INFO]     - Kept Edges:           1
2025-12-26 16:49:29,862 [INFO]     - Pruned Edges:         21833
2025-12-26 16:49:29,862 [INFO]   🔥 Prototype Loss:       3.0655
2025-12-26 16:49:29,862 [INFO]     - Spot-to-Prototype:    0.0914
2025-12-26 16:49:29,862 [INFO]     - Compactness:          0.0424
2025-12-26 16:49:29,862 [INFO]     - Dispersion:           0.4070
2025-12-26 16:49:29,862 [INFO]   GIB Keep Rate:           0.000
2025-12-26 16:49:29,862 [INFO]   GIB Avg Prob:            0.429
2025-12-26 16:49:29,862 [INFO]   Dispersion (θ):          51.359 ± 1.610
2025-12-26 16:49:29,862 [INFO]   Learning Rate:           0.000008
2025-12-26 16:49:29,895 [INFO] 
================================================================================
2025-12-26 16:49:29,895 [INFO] Epoch 285/300 (0.03s)
2025-12-26 16:49:29,895 [INFO] ================================================================================
2025-12-26 16:49:29,895 [INFO]   Total Loss:               1193.6761
2025-12-26 16:49:29,895 [INFO]   Recon Loss:              1176.6672
2025-12-26 16:49:29,895 [INFO]   🔥 Contrastive Loss:     13.8041
2025-12-26 16:49:29,895 [INFO]     - Self Contrast:        4.4292
2025-12-26 16:49:29,895 [INFO]     - Hard Negative:        1.2364
2025-12-26 16:49:29,895 [INFO]     - Soft Positive:        0.0000
2025-12-26 16:49:29,896 [INFO]     - Kept Edges:           0
2025-12-26 16:49:29,896 [INFO]     - Pruned Edges:         21834
2025-12-26 16:49:29,896 [INFO]   🔥 Prototype Loss:       3.2047
2025-12-26 16:49:29,896 [INFO]     - Spot-to-Prototype:    0.0981
2025-12-26 16:49:29,896 [INFO]     - Compactness:          0.0425
2025-12-26 16:49:29,896 [INFO]     - Dispersion:           0.4090
2025-12-26 16:49:29,896 [INFO]   GIB Keep Rate:           0.000
2025-12-26 16:49:29,896 [INFO]   GIB Avg Prob:            0.429
2025-12-26 16:49:29,896 [INFO]   Dispersion (θ):          51.358 ± 1.610
2025-12-26 16:49:29,896 [INFO]   Learning Rate:           0.000008
2025-12-26 16:49:29,928 [INFO] 
================================================================================
2025-12-26 16:49:29,929 [INFO] Epoch 286/300 (0.03s)
2025-12-26 16:49:29,929 [INFO] ================================================================================
2025-12-26 16:49:29,929 [INFO]   Total Loss:               1194.0093
2025-12-26 16:49:29,929 [INFO]   Recon Loss:              1176.7241
2025-12-26 16:49:29,929 [INFO]   🔥 Contrastive Loss:     13.9364
2025-12-26 16:49:29,929 [INFO]     - Self Contrast:        4.4593
2025-12-26 16:49:29,929 [INFO]     - Hard Negative:        1.2350
2025-12-26 16:49:29,929 [INFO]     - Soft Positive:        0.0780
2025-12-26 16:49:29,929 [INFO]     - Kept Edges:           1
2025-12-26 16:49:29,929 [INFO]     - Pruned Edges:         21833
2025-12-26 16:49:29,929 [INFO]   🔥 Prototype Loss:       3.3488
2025-12-26 16:49:29,929 [INFO]     - Spot-to-Prototype:    0.1053
2025-12-26 16:49:29,929 [INFO]     - Compactness:          0.0421
2025-12-26 16:49:29,929 [INFO]     - Dispersion:           0.4110
2025-12-26 16:49:29,929 [INFO]   GIB Keep Rate:           0.000
2025-12-26 16:49:29,929 [INFO]   GIB Avg Prob:            0.429
2025-12-26 16:49:29,929 [INFO]   Dispersion (θ):          51.358 ± 1.610
2025-12-26 16:49:29,929 [INFO]   Learning Rate:           0.000008
2025-12-26 16:49:29,960 [INFO] 
================================================================================
2025-12-26 16:49:29,960 [INFO] Epoch 287/300 (0.03s)
2025-12-26 16:49:29,960 [INFO] ================================================================================
2025-12-26 16:49:29,961 [INFO]   Total Loss:               1194.1238
2025-12-26 16:49:29,961 [INFO]   Recon Loss:              1176.7589
2025-12-26 16:49:29,961 [INFO]   🔥 Contrastive Loss:     13.7986
2025-12-26 16:49:29,961 [INFO]     - Self Contrast:        4.4230
2025-12-26 16:49:29,961 [INFO]     - Hard Negative:        1.2381
2025-12-26 16:49:29,961 [INFO]     - Soft Positive:        0.0000
2025-12-26 16:49:29,961 [INFO]     - Kept Edges:           0
2025-12-26 16:49:29,961 [INFO]     - Pruned Edges:         21834
2025-12-26 16:49:29,961 [INFO]   🔥 Prototype Loss:       3.5663
2025-12-26 16:49:29,961 [INFO]     - Spot-to-Prototype:    0.1158
2025-12-26 16:49:29,961 [INFO]     - Compactness:          0.0425
2025-12-26 16:49:29,961 [INFO]     - Dispersion:           0.4133
2025-12-26 16:49:29,961 [INFO]   GIB Keep Rate:           0.000
2025-12-26 16:49:29,961 [INFO]   GIB Avg Prob:            0.429
2025-12-26 16:49:29,961 [INFO]   Dispersion (θ):          51.358 ± 1.610
2025-12-26 16:49:29,961 [INFO]   Learning Rate:           0.000007
2025-12-26 16:49:29,994 [INFO] 
================================================================================
2025-12-26 16:49:29,994 [INFO] Epoch 288/300 (0.03s)
2025-12-26 16:49:29,994 [INFO] ================================================================================
2025-12-26 16:49:29,994 [INFO]   Total Loss:               1194.3748
2025-12-26 16:49:29,994 [INFO]   Recon Loss:              1176.7855
2025-12-26 16:49:29,994 [INFO]   🔥 Contrastive Loss:     13.8182
2025-12-26 16:49:29,994 [INFO]     - Self Contrast:        4.4312
2025-12-26 16:49:29,994 [INFO]     - Hard Negative:        1.2389
2025-12-26 16:49:29,994 [INFO]     - Soft Positive:        0.0000
2025-12-26 16:49:29,994 [INFO]     - Kept Edges:           0
2025-12-26 16:49:29,994 [INFO]     - Pruned Edges:         21834
2025-12-26 16:49:29,994 [INFO]   🔥 Prototype Loss:       3.7711
2025-12-26 16:49:29,994 [INFO]     - Spot-to-Prototype:    0.1257
2025-12-26 16:49:29,994 [INFO]     - Compactness:          0.0425
2025-12-26 16:49:29,994 [INFO]     - Dispersion:           0.4155
2025-12-26 16:49:29,994 [INFO]   GIB Keep Rate:           0.000
2025-12-26 16:49:29,994 [INFO]   GIB Avg Prob:            0.429
2025-12-26 16:49:29,994 [INFO]   Dispersion (θ):          51.358 ± 1.610
2025-12-26 16:49:29,995 [INFO]   Learning Rate:           0.000007
2025-12-26 16:49:30,025 [INFO] 
================================================================================
2025-12-26 16:49:30,025 [INFO] Epoch 289/300 (0.03s)
2025-12-26 16:49:30,025 [INFO] ================================================================================
2025-12-26 16:49:30,026 [INFO]   Total Loss:               1194.5616
2025-12-26 16:49:30,026 [INFO]   Recon Loss:              1176.8640
2025-12-26 16:49:30,026 [INFO]   🔥 Contrastive Loss:     13.7859
2025-12-26 16:49:30,026 [INFO]     - Self Contrast:        4.4108
2025-12-26 16:49:30,026 [INFO]     - Hard Negative:        1.2411
2025-12-26 16:49:30,026 [INFO]     - Soft Positive:        0.0000
2025-12-26 16:49:30,026 [INFO]     - Kept Edges:           0
2025-12-26 16:49:30,026 [INFO]     - Pruned Edges:         21834
2025-12-26 16:49:30,026 [INFO]   🔥 Prototype Loss:       3.9117
2025-12-26 16:49:30,026 [INFO]     - Spot-to-Prototype:    0.1328
2025-12-26 16:49:30,026 [INFO]     - Compactness:          0.0421
2025-12-26 16:49:30,026 [INFO]     - Dispersion:           0.4175
2025-12-26 16:49:30,026 [INFO]   GIB Keep Rate:           0.000
2025-12-26 16:49:30,026 [INFO]   GIB Avg Prob:            0.429
2025-12-26 16:49:30,026 [INFO]   Dispersion (θ):          51.357 ± 1.610
2025-12-26 16:49:30,026 [INFO]   Learning Rate:           0.000007
2025-12-26 16:49:30,056 [INFO] 
================================================================================
2025-12-26 16:49:30,056 [INFO] Epoch 290/300 (0.03s)
2025-12-26 16:49:30,056 [INFO] ================================================================================
2025-12-26 16:49:30,056 [INFO]   Total Loss:               1194.6976
2025-12-26 16:49:30,056 [INFO]   Recon Loss:              1176.7269
2025-12-26 16:49:30,056 [INFO]   🔥 Contrastive Loss:     13.8133
2025-12-26 16:49:30,056 [INFO]     - Self Contrast:        4.4212
2025-12-26 16:49:30,056 [INFO]     - Hard Negative:        1.2427
2025-12-26 16:49:30,056 [INFO]     - Soft Positive:        0.0000
2025-12-26 16:49:30,056 [INFO]     - Kept Edges:           0
2025-12-26 16:49:30,056 [INFO]     - Pruned Edges:         21834
2025-12-26 16:49:30,056 [INFO]   🔥 Prototype Loss:       4.1574
2025-12-26 16:49:30,056 [INFO]     - Spot-to-Prototype:    0.1448
2025-12-26 16:49:30,056 [INFO]     - Compactness:          0.0422
2025-12-26 16:49:30,056 [INFO]     - Dispersion:           0.4200
2025-12-26 16:49:30,056 [INFO]   GIB Keep Rate:           0.000
2025-12-26 16:49:30,056 [INFO]   GIB Avg Prob:            0.429
2025-12-26 16:49:30,057 [INFO]   Dispersion (θ):          51.357 ± 1.611
2025-12-26 16:49:30,057 [INFO]   Learning Rate:           0.000006
2025-12-26 16:49:30,085 [INFO] 
================================================================================
2025-12-26 16:49:30,086 [INFO] Epoch 291/300 (0.03s)
2025-12-26 16:49:30,086 [INFO] ================================================================================
2025-12-26 16:49:30,086 [INFO]   Total Loss:               1194.9857
2025-12-26 16:49:30,086 [INFO]   Recon Loss:              1176.8538
2025-12-26 16:49:30,086 [INFO]   🔥 Contrastive Loss:     13.7424
2025-12-26 16:49:30,086 [INFO]     - Self Contrast:        4.3871
2025-12-26 16:49:30,086 [INFO]     - Hard Negative:        1.2420
2025-12-26 16:49:30,086 [INFO]     - Soft Positive:        0.0000
2025-12-26 16:49:30,086 [INFO]     - Kept Edges:           0
2025-12-26 16:49:30,086 [INFO]     - Pruned Edges:         21834
2025-12-26 16:49:30,086 [INFO]   🔥 Prototype Loss:       4.3896
2025-12-26 16:49:30,086 [INFO]     - Spot-to-Prototype:    0.1563
2025-12-26 16:49:30,086 [INFO]     - Compactness:          0.0419
2025-12-26 16:49:30,086 [INFO]     - Dispersion:           0.4225
2025-12-26 16:49:30,086 [INFO]   GIB Keep Rate:           0.000
2025-12-26 16:49:30,086 [INFO]   GIB Avg Prob:            0.429
2025-12-26 16:49:30,086 [INFO]   Dispersion (θ):          51.357 ± 1.611
2025-12-26 16:49:30,086 [INFO]   Learning Rate:           0.000006
2025-12-26 16:49:30,117 [INFO] 
================================================================================
2025-12-26 16:49:30,117 [INFO] Epoch 292/300 (0.03s)
2025-12-26 16:49:30,117 [INFO] ================================================================================
2025-12-26 16:49:30,117 [INFO]   Total Loss:               1195.1515
2025-12-26 16:49:30,117 [INFO]   Recon Loss:              1176.7720
2025-12-26 16:49:30,117 [INFO]   🔥 Contrastive Loss:     13.7305
2025-12-26 16:49:30,117 [INFO]     - Self Contrast:        4.3809
2025-12-26 16:49:30,117 [INFO]     - Hard Negative:        1.2422
2025-12-26 16:49:30,117 [INFO]     - Soft Positive:        0.0000
2025-12-26 16:49:30,117 [INFO]     - Kept Edges:           0
2025-12-26 16:49:30,117 [INFO]     - Pruned Edges:         21834
2025-12-26 16:49:30,117 [INFO]   🔥 Prototype Loss:       4.6490
2025-12-26 16:49:30,117 [INFO]     - Spot-to-Prototype:    0.1693
2025-12-26 16:49:30,118 [INFO]     - Compactness:          0.0414
2025-12-26 16:49:30,118 [INFO]     - Dispersion:           0.4251
2025-12-26 16:49:30,118 [INFO]   GIB Keep Rate:           0.000
2025-12-26 16:49:30,118 [INFO]   GIB Avg Prob:            0.429
2025-12-26 16:49:30,118 [INFO]   Dispersion (θ):          51.357 ± 1.611
2025-12-26 16:49:30,118 [INFO]   Learning Rate:           0.000006
2025-12-26 16:49:30,148 [INFO] 
================================================================================
2025-12-26 16:49:30,148 [INFO] Epoch 293/300 (0.03s)
2025-12-26 16:49:30,148 [INFO] ================================================================================
2025-12-26 16:49:30,148 [INFO]   Total Loss:               1195.6097
2025-12-26 16:49:30,148 [INFO]   Recon Loss:              1176.9615
2025-12-26 16:49:30,148 [INFO]   🔥 Contrastive Loss:     13.7489
2025-12-26 16:49:30,148 [INFO]     - Self Contrast:        4.3911
2025-12-26 16:49:30,148 [INFO]     - Hard Negative:        1.2417
2025-12-26 16:49:30,148 [INFO]     - Soft Positive:        0.0000
2025-12-26 16:49:30,148 [INFO]     - Kept Edges:           0
2025-12-26 16:49:30,148 [INFO]     - Pruned Edges:         21834
2025-12-26 16:49:30,148 [INFO]   🔥 Prototype Loss:       4.8993
2025-12-26 16:49:30,148 [INFO]     - Spot-to-Prototype:    0.1811
2025-12-26 16:49:30,148 [INFO]     - Compactness:          0.0422
2025-12-26 16:49:30,148 [INFO]     - Dispersion:           0.4275
2025-12-26 16:49:30,148 [INFO]   GIB Keep Rate:           0.000
2025-12-26 16:49:30,148 [INFO]   GIB Avg Prob:            0.429
2025-12-26 16:49:30,148 [INFO]   Dispersion (θ):          51.357 ± 1.611
2025-12-26 16:49:30,148 [INFO]   Learning Rate:           0.000006
2025-12-26 16:49:30,177 [INFO] 
================================================================================
2025-12-26 16:49:30,177 [INFO] Epoch 294/300 (0.03s)
2025-12-26 16:49:30,177 [INFO] ================================================================================
2025-12-26 16:49:30,177 [INFO]   Total Loss:               1195.6368
2025-12-26 16:49:30,177 [INFO]   Recon Loss:              1176.7529
2025-12-26 16:49:30,177 [INFO]   🔥 Contrastive Loss:     13.7214
2025-12-26 16:49:30,177 [INFO]     - Self Contrast:        4.3744
2025-12-26 16:49:30,177 [INFO]     - Hard Negative:        1.2432
2025-12-26 16:49:30,177 [INFO]     - Soft Positive:        0.0000
2025-12-26 16:49:30,177 [INFO]     - Kept Edges:           0
2025-12-26 16:49:30,177 [INFO]     - Pruned Edges:         21834
2025-12-26 16:49:30,177 [INFO]   🔥 Prototype Loss:       5.1625
2025-12-26 16:49:30,178 [INFO]     - Spot-to-Prototype:    0.1940
2025-12-26 16:49:30,178 [INFO]     - Compactness:          0.0422
2025-12-26 16:49:30,178 [INFO]     - Dispersion:           0.4300
2025-12-26 16:49:30,178 [INFO]   GIB Keep Rate:           0.000
2025-12-26 16:49:30,178 [INFO]   GIB Avg Prob:            0.429
2025-12-26 16:49:30,178 [INFO]   Dispersion (θ):          51.357 ± 1.611
2025-12-26 16:49:30,178 [INFO]   Learning Rate:           0.000005
2025-12-26 16:49:30,208 [INFO] 
================================================================================
2025-12-26 16:49:30,209 [INFO] Epoch 295/300 (0.03s)
2025-12-26 16:49:30,209 [INFO] ================================================================================
2025-12-26 16:49:30,209 [INFO]   Total Loss:               1196.2480
2025-12-26 16:49:30,209 [INFO]   Recon Loss:              1176.9648
2025-12-26 16:49:30,209 [INFO]   🔥 Contrastive Loss:     13.8713
2025-12-26 16:49:30,209 [INFO]     - Self Contrast:        4.4053
2025-12-26 16:49:30,209 [INFO]     - Hard Negative:        1.2409
2025-12-26 16:49:30,209 [INFO]     - Soft Positive:        0.0973
2025-12-26 16:49:30,209 [INFO]     - Kept Edges:           1
2025-12-26 16:49:30,209 [INFO]     - Pruned Edges:         21833
2025-12-26 16:49:30,209 [INFO]   🔥 Prototype Loss:       5.4119
2025-12-26 16:49:30,209 [INFO]     - Spot-to-Prototype:    0.2065
2025-12-26 16:49:30,209 [INFO]     - Compactness:          0.0417
2025-12-26 16:49:30,209 [INFO]     - Dispersion:           0.4325
2025-12-26 16:49:30,209 [INFO]   GIB Keep Rate:           0.000
2025-12-26 16:49:30,209 [INFO]   GIB Avg Prob:            0.429
2025-12-26 16:49:30,209 [INFO]   Dispersion (θ):          51.356 ± 1.611
2025-12-26 16:49:30,209 [INFO]   Learning Rate:           0.000005
2025-12-26 16:49:30,238 [INFO] 
================================================================================
2025-12-26 16:49:30,238 [INFO] Epoch 296/300 (0.03s)
2025-12-26 16:49:30,238 [INFO] ================================================================================
2025-12-26 16:49:30,238 [INFO]   Total Loss:               1196.5043
2025-12-26 16:49:30,238 [INFO]   Recon Loss:              1176.9956
2025-12-26 16:49:30,238 [INFO]   🔥 Contrastive Loss:     13.7516
2025-12-26 16:49:30,238 [INFO]     - Self Contrast:        4.3988
2025-12-26 16:49:30,238 [INFO]     - Hard Negative:        1.2385
2025-12-26 16:49:30,238 [INFO]     - Soft Positive:        0.0000
2025-12-26 16:49:30,238 [INFO]     - Kept Edges:           0
2025-12-26 16:49:30,238 [INFO]     - Pruned Edges:         21834
2025-12-26 16:49:30,238 [INFO]   🔥 Prototype Loss:       5.7569
2025-12-26 16:49:30,238 [INFO]     - Spot-to-Prototype:    0.2231
2025-12-26 16:49:30,238 [INFO]     - Compactness:          0.0423
2025-12-26 16:49:30,238 [INFO]     - Dispersion:           0.4355
2025-12-26 16:49:30,238 [INFO]   GIB Keep Rate:           0.000
2025-12-26 16:49:30,238 [INFO]   GIB Avg Prob:            0.429
2025-12-26 16:49:30,239 [INFO]   Dispersion (θ):          51.356 ± 1.611
2025-12-26 16:49:30,239 [INFO]   Learning Rate:           0.000005
2025-12-26 16:49:30,267 [INFO] 
================================================================================
2025-12-26 16:49:30,268 [INFO] Epoch 297/300 (0.03s)
2025-12-26 16:49:30,268 [INFO] ================================================================================
2025-12-26 16:49:30,268 [INFO]   Total Loss:               1196.8066
2025-12-26 16:49:30,268 [INFO]   Recon Loss:              1177.0115
2025-12-26 16:49:30,268 [INFO]   🔥 Contrastive Loss:     13.7964
2025-12-26 16:49:30,268 [INFO]     - Self Contrast:        4.4181
2025-12-26 16:49:30,268 [INFO]     - Hard Negative:        1.2400
2025-12-26 16:49:30,268 [INFO]     - Soft Positive:        0.0000
2025-12-26 16:49:30,268 [INFO]     - Kept Edges:           0
2025-12-26 16:49:30,268 [INFO]     - Pruned Edges:         21834
2025-12-26 16:49:30,268 [INFO]   🔥 Prototype Loss:       5.9988
2025-12-26 16:49:30,268 [INFO]     - Spot-to-Prototype:    0.2350
2025-12-26 16:49:30,268 [INFO]     - Compactness:          0.0421
2025-12-26 16:49:30,268 [INFO]     - Dispersion:           0.4391
2025-12-26 16:49:30,268 [INFO]   GIB Keep Rate:           0.000
2025-12-26 16:49:30,268 [INFO]   GIB Avg Prob:            0.429
2025-12-26 16:49:30,268 [INFO]   Dispersion (θ):          51.356 ± 1.611
2025-12-26 16:49:30,268 [INFO]   Learning Rate:           0.000005
2025-12-26 16:49:30,297 [INFO] 
================================================================================
2025-12-26 16:49:30,297 [INFO] Epoch 298/300 (0.03s)
2025-12-26 16:49:30,298 [INFO] ================================================================================
2025-12-26 16:49:30,298 [INFO]   Total Loss:               1197.0535
2025-12-26 16:49:30,298 [INFO]   Recon Loss:              1176.9749
2025-12-26 16:49:30,298 [INFO]   🔥 Contrastive Loss:     13.7813
2025-12-26 16:49:30,298 [INFO]     - Self Contrast:        4.4056
2025-12-26 16:49:30,298 [INFO]     - Hard Negative:        1.2425
2025-12-26 16:49:30,298 [INFO]     - Soft Positive:        0.0000
2025-12-26 16:49:30,298 [INFO]     - Kept Edges:           0
2025-12-26 16:49:30,298 [INFO]     - Pruned Edges:         21834
2025-12-26 16:49:30,298 [INFO]   🔥 Prototype Loss:       6.2972
2025-12-26 16:49:30,298 [INFO]     - Spot-to-Prototype:    0.2497
2025-12-26 16:49:30,298 [INFO]     - Compactness:          0.0418
2025-12-26 16:49:30,298 [INFO]     - Dispersion:           0.4428
2025-12-26 16:49:30,298 [INFO]   GIB Keep Rate:           0.000
2025-12-26 16:49:30,298 [INFO]   GIB Avg Prob:            0.429
2025-12-26 16:49:30,298 [INFO]   Dispersion (θ):          51.356 ± 1.611
2025-12-26 16:49:30,298 [INFO]   Learning Rate:           0.000005
2025-12-26 16:49:30,328 [INFO] 
================================================================================
2025-12-26 16:49:30,328 [INFO] Epoch 299/300 (0.03s)
2025-12-26 16:49:30,328 [INFO] ================================================================================
2025-12-26 16:49:30,328 [INFO]   Total Loss:               1197.1908
2025-12-26 16:49:30,328 [INFO]   Recon Loss:              1176.7301
2025-12-26 16:49:30,328 [INFO]   🔥 Contrastive Loss:     13.8011
2025-12-26 16:49:30,328 [INFO]     - Self Contrast:        4.4246
2025-12-26 16:49:30,328 [INFO]     - Hard Negative:        1.2379
2025-12-26 16:49:30,328 [INFO]     - Soft Positive:        0.0000
2025-12-26 16:49:30,328 [INFO]     - Kept Edges:           0
2025-12-26 16:49:30,328 [INFO]     - Pruned Edges:         21834
2025-12-26 16:49:30,328 [INFO]   🔥 Prototype Loss:       6.6597
2025-12-26 16:49:30,328 [INFO]     - Spot-to-Prototype:    0.2675
2025-12-26 16:49:30,329 [INFO]     - Compactness:          0.0417
2025-12-26 16:49:30,329 [INFO]     - Dispersion:           0.4460
2025-12-26 16:49:30,329 [INFO]   GIB Keep Rate:           0.000
2025-12-26 16:49:30,329 [INFO]   GIB Avg Prob:            0.429
2025-12-26 16:49:30,329 [INFO]   Dispersion (θ):          51.356 ± 1.611
2025-12-26 16:49:30,329 [INFO]   Learning Rate:           0.000005
2025-12-26 16:49:30,357 [INFO] 
================================================================================
2025-12-26 16:49:30,358 [INFO] Epoch 300/300 (0.03s)
2025-12-26 16:49:30,358 [INFO] ================================================================================
2025-12-26 16:49:30,358 [INFO]   Total Loss:               1197.5414
2025-12-26 16:49:30,358 [INFO]   Recon Loss:              1176.9034
2025-12-26 16:49:30,358 [INFO]   🔥 Contrastive Loss:     13.7278
2025-12-26 16:49:30,358 [INFO]     - Self Contrast:        4.3769
2025-12-26 16:49:30,358 [INFO]     - Hard Negative:        1.2435
2025-12-26 16:49:30,358 [INFO]     - Soft Positive:        0.0000
2025-12-26 16:49:30,358 [INFO]     - Kept Edges:           0
2025-12-26 16:49:30,358 [INFO]     - Pruned Edges:         21834
2025-12-26 16:49:30,358 [INFO]   🔥 Prototype Loss:       6.9102
2025-12-26 16:49:30,358 [INFO]     - Spot-to-Prototype:    0.2796
2025-12-26 16:49:30,358 [INFO]     - Compactness:          0.0419
2025-12-26 16:49:30,358 [INFO]     - Dispersion:           0.4496
2025-12-26 16:49:30,358 [INFO]   GIB Keep Rate:           0.000
2025-12-26 16:49:30,358 [INFO]   GIB Avg Prob:            0.429
2025-12-26 16:49:30,358 [INFO]   Dispersion (θ):          51.356 ± 1.611
2025-12-26 16:49:30,358 [INFO]   Learning Rate:           0.000005
2025-12-26 16:49:30,358 [INFO] 
================================================================================
2025-12-26 16:49:30,358 [INFO] 🎉 训练完成！
2025-12-26 16:49:30,358 [INFO]    最佳损失: 1192.1860
2025-12-26 16:49:30,358 [INFO] ================================================================================
2025-12-26 16:49:30,378 [INFO]   ✅ 保存训练历史到 results/gib_hard_negative/training_history.csv
2025-12-26 16:49:30,378 [INFO] 
🔍 提取 latent 表示并聚类...
2025-12-26 16:49:30,383 [INFO]   ✅ Latent 表示:   (3639, 32)
2025-12-26 16:49:30,383 [INFO] 
🎯 使用指定的聚类数:  7, 模型:  EEE
2025-12-26 16:49:30,387 [INFO] cffi mode is CFFI_MODE.ANY
2025-12-26 16:49:30,387 [INFO] R home found: /home/pxy/miniconda3/envs/r40/lib/R
2025-12-26 16:49:30,645 [INFO] R library path: /usr/local/cuda/lib64:/usr/local/cuda/lib64:
2025-12-26 16:49:30,645 [INFO] LD_LIBRARY_PATH: /usr/local/cuda/lib64:/usr/local/cuda/lib64:
2025-12-26 16:49:30,660 [INFO] Default options to initialize R: rpy2, --quiet, --no-save
2025-12-26 16:49:31,153 [INFO] R is already initialized. No need to initialize.
2025-12-26 16:49:31,167 [WARNING] R callback write-console:                    __           __ 
   ____ ___  _____/ /_  _______/ /_
  / __ `__ \/ ___/ / / / / ___/ __/
 / / / / / / /__/ / /_/ (__  ) /_  
/_/ /_/ /_/\___/_/\__,_/____/\__/   version 6.1.1
Type 'citation("mclust")' for citing this R package in publications.
  
2025-12-26 16:49:45,539 [INFO]   ✅ 发现 7 个空间域
2025-12-26 16:49:45,540 [INFO]   聚类分布:
2025-12-26 16:49:45,540 [INFO]     - 域 0: 1379 个样本
2025-12-26 16:49:45,540 [INFO]     - 域 1: 264 个样本
2025-12-26 16:49:45,541 [INFO]     - 域 2: 266 个样本
2025-12-26 16:49:45,541 [INFO]     - 域 3: 293 个样本
2025-12-26 16:49:45,541 [INFO]     - 域 4: 225 个样本
2025-12-26 16:49:45,541 [INFO]     - 域 5: 1025 个样本
2025-12-26 16:49:45,541 [INFO]     - 域 6: 187 个样本
2025-12-26 16:49:47,074 [INFO] 
💾 保存结果到 results/gib_hard_negative/adata_with_domains.h5ad
2025-12-26 16:49:47,074 [INFO] 
📊 计算评估指标...
2025-12-26 16:49:47,075 [INFO]   找到 metadata 文件: ../data/DLPFC/st/151673/metadata.tsv
2025-12-26 16:49:47,120 [INFO]   metadata 形状: (3639, 72)
2025-12-26 16:49:47,120 [INFO]   metadata 列:  ['sample_name', 'tissue', 'row', 'col', 'imagerow', 'imagecol', 'Cluster', 'height', 'width', 'sum_umi', 'sum_gene', 'subject', 'position', 'replicate', 'subject_position', 'discard', 'key', 'cell_count', 'SNN_k50_k4', 'SNN_k50_k5', 'SNN_k50_k6', 'SNN_k50_k7', 'SNN_k50_k8', 'SNN_k50_k9', 'SNN_k50_k10', 'SNN_k50_k11', 'SNN_k50_k12', 'SNN_k50_k13', 'SNN_k50_k14', 'SNN_k50_k15', 'SNN_k50_k16', 'SNN_k50_k17', 'SNN_k50_k18', 'SNN_k50_k19', 'SNN_k50_k20', 'SNN_k50_k21', 'SNN_k50_k22', 'SNN_k50_k23', 'SNN_k50_k24', 'SNN_k50_k25', 'SNN_k50_k26', 'SNN_k50_k27', 'SNN_k50_k28', 'GraphBased', 'Maynard', 'Martinowich', 'Layer', 'layer_guess', 'layer_guess_reordered', 'layer_guess_reordered_short', 'expr_chrM', 'expr_chrM_ratio', 'SpatialDE_PCA', 'SpatialDE_pool_PCA', 'HVG_PCA', 'pseudobulk_PCA', 'markers_PCA', 'SpatialDE_UMAP', 'SpatialDE_pool_UMAP', 'HVG_UMAP', 'pseudobulk_UMAP', 'markers_UMAP', 'SpatialDE_PCA_spatial', 'SpatialDE_pool_PCA_spatial', 'HVG_PCA_spatial', 'pseudobulk_PCA_spatial', 'markers_PCA_spatial', 'SpatialDE_UMAP_spatial', 'SpatialDE_pool_UMAP_spatial', 'HVG_UMAP_spatial', 'pseudobulk_UMAP_spatial', 'markers_UMAP_spatial']
2025-12-26 16:49:47,120 [INFO]   使用 ground truth 列: 'layer_guess_reordered'
2025-12-26 16:49:47,121 [INFO]   共同 barcode 数: 3639 / 3639
2025-12-26 16:49:47,126 [INFO]   Ground Truth 分布:
2025-12-26 16:49:47,126 [INFO]     - Layer3: 989
2025-12-26 16:49:47,126 [INFO]     - Layer6: 692
2025-12-26 16:49:47,126 [INFO]     - Layer5: 673
2025-12-26 16:49:47,126 [INFO]     - WM: 513
2025-12-26 16:49:47,126 [INFO]     - Layer1: 273
2025-12-26 16:49:47,126 [INFO]     - Layer2: 253
2025-12-26 16:49:47,126 [INFO]     - Layer4: 218
2025-12-26 16:49:47,126 [INFO]     - NA: 28
2025-12-26 16:49:47,128 [INFO] 
  有效样本:  3611 / 3639 (99.2%)
2025-12-26 16:49:47,130 [INFO] 
  [DEBUG] 标签统计:
2025-12-26 16:49:47,131 [INFO]     - y_true 唯一值: 7 -> ['Layer1', 'Layer2', 'Layer3', 'Layer4', 'Layer5', 'Layer6', 'WM']
2025-12-26 16:49:47,131 [INFO]     - y_pred 唯一值: 7 -> ['0', '1', '2', '3', '4', '5', '6']
2025-12-26 16:49:47,175 [INFO] 
  ✅ 评估结果:
2025-12-26 16:49:47,175 [INFO]   ============================================================
2025-12-26 16:49:47,175 [INFO]   ARI (Adjusted Rand Index):           0.4170
2025-12-26 16:49:47,176 [INFO]   NMI (Normalized Mutual Info):        0.6199
2025-12-26 16:49:47,176 [INFO]   AMI (Adjusted Mutual Info):          0.6188
2025-12-26 16:49:47,176 [INFO]   FMI (Fowlkes-Mallows Index):         0.5454
2025-12-26 16:49:47,176 [INFO]   Homogeneity:                          0.5890
2025-12-26 16:49:47,176 [INFO]   Completeness:                         0.6543
2025-12-26 16:49:47,176 [INFO]   V-measure:                            0.6199
2025-12-26 16:49:47,176 [INFO]   ============================================================
2025-12-26 16:49:47,176 [INFO] 
  聚类 vs Ground Truth 交叉表:
2025-12-26 16:49:47,188 [INFO] 
True       Layer1  Layer2  Layer3  Layer4  Layer5  Layer6   WM
Predicted                                                     
0               0       0     227     212     661     279    0
1               0       0       0       0       0       0  264
2               2       0       0       0      12     250    0
3             263      18       0       0       0       0    0
4               0       0       0       0       0     148   77
5               8     235     762       6       0       0    0
6               0       0       0       0       0      15  172
2025-12-26 16:49:47,189 [INFO] 
  ✅ 保存评估结果到 results/gib_hard_negative/evaluation.csv
2025-12-26 16:49:47,195 [INFO]   ✅ 保存混淆矩阵到 results/gib_hard_negative/confusion_matrix.csv
2025-12-26 16:49:48,633 [INFO] 
🎨 生成可视化...
2025-12-26 16:49:50,470 [INFO]   ✅ 保存空间对比图到 results/gib_hard_negative/spatial_comparison.png
2025-12-26 16:49:52,639 [INFO]   ✅ 保存训练曲线到 results/gib_hard_negative/training_curves.png
2025-12-26 16:49:53,291 [INFO]   ✅ 保存GIB统计图到 results/gib_hard_negative/gib_statistics.png
2025-12-26 16:49:53,868 [INFO]   ✅ 保存聚类分布图到 results/gib_hard_negative/cluster_distribution.png
2025-12-26 16:49:53,868 [INFO]   ✅ 所有可视化完成
2025-12-26 16:49:53,868 [INFO] 
✨ 所有任务完成！
2025-12-26 16:49:53,910 [INFO] Embedded R ended.
